:020000041000EA
:100000004B2A110200000000A4030000EEC3A6E981
:100010007EEEE78880B500F087F90020002100F02F
:100020000DF8292000F00FF8202000F011F800F062
:1000300033F900F013F800F025F980BD4CF2B93C1B
:10004000C0F2000C604747F67D1CC0F2000C604710
:1000500047F6D12CC0F2000C6047000080B54FF08D
:10006000A040012100F075F900060BD1032000F03B
:1000700075F9000606D1012000F075F9000604BFED
:10008000002080BD00F074F94FF47A7000F075F92B
:10009000012080BD2DE9F04381B019B343F2B83897
:1000A0000F4606464FF0FF344FF00009C2F2000839
:1000B0003D46B7F5807F28BF4FF480754FF0A040D4
:1000C000314642462B46CDF8009000F05BF960B90E
:1000D00040462946224600F05AF904467F1B2E442A
:1000E000E6D103E04FF0FF3400E00124204601B0E8
:1000F000BDE8F08310B582B004464FF0000C4FF01D
:10010000A0404FF4805122462023CDF800C000F0DB
:1001100039F9000622D120461C214FF0FF3200F0B1
:1001200036F9E169814219D1E078112816D1A07819
:10013000022813D1E168B1F5002F0FD8606846F2AC
:100140007872C4F26A72904208D1A068FFF7A2FFE9
:100150002169401A18BF012002B010BD012002B071
:1001600010BD00002DE9F0410C4605460E184FF079
:100170000008B4F5803F07D3A8B228B94FF4803700
:100180000321102021E000BFB4F5004F08D328461A
:100190006FF3DF3020B94FF4004702210F2014E045
:1001A00029466FF31F31200BB1FA81F1B8EB143FF0
:1001B00018BF0120490901404FF008004FF4807733
:1001C00018BF0C2018BF4FF4805725FA00F082B2F8
:1001D0004FF0A04047F2305300F0DEF800060BD19C
:1001E0003D44B542A4EB070424BF0020BDE8F081E4
:1001F000B4F5803FC0D2C7E700F0BAF84FF47A7088
:1002000000F0BBF80120BDE8F08100002DE9F047C7
:1002100082B04FF000098AB343F2B83814460E4654
:100220000746C2F2000840F6B83A00BF2546B4F5CA
:10023000807F28BF4FF480754FF0A040394642467A
:100240002B46CDF8009000F09DF890B94FF0A040FB
:10025000314642462B46CDF80090CDF804A000F080
:10026000A0F848B92F44641B2E44DFD14FF0000999
:1002700004E04FF0010901E04FF00109484602B0E7
:10028000BDE8F08780B542F20400C1F200000068CA
:1002900000F08CF880BD0000B0B588B06846FFF76C
:1002A00029FF08B101243CE0DDE90501FFF75AFF11
:1002B00038B100F05DF84FF47A7000F05EF8012478
:1002C0002FE0DDE902020599FFF7A0FF38B100F049
:1002D0004FF84FF47A7000F050F8012421E00399B0
:1002E0000598FFF7D7FE0499884213D14FF0A0403C
:1002F0000021102247F23053002400F04DF805464B
:1003000000F036F828060CD04FF47A7000F035F87B
:10031000012406E000F02CF84FF47A7000F02DF87C
:100320000124204608B0B0BDEC20C6F205000168EB
:100330007F2221F002010160016821F004010160C7
:100340006FF0030143180431342943F8D82CF9D154
:10035000704748F6F57CC0F2000C604747F2613CFC
:10036000C0F2000C604747F21D3CC0F2000C604731
:1003700047F6717CC0F2000C604744F2717CC0F219
:10038000000C604748F69D2CC0F2000C604744F218
:10039000C17CC0F2000C604748F6A10CC0F2000C12
:1003A000604749F2D90CC0F2000C604744F62D0CAE
:1003B000C0F2000C604700000000000000000000D8
:1003C000000000000000000000000000000000002D
:1003D000000000000000000000000000000000001D
:1003E000000000000000000000000000000000000D
:1003F00000000000000000000000000000000000FD
:1004000000000000000000000000000000000000EC
:1004100000000000000000000000000000000000DC
:1004200000000000000000000000000000000000CC
:1004300000000000000000000000000000000000BC
:1004400000000000000000000000000000000000AC
:10045000000000000000000000000000000000009C
:10046000000000000000000000000000000000008C
:10047000000000000000000000000000000000007C
:10048000000000000000000000000000000000006C
:10049000000000000000000000000000000000005C
:1004A000000000000000000000000000000000004C
:1004B000000000000000000000000000000000003C
:1004C000000000000000000000000000000000002C
:1004D000000000000000000000000000000000001C
:1004E000000000000000000000000000000000000C
:1004F00000000000000000000000000000000000FC
:1005000000000000000000000000000000000000EB
:1005100000000000000000000000000000000000DB
:1005200000000000000000000000000000000000CB
:1005300000000000000000000000000000000000BB
:1005400000000000000000000000000000000000AB
:10055000000000000000000000000000000000009B
:10056000000000000000000000000000000000008B
:10057000000000000000000000000000000000007B
:10058000000000000000000000000000000000006B
:10059000000000000000000000000000000000005B
:1005A000000000000000000000000000000000004B
:1005B000000000000000000000000000000000003B
:1005C000000000000000000000000000000000002B
:1005D000000000000000000000000000000000001B
:1005E000000000000000000000000000000000000B
:1005F00000000000000000000000000000000000FB
:1006000000000000000000000000000000000000EA
:1006100000000000000000000000000000000000DA
:1006200000000000000000000000000000000000CA
:1006300000000000000000000000000000000000BA
:1006400000000000000000000000000000000000AA
:10065000000000000000000000000000000000009A
:10066000000000000000000000000000000000008A
:10067000000000000000000000000000000000007A
:10068000000000000000000000000000000000006A
:10069000000000000000000000000000000000005A
:1006A000000000000000000000000000000000004A
:1006B000000000000000000000000000000000003A
:1006C000000000000000000000000000000000002A
:1006D000000000000000000000000000000000001A
:1006E000000000000000000000000000000000000A
:1006F00000000000000000000000000000000000FA
:1007000000000000000000000000000000000000E9
:1007100000000000000000000000000000000000D9
:1007200000000000000000000000000000000000C9
:1007300000000000000000000000000000000000B9
:1007400000000000000000000000000000000000A9
:100750000000000000000000000000000000000099
:100760000000000000000000000000000000000089
:100770000000000000000000000000000000000079
:100780000000000000000000000000000000000069
:100790000000000000000000000000000000000059
:1007A0000000000000000000000000000000000049
:1007B0000000000000000000000000000000000039
:1007C0000000000000000000000000000000000029
:1007D0000000000000000000000000000000000019
:1007E0000000000000000000000000000000000009
:1007F00000000000000000000000000000000000F9
:1008000000000000000000000000000000000000E8
:1008100000000000000000000000000000000000D8
:1008200000000000000000000000000000000000C8
:1008300000000000000000000000000000000000B8
:1008400000000000000000000000000000000000A8
:100850000000000000000000000000000000000098
:100860000000000000000000000000000000000088
:100870000000000000000000000000000000000078
:100880000000000000000000000000000000000068
:100890000000000000000000000000000000000058
:1008A0000000000000000000000000000000000048
:1008B0000000000000000000000000000000000038
:1008C0000000000000000000000000000000000028
:1008D0000000000000000000000000000000000018
:1008E0000000000000000000000000000000000008
:1008F00000000000000000000000000000000000F8
:1009000000000000000000000000000000000000E7
:1009100000000000000000000000000000000000D7
:1009200000000000000000000000000000000000C7
:1009300000000000000000000000000000000000B7
:1009400000000000000000000000000000000000A7
:100950000000000000000000000000000000000097
:100960000000000000000000000000000000000087
:100970000000000000000000000000000000000077
:100980000000000000000000000000000000000067
:100990000000000000000000000000000000000057
:1009A0000000000000000000000000000000000047
:1009B0000000000000000000000000000000000037
:1009C0000000000000000000000000000000000027
:1009D0000000000000000000000000000000000017
:1009E0000000000000000000000000000000000007
:1009F00000000000000000000000000000000000F7
:100A000000000000000000000000000000000000E6
:100A100000000000000000000000000000000000D6
:100A200000000000000000000000000000000000C6
:100A300000000000000000000000000000000000B6
:100A400000000000000000000000000000000000A6
:100A50000000000000000000000000000000000096
:100A60000000000000000000000000000000000086
:100A70000000000000000000000000000000000076
:100A80000000000000000000000000000000000066
:100A90000000000000000000000000000000000056
:100AA0000000000000000000000000000000000046
:100AB0000000000000000000000000000000000036
:100AC0000000000000000000000000000000000026
:100AD0000000000000000000000000000000000016
:100AE0000000000000000000000000000000000006
:100AF00000000000000000000000000000000000F6
:100B000000000000000000000000000000000000E5
:100B100000000000000000000000000000000000D5
:100B200000000000000000000000000000000000C5
:100B300000000000000000000000000000000000B5
:100B400000000000000000000000000000000000A5
:100B50000000000000000000000000000000000095
:100B60000000000000000000000000000000000085
:100B70000000000000000000000000000000000075
:100B80000000000000000000000000000000000065
:100B90000000000000000000000000000000000055
:100BA0000000000000000000000000000000000045
:100BB0000000000000000000000000000000000035
:100BC0000000000000000000000000000000000025
:100BD0000000000000000000000000000000000015
:100BE0000000000000000000000000000000000005
:100BF00000000000000000000000000000000000F5
:100C000000000000000000000000000000000000E4
:100C100000000000000000000000000000000000D4
:100C200000000000000000000000000000000000C4
:100C300000000000000000000000000000000000B4
:100C400000000000000000000000000000000000A4
:100C50000000000000000000000000000000000094
:100C60000000000000000000000000000000000084
:100C70000000000000000000000000000000000074
:100C80000000000000000000000000000000000064
:100C90000000000000000000000000000000000054
:100CA0000000000000000000000000000000000044
:100CB0000000000000000000000000000000000034
:100CC0000000000000000000000000000000000024
:100CD0000000000000000000000000000000000014
:100CE0000000000000000000000000000000000004
:100CF00000000000000000000000000000000000F4
:100D000000000000000000000000000000000000E3
:100D100000000000000000000000000000000000D3
:100D200000000000000000000000000000000000C3
:100D300000000000000000000000000000000000B3
:100D400000000000000000000000000000000000A3
:100D50000000000000000000000000000000000093
:100D60000000000000000000000000000000000083
:100D70000000000000000000000000000000000073
:100D80000000000000000000000000000000000063
:100D90000000000000000000000000000000000053
:100DA0000000000000000000000000000000000043
:100DB0000000000000000000000000000000000033
:100DC0000000000000000000000000000000000023
:100DD0000000000000000000000000000000000013
:100DE0000000000000000000000000000000000003
:100DF00000000000000000000000000000000000F3
:100E000000000000000000000000000000000000E2
:100E100000000000000000000000000000000000D2
:100E200000000000000000000000000000000000C2
:100E300000000000000000000000000000000000B2
:100E400000000000000000000000000000000000A2
:100E50000000000000000000000000000000000092
:100E60000000000000000000000000000000000082
:100E70000000000000000000000000000000000072
:100E80000000000000000000000000000000000062
:100E90000000000000000000000000000000000052
:100EA0000000000000000000000000000000000042
:100EB0000000000000000000000000000000000032
:100EC0000000000000000000000000000000000022
:100ED0000000000000000000000000000000000012
:100EE0000000000000000000000000000000000002
:100EF00000000000000000000000000000000000F2
:100F000000000000000000000000000000000000E1
:100F100000000000000000000000000000000000D1
:100F200000000000000000000000000000000000C1
:100F300000000000000000000000000000000000B1
:100F400000000000000000000000000000000000A1
:100F50000000000000000000000000000000000091
:100F60000000000000000000000000000000000081
:100F70000000000000000000000000000000000071
:100F80000000000000000000000000000000000061
:100F90000000000000000000000000000000000051
:100FA0000000000000000000000000000000000041
:100FB0000000000000000000000000000000000031
:100FC0000000000000000000000000000000000021
:100FD0000000000000000000000000000000000011
:100FE0000000000000000000000000000000000001
:100FF00000000000000000000000000000000000F1
:020000041000EA
:1020000000700220B5210010C9210010DB21001052
:10201000ED210010EF210010F12100100000000060
:10202000000000000000000000000000D1020000DD
:10203000F52100100000000075030000810300007E
:10204000FB210010FD210010FF21001001220010D3
:1020500003220010052200100722001009220010A0
:102060000B2200100D2200100F2200101122001070
:102070001322001015220010172200101922001040
:102080001B2200101D2200101F2200102122001010
:1020900023220010252200102722001029220010E0
:1020A0002B2200102D2200102F22001031220010B0
:1020B0003322001035220010372200103922001080
:1020C0003B2200103D2200103F2200104122001050
:1020D0004322001045220010472200104922001020
:1020E0004B2200104D2200104F22001051220010F0
:1020F00053220010552200105722001059220010C0
:102100005B2200105D2200105F220010612200108F
:10211000632200106522001067220010692200105F
:102120006B2200106D2200106F22001000000000D2
:10213000000000000000000000000000000000009F
:1021400000F002F800F05FF90AA090E8000C824469
:102150008344AAF10107DA4501D100F054F9AFF246
:10216000090EBAE80F0013F0010F18BFFB1A43F075
:102170000103184760010000A0010000103A24BFCD
:1021800078C878C1FAD8520724BF30C830C144BFDC
:1021900004680C607047000000230024002500261E
:1021A000103A28BF78C1FBD8520728BF30C148BFBA
:1021B0000B6070472E4880F308882E4880F30A8809
:1021C0002D4880472D4800475FEA0E00EFF3088155
:1021D000EFF309822A4B9847FEE75FEA0E00EFF320
:1021E0000881EFF30982274B9847FEE7FEE7FEE7F9
:1021F000FEE7FEE7FEE7FEE7FEE7FEE7FEE7FEE7B7
:10220000FEE7FEE7FEE7FEE7FEE7FEE7FEE7FEE7A6
:10221000FEE7FEE7FEE7FEE7FEE7FEE7FEE7FEE796
:10222000FEE7FEE7FEE7FEE7FEE7FEE7FEE7FEE786
:10223000FEE7FEE7FEE7FEE7FEE7FEE7FEE7FEE776
:10224000FEE7FEE7FEE7FEE7FEE7FEE7FEE7FEE766
:10225000FEE7FEE7FEE7FEE7FEE7FEE7FEE7FEE756
:10226000FEE7FEE7FEE7FEE7FEE7FEE7FEE7FEE746
:10227000007002200060022089220010412100101D
:10228000D5680010A565001042F2000247F2000177
:102290000020C1F20002C2F2010100BF52F820305A
:1022A00041F8203001304B28F8D14EF61450CEF2D0
:1022B000000040F80C1C416F41F470014167016857
:1022C00041F010010160016841F4807101607047C4
:1022D00070470000B834021000300020204D00008C
:1022E0007C210010D881021000720120E407000058
:1022F0007C210010C089021000F0012010000000B5
:102300007C210010D089021010F001202C1E00004A
:1023100098210010000000000000000000000000F4
:102320006E2900F0AD84702900F07D8166291CF0D3
:10233000DC8265291CF0D98267291CF0D6826129CC
:102340001CF0D58203681B0A28BF41F0800169296F
:1023500000F0EE80642900F0EB80752900F0E88041
:102360006F2900F0BB87782900F04981E92900F046
:102370005587E42900F05287F52900F04F87EF29AF
:1023800000F0B887F82900F048810368DB0928BF0E
:1023900041F08001632900F0C486732900F0C986EA
:1023A000E32901F07983F32901F07E83002070474F
:1023B0001FB51CF0F3F90E480E4902F001FA00F0C7
:1023C000E5FB0400002000211BF092FB401C606034
:1023D000002000211BF0A2FBE060002000211BF088
:1023E000B3FB206101F00AFD00F0B8FB1FBD000047
:1023F000004002200060022010B5002001F0E2FE43
:1024000001F065FD10BDDFF810D0FFF7D1FF19F026
:102410002FFE03F088FB00000070022003B4FFF7DA
:10242000EBFF03BC00F0ACFB10B500F0AFFB001DF0
:1024300010BD00BFBDB601000A46014900F07EBED6
:1024400064F001207CB51D4616460C00009001D0BA
:102450002044401E074B7B442A4669460190304683
:1024600000F035FE05461CB10020694600F042FE32
:1024700028467CBDA50C00000FB4044910B503AA82
:10248000029800F05BFE10BC5DF814FB64F00120C4
:1024900070B5044685690068C10601D5302600E0A4
:1024A0002026C00707D070BDD4E9012130469047EF
:1024B000206A401C20626D1EF6D570BD70B50446C2
:1024C00085690078C00707D170BDD4E901212020BB
:1024D0009047206A401C20626D1EF6D570BD70B515
:1024E0000C460546012A05D02878800600D5EA6901
:1024F000002302E0012305E05B1C934202D2E05C72
:102500000028F9D1A869E618C01AA861286A1844F9
:1025100028622846FFF7BCFF04E0D5E9012114F842
:10252000010B9047B442F8D32846FFF7C7FF70BDB0
:102530002DE9F0410646002410687529314616A59C
:1025400010D000F032FB002802DA404213A507E069
:1025500031688A0701D512A502E0490704D511A503
:10256000012401E000F02AFB00210A2206F12407E1
:1025700009E0B0FBF2FCB0FBF2F302FB1C003030D0
:1025800078541846491C0028F3D123462A46304681
:10259000BDE8F04100F01BBB000000002D00000072
:1025A0002B00000020000000F0B40D460188090552
:1025B00002D5214C7C4402E01F4C7C440E340021A7
:1025C00000F1240608E002F00F071209E75D42EA75
:1025D00003721B097754491C52EA0307F3D10278AE
:1025E0000023120704D5702D06D009B1022311343F
:1025F0002246F0BC00F0EBBA01231034F8E770B5C6
:1026000004460D462146106800F0D8FA02462946D5
:102610002046BDE870400023C6E7D21D22F0070324
:10262000D3E90023C0E70368126843F02003036086
:102630000823C3610023B7E736C401002DE9F05F2A
:10264000894604464FF0000ADFF874B1FB44C0F835
:1026500020A02046E1688847002874D0252806D0AD
:10266000D4E901219047206A401C2062F1E700264E
:102670005F462046E16888472028054607DB312D64
:1026800005D2781910F8200C08B10643F1E7B0071D
:1026900001D526F00406C4F81CA00027C4F818A031
:1026A0002A2D09D028461BF085F938B304EB87089A
:1026B000303DC8F8185019E059F8041B204604EBC7
:1026C00087029161E1688847012F054618D1E069CA
:1026D000002820DA26F020061DE0D8F8180000EBCC
:1026E000800005EB40003038C8F818002046E1684B
:1026F000884705461BF05EF90028EED1012F0AD06D
:102700002E2D08D12046E16888477F1C0546022F00
:1027100046F02006C4DBA069002803DA404246F0F8
:102720000106A061F00701D026F010066C2D0BD039
:10273000682D09D04C2D39D06A2D35D0742D35D067
:102740007A2D33D016E038E0E1682F4620468847DE
:10275000B842054609D16C2F26D04FF48060E1685D
:10276000064320468847054604E06C2F1AD04FF4F4
:10277000807006430DB3A5F14100192802D8203519
:1027800046F400664A462946204626604E46FFF734
:10279000C7FD80B101280BD0F61D26F0070000F11F
:1027A000080956E74020E4E78020D8E70020D6E774
:1027B00006F104094DE7284652E7206ABDE8F09F7C
:1027C000C6C30100014919F047BB000064F00120B5
:1027D00010B5044603E019F03FFB401C09D014F883
:1027E000010B05490028F6D1BDE810400A2019F078
:1027F00033BB4FF0FF3010BD64F0012010B5002056
:1028000000F00BFEFFF7F8FDBDE81040012000F0DE
:10281000B7B90B460146184600F0E8BD0EB50546AF
:1028200014460E4613A000F0FFFD284600F0FCFD04
:1028300016A000F0F9FD304600F0F6FD15A000F0FE
:10284000F3FD00218DF80B100A210DF10A008DF81F
:102850000A1008E094FBF1F201FB124294FBF1F440
:10286000303200F8012D002CF4DC00F0DDFDFFF724
:10287000C5FF00002A2A2A20617373657274696F8C
:102880006E206661696C65643A2000002C206669E0
:102890006C6520002C206C696E65200040EA010305
:1028A00070B59B072ED14FF00136042A2AD308C8F1
:1028B00010C99D1B9D43121F15EAC61517D0D8B22B
:1028C000E1B2401A50EA056110D198B2A1B2401AA3
:1028D00050EA05410AD123F07F4024F07F41401A9D
:1028E00050EA052102D1180EA0EB146070BDA3427E
:1028F000DBD018BA21BA884201D9012070BD4FF04F
:10290000FF3070BD0AB9002070BD10F8013B11F80E
:10291000014B63B1A3420AD1521E08D010F8013B0B
:1029200011F8014B1BB1A34201D1521EEDD1181B6E
:1029300070BD032A40F2308010F0030C00F01580C7
:1029400011F8013BBCF1020F624498BF11F801CBB2
:1029500000F8013B38BF11F8013BA2F1040298BF17
:1029600000F801CB38BF00F8013B11F0030300F081
:102970002580083AC0F0088051F8043B083A51F825
:1029800004CBA0E80810F5E7121D5CBF51F8043B2A
:1029900040F8043BAFF30080D20724BF11F8013B9D
:1029A00011F801CB48BF11F8012B24BF00F8013BFF
:1029B00000F801CB48BF00F8012B704710B5203A52
:1029C000C0F00B80B1E81850A0E81850B1E81850DA
:1029D000A0E81850203ABFF4F5AF5FEA027C24BFAC
:1029E000B1E81850A0E8185044BF18C918C0BDE895
:1029F00010405FEA827C24BF51F8043B40F8043B5E
:102A000008BF7047D20728BF31F8023B48BF11F812
:102A1000012B28BF20F8023B48BF00F8012B70476C
:102A200002F0FF0343EA032242EA024200F00AB83E
:102A300002F0FF0343EA032242EA024200F024B814
:102A40004FF000020429C0F0128010F0030C00F0D7
:102A50001B80CCF1040CBCF1020F18BF00F8012B55
:102A6000A8BF20F8022BA1EB0C0100F00DB85FEA23
:102A7000C17C24BF00F8012B00F8012B48BF00F8EF
:102A8000012B70474FF0000200B51346944696465E
:102A9000203922BFA0E80C50A0E80C50B1F1200171
:102AA000BFF4F7AF090728BFA0E80C5048BF0CC01F
:102AB0005DF804EB890028BF40F8042B08BF70477D
:102AC00048BF20F8022B11F0804F18BF00F8012BEF
:102AD000704700000000000030B44FF0013C50F897
:102AE000042B51F8043BCCFA52F4D51A20D1FCB98E
:102AF00050F8042B51F8043BCCFA52F4D51A17D1F4
:102B0000B4B950F8042B51F8043BCCFA52F4D51A5E
:102B10000ED16CB950F8042B51F8043BCCFA52F4A6
:102B2000D51A05D1002CDAD030BC4FF00000704728
:102B300029BAB1FA81F111F01801D1F120008440D5
:102B4000F2D1CA40CB4012F0FF0213F0FF0330BCB9
:102B5000D01A7047704770477047000070B5064C38
:102B60007C44064D7D4404E02046016808448047CB
:102B7000241DAC42F8D170BD1409020050090200B6
:102B800001491820ABBEFEE726000200004870474E
:102B90002CF1012010B500F05DFC006810BD10B5EF
:102BA000044600F057FC046010BD09684A0501D5D1
:102BB00040B27047C905FCD500B2704709684A05A4
:102BC00001D5C0B27047C905FCD580B270472DE968
:102BD000F0470D4699469246044600F124080168E4
:102BE000880604D5E06921F01001216000E0012091
:102BF000A84201DD471B00E00027A1697A1902EB1A
:102C00000900081AA0612078C00602D42046FFF708
:102C10003FFC002608E0D4E901211AF8060090479D
:102C2000206A401C761C20624E45F4DB2078C006EA
:102C30000AD52046FFF72CFC06E0D4E9012130201C
:102C40009047206A401C2062381EA7F10107F4DC7F
:102C500007E0D4E9012118F805009047206A401CDC
:102C60002062281EA5F10105F3DC2046FFF726FCB3
:102C70002078000602D50220BDE8F0870120FBE79E
:102C800011680268006A530501D508700AE0D3058F
:102C900001D5088006E0130603D5C217C1E900027A
:102CA00000E00860012070472DE9FF4F0C461E46EA
:102CB0004FF0FF378BB0D2E90001DDF860800A9059
:102CC0008A46C1F30A5505B93D46002108464FF032
:102CD0000000BAF1000F00F4400005DA00EB8000BC
:102CE0004FF4400101EA50004FEA9059B9F1010F49
:102CF00000DDB9460A9850EA4A000ED044F610505A
:102D0000A5F2FF3545432F14B8F1000F1ED07542D0
:102D1000291E1EDDC9F100021CE0B8F1010F4FF0C1
:102D2000000001D0302103E0F24305E02154401CB3
:102D3000B042FBDB30460022002121540B99C1F840
:102D40000880C1E900200FB0BDE8F08FBD1B6D1CED
:102D5000DEE74A4600DA694206A800F0E5FE06AB67
:102D600093E8070003AB83E8070050460A9919F07F
:102D700071FD8DE80700A0F500501F380090039802
:102D8000002D0ADD42F21F014A460844002303A930
:102D9000039068461AF01CF809E0A0F500504A4676
:102DA0001F38002303A9039068461AF03BF88DE80A
:102DB00007000004000C03D04FF0FF30410800E092
:102DC0001046B8F1000F03D00022009215461EE015
:102DD000751E05D400F0FAFB303262556D1EF9D530
:102DE000B3460122084302D000227F1C04E0207871
:102DF000302801D100227F1E002A099784D01DE0CF
:102E0000112D07DA00F0E2FB303262556D1C50EAFA
:102E10000102F5D1084302D00098C8B10EE00021AC
:102E2000681E05E0235C625C63542254401E491C0A
:102E30008142F7DBAB46A81B401E0990002004F836
:102E40000B000B98099AC0F80880C0E9002B7AE7BC
:102E500011264FF0000857E72DE9F04F8846044649
:102E6000D21D22F0070191B0D1E90001CDE90A019C
:102E70001AF0BAF902460B98C00F01D02D2007E0D6
:102E80002068810701D52B2002E0202101EAC00043
:102E9000032A099001D0072A05DB03464146204654
:102EA00000F0B0FD0BE12078800601D5E06900E07C
:102EB0000620B8F1650F814606D0B8F1660F18D02C
:102EC000B8F1670F70D131E00020B9F1110F009017
:102ED00001DB112301E009F101030AAA01A90CA8F1
:102EE000FFF7E2FEDDE90C70002609F101058346DB
:102EF00047E001204B4600904FF000470AAA01A985
:102F00000CA8FFF7D1FEDDE90DB00C995D46002657
:102F100010B909F101000D18B9EB050003D4C0F197
:102F2000FF3609F10105A5EB09002BE0B9F1010F0E
:102F300001DA4FF001090020B9F1110F0090484665
:102F400001DD112300E003460AAA01A90CA8FFF73E
:102F5000ABFEDDE90C704D46002683462078000765
:102F60000AD4AB4500DA5D4601A8012D04DD411904
:102F700011F8011C302907D04F4502DA17F1040F70
:102F800004DA012082460FE06D1EEEE7002F02DC1E
:102F9000ED1B3E4403E0781CA84200DD7D1CB81BFD
:102FA00000F1010A4FF000472078000703D4AA453A
:102FB00001DB4FF0FF3A0021B7F1004F0DF143085C
:102FC0008DF8431024D002202B23002F01DA7F42FA
:102FD0002D230A21021EA0F1010000DC5FB197FB46
:102FE000F1FC97FBF1F201FB1C7C17460CF1300C55
:102FF00008F801CDEEE7A8F101000370218809056A
:1030000001D5452100E06521A0F1010800F8011C6F
:1030100009980FA9A1EB0807FF1D00B10120411974
:1030200001EBEA70A1693844081A401EA0612078BB
:10303000C00602D42046FFF72BFA099828B1D4E93C
:1030400001219047206A401C20622078C00622D5CA
:103050002046FFF71DFA1EE0002E04DBB34502DD1B
:1030600001A8805D00E03020D4E901219047206A6A
:10307000401C2062761CAAF101005FEA000A0AD116
:10308000FFF784FDC0680168405CD4E901219047E6
:10309000206A401C2062281EA5F10105DCDC07E047
:1030A000D4E9012118F8010B9047206A401C2062E6
:1030B000381EA7F10107F3DC2046FFF7FFF90320D4
:1030C00011B041E601694A1C02610878704700B5F9
:1030D0008FB0CDE901310021059105497944CDE951
:1030E000031011466846FFF7A9FA0FB000BD0000B3
:1030F000E5FFFFFF0A6802F8010B0A607047D1E99B
:1031000000239A4202D2531C0B601070704710B516
:10311000436913B1AFF3008001E0FFF7E0F901204C
:1031200010BD127800F124010A7000224A700122B9
:10313000EDE711684FF0FF32E9E70000074B70B58B
:103140000D467B44FFF7C3FF0446284600F05EFDB2
:1031500010B14FF0FF3070BD204670BD138D0100DF
:103160002DE9FF5F15468A460446DFF8AC80F84437
:103170000027D8E900103E46CDE9001010E03AF8EB
:1031800016106A4602A800F0ECFF411C07D0217817
:10319000890603D5E269391891420DD80744761C97
:1031A0002078800602D5E069B84205DDAE42E6DB54
:1031B0003AF816000028E2D1A069C01BA0612046A1
:1031C000FFF766F9D8E90010CDE90010002017E0FC
:1031D0003AF818106A4602A800F0C3FFB0F1FF3FAA
:1031E00081460BD000250DF1080B05E0D4E9012143
:1031F0001BF8050090476D1C4D45F7D308F1010001
:10320000B0428046E4DB206A384420622046FFF763
:1032100055F9BDE8FF9F0000B6B801002DE9F04167
:103220008046D21D22F007020025D2E90002F529CE
:1032300015A614D0011E72F1000106DA0023D0EBAE
:10324000030063EB020211A608E0D8F800108B0718
:1032500001D50FA602E0490701D50EA601251146AA
:10326000002408F1240704E000F0B0F930323A55A8
:10327000641C50EA0102F7D12B46324621464046F3
:10328000BDE8F041FFF7A3BC000000002D000000E6
:103290002B0000002000000030B4002100F12404C5
:1032A00008E002F00705D208303542EA4372DB0835
:1032B0006554491C52EA0305F3D10468002310A2A7
:1032C000250708D504F020040C4304D0C469012369
:1032D0000CA2641EC46130BCFFF779BC10B5044673
:1032E00021461068FFF76AFC02462046BDE8104000
:1032F0000023D1E7D21D22F00701D1E90023CBE75B
:10330000000000003000000070B50446C06881076E
:1033100013D0800601D5A56A04E0A169606808445D
:103320002169451A204600F025FD0022064629465F
:10333000204600F06FFC304670BD002070BD70B5B7
:1033400010B1BDE87040DFE70025074C6E1E07E0B6
:103350002046FFF7D9FF00B13546206D20F001046B
:10336000002CF5D1284670BD10F001202DE9F04168
:1033700098461746044602FB01F609B100250AE00B
:103380001046BDE8F08114F8010B414618F064FDC9
:10339000401CF6D06D1CB542F5DB3846F1E71AF05B
:1033A00010BB0000CA68431C0FD00D4B1A420CD151
:1033B000D3070AD081F825004B680B6300238B608C
:1033C00012F0C06F0B6003D004E04FF0FF30704785
:1033D00042F00072034B1A40034B1A43CA60704715
:1033E00080200800BFFFDFFF001048002DE9F041FA
:1033F000074615460E46102000F030F804000AD0AB
:103400006760C4E9026500F021F80168216004608A
:103410000020BDE8F0810120FBE710B500F0F8FEC8
:10342000BDE8104000F0EFBE10B5044602E0641C99
:1034300000F004F820780028F9D110BD08B56946DD
:103440008DF800000320ABBE08BD704700487047F0
:1034500044F10120004870470CF1012070B5064688
:1034600001F092F9056806F10B0020F00704B44260
:103470009CBF002070BD2B466A68BAB11068A0429C
:1034800010D304F1080188423CBF5068586007D34C
:103490005168101941601168091B0160586014607F
:1034A000101D70BD13465268002AE7D121462846F8
:1034B00001F072F90028DED170BD70B50446051F19
:1034C00001F062F90068002C14BF446870BD002C44
:1034D00018BFAC423CBF20466468F8D301680A18A4
:1034E000AA4218BF456003D12A680546114401600D
:1034F00028684119A1421CBF6C6070BD6168696099
:1035000021680844286070BD70B50D460646041F4A
:1035100001F03AF90268BDB1DEB105F10B0020F00F
:103520000701A9423CBF002070BD23688B4238BF11
:10353000506813D35A1A082A36D3601840F8042B5F
:103540002160FFF7BAFF2FE03046FFF7B6FF0020FB
:1035500070BD2846BDE87040FFF780BF002818BF47
:10356000A0423CBF02464068F8D303EB040C8445FC
:103570001CD1D0F800C06344994217D8A3EB010CCA
:10358000BCF1080F0DD3D0F804C06318C3F804C011
:10359000D4F800C000686044401A1860216053608D
:1035A00002E0236040685060201D70BD2846FFF790
:1035B00055FF050008D031462068021F2846FFF756
:1035C000FDF9201DFFF779FF284670BD30B5B0F139
:1035D0000A0271F100034FEA900E4EEA817EB0EBD1
:1035E0000E0061EB91014FEA101E4EEA017E10EBD6
:1035F0000E0041EB11114FEA102E4EEA016E10EB56
:103600000E0041EB11214FEA104E4EEA014E10EB35
:103610000E0041EB1141401841F100014FEAD0008A
:1036200040EA41704FEAD1014FEA810444EA9074C4
:1036300010EB800544EB01046D1944EB0404521BAC
:10364000A3414FF0000348BF0A3200D530BD401CF3
:1036500041F1000130BD10B501F0E8F800F00800BC
:1036600010BD2DE9F0410F46134615460A460646A1
:1036700000210846FEF7E6FE0446401CFFF7EEFE7A
:10368000306030B1611C2B463A46BDE8F041FEF790
:10369000D9BE4FF0FF30BDE8F08100000FB47CB51B
:1036A0000C0009AA009001D02044401E084B7B4426
:1036B000694601900898FFF70AFD05461CB10020F5
:1036C0006946FFF717FD28467CBC5DF814FB000037
:1036D0004DFAFFFF7CB51D4616460C00009001D048
:1036E0002044401E074B7B442A46694601903046E1
:1036F000FFF7EDFC05461CB100206946FFF7FAFC18
:1037000028467CBD15FAFFFF2DE9F04F04460D4613
:10371000D21D22F0070089B0D0E90097484639460B
:1037200019F062FD0246F80F01D02D2307E0206852
:10373000810701D52B2302E0202101EAC0038DF887
:1037400020300BB1012000E00020032A824601D086
:10375000072A04DB2946204600F054F93FE120788F
:10376000800601D40D2500E0E569C7F30A560D2D4A
:1037700049DA00214FEA175B08464FF00000002F9E
:1037800000F4400007DA00EB80004FF4400100EB4A
:10379000D07001EA60008115012901DD4FF0FF3191
:1037A00000224FEA850CBCF1180F06D31346ACF18A
:1037B00018004FF08052C24003E04FF4801323FA08
:1037C0000CF30CF10C0CBCF1200F04D3ACF1200C69
:1037D00009FA0CF001E007FA0CF000294FF000485C
:1037E00001DD18B90FE00ED140450CD319EB0209E9
:1037F0005F4121B9404502D19F4329EA0209BBEB51
:10380000175F00D0761C2088000502D57B487844DD
:1038100002E07A487844193808AA302302F80A30BE
:10382000037C0AF10101002E0AF1020A53546A4690
:1038300002DC4FF0300101E04FF031014FF00108A0
:103840008DF8001002D0A6F2FF3603E059EA4701D6
:1038500000D06B4E002D02DC2178090704D54FF013
:1038600002082E218DF80110C44600210BE0C7F399
:1038700003433F01C35C491C6D1E02F80830052953
:1038800008F1010801DA002DF1DC00210CE000EB69
:103890001973491C1B786D1E082902F808304FEA7D
:1038A000091908F1010801DA002DF0DC21688B0606
:1038B00002D516E0A8F10108E04505DD02EB08039A
:1038C00013F8013C302BF5D0B8F1000F09DD02EB05
:1038D000080313F8013C2E2B03D1090701D4A8F1EA
:1038E0000108002D05DD3E2102F808106D1E08F1CB
:1038F0000108407C002E02F8080008F1010804DAF3
:103900002D20764202F8080002E02B2002F8080081
:103910000A214FF47A70864208F101080BDB96FB0E
:10392000F0F3303302F8083096FBF0F308F10108A9
:1039300000FB136601E0642E0CDB642096FBF0F3C1
:10394000303302F8083096FBF0F308F1010800FB71
:10395000136601E00A2E06DB96FBF1F0303002F828
:10396000080008F1010896FBF1F001FB106030300F
:1039700002F80800A16908F1010808EB050202EB52
:103980000A00081AA0612078C00602D42046FEF77B
:103990007FFD216A08AE01EB0A00206204E0D4E951
:1039A000012116F8010B9047BAF1010AF7D22078ED
:1039B000C00602D52046FEF76BFD6E4609E016F8FC
:1039C000010B3E280FD0D4E901219047206A401C0A
:1039D0002062B8F10108F2D22046FEF76FFD09B06F
:1039E0000320BDE8F08F206A2844206203E0D4E978
:1039F0000121302090476D1EEBD3F8E751B2010052
:103A000002FCFFFF2DE9F0411F4604460326016832
:103A1000072A01F4006004DB08B116A505E016A52D
:103A200003E008B115A500E015A521F01000206005
:103A3000A069C01EA0610FB1401EA0612046FEF724
:103A400027FD4FB1D4E9012138469047206A401C38
:103A50002062C01C206206E0206AFAE7D4E9012156
:103A600015F8010B9047761EF8D22046FEF726FD8A
:103A7000BDE8F0814E414E006E616E00494E460039
:103A8000696E660010B5436913B1AFF3008001E0C1
:103A9000FFF766FB012010BD128800F1240182842B
:103AA0000022C2840122EDE711684FF0FF32E9E7FE
:103AB00000B58DB0099000920B904FF0FF300A9046
:103AC00000200C90054878440690054878446A46E2
:103AD000079009A801F036FB0DB000BD9B16000051
:103AE000B31600000FB400B58DB010A90990009175
:103AF0000B904FF0FF300A9000200C90064878445D
:103B00000690064878446A4607900F9909A801F084
:103B100019FB0DB05DF814FB631600007B16000066
:103B200001F09CBB01F0E2BB2DE9F047814616464F
:103B30008AB0354878440DC88DE80D003248784485
:103B4000801C03AC0DC884E80D0041F69B3008448E
:103B5000372190FBF1F290FBF1F5A5F1800501FB17
:103B600012041B3C02D56442012000E00020DFF873
:103B700098A080460027FA44AAF1BE0A0EE0E007AA
:103B80000AD03246684607EB470101230AEB810160
:103B900019F048F98DE8070064107F1C002CEED165
:103BA000194F7F44AE3F19E0E80715D007EB04102A
:103BB0000DF1180A90E80E008AE80E00C068F04285
:103BC00001D1981908903246012306A903A819F0DB
:103BD00029F903AB83E807006D10641C002DE3D1C5
:103BE0004FF0010332466946B8F1000F03A802D036
:103BF00019F0EEF801E019F015F9C9E90001C9F86A
:103C000008200AB0BDE8F087BCAF0100007B00F0DF
:103C1000800070472DE9F041044616460D4647697D
:103C2000007B80072ED0384600F099FD50BB3EB394
:103C3000012E02D0022E25D104E0204601F017FE0D
:103C400005441DE0384600F098FDE168002841F089
:103C50001001E16005DA204600F058F80120BDE8C7
:103C6000F081C9030BD56268E16A914200D8114620
:103C7000A26911442269891A814200DD084605447F
:103C8000002D01DA0220EAE7E16A6068E268814219
:103C900006D29103E06203D522F4003141F0100214
:103CA000A6690027AE4213DCE16A814201D90B46C6
:103CB00000E0034603EB060C2369ACEB030CAC45B8
:103CC00006DD814201D98C4600E084469C4505D141
:103CD000A760276042F02000A5620DE0AD1BE669F9
:103CE000AE1B8142A66000D90846C01A281A20607F
:103CF0005819606022F0200003490840E06000206D
:103D000084F84870ABE70000BFCFD7FFC16821F44B
:103D1000001141F08001C1600021816001607047A5
:103D20002DE9F047814614460E464FF0FF383248E1
:103D3000D5685769054209D03846A16900F015FDDC
:103D4000002811DB2C48C0430540E5602B46324675
:103D50004946384600F0F4FCA16920F00042B21A4E
:103D600011440028A16103D02046FFF7CFFF404651
:103D7000BDE8F08770B504460569C06A616888428D
:103D800000D80846E16821F42011E160C90312D58A
:103D9000A84208D02246411B2846FFF7C1FF10B1B8
:103DA0004FF0FF3070BD0020E562C4E90150E068CB
:103DB00020F48030E060002070BD10B50446C0687B
:103DC00020F02000E060A16AA06988420DD0204662
:103DD000FFF7D0FFE06820F4405040F01000E060B2
:103DE000A06AA0612069E062606044F24001E0687E
:103DF0008843E06010BD00001000020010B542488A
:103E00005421FEF73FFE41485421FEF73BFE404857
:103E10005421FEF737FE3F493B483C4A3F4B086080
:103E20003D490A603A491960531C0365481C1065F6
:103E3000012008653B48344A39A1784401F05CFD13
:103E400020B9384878440A3801F08FFE37482F4AA5
:103E500035A1784401F050FD20B9344878440A383F
:103E600001F083FE32482A4A2FA1784401F044FD34
:103E700020B92F4878440A3801F077FE40232248C1
:103E8000DC000021224601F013FD20B125487844D2
:103E9000543801F06AFE1D4822464023002101F0FB
:103EA00007FD20B121487844543801F05EFE1848DF
:103EB00022461023002101F0FBFC002806D01C48FC
:103EC0007844BDE81040563801F04FBE10BD104890
:103ED00070B5006D20F001040B4801F085FD0B4822
:103EE00001F082FD0A4801F07FFD09E0206D20F01D
:103EF0000105204601F078FD2046FFF7DEFA2C464A
:103F0000002CF3D170BD000010F0012064F00120FE
:103F1000B8F0012000F0012004F0012008F0012099
:103F200072000000CEAC010077000000BAAC0100C6
:103F3000A6AC01002DE9FE430E461746804600213F
:103F40000846AFF3008005460020009001905EB166
:103F500030784FF0FF3900B1AFB11DB1D5E90001A4
:103F6000CDE9000100240CE00020BDE8FE83315DB6
:103F70006A46641C02A801F0B6FD411C03D001286A
:103F800003D0BC42F3D34846EFE71DB1DDE90001A1
:103F9000C5E90001B8F1000F03D0BDF80810A8F87A
:103FA0000010BDF808000028DFD02046DDE770B51E
:103FB0000C4605460AB1104603E004210020AFF389
:103FC000008022462946BDE870400346002000F0EC
:103FD00039B82DE9F84F9146884607464FF000045E
:103FE0005FEA030A0D681BD107210020AFF30080B0
:103FF000824615E015F8011B5246684601F073FD34
:104000000646401C13D0B61C0AD01FB1BDF80000F4
:1040100027F81400BDF80000641C70B1C8F8005007
:10402000002FE7D04C45E5D32046BDE8F88FFFF7D9
:1040300011FA042101603046F7E70021601EC8F83C
:104040000010F2E701F0F6BC01F030BD2DE9F84FA9
:104050009B461746894680460024DDF828A00D6857
:104060005FEA0A001ED10921AFF30080824619E001
:1040700007B315F8011B524668467F1E01F033FD59
:104080000646401C19D0B61C0CD0B8F1000F03D066
:10409000BDF8001028F81410BDF80000641C90B1A1
:1040A000C9F80050B8F1000FE2D05C45E0D32046DB
:1040B000BDE8F88FC9F80050F9E7FFF7CBF9042104
:1040C00001603046F4E70021601EC9F80010EFE7F8
:1040D0002DE9FF4F91468846824683B00024109F09
:1040E0000E688FBB0A210020AFF3008007462BE04B
:1040F00017B1D7E900B102913A466846318800F01D
:1041000030F80546401C0BD0BAF1000F16D00698C7
:10411000291981420CD9EFB10299C7E900B119E020
:10412000FFF798F904210160284607B0BDE8F08F39
:104130000AEB04002A466946FEF7FBFB30882C4454
:1041400050B1B61CC8F80060D8F8000010B1B9F141
:104150000109CDD22046E8E70021641EC8F800100E
:10416000F8E72DE9F04116460C460546FEF75CF9E6
:10417000036893F80101012807D0FF2C12D8185DBD
:1041800080B101202C70BDE8F081D3F807013246E0
:10419000214603F20713C7182846BC46BDE8F04184
:1041A000002360474FF0FF30EDE710B5FEF73CF914
:1041B000006890F80111012901D0012010BDD0F84C
:1041C0000B0110BD2DE9F0410646FFF73FF980468F
:1041D000454613E016B1E068B0420ED12068286071
:1041E000D4E90101D8F8007088472046FFF765F947
:1041F000D8F80000B842EBD100E025462C68002C2E
:10420000E8D1BDE8F081002801D0FEF7B9BC7047C5
:1042100010B5002102A001F08FFC012010BD0000AC
:10422000534947414252543A2041626E6F726D6168
:104230006C207465726D696E6174696F6E00000048
:1042400010B5431C02E010F8011B71B18107FAD1CF
:104250004FF0013202C88C1A8C4314EAC211F9D013
:10426000C01A0A0603D0C01E10BDC01A10BD0A0431
:1042700001D0801E10BD0902FCD0401E10BD5200AE
:1042800001F086BC2DE9F0410F46144605468046F4
:10429000800704D084B12F80541E08F10205022C3F
:1042A0000AD3284624F0010647EA07427100FEF7C8
:1042B000EBFBA41B05EB460504B12F804046BDE88F
:1042C000F081431A28BF9A427EF633AB1044114462
:1042D000032A40F2268010F0030F1EBF11F8013DA3
:1042E000521E00F8013D10F0030F7FF4F6AF11F0FD
:1042F000030300F03B80083AC0F00B8051F8043D06
:10430000083A51F804CD40F8043D40F804CDFFF7D9
:10431000F3BF121D5CBF51F8043D40F8043DAFF3FC
:104320000080D20724BF11F8013D11F801CD48BF2C
:1043300011F8012C24BF00F8013D00F801CD48BF61
:1043400000F8012C7047431A28BF9A427EF636AB1C
:104350001044114410F0030F1EBF11F8013D521E0E
:1043600000F8013D10F0030F7FF4F6AF103AC0F0F3
:104370000A8010B531E9185020E91850103ABFF4FE
:10438000F9AFBDE81040530724BF31E9081020E918
:10439000081044BF51F8043D40F8043D12F0030FEB
:1043A00008BF7047D20728BF31F8023D48BF11F857
:1043B000012C28BF20F8023D48BF00F8012C7047AF
:1043C00070B5054601B90721541A241DB4F5B67F0E
:1043D00009DD286800F05DF9A04204DC2868401C73
:1043E0002860012070BD002C05DA2868401E286076
:1043F00000F04FF90444072094FBF0F0401C70BD1E
:104400002DE9F04F1F4615468B468246002689B09F
:10441000FEF7BCFBD0F810800024BBF1000F70D079
:1044200015F8010B10B125280DD10FE024B1641E41
:1044300006A850F82450F3E7002130460AF8061089
:1044400009B0BDE8F08F0AF80600C7E0E94615F8A4
:10445000010B592870D023DC49286ED014DC442885
:104460006DD008DC2528EED041283ED0422849D026
:1044700043282CD156E04528E9D0462869D0472862
:1044800076D0482823D17AE04D380C281FD2DFE8B7
:1044900000F0881E061E1E9BA0A9B3B5C1CFD6E7AB
:1044A0005A38212813D2DFE800F01112121212122A
:1044B000121A2637455012592612741212797E129A
:1044C0008012891296A212B3BDCB1100A8E7252055
:1044D0000AF80600761C5E4513D26D1EA0E7D8F8D8
:1044E0000010BA69D8F8240011E0D8F80410BA69AD
:1044F000D8F828000BE0D8F808103A69D8F82C0052
:1045000005E0B2E0D8F80C103A69D8F8300002FBA8
:10451000001101EB0809AAE006A840F82450D8F8D9
:1045200018108AE07969642091FBF0F21332484652
:1045300068A192E0FA6889E08AE022E0FFE706A835
:1045400040F8245065A5641C6AE7FA6866A14846ED
:1045500083E006A840F8245064A5F4E7384600F04C
:10456000ADF8642190FBF1F201FB120258E0FFE785
:10457000384600F0A3F802465FA168466DE0BA68CD
:1045800064E0B8680C210B3090FBF1F201FB1202E1
:1045900005E0FA6959A14846521C5EE03A694DA10E
:1045A000F9E77A6852E00A2116E0B8680C2802DAC6
:1045B000D8F81010ADE7D8F81410AAE706A840F80C
:1045C0002450D8F8341038E006A840F824504DA5FF
:1045D000B9E73A683AE009210AF80610761C5E4508
:1045E000B2D342E006A840F8245048A5ABE7BA6928
:1045F00002B9072248A1AAE700210CE0786900F27D
:104600006C700890D7E9061208A8FFF7D9FE06E0FB
:10461000BA69EFE70121D7E9062000F02EF802463B
:104620002CA1AAE706A840F82450D8F81C1004E0F2
:1046300006A840F82450D8F8201001EB080582E7BE
:104640007969642091FBF0F200FB121221A17EE750
:104650007A69484628A102F26C7200F019F906E066
:104660000AF80600761C5E4501D30020E8E619F83A
:10467000010B00283FF4DFAEF2E7511A00D5C91D47
:10468000401A01D500207047072190FBF1F0401C33
:10469000704781070CD1642190FBF1F201FB1201FC
:1046A00051B94FF4C87190FBF1F201FB120018B13F
:1046B000002000F26D1070470120FAE708B541694B
:1046C00001F26C710091D0E906126846FFF778FE9E
:1046D000009808BD252E326400000000256D2F25AE
:1046E000642F2579000000002532640025592D250E
:1046F0006D2D25640000000025640000252E336424
:104700000000000025483A254D00000025483A25C4
:104710004D3A255300000000252E316400000000B2
:104720000EB5CDE90001FFF78BFD0290694601202F
:10473000ABBE0EBD08B5694600900220ABBE08BDF9
:104740001FB58DE8070069460520ABBE04B010BD5B
:104750001FB58DE80F0069460620ABBEF6E708B529
:10476000694600900920ABBE08BD1CB5CDE900012B
:1047700069460A20ABBE1CBD704708B5694600906B
:104780000C20ABBE08BD00000048704714F10120AA
:10479000704770477047704738B504460A46002096
:1047A0006946AFF30080002808BF38BD0246009973
:1047B000204601F0F1F9012038BD012001F090BC44
:1047C000F8B5AFF30080054600200C46102000BF6E
:1047D0000646A819A0420DD9324669460020AFF31B
:1047E0000080070008BF01F07BFC0098A04218BFC2
:1047F0000546C419FFF7C8FF05600746F01D20F005
:1048000007004619284600F00AF8B44208BFF8BD70
:10481000A21B31463868BDE8F84001F0BDB900215F
:104820000160C0E9011070471020704710B50446C0
:10483000FF2801D9002010BDFDF7F6FD0068005DDE
:1048400010F0980F03D0C10701D140F4806010F43C
:10485000846F01D040F4006010F0BA0F01D040F432
:10486000807010F0BE0F01D040F40070810604D5B6
:10487000010602D440F0800001E020F02000C107D2
:1048800001D0410601D5092CD5D140F4805010BD8E
:104890000FB41CB5084B06AA7B44694600900598E6
:1048A000FEF715FC044600206946FEF723FC20466F
:1048B0001CBC5DF814FB000059E8FFFF2DE9FF4F19
:1048C0001C4691464FF0FF3581B000218A4688464C
:1048D000D4E90167A16902986D1C8847216A834663
:1048E00088470028F6D1BBF1FF3F0CD0002F26F4FB
:1048F000C0661ADD700615D5BBF12B0F0AD0BBF1CF
:104900002D0F0FD104E04FF0FF3005B0BDE8F08F60
:1049100046F48066A16902986D1C88477F1E834615
:10492000002F02DDBBF1300F03D0B9F1000F2AD008
:1049300025E0A1696D1C02987F1E46F40076884729
:10494000002F834605DDBBF1780F06D0BBF1580F71
:1049500003D0B9F1000F10D011E0B9F1000F02D06F
:10496000B9F1100F0BD1A1696D1C02987F1E26F4BE
:10497000007688478346102000E0082081464FEAF1
:10498000E970009017E00A20F8E74346AAFB0928DF
:10499000DDF800C07F1E03FB098046F4007605F1B8
:1049A00001050AFB0C0112EB0B0A029841EBEB78B4
:1049B000A16988478346002F06DD4946584601F025
:1049C00021F95FEA000BE0D5E16902988847B0055C
:1049D00002D46FF0010098E7F00718D1700610D5E7
:1049E0005146700505D50023D1EB030163EB0802A6
:1049F00000E042462068031D23600068C0E9001201
:104A000005E02068011D21600068C0E900A8284673
:104A10007BE72DE9FF5F1D464FF0FF3B91464FF0CE
:104A200000085F46D5E90146A96901987F1C8847BF
:104A3000296A824688470028F6D1BAF1FF3F0CD098
:104A4000002E24F4C06419DD600614D5BAF12B0FD2
:104A500009D0BAF12D0F0ED103E0584604B0BDE8DD
:104A6000F09F44F48064A96901987F1C8847761EF2
:104A70008246002E02DDBAF1300F03D0B9F1000FEB
:104A800026D032E0A969761E01987F1C44F4007498
:104A90008847002E824605DDBAF1780F06D0BAF1BC
:104AA000580F03D0B9F1000F10D01EE0B9F1000F7C
:104AB00002D0B9F1100F18D1A969761E01987F1C98
:104AC00024F4007488478246102002E0082000E0A9
:104AD0000A20814609E0A96908FB0908761E0198A9
:104AE0007F1C44F4007488478246002E05DD494649
:104AF000504601F087F80028EDDAE9690198884707
:104B0000A00502D46FF00100A8E7E00725D16006F8
:104B100013D5600502D5C8F1000000E040462968C1
:104B20000A1D2A600968220501D5087015E02207D0
:104B300001D5088011E008600FE02868011D296098
:104B40000068210502D580F8008006E0210702D523
:104B5000A0F8008001E0C0F8008038467EE72DE92B
:104B6000FF5F4FF000089946144646469169D2E926
:104B700001A7DDF838B001988847054659EA0B00CF
:104B800005D009E0A1690198761C88470546216A8D
:104B9000284688470028F5D1681C03D05FEACA7010
:104BA00005D015E04FF0FF3004B0BDE8F09F20685D
:104BB000011D2160D0F800800AE05FEACA7001D1CF
:104BC00008F8015BA169761C01987F1E884705469D
:104BD000002F1ADD681C18D0B9F1000F0DD0E817AE
:104BE00005EBD060421120F01F0059F822102A1A5C
:104BF000012090400142E0D107E0BBF1000FDCD181
:104C00002846216A88470028D7D0E169019888475B
:104C1000BBF1000F07D1002E05DD5FEACA7002D19B
:104C2000002188F80010A068B84203DDBBF1000F36
:104C300003D017B16FF00100B6E73046B4E70000CB
:104C40002DE9FF4F06468BB00878FF2806D0491C97
:104C50002D2805D000244FF0000908E000200CE0CA
:104C60000124F8E709EB8903491C00EB43090878A4
:104C7000FF28F7D114B1C9F1000081461078002552
:104C80002C46AA4629462D2801D02B2804D1521C97
:104C90002D2813D0002082468B461078FF280FD095
:104CA0004FF0000C0A21521CA5FB017804FB018186
:104CB00005FB0C11C5194BEB0104EEE70120EAE7F7
:104CC000002108464FF00000BAF1000F02D000EBBF
:104CD00080004008C0F38157012F01DD4FF0FF37FE
:104CE0000E9955EA040009EB01080BD04FF00209B8
:104CF00018F5FA7F16DA4FEACA70002F706008DDE7
:104D0000012007E04FEACA70C6E900B00FB0BDE865
:104D1000F08F00203060FEF79DFBC0F80090182156
:104D2000084616E0B8F5FA7F18DD002F02DAF748DA
:104D3000784401E0F6487844D0E90010C6E9001054
:104D400040EACA707060FEF785FBC0F8009014213D
:104D500008460FB0BDE8F04F19F062BD00210846CB
:104D60004FF00000B8F10001099002DAC7F100022B
:104D700000E03A4601DAC8F1000106A8FEF7D4FEC9
:104D800006AB93E8070003AB83E8070044F23E005C
:104D90005BEA04010090584604D144F21E012C46FF
:104DA0005D460091210C0904014306D100992404B9
:104DB00044EA15442D041039009104F07F41014369
:104DC00006D10099240244EA15642D0208390091A5
:104DD00004F07041014306D10099240144EA15749E
:104DE0002D01091F009104F04041014306D10099B3
:104DF000A40044EA9574AD00891E009104F00041BE
:104E0000084304D100986D196441401E00904FF092
:104E100001033A466846B8F1000FCDE9014503A900
:104E200002DD18F014F801E017F0E7FFBAF1000F07
:104E300004460D4601D084F00044002108464FF09E
:104E40000000099940F2FF77484010F00C0F07D19D
:104E500024F00040284303D0C4F30A50B84212D1D2
:104E6000FEF7F8FAC0F80090C4F30A50B8420AD12D
:104E7000A8487844D0E90010C6E9001004F00041C9
:104E80000843706042E7C6E900543FE72DE9FF4F51
:104E90001F464FF0000A4FF0FF38454691B0D7E962
:104EA0000146CDF83CA0FDF771FEC0680168405C8A
:104EB0001090B96912986D1C8847396A81468847F5
:104EC0000028F6D1B9F1FF3F0AD0002E24F4D064B7
:104ED00011DDB9F12B0F08D0B9F12D0F0BD102E084
:104EE000404615B013E744F48064B96912986D1C0C
:104EF0008847761E8146600504A901D52D2000E073
:104F00002B20002E01F1010B0DF130088DF810005F
:104F10003FDDB9F1690F08D0B9F1490F05D0B9F1FA
:104F20006E0F02D0B9F14E0F1CD13B4601A800957F
:104F300080E85002DDE912126FF0020019F03DFD29
:104F4000C11CCED10EE0B96912986D1C884781460C
:104F50001398761E44F4007405600F98401C002ED0
:104F60000F9016DDB9F1300FEDD0B9F1780F02D006
:104F7000B9F1580F0DD10F9801280AD13B46CDE960
:104F80000054DDE91212001F029619F014FDC11C35
:104F9000A7D1109989453ED144F0800406E01399C9
:104FA000681CAAF1010A44F400740860B9696D1C18
:104FB0001298761E884730288146F0D02BE0109951
:104FC000894505D1200603D4761E44F0800418E0FC
:104FD000484618F0EFFC08B3761E0DF12302934506
:104FE000A9F1300044F4007406D20BF8010B20063E
:104FF00007D5AAF1010003E0200602D40AF101005E
:105000008246A00502D51399681C0860B9691298F8
:105010006D1C88478146002ED1DC53E0002E51DD07
:10502000B9F1650F02D0B9F1450F4BD1A00549D5B3
:10503000B9696D1C1298761E24F440748847002EBE
:1050400081460CDD2B2804D0B9F12D0F07D144F493
:105050008074B96912986D1C8847761E8146E005F8
:1050600001D52D2100E02B2108F8011BCDF800808F
:1050700021E0761E0DF13901884544F400740CD20C
:10508000A9F1300010F0FF0088F8000002D100996B
:10509000884509D908F1010806E0E00501D51E4858
:1050A00001E042F20F708246B96912986D1C884780
:1050B000814613980560002E04DD484618F07AFCFE
:1050C0000028D6D1F96912988847FF2053468BF8FB
:1050D000000088F8000000200A900B9004AA0CA998
:1050E0000AA8FFF7ADFDA00502D46FF00100F8E6B5
:1050F00014F0240F12D0E0071CD13868DDE90A1241
:10510000031D3B600068C0E9001213E090E4010059
:1051100082E4010046E30100F1D8FFFF0AA96846D6
:1051200018F08AFBE00705D13868009A011D396044
:10513000006802602846D4E60268114413780160D2
:1051400018467047D1600549794451610449794452
:10515000116200211161114600F062BDEDFFFFFFF9
:10516000A10A0000426842B1016811F8013B23B175
:10517000521EC0E90012184670470121C160881E06
:10518000704742685AB1C368016843B983688B426B
:1051900005D0491E521CC0E90012002070474FF094
:1051A000FF3070470FB40B0010B54FF000048AB009
:1051B0000FA900910E99CC60234C7C44234A7A4479
:1051C000CDE9064200D004236FF00042CDE9013260
:1051D0001F4A7A446B4608920246002019F0E9FB08
:1051E0000AB010BC5DF814FBF0B507464FF0FF3075
:1051F0001E4615460C463B4685B06A460091CDE9F1
:10520000010131460020049004A8FFF7CBFF049968
:105210000346601825B109B1024600E022462A6023
:1052200000290ED0002B02DD0099814209D03B46B7
:105230006A463146001B0094CDE9010404A8FFF73B
:10524000B1FF05B0F0BD0000A7FFFFFFC1FFFFFFEA
:105250001D0A000000230360FFF7C6BF2DE9F047D9
:1052600091460E4680460446002514F8017B2FB176
:10527000FDF7DAF80068C05DC007F6D12B2F02D029
:105280002D2F1ED0641E4A463146204600F082FE75
:1052900026B13268A24201D1C6F800804FF0020464
:1052A0006A0518D50023D0EB030563EB01025D1BF3
:1052B000934109DB0023D0EB030063EB0101BDE860
:1052C000F08745F48065DEE7FEF7C4F8046000204F
:1052D0004FF00041F3E7021E71F10002EFDAFEF732
:1052E000B9F804604FF0FF304108E8E72DE9F05FBE
:1052F00093460F46804604460026FEF7ABF8D0F8EA
:105300000090824614F8015B2DB1FDF78DF800681E
:10531000405DC007F6D12B2D02D02D2D1FD0641E6D
:105320000021CAF800105A463946204600F032FEE5
:10533000024627B13868A04201D1C7F80080DAF8E8
:10534000000002280ED0CAF8009070050AD500208F
:105350000346D2EB000063EB0101BDE8F09F46F489
:105360008066DDE71046F8E72DE9FF4F4FF00008B3
:105370009A461446C146464683B0D2E901B7CDF8F5
:105380000080CDF8048091690498884710990546FB
:105390005AEA010005D009E0A1690498761C884703
:1053A0000546216A284688470028F5D1681C03D0A5
:1053B0005FEACB7005D02AE04FF0FF3007B0BDE8C0
:1053C000F08F2068011D2160D0F800801FE002A846
:1053D0006A46E9B200F087FB411C07D0801C09D067
:1053E0004FF000095FEACB7007D00AE0E16904984A
:1053F00088473EE04FF0010904E0BDF8081028F8A6
:10540000021B7F1EA1690498761C88470546002F61
:105410001ADD681C18D0BAF1000F0DD0E81705EBA3
:10542000D060421120F01F005AF822102A1A0120E1
:1054300090400142CBD107E010980028C7D1284600
:10544000216A88470028C2D0E16904988847B9F1E9
:10545000000F0ED1109830B9002E04DD5FEACB703A
:1054600001D1A8F80000A068B84202DD109818B178
:1054700017B16FF00100A1E730469FE72DE9FF4F1C
:105480004FF000089B461446454683B0D2E901968A
:10549000CDF80080CDF804809169DDF848A004982B
:1054A000884707465BEA0A0005D009E0A16904982D
:1054B0006D1C88470746216A384688470028F5D181
:1054C000781C03D05FEAC97005D01BE04FF0FF30B5
:1054D00007B0BDE8F08F2068011D2160D0F8008082
:1054E00010E05FEAC97007D16A464046B9B2FEF7DC
:1054F00038FE411C31D08044A1696D1C0498761E91
:1055000088470746002E14DD781C12D0BBF100003E
:1055100007D03B46DDE9101200F09DFD0028E0D1E8
:1055200007E0BAF1000FDCD13846216A884700282D
:10553000D7D0E16904988847BAF1000F06D1002D51
:1055400004DD5FEAC97001D188F80000A068B042AC
:1055500003DDBAF1000F03D016B16FF00100B7E719
:105560002846B5E72DE9FF5F9B46144600273D46D8
:105570009169D2E90196DDF840A0019888478046FC
:105580005BEA0A0005D009E0A16901986D1C884713
:105590008046216A404688470028F5D1B8F1FF3F90
:1055A00003D05FEAC97005D014E04FF0FF3004B0BB
:1055B000BDE8F09F2068011D216007680AE05FEAEE
:1055C000C97001D127F8028BA1696D1C0198761E64
:1055D00088478046002E15DDB8F1FF3F12D0BBF1A1
:1055E000000007D04346DDE90E1200F034FD00282C
:1055F000E5D107E0BAF1000FE1D14046216A8847C2
:105600000028DCD0E16901988847BAF1000F05D184
:10561000002D03DD5FEAC97000D13880A068B04278
:1056200003DDBAF1000F03D016B16FF00100BEE741
:105630002846BCE770B50D4601461446D36850694C
:105640002A46FFF785F8002807DA411C07D0E168F1
:1056500020F0004041F48041E160281A70BD2046EE
:10566000FEF754FB4FF0FF3070BDC16800220260AE
:1056700021F4805141F0400111F4C06FC16001D0AC
:105680008260704702694168891AC269891A81601B
:1056900070472DE9F0470446C06840F48000E060A0
:1056A000010312D520F40020E060810606D4E26AEE
:1056B00061688A4200D80A46511A216040F40010FD
:1056C000E06094F82500BDE8F08720F40010E06069
:1056D000800602D52046FEF770FBE06842F28101A9
:1056E0004FF0FF390140012903D02046FEF70EFBA1
:1056F000B6E02168002600290ADAC94340F4805048
:105700002160C4E902606068411C61600078DAE7EA
:1057100044F2400108420CD020F4A04040F0400088
:105720002660E06021696068401AE169401AA06063
:1057300096E0216991B9C00310D4E069FDF78EFEAF
:105740002061B0B1E06840F4006010F4407FE06098
:1057500002D140F48070E06020696060E068D4F8B5
:1057600014A0C1061AD5C0030ED52046FEF702FBD1
:1057700014E004F1240020610120E061E06820F4DD
:10578000407040F48060E6E721696068401AA169D2
:1057900001445046FEF7E9FF0028A6DBE068C0039D
:1057A0002AD56168E06A884200D808462169451A0E
:1057B000E069471B1BD02046D4F81880FEF7DAFAC0
:1057C00008EB05015046C4F81880FEF7CEFF00280C
:1057D0008BDBE06840F40030E060000202D5A06995
:1057E0002844A061E1692069C91B45180DE02046E5
:1057F000FEF7C0FAE769F5E725696168D4E90607AD
:10580000491BE56208446560A061E06820F0100073
:1058100010F4C06FE06002D0204600F02BFCE0687E
:1058200040F48050C4E90260000205D52069E062BE
:1058300060606FF0010046E7224639462846FFF7D0
:10584000F9FE411C0CD02918E16258B1401E2060BD
:10585000681C6060E06840F40030E060287832E75F
:10586000484630E765602046FFF7FFFEF8E710B5D1
:105870000146C268900703D0900607D5886A0AE0FF
:10588000FDF7E8FD01210160881E10BD8B694868A5
:1058900018440B69C01A91F848301BB191F84910AF
:1058A000401A10BD1103FCD50028FADD401E10BDC2
:1058B00070B5C468A50713D0650211D4B2F5807F16
:1058C00009D0B2F5007F06D0B2F5806F08D1012370
:1058D00000F1240106E05D1E6FF07F46B54201D362
:1058E000012070BD0161C361416024F47061114306
:1058F000C160002070BD00002DE9F0410C46164645
:10590000070047D0104600F06FF82078611C61282E
:105910000AD0722802D077283CD102E00125002469
:1059200005E00225042402E0082448F2020511F8EB
:10593000010B2B2806D0622809D011F8010C74281D
:105940000AD00BE045F0030544F00204EFE745F010
:10595000040544F00104EAE744F010043846214607
:10596000FEF7DEFE411C15D00021316171604FF45D
:105970000071F560F1617061200704D530460222A4
:105980000021FEF747F9306D40F0010030653046E8
:10599000BDE8F0810020FBE72DE9F0410D46064609
:1059A000104C206DC10704D0410804D020F0010440
:1059B000F7E722460EE05420FDF750FD07000ED019
:1059C000206D47F001010843542120653846FDF75A
:1059D00059F83A4629463046BDE8F0418CE70020A8
:1059E000D6E7000010F001202DE9F04704464FF003
:1059F00000094FF0FF37C568D4E90486A80707D02F
:105A00002046FEF7B7F93046FEF794FE002802DA8A
:105A10003846BDE8F087280502D54046FDF74DFD24
:105A20004C212046FDF72EF8206D20F00100206566
:105A30004846EEE72DE9F8439946174680464FF071
:105A400000060C0002D18846012717A4B9F1000F07
:105A500025D105210020AFF3008081461FE014F816
:105A6000011B4A46684600F03EF8761C0546401C7D
:105A70000FD0AD1C13D0B8F1000F03D0BDF800104B
:105A8000A8F80010BDF80000002800D03046BDE89E
:105A9000F883FDF7DFFC042101602846F7E77F1E4D
:105AA000DDD26FF00100F2E7000000007CB50C468B
:105AB000054622B906210020AFF3008002462146A8
:105AC0006846FEF74EFB0446401C07D025B122462F
:105AD00069462846FCF72DFF20467CBDFDF7BAFC41
:105AE00004210160F8E7F8B516460C460546FCF7B8
:105AF0009BFC036893F80101012804D0185D78B17C
:105B000001202C80F8BDD3F803013246214603F270
:105B10000313C71868460023B84700992980F8BDC9
:105B20004FF0FF30F8BD10B50446AFF300802046BB
:105B3000BDE81040FCF772BC70B505460C460A2063
:105B400000E06D1CFDF77AFC35B128780028F8D10B
:105B500002E0641CFDF772FC14B120780028F8D133
:105B6000BDE870400A20FDF769BC10B500F09EFA50
:105B7000BDE81040FEF747BB520000F0B8BA002164
:105B800001E0801C491C0288002AFAD108467047AF
:105B900001B5FCF7CEFE01BD034640688C460028E7
:105BA00018BF88423CBF03464068F8D318681844C1
:105BB000884207D00CF1030020F00700001D411AB5
:105BC000521A0146081D0A60FDF777BCB2F12003A6
:105BD0000AD5C2F1200301FA02F120FA03F341EAE7
:105BE000030100FA02F0704700FA03F14FF00000E1
:105BF000704710B50446FCF717FC0068005D00F024
:105C0000010010BD3A2800D2303820F02002412A8D
:105C100001D3A2F13700884201D34FF0FF30704723
:105C20002DE9F34F4FF0000A0C4656468DB0012087
:105C30000C9001F10C000B9062690B9801219047C8
:105C4000051E2DD0252D2CD0216A8847C0B1626950
:105C50000B9801219047216A88470028F7D1626993
:105C6000411E0B98904700E0761CA1690D9888476B
:105C7000216A88470028F7D1E1690D988847DBE75A
:105C8000A1690D988847A842074601D1761CD3E741
:105C9000E1690D9888477F1C02D1BAF1000F6FD0DF
:105CA0006BE162690B9800273D46394690472A28E8
:105CB00004D162690B98012190470125DFF8D08259
:105CC00062690B9801219047A0F130010A290AD29C
:105CD0004745E5DC07EB870100EB4107303FDFD4A8
:105CE00045F01005ECE7E90601D46FF000476C2899
:105CF0000AD04C2814D0682815D06A280DD07428F2
:105D00001CD07A281AD01DE062690B9801219047B7
:105D10006C2802D045F0040514E045F002050DE0C2
:105D200045F020050AE062690B9801219047682838
:105D300002D045F0080505E045F4006562690B985E
:105D400001219047C4E9015765283DD019DC582846
:105D50007AD00CDC452837D004DC252826D0412811
:105D60009ED131E046282FD0472899D12CE05B28DE
:105D700077D0612828D063287CD0642823D15AE0CA
:105D8000F6E06F2848D008DC66281DD067281BD0B5
:105D9000692821D06E2816D127E0702845D07328B5
:105DA00068D0752847D078280DD14DE0A1690D98AD
:105DB0008847252805463FF469AFE1690D98884773
:105DC0006D1C3FF46AAFD8E00D9923466A466FF028
:105DD000010018F0EEFDC5E045F0400023464FF00D
:105DE00000026060A80736D43EE0E8077FF447AFC2
:105DF0002068011D21600068290501D506701BE798
:105E0000290701D5068017E7A90703D5F117C0E9CF
:105E1000006111E706600FE745F0400023464FF0B0
:105E200008026060A80716D41EE040F60E0125EABD
:105E30000100606016E045F0400023464FF00A0282
:105E40006060A80707D40FE045F040006060A80735
:105E500008D5234610220D996FF00100FEF72EFDA4
:105E600080E007E0102223460D996FF00100FEF755
:105E7000D0FD77E04FF0000963284F46C8464B46F7
:105E8000CB4602D05B2806D038E0E80601D40120DA
:105E9000A060012732E06269D4F80CB00B980121B0
:105EA00090475E2807D14FF0010949466269D4F84E
:105EB0000CB00B989047216939B900210A4603AB11
:105EC00043F82120491C0829FADBD8B3216949B3DA
:105ED00008F1010862690B98012190475D28F4D10F
:105EE000B9F1000F09D0002003A951F82020D243B6
:105EF00041F82020401C0828F7DB03AB206900286C
:105F000020794FEA40701ED05B462246CDF80080D3
:105F1000CDE901970D9900286FF0010020DAFFF715
:105F200021FB1FE0C11703AA00EBD1614B1121F047
:105F30001F0102EB8302411A1368012088400343CA
:105F40001360C7E719E00D99224600286FF00100A1
:105F5000009702DAFFF708FA04E0FEF700FE01E01E
:105F6000FFF78CFA00280ADA401C06D10C9820B101
:105F70004FF0FF300FB0BDE8F08F5046FAE7E90769
:105F800001D10AF1010A064400200C9054E60000F9
:105F9000CCCCCC0C2DE9F74F4FF000091546CA4682
:105FA000009C14F8010B302801D0ADB115E014F8B5
:105FB000010B4FF00109782803D0582801D04DB1CA
:105FC0000BE00DB1102D08D14FF0000914F8010BB2
:105FD000102502E0082500E00A2500274FEAE57BAE
:105FE0003E46B84616E0A5FB07234FF0010905FB26
:105FF00008000BFB0731030C05FB0616D7181FFA28
:1060000080F846F10006381E76F5803000D3CA4687
:1060100014F8010B2946FFF7F5FD0028E3DA019893
:1060200038B1B9F1000F01D0641E00E0009C019866
:106030000460BAF1000F08D0FDF70CFA02210160EC
:10604000C81E014603B0BDE8F08F310441EA174194
:1060500048EA0740F6E710B508E030F8024B9C42EA
:1060600004D10AB1002010BD012010BD491EF4D298
:10607000104610BD70B5054640F202260A4C0FE0EE
:1060800094F85000C00708D0AC4206D0E06836EA69
:10609000000002D12046FDF737F9206D20F0010401
:1060A000002CEDD170BD000010F0012010B50146AC
:1060B00002A0FFF741FD012010BD000053494752E7
:1060C000545245443A2052656469726563743A20BB
:1060D00063616E2774206F70656E3A2000000000C7
:1060E00010B500F033FABDE81040FEF78CB801B5EA
:1060F000FEF7E7F801BD00002DE9FF4F1F464FF006
:106100003C0987B04FF00042DDE9141001F10108AD
:10611000DDF858A002EA4050039000200590834625
:10612000054604460490B969461E08988847AAF1B6
:10613000010A0290BAF1000F3BDD02982E2815D01B
:106140001021FFF75FFD00282EDB4FF0010B0599B2
:10615000014317D0B9F1000F0BDB4A46C117FFF717
:1061600035FD05430C43A9F1040905E00120049025
:106170000BE008B145F0010501200590049820B915
:10618000361D02E0049800B1361FB969089808F17D
:1061900001088847BBF1000FAAF1010A0290C9D09B
:1061A0000999C1F80080C5E70298702808D05028E6
:1061B00006D0F96908988847BBF1000F14D04FE06A
:1061C000002002900120BBF1000F049009D0B969B2
:1061D000089808F101088847AAF10109B9F1000FF0
:1061E00007DCF969089888476FF001000BB0BDE83B
:1061F000F08F2B2804D02D280CD14FF0FF300490C5
:10620000B969089808F101088847A9F10109B9F1AD
:10621000000FE6DD411CE4D00A21FFF7F3FC002863
:10622000DFDB029908F1010801EB810100EB41007D
:106230000290B969089888470A21FFF7E3FC099A98
:10624000A9F10109B9F1000FC2F8008001DD0028B1
:10625000E7DAF969089888470499029800FB016613
:1062600055EA040004D004F04041090002D006E0E1
:10627000039898E0A40044EA9574AD00B61E04F0BB
:106280000041080002D16D196441761E159810F086
:10629000240F03D04FF00B095C4803E04FF02809AE
:1062A0006FF07D008246564507DAAAEB0601894465
:1062B000B9F1410F01DD4FF0410901200021A9F1A1
:1062C0000102FFF783FC024628400B4621400843A9
:1062D00001D0012100E00021501E029143F1FF3165
:1062E00028402140084301D0012000E0002002990D
:1062F000834651EA0B014FD0002108464FF00000C1
:10630000039900F4400039B100EB80004FF44001E4
:1063100000EBD07001EA60008015012802DD4FF02B
:10632000FF3000E013D0401C36D0029860B3BBF1C0
:10633000000F0CD14A4601200021FFF747FC2840FE
:106340002140084301D0012000E00020E0B10120FD
:106350004A460021FFF73AFC034640190A466141CC
:106360002D1A8C4111D3B9F1400F09DD159810F0A9
:10637000240F02D0AAF1340603E0AAF1170600E0C8
:10638000761C00254FF0004406E05B1E42F1FF3210
:1063900020EA030521EA0204CAF10100B04206DA4C
:1063A0001B49039808430190002000900EE0039AD7
:1063B000C4F3D321E80A0A43164940EA44500A4389
:1063C0003146CDE90002684617F0EAFA159810F058
:1063D000240F0BD01598C00715D13868DDE90012DD
:1063E000031D3B600068C0E900120CE002A869468A
:1063F00017F022FA1598C00705D13868029A011DD6
:106400003960006802604046F0E6000002FCFFFFD1
:106410000000F07F0000F03F2DE9FF4F92461D463F
:1064200085B04FF00041DDE9124BDDE914727F1EAB
:1064300001EA4B50414940F0FF4940EA0108002180
:1064400022F020004928049102D04E2828D04CE0A8
:106450003BA0012607C88DE80700A9690698641CBF
:1064600088477F1E014606D41DF8060018B121F0AA
:10647000200181420BD0E96906988847032E34D069
:10648000082E32D06FF0010009B0BDE8F08F761C05
:10649000032E01D0082EE0D1601CCAF80000DCE712
:1064A000A9690698641C88477F1E2AD420F0200022
:1064B000412826D1A9690698641C88477F1E20D4EC
:1064C00020F020004E281CD1A9690698641C88473A
:1064D0007F1E48F4002849F48009CAF8004001D41E
:1064E000282806D0E969069888475FEACB7012D061
:1064F00022E0A9690698641C88477F1E01D4002801
:1065000003DAE96906988847BCE72928F1D1641CB9
:10651000CAF80040E9E71BF0240F07D02868049967
:10652000031D2B600068C0E9001805E02868021D03
:106530002A600068C0F800902046A5E70000F07FC0
:10654000494E46494E4954590000000010B50128F3
:1065500005D0002103A0FFF7EFFA012010BD09A12B
:10656000F8E7000053494752544D454D3A204F75C6
:1065700074206F662068656170206D656D6F72793B
:10658000000000003A2048656170206D656D6F72F3
:106590007920636F727275707465640080B5FBF763
:1065A0004BFF80BD82B04EF6285715460C46064676
:1065B000CEF2000715F0FAFB41F60C10EFF308815C
:1065C000C1F20200FBF758FF300741F6515041F687
:1065D0007051C1F20200C1F2020158BF0846FCF737
:1065E000F7F816F0040041F6625192A0C1F20201E0
:1065F0000CBF08462C46FCF7EBF892A0FCF7E8F835
:10660000216894A0FBF738FF616896A0FBF734FF80
:10661000A16898A0FBF730FFE1689AA0FBF72CFF78
:1066200021699CA0FBF728FF61699EA0FBF724FF6E
:10663000A169A0A0FBF720FFE169A2A0FBF71CFF66
:10664000A06901907868800705D541F62550C1F210
:106650000200FCF7BDF87868B0F1FF3F05DC41F6B9
:106660003E50C1F20200FCF7B3F87868400040F1F8
:10667000DC8041F61150C1F20200FCF7A9F838683D
:1066800000063ED041F6F340C1F20200FCF7A0F84C
:106690003868C00706D0019941F68A00C1F20200AD
:1066A000FBF7EAFE3868800710D5019941F617001C
:1066B000C1F20200FBF7E0FE3868000606D5F96873
:1066C00041F6FF00C1F20200FBF7D6FE3868000772
:1066D00005D541F6B530C1F20200FCF779F838680B
:1066E000C00605D541F60A40C1F20200FCF770F879
:1066F0003868800605D541F61630C1F20200FCF775
:1067000067F8386810F47F4F46D041F63350C1F235
:106710000200FCF75DF83868C00505D541F6402059
:10672000C1F20200FCF754F83868800510D50199D1
:1067300041F2E070C1F20200FBF79EFE38680004EF
:1067400006D5396941F6FF00C1F20200FBF794FE5D
:106750003868400505D541F6D610C1F20200FCF7B5
:1067600037F83868000505D541F65D40C1F20200F2
:10677000FCF72EF83868C00405D541F6A940C1F2EF
:106780000200FCF725F83868800405D541F6693029
:10679000C1F20200FCF71CF83868B0F5803F44D322
:1067A00041F60450C1F20200FCF712F83868C00349
:1067B00005D541F66210C1F20200FCF709F838680D
:1067C000800305D541F6D920C1F20200FCF700F89C
:1067D0003868400305D541F63410C1F20200FBF7DA
:1067E000F7FF3868000305D541F66D20C1F20200BD
:1067F000FBF7EEFF3868C00205D541F6AD20C1F2C7
:106800000200FBF7E5FF3868C00105D541F60D2011
:10681000C1F20200FBF7DCFF3868800105D541F6C4
:106820009B10C1F20200FBF7D3FF15F091FA00BFF5
:10683000FEE700BF5573696E672075333250737081
:106840002E000000537461636B206672616D653ABF
:1068500000000000523020203A203078253038588F
:106860000A000000523120203A2030782530385874
:106870000A000000523220203A2030782530385863
:106880000A000000523320203A2030782530385852
:106890000A000000523132203A2030782530385832
:1068A0000A0000004C5220203A2030782530385819
:1068B0000A000000504320203A2030782530385814
:1068C0000A000000785053523A203078253038586A
:1068D0000A00000014460D46064615F067FA05A0AA
:1068E00031462A462346FBF7C7FD15F031FA00BFB3
:1068F000FEE700BF4E4D495F48616E646C65723AB9
:1069000020253038582C20253038582C2025303878
:10691000580A000080B500F0F9F980BD172884BF3F
:1069200004A0704740B24EF63C31C1F2010151F86B
:1069300020007047556E6B6E6F776E2074797065AE
:106940000000000080B515F055F880BD80B515F049
:1069500005F980BD80B515F015F980BD10B540F280
:10696000C254C2F20204204611F0F2FE48F2AD70A9
:1069700040F20002C1F20100C1F200022146BDE86E
:106980001040FBF746BF40F2C150C2F2020011F0C6
:10699000DFBE000080B515F009F980BD10B540F2EA
:1069A000C354C2F20204204611F0D2FE48F2AD7088
:1069B00040F20002C1F20100C1F200022146BDE82E
:1069C0001040FBF726BF000080B515F027F880BD0A
:1069D00080B515F037F880BD80B515F047F880BD5B
:1069E00080B515F057F880BD80B515F067F880BD0B
:1069F00080B515F077F880BD80B515F087F880BDBB
:106A000080B515F097F880BD80B515F0E3F815F066
:106A1000F5F880BD83B080B581B00DF10C0C8CE829
:106A20000E0003A9009100F005F801B0BDE8804018
:106A300003B0704780B5FFF7B1FD00F06BF980BD82
:106A400014F07FBE80B5AFF30080BDE8804014F045
:106A5000F5BE80B5AFF30080BDE8804014F0EEBE17
:106A600080B5AFF30080BDE8804014F0E7BE0000C1
:106A7000006809681268002388424FF00001B8BF1F
:106A800001218242B8BF012341EA030070470000A0
:106A900080B590F9000000F01BF880BD80B500784B
:106AA00000F01AF880BD000080B5006800F016F80C
:106AB00080BD000080B5006800F012F880BD0000C5
:106AC00080B5008800F00EF880BD0000704700001F
:106AD00070470000704700007047000070470000DA
:106AE000704700007047000070470000002804BF96
:106AF0000020704710B50446FFF7E8FF2068FFF755
:106B0000EFFF204410BD000010B500EB81042046CB
:106B1000FFF7D0FF204410BD10B500EB81042046E4
:106B2000FFF7C8FF204410BD10B500EB81042046DC
:106B3000FFF7C0FF204410BD10B500EB81042046D4
:106B4000FFF7B8FF204410BD10B500EB81042046CC
:106B5000FFF7B0FF204410BD10B500EB81042046C4
:106B6000FFF7A8FF204410BD80B500EB810090ED39
:106B7000000AFFF7AFFF80BD80B550F82100FFF796
:106B8000ADFF80BD80B500EBC10250F83100516807
:106B9000FFF7AAFF80BD000010B5044605F0C8FF4E
:106BA000002804BF002010BD04442046FFF782FFE8
:106BB000204410BD10B5044605F0BAFF002804BFFC
:106BC000002010BD04442046FFF774FF204410BD90
:106BD00010B5044605F0ACFF002804BF002010BD2E
:106BE00004442046FFF766FF204410BD10B504465C
:106BF00005F09EFF002804BF002010BD044420467D
:106C0000FFF758FF204410BD10B5044605F090FF73
:106C1000002804BF002010BD04442046FFF74AFFAF
:106C2000204410BD10B5044605F082FF002804BFC3
:106C3000002010BD04442046FFF73CFF204410BD57
:106C400010B5044605F074FF002804BF002010BDF5
:106C500004442046FFF72EFF204410BD10B5044623
:106C600005F066FF002804BF002010BD0444204644
:106C7000FFF720FF204410BD10B5044605F058FF73
:106C8000002804BF002010BD04442046FFF712FF77
:106C9000204410BD10B5044605F04AFF002804BF8B
:106CA000002010BD04442046FFF704FF204410BD1F
:106CB00010B5044605F03CFF002804BF002010BDBD
:106CC00004442046FFF7F6FE204410BD10B50446EC
:106CD00005F02EFF002804BF002010BD044420460C
:106CE000FFF7E8FE204410BD10B5044605F020FF74
:106CF000002804BF002010BD04442046FFF7DAFE40
:106D0000204410BD80B5FFF7F1FE80BD042101EBEA
:106D10008000704783B080B581B003A80EC003A97E
:106D200004A00091FFF73AFC01B0BDE8804003B039
:106D3000704700BF0D0A00004FF63031C1F201016B
:106D40000831016070470000FEDE0000704700005F
:106D500008440138B0FBF1F000FB01F0704700007F
:106D60002DE9F041984615460E46074606F08CF888
:106D700004462846414606F087F884420ED138463C
:106D8000314606F081F804462846414606F07CF874
:106D9000A042B8BF04462046BDE8F081FBF72EFDB7
:106DA00016F0DEBBB8FE400A7047000001207047B5
:106DB00010B50446406808B1012010BD206861602C
:106DC000A26083689100204698470028E060F3D0D5
:106DD0002068C16B20468847002010BD10B50B68A5
:106DE000044653F8041B10461A4600F027F9002801
:106DF00044BF002010BD01462068426920469047EC
:106E000010BD000010B54B68044653F8041B104633
:106E10001A4600F013F9002844BF002010BD0146B7
:106E2000206842692046904710BD00002DE9F04FD0
:106E300081B08346406890B3DBF80850002D18BF3E
:106E400001252FD091468A46002600BFDBF80400BA
:106E5000DBF80C1050F8362051F8261000EBC60471
:106E600057183846494600F09DFFDBF80C10AAEB96
:106E7000070251F82630171862683B4493429CBFC2
:106E800041F82630804693420CD9DBF808000136E1
:106E900086424FF0000538BF0125D7D302E04FF0FE
:106EA000000803E0E80708BF4FF00008404601B0C3
:106EB000BDE8F08F80B501464068002808BF80BD5E
:106EC000C86830B1896800291CBF8900FBF7DAFD6A
:106ED00080BDFBF793FC00004FF65C31C1F201016D
:106EE00008310022C0E90012C0E902227047000008
:106EF000FEDE000070470000B0B5072909DA14462D
:106F00000D46016000F008F8AA002146FBF756FD87
:106F1000B0BDFBF773FC00000430704710B50446A9
:106F20000160FFF7E9FF204610BD0000002101606D
:106F300070470000704700002DE9F04F81B06BB33F
:106F40001C468846064602F114074FF0000A4FF02F
:106F5000FF3BE9463878C8B130685146836930460E
:106F60004A46CDF800B09847002818BF054603D020
:106F700060B1002060B912E0009957F8102C41442C
:106F80000AF1010A11600028F3D100BF012030B1DD
:106F9000013C07F11807DDD1002500E00025E8B22B
:106FA00001B0BDE8F08F00002DE9F04381B0D2B30D
:106FB0001446804601F10C0506E000BF0120B8B37D
:106FC000013C05F1180531D0287A0028F6D055F893
:106FD0000C6C04F0D7FB01463046FFF7B9FED5E94B
:106FE000003655F8042C711C014607D0D8F8000073
:106FF000C76840460096B84705E000BFD8F80000D3
:1070000086684046B047002818BF814604D000205B
:107010000028D3D103E000BF01200028CED10020FA
:107020000028CDD104E04FF0000901E04FF0000945
:107030005FFA89F001B0BDE8F0830000002808D4B1
:10704000884206DA52F82000411C08BF4FF0FF309A
:1070500070474FF0FF3070470138042884BF00208C
:107060007047DFE800F0030507090B0001207047B7
:1070700002207047032070470420704705207047A6
:107080002DE9F04FD7B00E69002E00F09B82054627
:107090004EF60840C1F20100026828460C4604F092
:1070A00053FF4EF61041C1F201010A680746284617
:1070B000214604F049FF4EF60441C1F201010A687D
:1070C00083462846214604F03FFF4EF60C41C1F2AC
:1070D00001010A6882462846214604F047FFE46819
:1070E000002C00F06F828146387A092800F09380E6
:1070F000072840D0012840F0EF8031784DA804F0F7
:10710000B5FA27A8394604F061FF384604F046FF77
:107110000DF58C784E4681464046594604F056FFA0
:10712000584604F03BFF0DF1FC0B0446584651460F
:1071300004F04CFF504604F06FFF38AD0746284678
:10714000314604F043FF304604F02EFFCDE9004BFA
:1071500027AC06464DA821464A464346CDE902756E
:10716000049600F097FD2846FFF7E4FE5846FFF727
:10717000E1FE4046A7E09BF80800092840F0B280F5
:10718000BAF1000F0CBF30799AF80800022840F0DD
:10719000F88094F82C0000280A9000F07E814DA819
:1071A000214604F0C3FD606A39460990A06A089040
:1071B00046A804F00BFF384604F0FCFE4F4681461B
:1071C0003FA8594604F002FF584604F0DBFE0DF1DB
:1071D000E00806464046514604F0F8FE504604F0EA
:1071E00021FF31AC05462046394604F0EFFE384613
:1071F00004F0E6FE07463FA801A9CDF8009081E81B
:107200004101DDE908214DA846ABCDE904540697BC
:1072100003F07AFE73E19BF80800092870D0122869
:1072200060D16A6C216A284690474E46814658468E
:1072300004F0A8FE0DF59A7805464046594604F03C
:10724000C5FE404605F02EFE014628464A4600F09F
:10725000D3FC4046FFF76EFE4DA8214604F066FDC4
:1072600027A8394604F0B2FE384604F08BFE0546E6
:1072700046A8594604F0AAFE0DF1FC0840465146C6
:1072800004F0A4FE504604F0CDFE38AF0446384664
:10729000314604F09BFE304604F07AFECDE90098BA
:1072A000CDE9024727AC2A4646AD06464DA8214601
:1072B0002B46049603F0B2FB3846FFF73BFE4046F0
:1072C000FFF738FE2846FFF735FE2046FFF732FE6F
:1072D000002057B0BDE8F08FFFF720FB3A7A014657
:1072E000B9A007E0FFF71AFB3A7A014642F61860A8
:1072F000C1F20200FFF78EFB012057B0BDE8F08F0E
:1073000094F82C0000280A907DD04DA8214604F066
:107310000DFD606A39460990A06A089046A804F0FD
:1073200055FE384604F02EFE4F4681463FA859468A
:1073300004F04CFE584604F025FE0DF1E008064628
:107340004046514604F042FE504604F06BFE31AC1C
:1073500005462046394604F039FE384604F018FE4A
:1073600007463FA801A9CDF8009081E84101DDE979
:1073700008214DA846ABCDE90454069703F02CFD37
:1073800073E094F82C0000280A9000F0C6804DA805
:10739000214604F0CBFC606A39460990A06A089047
:1073A00046A804F013FE384604F004FE4F4681461A
:1073B0003FA8594604F00AFE584604F0E3FD0DF1DB
:1073C000E00806464046514604F000FE504604F0F0
:1073D0002FFE31AC05462046394604F0F7FD38460D
:1073E00004F0EEFD07463FA801A9CDF8009081E822
:1073F0004101DDE908214DA846ABCDE904540697CB
:1074000003F01EFEBBE027A8214604F08FFC20A855
:10741000394604F0DBFD384604F0B4FD099019A8A4
:10742000594604F0D3FD584604F0ACFD0DF1480870
:1074300006464046514604F0C9FD504604F0F2FDB0
:107440000BAF05463846494604F0C0FD484604F0F7
:107450009FFD099A044627A820A919ABCDE9006829
:10746000CDE90257049403F0D9FA0A9850B131A833
:10747000FFF760FD38A8FFF75DFD3FA8FFF75AFD55
:1074800046A823E70BA8FFF755FD12A8FFF752FD0A
:1074900019A8FFF74FFD20A818E727A8214604F0F8
:1074A00045FC20A8394604F091FD384604F082FDE1
:1074B000099019A8594604F089FD584604F062FD68
:1074C0000DF1480806464046514604F07FFD5046FF
:1074D00004F0A8FD0BAF05463846494604F076FD9A
:1074E000484604F06DFD099A044627A820A919AB67
:1074F000CDE90068CDE90257049403F027FB0A9810
:10750000002849D031A8FFF715FD38A8FFF712FD74
:107510003FA8FFF70FFD46A8D8E627A8214604F0AC
:1075200005FC20A8394604F051FD384604F042FD20
:10753000099019A8594604F049FD584604F022FD67
:107540000DF1480806464046514604F03FFD5046BE
:1075500004F06EFD0BAF05463846494604F036FD93
:10756000484604F02DFD099A044627A820A919AB26
:10757000CDE90068CDE90257049403F083FB0A9833
:10758000A8B131A8FFF7D6FC38A8FFF7D3FC3FA875
:10759000FFF7D0FC46A899E60BA8FFF7CBFC12A892
:1075A000FFF7C8FC19A8FFF7C5FC20A88EE60BA8BA
:1075B000FFF7C0FC12A8FFF7BDFC19A8FFF7BAFC43
:1075C00020A883E6FBF71AF9496E70757420747968
:1075D00070652025732028256429206E6F74207320
:1075E0007570706F727465642E00000080B5826BD8
:1075F00012B13021904780BDFBF700F92DE9F04F23
:1076000081B00028009149D08346006801284ADBF8
:10761000002700BF0BEB8700D0F80490B9F1000FF2
:1076200030D409EB4900009901EB80004568D5F89A
:107630000080B8F1010F01D1686818B3B8FA88F07A
:10764000B8F1000F4FEA501416D0686814F0EEF845
:1076500090B16FF0030000EB88060835B6FA86F0AB
:107660004FEA501446B155F8040B14F0DFF8002827
:10767000A6F10406F2D100BF84F00100002C08BF7F
:10768000CA4600E0042040F0040104290CD1DBF8D4
:10769000000001378742BDDB022005E04FF0FF30DC
:1076A00001B0BDE8F08F0220022808BF4FF0FF3A7A
:1076B000504601B0BDE8F08F80B568B101281CBF0D
:1076C000002080BD086804228368084641F20C014E
:1076D000984702F059F980BD08680422836808467B
:1076E0002C21984702F0D8F880BD00000928DEBFA1
:1076F0003030C0B270472328DEBF5730C0B2704769
:107700003D28DEBF1D30C0B2704780B540F6430152
:10771000C8F2214151FB00014A1102EBD171C1EBCA
:107720004111A0EB4100FFF7E1FFBDE88040C0B28E
:10773000704700002DE9F04F8DB00E46044601F071
:10774000ABF8D6F80CB0BBF1000F00F0F180D6F822
:107750001090B9F1000F00F0EB8005464EF608409E
:10776000C1F20100026828463146FFF737FB0028C6
:1077700000F0888007464EF61040C1F20100026812
:1077800028463146FFF72AFB002800F08B8082460E
:107790004EF60440C1F20100026828463146FFF768
:1077A0001DFB4EF60C41C1F201010A680590284606
:1077B0003146FFF727FB002800F081808046387FA4
:1077C00098F81C10884240F08C8009280CD00728BB
:1077D00013D0012816D19AF81C10012940F09A8084
:1077E00007280AD009280DD19AF81C10122918BFB1
:1077F000092940F08F80072804D19AF81C10092924
:1078000040F088809AF81C00122812D1DAF814206F
:1078100006A852F8041BFFF781FB05F043FB064660
:1078200006A8FFF787FB236C0BF1200220463146A8
:10783000984799F800103A7F059E20463B46CDF8C0
:1078400000A00196CDF80CB0CDF8088004F03CF90A
:10785000A8B9286839468269284690472868514661
:1078600082692846904726B12868314682692846B1
:1078700090472868414682692846904700200DB00D
:10788000BDE8F08F676942F6D92142F63B6242F6C5
:107890009566C1F202012046C1F20202C1F202065F
:1078A000302318E0676942F6D92142F63B6241A6CF
:1078B000C1F202012046C1F2020233230BE06769E4
:1078C00042F6D92142F63B6235A6C1F202012046BA
:1078D000C1F2020238230096B84701200DB0BDE87E
:1078E000F08F6669FFF71AF898F81C1005460846ED
:1078F000FFF714F807460FA012A142F63B62CDE94C
:10790000001013A12046C1F2020239230295039709
:10791000B047E2E7FFF702F89AF81C100446084661
:10792000FEF7FCFF024611A02146FFF773F8D4E7EB
:10793000FAF764FF6F75747075742D3E7479706515
:1079400000000000696E7075742D3E7479706500DA
:1079500025733A256420257320213D202573202896
:10796000257320213D20257329000000496E707584
:107970007420747970653A202573207769746820C3
:1079800066696C74657220747970653A202573207D
:107990006E6F7420737570706F727465642E000062
:1079A0006F757470757420213D206E756C6C7074E9
:1079B0007200000066696C74657220213D206E754E
:1079C0006C6C70747200000080B50146406920281C
:1079D0000CBF886903F0ECFC80BD000020B119B138
:1079E00012B1002B18BF7047FAF708FF704700006C
:1079F0000160704780B5006802685268904780BD9A
:107A0000B0B582B00C4609680546084602F06EF82B
:107A10002168044601A8FFF7EBFF0198C5E9004083
:107A200002B0B0BD016070477047000080B540688B
:107A300003689B68984780BD10B50C4602F060F85B
:107A40004FF6AC31C1F201010831C0E9001410BD9C
:107A500080B502F05FF880BD2DE9F0472DED028B77
:107A600082B01546DDE90C2ADDF8389092ED028AE5
:107A7000D76898460329044619D002293ED0012927
:107A800062D1DFED370AB0EE480A01AA2046394636
:107A900000F068F8064600285BD101980026A8424D
:107AA000C8BF0546CAF80050C9F8008051E0DFEDB4
:107AB0002C0AB0EE480A01AA2046394600F052F8D6
:107AC0000646002845D10198F1EE080AB0EE480AB2
:107AD000A842C8BF054601AA20463946CAF8005048
:107AE00000F040F8002818BF064632D10198002661
:107AF0004045B8BF8046C9F800802AE0B0EE480A89
:107B000001AAFFEE000A2046394600F02BF806468F
:107B1000F8B90198F7EE000AB0EE480AA842C8BFCB
:107B2000054601AA20463946CAF8005000F01AF866
:107B3000002818BF06460CD1019800264045B8BF62
:107B40008046C9F8008004E00026CAF80050C9F851
:107B50000080304602B0BDEC028BBDE8F08700BF6C
:107B60000000000070B582B080EE800A15460E4617
:107B70000446FFF717F99FED141AB4EE410AF1EE2F
:107B800010FA0FDB9FED111AB4EE410AF1EE10FA74
:107B900008DCBDEEC00A10EE100A30442860002058
:107BA00002B070BD666942F6D92142F6F03208A5EE
:107BB000C1F202012046C1F2020240F2B513009563
:107BC000B047012002B070BD000000CF0000004FA0
:107BD0006E6F5F696E74656765725F6F76657266FA
:107BE0006C6F775F66726F6D5F7175616E74697AC5
:107BF0006174696F6E00000070B501EBD1730229EA
:107C00004FEA630C0FDBA0F1010E931E644600BF28
:107C10001EF9015F013C45F303064FEA151503F811
:107C2000026F5D70F4D1CB0708BF70BD10F80C0077
:107C3000114440F3030001F8010C70BD81B080B520
:107C400081B00393036811469B6803AA009298478A
:107C500001B0BDE8804001B07047000082B080B53F
:107C600082B0CDE90423036804AA9B680192984777
:107C700002B0BDE8804002B0704700004FF6C4314A
:107C8000C1F201010831016070470000FEDE000012
:107C9000704700002DE9F04F81B02DED068B84B0C8
:107CA000DDF85C9090ED078A90ED089A48461E46F4
:107CB000924605F0E7F80446304605F0E3F8651E05
:107CC00007464846294600F0C3FD0446B91E304623
:107CD0004A462B46FFF744F80546791E304605F024
:107CE000D3F8012C2146029453DB06461498DDF8A4
:107CF000588004389FED2AAA0190B700AAF1040425
:107D00000020039007E000BF0399029801318142EF
:107D10003C4403913DD0012DF6DB0398DDF804B01F
:107D200000FB05FA4FF000091DE000BFB0EE4A1A53
:107D3000B8F1000F1CBF08EB890090ED001A30EE7F
:107D4000010AF0EE480AB0EE491A03F0ADFE1899A8
:107D500009EB0A0001EB800009F10109A94580ED5A
:107D6000000ABB44D0D0B0EE4A0A012EDEDBB0EEF2
:107D70004A0A21465A46304691ED011A92ED012AEF
:107D8000043121EE021A043230EE010A0138F3D137
:107D9000CCE704B0BDEC068B01B0BDE8F08F00BFAE
:107DA0000000000008440138B0FBF1F000FB01F0D6
:107DB00070470000B0B558B1044605F057F80546C5
:107DC000204605F059F88542B8BF05462846B0BDA3
:107DD000FAF714FD2DE9F04F83B0019008469B4659
:107DE00015460E4605F054FA04F04EFF002848D020
:107DF00000270DF1080800BF304605F049FA394662
:107E000004F026FF05F0B0F990B1BBF1000F1CBFE4
:107E10005BF8270010F101000AD12846414603F023
:107E20001BFE002818BF81460FD00020F0B100BF14
:107E3000012058B33046013705F02AFA04F024FF38
:107E4000874205F10C05D7D31EE00198DDF808A0A4
:107E5000846803F097FC216802468B6820465146EF
:107E60009847286030B101200028E1D10020002887
:107E7000E0D10BE0029908A0FEF7CCFD4FF001091C
:107E8000D3E74FF0000901E04FF000095FFA89F0F5
:107E900003B0BDE8F08F00BF4661696C6564207473
:107EA0006F20616C6C6F63617465207661726961CB
:107EB000626C652074656E736F72206F66207369E3
:107EC0007A6520256400000080B5406803689B68DF
:107ED000984780BD80B540680268D268904780BDF1
:107EE00080B5406801680969884780BD80B54068F1
:107EF00001684969884780BD70B5002940D00546B2
:107F0000007D38B141F64F70C1F20200FEF782FDEC
:107F1000002070BDA8680C4601210268297593688D
:107F2000082104229847A968FFF786FDE8602846E3
:107F300000F06CF808B1002070BDAE68204605F076
:107F400007F904F007FF316804228B68C10030464E
:107F5000984798B1064628682146C36A28463246A3
:107F600098470028E7D128682146836A2846324688
:107F70009847002818BF0026304670BD01A0C5E70D
:107F8000FAF73CFC4661696C656420746F20616C93
:107F90006C6F63617465206D656D6F727920666FBB
:107FA00072206D6F64656C206D65746164617461CD
:107FB0002E0000002DE9F0410446007D68B12068E4
:107FC0001F469046A269036C0E46204639469847E4
:107FD000054658B12846BDE8F08141F6A470C1F2CB
:107FE0000200FEF717FD0120BDE8F08120683B6824
:107FF000C76B204631464246B847002812BF0546A7
:10800000002525752846BDE8F081000010B504461E
:10801000406800210268A161936990210422984779
:108020000146B0FA80F04009E16110BD2DE9F04F42
:108030008DB091464268824604A81C46884602F0EC
:108040003BF9DAF8181001F01FFE0546002853D15D
:108050000020039004A803A901F094FF002818BF92
:10806000054649D14046029405F072F804F072FECC
:108070000746002818BF012724D009F1040B00246B
:10808000404605F065F8214604F048FE002800F05F
:10809000B1800146DAF800005BF83420039B066BE0
:1080A0005046B047002818BF05460BD14046013462
:1080B00005F04EF804F04EFE84424FF0000738BF42
:1080C0000127DDD3F80717D1039904A84A4601F028
:1080D000BFFF002818BF05460ED1504600F004F936
:1080E000029B024604A80021CDF8009001F01EFE7C
:1080F000002818BF054603D0E8B20DB0BDE8F08FE8
:1081000004AC204604F04AFF8046204604F048FFB5
:10811000DAF80440074603F035FB21680A6B014694
:1081200020469047DAF80460044603F02BFB3168E0
:1081300002468B68304621469847002858D00646AC
:10814000DAF8100022460168CB6931469847DAF820
:10815000100039464246FEF727FF002818BF0546A3
:10816000CAD1DAF80400DAF810400168496A884791
:10817000014620463A464346FEF7DEFE002818BF79
:108180000546B9D104A801F067FDDAF804000168DA
:10819000CA6831469047DAF804000168496988479F
:1081A000002818BF0546A7D1DAF80400DAF81C1039
:1081B0000268126A9047002818BF05469CD1DAF879
:1081C0001000016809698847DAF82010814238BF39
:1081D000CAF82000DAF80440DAF8205003F0D2FAA6
:1081E000216802468B6A204629469847054683E760
:1081F000012581E7FAF702FBC0687047B0B58468D3
:108200000D4603F0BFFA216802468B6820462946D6
:108210009847B0BD2DE9F04782B0DDF828900546BB
:1082200008469A4690460E4604F092FF494604F0EE
:1082300075FDC0B36868042201688B6820219847E7
:10824000B0B1074628684FF0010C846B28463146D0
:108250003A465346CDF80090CDF804C0A04770B11F
:1082600041F67A60C1F20200FEF7D4FB002716E067
:108270000EA051464A46FEF7CDFB00270FE0B8F1AD
:10828000000F0CD008EBC9000AEB4A02416851F814
:1082900022103961406800EB8200406878613846FE
:1082A00002B0BDE8F087FAF7A9FA00BF4661696C31
:1082B000656420746F20616C6C6F636174652074F9
:1082C000656D702E206D656D6F727920666F7220FE
:1082D00074656E736F722025642C207375626772EB
:1082E000617068202564000080B5C0690421FFF733
:1082F00059FD80BD2DE9F04F83B0002A00F0A18028
:108300008046084692460D4604F022FF04F022FD06
:10831000002800F08D800027CDE900A8284604F051
:1083200017FF394604F0FAFC002800F08A80064660
:1083300004F0AEFF04F0A8FCD8F8081083460868E3
:108340000BEB4B02836894000846214604229847B1
:10835000002802904AD0BBF1000FD94618BF4FF059
:1083600001094DD0304604F093FF00214FF0000882
:1083700004F06EFC0446284604F0D8FE029A01463A
:10838000204603F087FF30BB02984FF0010800F150
:108390000C0A00BFD8454FF0000938BF4FF0010963
:1083A000C34541D0304604F073FF414604F050FC11
:1083B0000446284604F0BAFE01462046524603F021
:1083C00069FF08F1010800280AF10C0AE2D0DDF883
:1083D00000A0A8F101081CA04146FEF71BFB0120EC
:1083E000DDF80480B9F1000F0ED012E041F60870FC
:1083F000C1F202002146FEF70DFB012009E000BF9B
:108400000520B9F1000F04D10AEBC70002994160C1
:10841000002080B92846013704F09AFE04F09AFC47
:108420008742FFF47BAF05E0DDF800A00520D7E729
:10843000022000E00220023818BF012003B0BDE88E
:10844000F08FFAF7DBF900BF4661696C6564207450
:108450006F20696E697469616C697A652074656EF4
:10846000736F72202564000070B5D9B105460868A5
:108470000C4601280BD16668A6B16868716802686D
:10848000D268904768680168CA6831469047002101
:10849000216168682160026861606161D26821467B
:1084A000904770BDFAF7AAF92DE9F04381B09846DC
:1084B00091460F460446FFF717FFA169B9B1A169BC
:1084C000A0F108030022002553F80C6F0135013696
:1084D00008BF01328D42F7D300230B2A88BF012346
:1084E00043B111A00C21FEF795FA012118E00023F9
:1084F000002BF6D101EB4102002100EB820340F892
:108500002210C3E9011140F822704FF0FF3058608B
:10851000A069C3F80890C8F80000A0690130A06104
:10852000084601B0BDE8F08353637261746368204C
:108530006275666665722072657175657374206513
:10854000786365656473206C696D69742070657209
:10855000206F70657261746F722028256429000095
:108560002DE9F047E2B38246084690460D4604F0F6
:10857000EFFD04F0EFFB0446002818BF01242BD0C8
:1085800000270FF2600900BF284604F0E1FD3946DC
:1085900004F0C4FB20B301F0C9FADAF8082011682E
:1085A0008B684101104604229847064620B148F8DE
:1085B00037602EB910E000BF4846FEF72BFA5EB1D7
:1085C0002846013704F0C4FD04F0C4FB87424FF095
:1085D000000438BF0124D7D304F00100BDE8F087C0
:1085E000FAF70CF94661696C656420746F20616C60
:1085F0006C6F63617465206D656D6F727920666F55
:1086000072206E6F64655F616E645F726567697327
:1086100074726174696F6E732E00000010B559B1E9
:108620000C46816931B1806801688B689100042231
:1086300098472060002010BDFAF7E0F8B0B5044676
:1086400000680D46426920469047002818BFB0BD1B
:108650002046FFF749FEA2695AB1A2690430002101
:1086600003680131013308BF0560914200F10C003D
:10867000F6D3606802EB420205689023E16903EBE0
:108680008202ED690423A847B0BD00002DE9F04740
:1086900082B0DDF82890074608469A4690460D4677
:1086A00004F056FD494604F039FBA0B33868416B2D
:1086B00038468847B0B1064638684FF0000C846BE6
:1086C0003846294632465346CDF80090CDF804C0CE
:1086D000A04760B141F6BE60C1F20200FEF79AF910
:1086E000002614E00DA0FEF795F900260FE0B8F182
:1086F000000F0CD008EBC9000AEB4A02416851F8A0
:1087000022103161406800EB8200406870613046A1
:1087100002B0BDE8F087FAF771F800BF4661696CF6
:10872000656420746F20616C6C6F63617465206D8B
:10873000656D6F727920666F7220706572736973F0
:1087400074656E742054664C69746554656E736FFD
:10875000720000002DE9F04782B0DDE90A98D0E907
:10876000016508461F4692460C4604F0F1FC494656
:1087700004F0D4FA04F08CFD394604F069FA074697
:10878000204604F0D3FC00902846314642463B4642
:10879000CDF804A003F06CFC02B0BDE8F087000047
:1087A00080B58068042201688B682021984780BDCD
:1087B00070B580B10D4671B10646044656F8040BFB
:1087C0002421436B204604229847314622462B46FB
:1087D00000F020F870BDFAF711F8000070B51446EB
:1087E0000D46064602F0CEFF01463046FFF7DAFAA4
:1087F0007119091A03F0BEF8054600280146204603
:1088000018BF0431FEF758FF01462846FFF7D0FF96
:1088100070BD000080B54FF6D83CC1F2010C0CF1E0
:10882000080C4FF0000EC0E900C2C0E9021E03614F
:1088300080F814E0C0E906EEC0F820E080BD00003A
:1088400080B500F003F880BD70470000704700005D
:1088500070B50C46064604F015FB002C19D40546ED
:10886000A04216DD304604F01BFB012D0FDB014654
:10887000012000BF002C14BF0A68012202FB00F097
:10888000013DA4F1010401F10401F3D170BD012007
:1088900070BDF9F7B3FF0000C06870474FF6244180
:1088A000C1F201010831016070470000FEDE0000E6
:1088B00070470000B0FBF1F000FB01F070470000D2
:1088C0002DE9F04F83B004460168C06EFFF714FB3A
:1088D000002800F0858004F170090146484602F046
:1088E0006BF8204600F03EF9054600287ED104F1E1
:1088F000A4073846002102F0A1FD484601F048FDDA
:10890000002818BF054671D13846012102F096FDB6
:10891000484601F08FFE002818BF054666D138464C
:10892000022102F08BFDD4F80080E66E484601F08B
:1089300073FD024604F1980330464146FFF73AFBC7
:10894000002818BF054651D1D4F89810384602F0D7
:10895000C3FDE66E204604F0DBFA3168CA69810087
:10896000304690470646C4F89C00204604F0D0FAF2
:10897000002E82463ED0BAF1000F18BF4FF0010A18
:1089800048D0029700272668D4F86CB0484601F01A
:1089900043FD8046204604F0D9FA394604F01AFA1D
:1089A000DBF800100346D1F800C058463146424675
:1089B00000260096E047D4F89C1041F82700D4F830
:1089C0009C0050F82700F8B12046013704F0A0FAC7
:1089D00087424FF0000A38BF4FF0010AD3D318E0A6
:1089E00057A0FEF717F8012584F89550284603B0E4
:1089F000BDE8F08F42F6C1104FEA8A01C1F20200D1
:108A0000FEF708F80125F1E739A03946FEF702F82C
:108A10000125029F5FEACA70E8D1E66E204604F0A5
:108A200083FA3168CA698100304690470646C4F827
:108A3000A000204604F078FA8046A6B3B8F1000FF3
:108A400018BF4FF001083ED0029700272668D4F8DF
:108A50006CA0484601F0E0FC8346204604F080FA12
:108A6000394604F0B7F9DAF800100346D1F800C02F
:108A7000504631465A4600260096E047D4F8A010EA
:108A800041F82700D4F8A00050F82700A8B12046EC
:108A9000013704F049FA87424FF0000838BF4FF021
:108AA0000108D3D30EE042F60A204FEA8801C1F252
:108AB0000200FDF7AFFF012598E717A03946FDF743
:108AC000A9FF0125029F5FEAC8708FD1204600F000
:108AD0000BFA002818BF05467FF488AF012084F800
:108AE00094003846032102F0A9FC00257EE700BF70
:108AF0004661696C656420746F20696E6974696190
:108B00006C697A6520696E7075742074656E736F18
:108B100072202564000000004661696C6564207461
:108B20006F20696E697469616C697A65206F75740C
:108B30007075742074656E736F7220256400000078
:108B40004661696C6564207374617274696E672034
:108B50006D6F64656C20616C6C6F636174696F6EBE
:108B60002E0A00002DE9F04F8DB000F1700B804609
:108B7000584601F0C9FB0128C0F239810026CDF822
:108B80001480CDF820B000BFD8F8000004F0E0FA5F
:108B9000314604F0C3F8002800F031810746D8F8C8
:108BA000000004F0BDFAD8F86C1005460846FFF73F
:108BB00023FB0446384600F0B9FF824600280A909D
:108BC00018BF4FF0010A00F00581099600264FF00A
:108BD0001C0B019404970795384604F05FFB31465F
:108BE00004F07AF80B9004F0EDFA0446284604F0FD
:108BF00003F8844228D228462146CDF8189003F085
:108C0000DFFFDDF82090D8F804508046484601F098
:108C100003FC099F294650F8370000EB0B02404641
:108C200002F02EFD48B305464046FFF7C3F802F0B8
:108C3000BFFB01467EA0FDF7EDFE0124A946DDE95C
:108C40000478079D54B1BDE06EA02146FDF7E2FE19
:108C500001244FF00109002C40F0B4800A9901363C
:108C60008E424FF0000A4FF0000038BF4FF0010A6B
:108C7000B1420BF1200BAFD1A5E0484601F0CCFB8F
:108C800050F8370050F80B00D8B1446900200C9020
:108C90000B9804F0A3FADDE90478079D202C1BD182
:108CA000DDF81890C8B30B9C204604F097FA04F046
:108CB00087F80390204604F091FA04F085F80290BA
:108CC00030E042F23500C1F202002146FDF7A2FE7B
:108CD00001244FF00109B2E7DDF8189040B12046B9
:108CE00002F066FB014641F6EF70C1F20200ADE70B
:108CF000D8F8040001688A6821469047002850D0BF
:108D00000B99019A0CAB02F083FCB0FA80F149098F
:108D1000002818BF814600294FD000200B9C0290EC
:108D200000200390204604F09BFA03F0E7F8069039
:108D3000204604F09BFA03F0E1F80546089801F09C
:108D40006BFB0999002450F8310000EB0B0848E94F
:108D5000074448E9054448E90344069848F8044CA8
:108D600048E90705DDE90B5048F80C0C039848F872
:108D7000080C029848F8040C284604F029FA68B157
:108D8000284604F025FA04F041F830B1284604F0F2
:108D90001FFA03F0B3F848F8140C0024DDF814802F
:108DA0004FE7204602F004FB01462DA0FDF732FEFE
:108DB0004FF0010900210029AFD10124002C3FF41C
:108DC0004DAF00BF0120DDE908B65FEACA7105D0EA
:108DD0000EE000BF00205FEACA7109D15846013693
:108DE00001F092FA8642FFF6CFAE022000E00220A8
:108DF000023818BF4846C0B20DB0BDE8F08FF9F791
:108E0000FDFC00BF4D697373696E67207265676909
:108E10007374726174696F6E20666F72206F706315
:108E20006F64655F696E6465782025640A000000E0
:108E30004661696C656420746F2067657420726593
:108E400067697374726174696F6E2066726F6D20EA
:108E50006F7020636F64652025730A200000000096
:108E6000446964206E6F742066696E6420612070AE
:108E7000617273657220666F7220257300000000B6
:108E8000F0B581B000F1A4060C460546304600213D
:108E9000002702F0D3FA4BF29D70C1F20000E861A6
:108EA0004AF2F5204BF28971C1F20000C1F20001D3
:108EB0006E61C5E916014BF62960C1F20000286316
:108EC0004BF60170C1F200004BF6157128644BF6A9
:108ED000B520C1F20001C1F20000EC63C5E9121037
:108EE00085F8957001B0F0BD10B500F17004204612
:108EF00001F010FB002804BF204601F0EFFC10BD7C
:108F0000B0B50C46054604F003F8A04204D9D5F8E4
:108F10009C0050F82400B0BD024603A02146FDF796
:108F200079FD0020B0BD00BF496E70757420696E78
:108F3000646578202564206F7574206F66207261E7
:108F40006E676520286C656E6774682069732025DC
:108F50006429000010B5044690F8950020B10AA0DD
:108F6000FDF758FD012010BD94F8940028B9204663
:108F7000FFF7A6FC002818BF10BD04F17000002107
:108F800001F04CFA10BD00BF496E766F6B65282961
:108F90002063616C6C656420616674657220696E23
:108FA000697469616C697A6174696F6E2066616960
:108FB0006C65640A00000000B0B50C46054603F07D
:108FC000B3FFA04204D9D5F8A00050F82400B0BDEA
:108FD000024603A02146FDF71DFD0020B0BD00BFE5
:108FE0004F757470757420696E64657820256420EF
:108FF0006F7574206F662072616E676520286C65DE
:109000006E67746820697320256429002DE9F04F8C
:1090100081B004460D98DDE90A989A468B46C4E96A
:10902000001204F1080704F13C05FEF7DFFC0646D8
:1090300038463121F9F726FD28463021F9F722FD7F
:10904000504649463246FFF7C9FB04F17005034616
:10905000E066284639465A46CDF8008001F0B0FC5B
:109060004FF48070A4F894000020C4E92600226820
:10907000E16EC4F8A00004F1A4002B4602F07CFAD3
:109080000C992046FFF7FCFE204601B0BDE8F08FAA
:10909000B0B500F170050446284601F0BDF900287E
:1090A0001CBF284601F038F904F1A40002F080FA50
:1090B000284601F0ADFC2046B0BD00000138C2B228
:1090C000122A07D84BF6EF73C0F2070323FA02F215
:1090D000D20701D10120704740B24EF69C32C1F256
:1090E000010252F82000086000207047B0B50C461D
:1090F000054601F0EBF802462846214600F002F84A
:10910000B0BD000080B5034616280FD8DFE803F095
:109110000C17191B1D1F21232527292B2D2F313318
:109120003537393B3D3F4100012033E000200870D6
:109130001AA110461A46FEF791FD012080BD0A20B3
:1091400028E0022026E0032024E0042022E005207D
:1091500020E006201EE007201CE008201AE009207D
:1091600018E00B2016E00C2014E00D2012E00E2079
:1091700010E00F200EE010200CE011200AE0122079
:1091800008E0132006E0142004E0152002E0162079
:1091900000E017200870002080BD00BF556E737579
:1091A00070706F727465642064617461207479708A
:1091B0006520256420696E2074656E736F720A00E5
:1091C00080B508461146FDF735FC002080BD000043
:1091D00080B5FEF753FD4FF64041C1F20101083161
:1091E000016080BD80B5FEF753FD00F001F880BD41
:1091F0007047000070470000002070470120704752
:109200004FF65441C1F2010108310160704700007E
:10921000FEDE000070470000B0B52DED028BB0EE11
:10922000408AF0EE608A9FED260B0D46044651EC15
:10923000180B53EC102B15F03AFA28B100202060DF
:109240002860BDEC028BB0BDB0EE480AF0EE680AB3
:10925000284614F071F851EC100B9FED1B0B53ECEA
:10926000102B14F081FF41EC100BFDF799FD51EC30
:10927000100B15F0D9FA0122C8F20002821A71F11E
:10928000000218DA80F000420A4305D12868002164
:10929000013028604FF08040B0F1004271F10001D0
:1092A00009DA296811F1200FDCBF00202860206056
:1092B000BDEC028BB0BDF9F7A1FA00BF00BF00BF43
:1092C0000000000000000000000000000000E0417D
:1092D000B0B5022A2BDB01234FF0000C0DE000BFDC
:1092E0000025022AB8BF012565EA0C05ED074FF0FD
:1092F00001034FF0000C18BFB0BDA3F1010E50F8F0
:109300002E4050F82350AC420DDA40F82E5040F871
:10931000234051F8235051F82E404FF0010C41F8F2
:109320002E5041F8234001339342D9DAE5E7B0BD2E
:10933000806870472DE9F04F9BB0044600F036F985
:10934000A068012822DB00270FF26418002615E030
:109350003046FEF7CBF90146606AEB5950F826001B
:109360003246CDE9000A4046CDF80890FDF752FBA1
:10937000A0680136864207F1100707DAE568E819A8
:10938000D0E902A9CA45E3D12A21E5E7012819DB82
:10939000616AE2680439103A4FF0000C502500BFB2
:1093A00052F8103F51F8047F3B44D668AB42C8BF27
:1093B0001D466645C8BFB4460138F1D1BCF1000F67
:1093C00006D571E050254FF0000CBCF1000F6BD4B6
:1093D0000DF1180B0027CDE903C515E0002005901D
:1093E00005985A4600F2FF30C11700EB915000215A
:1093F0008DF8681083123DA03946FDF70BFB0398EA
:10940000874207F101074FD0584650212E22F9F725
:109410000FFBA0680028E1DDD4F80C8000260020B6
:10942000059007E0049D0DF1180B00BFA068013600
:109430008642D5DA08EB061AD14659F8080F87425A
:10944000F4DB5AF80C0F8742F0DC606A50F8260013
:10945000411CEBD0310158F8013000EB8002184478
:10946000110100EB800291FBF5F0110191FBF5F188
:10947000059A88421A440592D8DA0D1A83440DE001
:10948000D9F80000DAF8001088420EBF2A203046D2
:10949000FEF72CF90BF8010B013DC3D09BF800003F
:1094A0002E28EDD02120F5E71BB0BDE8F08F00BFDE
:1094B0002563202869643D2564293A2073697A650B
:1094C0003D25642C206F66667365743D25642C20F1
:1094D00066697273745F757365643D2564206C61A1
:1094E00073745F757365643D256400002534643AC8
:1094F000202573202825646B290000002820704750
:1095000070B515460C46064600F050F8002C08D4FD
:10951000B068A04205DD706A50F824002860002081
:1095200070BDB26802A02146FDF774FA012070BD3B
:1095300062756666657220696E64657820256420B0
:109540006973206F7574736964652072616E6765F5
:10955000203020746F20256400000000B0B505465F
:1095600000F024F8A868002804BF0020B0BD286AD5
:10957000D5F818C000EB40000CEB8002002000BFC3
:10958000002A08BFB0BDD2E90041EB680901595873
:1095900093682144814288BF084603EB43010133AD
:1095A00018BF0CEB8102EBD1B0BD00002DE9F04FEC
:1095B00085B0824690F82800002800F0E780DAF8AD
:1095C0000800002800F0E280DAF808604FF0000898
:1095D000012E8AF828802DDBDAF80C1000220431E5
:1095E0004FF0FF3C002714E0DAE9046551F8043C31
:1095F000DAF8244046F8223045F822700B68013230
:1096000044F82730DAF808600137B74201F1100159
:1096100011DA0E680136E7D1DAE9045451F8046C26
:10962000DAF82430013845F8206044F8207043F817
:1096300027C0E7E70022DAE9040100EB820001EB32
:109640008201B21AFFF744FE0120CAE90708DAE9ED
:1096500005244FF0FF30DAF80C100192A06010469C
:109660001068894601EB001160604968013104D13E
:10967000DAF82410002241F82020DAF82420DAF861
:10968000081052F82000022900922060C0F27E806B
:109690000121A4460CE000BFDAF82020CAF820001F
:1096A0008A608C460299DAF80800013181426DDA4D
:1096B0000198029150F82100CDF80CC0049009EBFC
:1096C0000010D0F804B01BF1010133D00098049BC6
:1096D000DDF80CC040F823B0DAF81C0000EB4002C3
:1096E00044F822B004EB8201DCF800204B60431CFC
:1096F0005A45CAF81C30CFDC083162464FF0FF35BE
:1097000005E000BF90600D600023002BCAD0936875
:109710005F1CF7D003EB430754F827605E4503DD79
:109720000B609060F0E700BF04EB87020123002B81
:10973000EDD1B7E70499D0E90256090159F8018043
:1097400000274FF0000B0BE00168A1EB0B01414536
:10975000B8BF07464FF00900B8BF00200028B5D1B8
:10976000504639462A46334600F014F847B1D7E947
:109770000021090159F8011011445945C8BF8B4611
:109780000028E1D109200028EAD09FE705B0BDE814
:10979000F08F0000F0B581B01C461546064621B199
:1097A0008868411C02D1002710E0306AB16900EBE3
:1097B00040002A4601EB800730463946234603F035
:1097C000DBFB18B9B868411CF0D10027384601B05E
:1097D000F0BD000070B506460020B06001201446C0
:1097E0000D4686F82800FFF789FEB4FBF0F005EB84
:1097F0000011706001EB8002C6E9035102EB8003A7
:1098000000EB4000726103EB80010020B3617162E4
:1098100070BD0000B0B5D0E901CEE64515DAD0F84C
:109820000CC04FEA0E150CEB0E144CF805104FF05F
:10983000FF3104F1040C8CE80E000EF1010181608F
:10984000012180F828100020B0BD03A06146FDF77B
:10985000E1F80120B0BD00BF546F6F206D616E79DB
:10986000206275666665727320286D617820697361
:10987000202564290000000070B50468D0E9026565
:10988000A468A04700281CBF012070BD049805EB08
:1098900006114860002070BD80B5FFF7B1FC4FF69F
:1098A0008441C1F201010831016080BD80B500F042
:1098B00003F800F005F880BD80B5FFF7ABFC80BD74
:1098C0007047000041F204014058704780B50029FC
:1098D0000AD441F20403C3588B4205DD00EB81003A
:1098E00040681060002080BD41F20402825802A04E
:1098F000FDF790F8012080BD62756666657220698B
:109900006E646578202564206973206F75747369AF
:1099100064652072616E6765203020746F20256455
:109920000000000041F208014058704780B541F244
:109930000403C258B2F5806F06DB0BA04FF48061C0
:10994000FDF768F8012080BD0344D3F804C000EBA4
:109950008200C0F804C0D3E900200844511CC3E9C8
:109960000010002080BD00BF546F6F206D616E79C4
:10997000206275666665727320286D617820697350
:109980002025642900000000B0B541F20404051947
:10999000FFF736FC4FF6B441C1F201010831016016
:1099A000002101516960B0BD80B500F003F800F0FE
:1099B00005F880BD80B5FFF72DFC80BD7047000025
:1099C0002DE9F04385B0994617460E460446FEF74A
:1099D00005F804AD28463946FEF724F80DF10808CD
:1099E00040462946FEF70CF8029D15B3204603F0C9
:1099F0002BFCB0B3074603F0EBFAFDF72DFB287004
:109A0000384603F0CFFAA870384603F0E7FAE8705A
:109A1000384603F0D7FA291D3246FFF773FB044698
:109A200018BB384603F0C8FAC8B101282AD1012072
:109A300016E040F22B6042F6D92242F6F02342F6BD
:109A40004C3700903046C1F202023146C1F20203A7
:109A5000C1F202070197FEF7F1F8012405E00020AA
:109A6000687000240294C9F800500299002000296F
:109A700002901CBF08F10400FDF7BCFF204605B0B2
:109A8000BDE8F08302A13046FEF7E8F80124ECE7D8
:109A9000556E68616E646C65642066756C6C792DBA
:109AA000636F6E6E6563746564207765696768745B
:109AB0007320666F726D61742E00000010B504464D
:109AC00000202060626022B11068836810469847C9
:109AD0002060204610BD000010B50446406818B153
:109AE00002682168D2689047204610BD80B50168A1
:109AF00001220B680521984700210160017180BD9A
:109B00004FF6E441C1F201010831016070470000E5
:109B1000FEDE00007047000010B50C4603F018FB95
:109B2000214603F0FBF800F001F810BD10B5044623
:109B300003F0B4FB002804BF002010BD204603F052
:109B4000ADFB03F0E5F810BDC8689042DCBFCA6009
:109B50007047F8F753FE00002DE9F04F83B0084638
:109B600014468A46FFF7E2FF0028014601904BD0D9
:109B700000274FF0FF380DF1080B06E00120002808
:109B800047D001980137874241D0504603F086FB09
:109B9000394603F0A1F8054603F01AFB0028EDD082
:109BA000002600BF284603F013FB03F02FF986427E
:109BB000E4D2284603F00CFB314603F00BF900EB2E
:109BC0004000594604EB8000CDF8088001F044FFC6
:109BD000002818BF814606D1029969B10FA0FCF791
:109BE00019FF4FF00109002050B12846013603F05B
:109BF000EFFA0028D6D1C1E701200028F5D100BF37
:109C000000200028BDD104E04FF0000901E04FF032
:109C100000095FFA89F003B0BDE8F08F446F657307
:109C2000206E6F7420737570706F727420696E741B
:109C300065726D6564696174652074656E736F72B9
:109C40002077697468206E6F6E2D7A65726F20734D
:109C5000697A653A2025640010B504464068A16819
:109C60000268D2689047606821690268D2689047AC
:109C7000002010BD8868904203DC013008BF8A6074
:109C80007047F8F7BBFD0000F0B581B004460068EE
:109C90000D4603F05DFA03F05DF8616886000A681E
:109CA000084693683146042298472061A0B3206893
:109CB00003F04EFA03F04EF8C8B10026002700BFAB
:109CC0002169206841F8267003F042FA314603F01A
:109CD00025F803F0DDFA02F0D7FF074420680136CB
:109CE00003F036FA03F036F88642E9D300E00027A5
:109CF0007919E160C4E90577606801EB4101026808
:109D0000E5619368CE003146042298470028A060A0
:109D10001EBF002001B0F0BD41F6DC50C1F20200D0
:109D20003146FCF777FE012001B0F0BD2DE9F04F80
:109D300089B08346006807930592884603F008FAC5
:109D4000414602F0EBFFDBF81010DBF8082051F879
:109D50002810039201EB4101044602EBC10AFFF710
:109D6000E5FE0690204603F087FA10B3002500BFF9
:109D7000204603F081FA03F049F8854219D22046C3
:109D800003F07AFA294603F025F800EB4000DBF8EF
:109D900020200AEBC0063146FFF76CFFDBF82020DD
:109DA0003146FFF7D1FE2046013503F065FA002861
:109DB000DED10698002800F0B98005984FF0000920
:109DC00004300290049406E0069809F10109049C0D
:109DD000814500F0AB80DBF8200046460130CBF82F
:109DE0002000204603F05AFA494602F075FF8046EB
:109DF00003F03CFAD8B10025404603F037FA03F0EF
:109E000005F8854213D2404603F030FA294602F0A5
:109E1000E1FF00EB4000DBF820200AEBC001FFF778
:109E200029FF4046013503F021FA0028E4D1DBF890
:109E30002000059A079B129F0890584641460097BC
:109E400000F0DCF9404603F00BFAF8B1002704E01B
:109E50004046013703F004FAC0B1404603F000FA6F
:109E600002F0D4FF874211D2404603F0F9F9394697
:109E700002F0B0FF0028EBD400EB4000DBF820201C
:109E80000AEBC001FFF760FEE2E700BF404603F0C7
:109E9000EDF9E0B1002700BF404603F0E7F902F01A
:109EA000B5FF874213D2404603F0E0F9394602F08D
:109EB00091FF00EB4000DBF820200AEBC001FFF728
:109EC00043FE4046013703F0D1F90028E4D1DBF826
:109ED0001C00B04600283FF477AFDBF8140003996C
:109EE00000EB4000079E01EBC007029C002509E043
:109EF000DBF81C00013518370C34854206F10406E6
:109F0000BFF462AF20684845F2D160684045EFD1A8
:109F100054F8040C3946C7E90006089AFFF7AAFE70
:109F2000DBF820203946FFF70FFEE1E7204603F07B
:109F3000A9F910B3002500BF204603F0A3F902F0F1
:109F400065FF854219D2204603F09CF9294602F0AC
:109F500041FF00EB4000DBF820200AEBC006314651
:109F6000FFF788FEDBF820203146FFF7EDFD2046A5
:109F7000013503F087F90028DED1002009B0BDE8E3
:109F8000F08F00002DE9F04381B004460068894657
:109F900003F0D8F8002856D0206803F0D3F802F078
:109FA00095FE00284FD04EF6EC380026C1F201088D
:109FB00008E000BF2068013603F0C4F802F086FE16
:109FC000864240D2206803F0BDF8314602F062FEBE
:109FD000074603F0EBF80028ECD0384603F0E6F82B
:109FE00002F0C4FE0546384603F0E0F802F0E4FD56
:109FF0002A464146172D28BF1722F8F74FFC172D88
:10A0000008BF0028D6D1206803F090F805463846EE
:10A0100003F0D2F80146284602F016FE03F09EF83F
:10A0200002F0CEFE8168A2690C308A42C9F80000B5
:10A03000C0D041F68650C1F20200FCF7EBFC0120D3
:10A0400001B0BDE8F083002001B0BDE8F08300005E
:10A050002DE9F04F87B0074690460068BA688A46F7
:10A06000039203F075F802F075FE002800F0A2805C
:10A0700000204FF0000B0590CDE90187386803F010
:10A0800067F8594602F04AFE08EBCB013A694D6881
:10A0900052F82B4001462A468146FFF75DFD002815
:10A0A00018BF064610B10120002174E0484603F0B5
:10A0B000EFF802F0E9FD002864D004EB44000399B6
:10A0C000002701EBC00400BF28462146656001F06F
:10A0D000C3FC8046B0FA80F04009B8F1000F06904A
:10A0E00018BF46460ED0B8F1000F4ED14846013792
:10A0F00003F0CEF802F0C8FD0C35874204F11804D5
:10A10000E2D344E04FF0FF30C4E90200286840B9D0
:10A11000484603F0BDF8394602F09AFD03F024F8F2
:10A1200058B30020BAF1000F20751FD0059904968E
:10A130005AF8210056462061484601F1010A03F011
:10A14000A7F8394602F084FD03F00EF800281CBF82
:10A15000206910F1010001D001202075CDF814A074
:10A16000B246049EB8F1000FC0D00EE04FF0FF30B1
:10A170002061B8F1000FB9D007E02068002818BFAF
:10A180000120CFE70020012105E0012000E00020B0
:10A19000DDE90187069951B138680BF1010B02F036
:10A1A000D7FF02F0D7FD8345FFF468AF02200228F5
:10A1B0001FD102E0022002281BD1F869C0B17869E2
:10A1C000039900EB4000002201EBC001F869183947
:10A1D0004FF0FF33012700BF013281F82C70C1E935
:10A1E00008338B62824201F11801F5D3002600E0AA
:10A1F0000026F0B207B0BDE8F08F00002DE9F04373
:10A2000081B006460068984691460F4602F088FFE6
:10A210000446384602F0D6FF0146204602F0D0FC44
:10A2200002F024FE81280FD0772816D0762821D17D
:10A23000384602F0E5FF03F03DF80446384602F0E8
:10A24000DFFF03F031F813E0384602F0F1FF02F0CF
:10A2500059FE04464FF0FF3710E0384602F0DCFFAD
:10A2600002F03CFE0446384602F0D6FF02F030FE13
:10A27000074603E04FF0FF374FF0FF34089D601CA6
:10A2800009D0306A21460130306230464A464346A2
:10A290000095FFF74BFD781C09D0306A3946013034
:10A2A000306230464A4643460095FFF73FFD0020A6
:10A2B00001B0BDE8F0830000002380E80E00C0E993
:10A2C0000333C0E90533C0E90733704710B540F2E6
:10A2D0001024C2F20204206808B1206810BD40F2C8
:10A2E0001420C2F2020000210160FEF771FF20601D
:10A2F000206810BD10B50C46FEF7CEFA01684A6919
:10A300002146904710BD000080B5806802F020FF14
:10A3100002F020FD80BD00002DE9F04381B004462D
:10A32000D0E90598006A02F015FD48B30027002522
:10A3300006E000BF206A013502F00CFD85421FD205
:10A34000A06829466561FFF7E7FB0028A761F1D007
:10A350000646002005E000BFA0690130B042A061C0
:10A36000E8D2216951F8351001EB4011C869002885
:10A37000F2D04268002AEFD06068C9689047EBE7E6
:10A38000C4F814900020C4F8188001B0BDE8F08330
:10A390002DE9F0470446D0E90598006A02F0DAFC9E
:10A3A00090B34FF0000A002506E000BF206A013597
:10A3B00002F0D0FC854227D2A06829466561FFF7EC
:10A3C000ABFB0028C4F818A0F0D00646002004E03B
:10A3D000A0690130B042A061E8D2216951F835107E
:10A3E00001EB4017F8694169202919BF07F11001F5
:10A3F0000022BA6907F114010368002BE8D009684C
:10A4000060689847F860E3E70020C4F81490C4F847
:10A410001880BDE8F0870000006970472DE9F04F13
:10A4200083B00446D0E905AB006A0D46616102F0D5
:10A4300091FCA84230D9A0682946FFF76DFB0026A1
:10A440000028A66143D0814600200DF1040800BF1A
:10A45000216951F8351001EB4016F7693846FDF7D0
:10A46000B3FA61684A6B01464046FFF727FBFA687A
:10A470009AB3606831469047E16806460A68084624
:10A4800052699047AEB94046FFF726FBA0690130FC
:10A490004845A061DCD31AE0206A02F05BFC02466A
:10A4A00042F6A720C1F202002946FCF7B3FA0126C2
:10A4B0000FE00F2E08D03846FDF786FAA269014654
:10A4C00007A03346FCF7A6FA01A8FFF705FBC4E98D
:10A4D00005AB304603B0BDE8F08FF8F78FF900BF49
:10A4E0004E6F646520257320286E756D626572203D
:10A4F000256429206661696C656420746F20696E2B
:10A50000766F6B65207769746820737461747573F6
:10A51000202564002DE9F04381B00446D0E9059878
:10A52000006A02F017FC48B30027002506E000BFD0
:10A53000206A013502F00EFC85421FD2A068294630
:10A540006561FFF7E9FA0028A761F1D0064600200F
:10A5500005E000BFA0690130B042A061E8D22169E6
:10A5600051F8351001EB4011C8690028F2D002699A
:10A57000002AEFD06068C9689047EBE7C4F81490F0
:10A580000020C4F8188001B0BDE8F083B0B582B0F7
:10A590000D4601A91046144601F05EFA08B102B05A
:10A5A000B0BD284602F0F0FD09281AD1284602F075
:10A5B000E5FDC0B1284602F0E1FD02F07FFDA0B14B
:10A5C000284602F0DBFD02F079FD02F041FC70B19B
:10A5D000284602F0D3FD02F071FD002102F01CFCC0
:10A5E00006E0002004E0002002E0002000E000205F
:10A5F00023680199C2B21846F8F712FA002002B097
:10A60000B0BD000070B50546806814460E4602F0E5
:10A610009FFD314602F082FB02F02EFE214602F041
:10A62000D9FB296900EB400001EBC601496801EB49
:10A63000800070BD2DE9F04F81B00446D0E905AB34
:10A64000006A02F087FBB8B300254FF0000908E06C
:10A65000206A09F1010902F07DFB81454FF00005F8
:10A660002AD2A0684946C4F81490FFF755FA00288A
:10A67000A561EDD080460020216951F8391001EB29
:10A680004016F769BA681AB160683146904730BB26
:10A69000206900EBC90170684968FCF7AFFF064606
:10A6A00001300FD1E068A169FDF7C8FFA069013052
:10A6B0004045A061E0D3CBE7C4E905AB002001B081
:10A6C000BDE8F08FA5693846FDF77EF9636902465B
:10A6D00042F65420C1F202002946009607E00546E2
:10A6E0003846FDF771F9A269014604A02B46FCF734
:10A6F00091F9012001B0BDE8F08F00BF4E6F646595
:10A7000020257320286E756D6265722025752920BD
:10A710006661696C656420746F2070726570617227
:10A72000652077697468207374617475732025647B
:10A730000000000070B50546806814460E4602F021
:10A7400007FD314602F0EAFA02F09CFD214602F0D4
:10A7500041FB296900EB400001EBC601496801EBB0
:10A76000800070BD10B580680C4602F0F1FC2146F7
:10A7700002F0D4FA02F080FD02F048FB10BD0000A8
:10A78000B0B5054680680C4602F0E2FC214602F0B6
:10A79000C5FA02F077FD002804BF0020B0BDA8680C
:10A7A00002F0D6FC214602F0B9FA02F06BFD02F08D
:10A7B0002DFBB0BDF0B581B00646006A14460D46CB
:10A7C00002F0C8FA0146306AA14224D9214602F0BB
:10A7D000C7FA074602F05CFD40B3384602F058FD68
:10A7E00002F052FAA84221D9384602F051FD29461A
:10A7F00002F02EFA074602F0B7FC58B3306905EBB9
:10A80000450100EBC400406800EB81023946FFF7C8
:10A81000BDFE01B0F0BD02F09DFA024642F6A7204F
:10A82000C1F202002146FCF7F5F810E0384602F0CC
:10A830002FFD30B1384602F02BFD02F025FA02461A
:10A8400000E0002214A029462346FCF7E3F801208B
:10A8500001B0F0BD01A029462246E4E741636365EB
:10A860007373696E672074656E736F722025642040
:10A87000696E207375626772617068202564207745
:10A8800068696368206973206E6F74206120766147
:10A89000726961626C650000416363657373696E20
:10A8A000672074656E736F72202564206275742052
:10A8B0006F6E6C792025642074656E736F727320DF
:10A8C000666F756E6420696E207375626772617061
:10A8D0006820256400000000C06970472DE9F04F32
:10A8E00081B08046006A02F035FA00285FD04FF050
:10A8F000000900BFD8F82000494602F031FA83462B
:10A9000002F0C6FC02F0C0F90746002818BF012774
:10A910002ED00026002400BF584602F0B9FC214684
:10A9200002F096F9054602F01FFC78B1D8F8100045
:10A93000294600EBC90040688219FFF727FE00286E
:10A9400018BF824602D0002010B915E0012098B14E
:10A950005846013402F09CFC02F096F90C360021B6
:10A9600084424FF0000738BF0127D5D301E000BF74
:10A970000021F80703D00BE00121F80708D1D8F82F
:10A98000200009F1010902F0E5F98145B2D3022165
:10A99000022907D1D8F81C00002818BF00F0F0FCED
:10A9A0004FF0000A5FFA8AF001B0BDE8F08F022193
:10A9B0000229F7D1EEE70000016170474069704756
:10A9C0002DE9F041DDF818801E4615460F46044675
:10A9D000FCF7B2F94FF6FC40C1F20100083000214B
:10A9E000C4E90007C4E90256C4E90411C4E9061821
:10A9F00021621DB1284602F0ABFB20622046BDE873
:10AA0000F081000080B500F003F800F005F880BD8B
:10AA100080B5FCF79BF980BD704700002DE9F04F31
:10AA20008BB08168D0E9009B0791C168D0F818A06D
:10AA300006910169984605914169184608911446A6
:10AA400002F020FA012840F37F80179D284602F08B
:10AA500019FA002878DD0898504575DC40460994BD
:10AA600002F010FA0646284602F00CFA471E284665
:10AA70003946FDF7EDFE04462846394602F004FA51
:10AA80000546B11E404602F0FFF9854229460A9567
:10AA90005ADC711E404602F0F7F9012C51DB80466A
:10AAA0001498169E013801900998013804900020EE
:10AAB000CDE9024009E000BF0398029C01300390F9
:10AAC000A0420498404404903BD00A980128F3DB4C
:10AAD0000A980399019D01FB00F0002709901CE0F2
:10AAE0006646BCF1000F1CBF56F827100844DDE98C
:10AAF000052101F041F90799189A0844089945443D
:10AB00008842B8BF08468245B8BF504609993944C3
:10AB100050540A9801378742CED0B4460020B8F18D
:10AB2000010FDDDB04992A46434600BF12F9014FAD
:10AB300011F9016F5C444E4404FB0600013BF5D162
:10AB4000CEE70BB0BDE8F08FF7F758FE2DE9F04FD8
:10AB50008BB08168D0E9009B0791C168D0F818A03C
:10AB60000691016998460591416918460891144675
:10AB700002F088F9012840F38380179D284602F0EF
:10AB800081F900287CDD0898504579DC404609941D
:10AB900002F078F90646284602F074F9471E284666
:10ABA0003946FDF755FE04462846394602F06CF951
:10ABB0000546B11E404602F067F9854229460A95CE
:10ABC0005EDC711E404602F05FF9012C55DB8046C9
:10ABD0001498169E013800900998023804904FEAA4
:10ABE000480001900020CDE9024009E00398029C52
:10ABF00001300390A04204980199084404903CD08D
:10AC00000A980128F2DB0A980399009D01FB00F0E5
:10AC1000002709901EE000BF6646BCF1000F1CBF74
:10AC200056F827100844DDE9052101F0A5F8079939
:10AC3000189A0844089945448842B8BF0846824596
:10AC4000B8BF50460999394422F811000A980137D3
:10AC50008742CBD0B4460020B8F1010FDCDB049969
:10AC60002A46434612F9014F31F9026F5C444E44C3
:10AC700004FB0600013BF5D1CEE70BB0BDE8F08F39
:10AC8000F7F7BCFD2DE9F04F8DB08168D0E9009B4E
:10AC90000891C168984607910169924606914169F9
:10ACA00080690A910990184602F0ECF8012840F3F7
:10ACB0009180199D284602F0E5F8002840F38A802B
:10ACC000DDE90910884200F38580404602F0DAF899
:10ACD0000646284602F0D6F8471E28463946FDF7B4
:10ACE000B7FD04462846394602F0CEF80546B11EA7
:10ACF000404602F0C9F8854229460C956ADC711E6F
:10AD0000404602F0C1F8012C61DB80461698189E7F
:10AD100001380190AAF1020005904FEA4800029024
:10AD20000020CDE9034009E00498039C0130049021
:10AD3000A042059802990844059048D00C98012833
:10AD4000F2DB0C980499DDF804A001FB00F000256B
:10AD50000B9017E0DDE9063201F038F808991A9AED
:10AD600008440A99C2448842B8BF084609998142FA
:10AD7000B8BF08460B99294422F811000C980135F8
:10AD80008542D1D0B4460020B8F1010F12DB059AFC
:10AD900053464646002100BF13F9017F32F9024FA6
:10ADA0005F444C4407FB04F7C01941EBE771013ED7
:10ADB000F2D100E000216646BCF1000FCAD006EBDC
:10ADC000C50256F835305268C0185141C2E70DB07F
:10ADD000BDE8F08FF7F712FD2DE9F04F89B006922C
:10ADE0008268DDF84C9005920468D0E905A84846D1
:10ADF000049102F047F8012840F38380DDF85CB04D
:10AE0000584602F03FF800287BDDC24579DC484611
:10AE100002F038F80646584602F034F8471E584605
:10AE20003946FDF715FD05465846394602F02CF81F
:10AE30000746B11E484602F027F887423946089770
:10AE40005FDC711E484602F01FF8012D56DB81467B
:10AE5000149812990138169E0090481E0390002005
:10AE6000CDE9015009E000BF0298019D0130029038
:10AE7000A84203984844039040D008980128F3DB87
:10AE800008980299009F01FB00F04FF0000B07901B
:10AE900021E000BF6646BCF1000F1CBF56F82B1026
:10AEA00008440499069A51F82B1052F82B2000F010
:10AEB00063FF0599189A08445045B8BF504680452D
:10AEC000B8BF404607994F445944505408980BF175
:10AED000010B8345C8D0B4460020B9F1010FD9DB7E
:10AEE00003993A464B4600BF11F9015F12F9016F11
:10AEF000254405FB0600013BF6D1CBE709B0BDE8D0
:10AF0000F08FF7F77BFC00002DE9F04F8BB0089233
:10AF10008268DDF8549007920468D0E905A8484695
:10AF2000069101F0AFFF012840F38780DDF864B09F
:10AF3000584601F0A7FF002840F37F80C2457CDC23
:10AF4000484601F09FFF0646584601F09BFF471E0A
:10AF500058463946FDF77CFC05465846394601F00F
:10AF600093FF0746B11E484601F08EFF87423946DF
:10AF70000A9762DC711E484601F086FF012D59DBFD
:10AF800081461698149901380190881E189E0590E4
:10AF90004FEA490002900020CDE903500AE000BFCB
:10AFA0000498039D01300490A84205980299084432
:10AFB00005903FD00A980128F2DB0A980499019F76
:10AFC00001FB00F04FF0000B099021E06646BCF158
:10AFD000000F1CBF56F82B1008440699089A51F828
:10AFE0002B1052F82B2000F0C7FE07991A9A08443C
:10AFF0005045B8BF50468045B8BF404609994F44B8
:10B00000594422F811000A980BF1010B8345C7D06F
:10B01000B4460020B9F1010FD8DB05993A464B46FA
:10B0200031F9025F12F9016F254405FB0600013B6F
:10B03000F6D1CBE70BB0BDE8F08FF7F7DFFB0000F0
:10B040002DE9F04F8BB007928268DDF8549006929C
:10B050004269D0F800A0D0F81880484608920591BF
:10B0600001F010FF012840F39380199D284601F05C
:10B0700009FF002840F38C800898404500F3888041
:10B08000484601F0FFFE0646284601F0FBFE471E3B
:10B0900028463946FDF7DCFB04462846394601F0D0
:10B0A000F3FE0546B11E484601F0EEFE85422946F4
:10B0B0000A956DDC711E484601F0E6FE012C64DB4A
:10B0C00083461698149901380090881E189D0490A4
:10B0D0004FEA4B0001900020CDE902400AE000BF9A
:10B0E0000398029C01300390A042049801990844FF
:10B0F00004904AD00A980128F2DB0A980399DDF8F7
:10B10000009001FB00F0002709901AE0059A079BC8
:10B1100052F8272053F8273000F058FE06991A9A63
:10B1200008440899D9448842B8BF08468045B8BF4A
:10B1300040460999394422F811000A98013787429C
:10B14000CED0AC460020BBF1010F11DB049A4B4678
:10B150005E46002132F9025F13F9014F554405FBA9
:10B1600004F5401941EBE571013EF3D101E000BF68
:10B1700000216546BCF1000FC8D005EBC70255F8A9
:10B1800037305268C0185141C0E70BB0BDE8F08FAE
:10B19000F7F734FB2DE9F04182B0154688460646A4
:10B1A00001F0F8FFC8B1304601F0F4FF01F02EFEC7
:10B1B00098B10027012400BF304601F0EBFF39466B
:10B1C00001F008FE00FB04F43046013701F0E2FF15
:10B1D00001F01CFE8742EFD300E00124304601F06D
:10B1E000D3FF0DF10701FDF781FF064670B99DF809
:10B1F00007002946FDF762FF002818BF064605D163
:10B200002868002600FB04F0C8F80000304602B0B1
:10B21000BDE8F0812DE9F04120290BD142F6F7700D
:10B22000C1F20200FBF7F6FB3FA0FBF7F3FB0120A6
:10B23000BDE8F081064600681746026830461D46A4
:10B240000C46904748B11EA0FBF7E4FB28A021461E
:10B25000FBF7E0FB0120BDE8F081306A70B143F2FA
:10B260002800C1F202002146FBF7D4FB29A00121EE
:10B270000124FBF7CFFB2046BDE8F081D7E902812E
:10B28000D7E90432D7E900CEB261C6E904133146EA
:10B29000C6E902E841F804CFC0EBC002BB6901EB8C
:10B2A0008201F3614C61F16A013006EB8102306288
:10B2B000481CC2E90945F0620020BDE8F08100BFEA
:10B2C00043616C6C696E67204164644275696C749B
:10B2D000696E2077697468207468652073616D6594
:10B2E000206F70206D6F7265207468616E200000A1
:10B2F0006F6E6365206973206E6F74207375707054
:10B300006F7274656420284F703A20232564292EBB
:10B3100000000000697320746F6F20736D616C6CA6
:10B3200020282564292E00004164644275696C74EC
:10B33000696E2066756E6374696F6E2E0000000082
:10B3400080B549F6C1130A460921C1F20003FFF78F
:10B3500061FF80BD80B5FDF7A1FA4FF64051C1F203
:10B3600001010831016000210162C16280BD00005D
:10B3700080B5FDF79DFA00F001F880BD7047000030
:10B3800070B504468068012810DB00256FF01306B5
:10B3900020688219D2E9070192F82420F7F740FBD0
:10B3A000A0680135854206F11406F1DB002070BD6E
:10B3B00010B584B0039000200290D120019003A822
:10B3C00002A901AAFBF754FB28B143F29A00C1F28B
:10B3D000020004B010BD039C00F02AF950F82400CC
:10B3E00004B010BDB0B5044640690D46FFF714F82F
:10B3F000616904460846FFF7E1FA04EBC00005EB7B
:10B400004501406800EB8100B0BD0000C269032A1D
:10B4100002BF006A50F821007047F7F7EFF900000B
:10B42000406A704780B5C369012B04D10069036885
:10B43000DB68984780BDF7F7E1F90000C16170470C
:10B4400080B5C269012A04D1006902681269904777
:10B4500080BDF7F7D3F900000246002091627047E3
:10B4600080B5C269022A01D3032A0BD109B1426A0D
:10B470002AB1426A04A0FBF7CDFA012080BD4162E7
:10B48000002080BDF7F7BAF9417474656D70746976
:10B490006E6720746F207365742065787465726EB2
:10B4A000616C20636F6E7465787420746F202578EA
:10B4B000206275742069742077617320257820617B
:10B4C0006C7265616479000080B5C369002B14BF9C
:10B4D0000120FBF76DFC80BD0162704780B5C26939
:10B4E000022A04D200690268D269904780BDF7F74A
:10B4F00085F900002DE9F04381B00446D0E90450FD
:10B50000D4F818908846FEF787FF6169044608461C
:10B51000FFF754FA296807464E68284649462246EE
:10B5200043460097B04701B0BDE8F08380B500699D
:10B5300002689268904780BD80B5C369012B02D133
:10B54000FBF774FC80BDF7F759F9000070B5C369CB
:10B55000012B0CD1D0E9046014460D46FFF72EFAFA
:10B560000246304629462346FCF79EFF70BDF7F79A
:10B5700045F900004069704770B51C4615460E46F7
:10B58000FBF7AAFC4FF65C51C1F2010108310160E2
:10B590000021C0E90464C0E908118162C0E90651D4
:10B5A00070BD000080B500F003F800F005F880BD24
:10B5B00080B5FBF79FFC80BD704700000138C3B227
:10B5C000022B0BD840B20CA303EB800C0DA303EBB2
:10B5D00080009CED001A90ED000A03E09FED040A44
:10B5E0009FED041A81ED001A82ED000A704700BF3A
:10B5F000FFFF7F7FFFFF7FFF00000000000080BF94
:10B6000000000000FFFF7F7F0000803F0000C0407F
:10B61000F0B581B01C4615460E460746FEF756FEAD
:10B62000014630462A462346B84701B0F0BD000027
:10B6300040F2CC50C1F202007047000080B582B0E9
:10B6400047F2ED5147F2357247F281034FF0000C9B
:10B65000C1F20001C1F20002C1F20003CDF800C046
:10B66000CDF804C000F062FC02B080BD80B50B468E
:10B6700000F11C0100F120021846FFF79FFF80BD7A
:10B68000F0B581B0074600201060384614460D46DC
:10B69000FCF790FB0646D22802DB31A0314625E0BC
:10B6A000202E13D1384601F0DBFB20B3384601F0E1
:10B6B000D7FB01F081FA29684A680146284690477D
:10B6C0002060B0FA80F0400901B0F0BD2868314632
:10B6D000026828469047002820601EBF002001B065
:10B6E000F0BD3046FFF764FE014605A0FBF792F976
:10B6F000012001B0F0BD0CA0FBF78CF9F8E700BF0A
:10B700004469646E27742066696E64206F702066D9
:10B710006F72206275696C74696E206F70636F64FC
:10B7200065202725732700004F70657261746F7262
:10B73000207769746820435553544F4D20627569D2
:10B740006C74696E5F636F646520686173206E6FEF
:10B7500020637573746F6D5F636F64652E0A0000FC
:10B760004F70206275696C74696E5F636F646520E9
:10B770006F7574206F662072616E67653A2025646C
:10B780002E0000001020704710B50C46FDF784F81D
:10B7900001684A6A2146904710BD000082B080B51A
:10B7A00082B0084604A9CDE904230191FBF742F9D0
:10B7B00002B0BDE8804002B0704700004FF6AC51C7
:10B7C000C1F2010108310160704700004FF6AC5131
:10B7D000C1F201010831016070470000FEDE000087
:10B7E00070470000B0B5044680690D461146FCF76D
:10B7F000D9FA61690A1AAA4209D242F6CF50AB1AA5
:10B80000C1F202002946FBF705F90020B0BD41193D
:10B81000A161D4E907124140E161511C2162B0BD30
:10B82000F0B581B0054680680F4619461E4614469D
:10B83000FCF7B8FAB84214D12869A969884210D136
:10B84000A8683146FCF7AEFA69690A1AA24211D219
:10B8500042F64450A31AC1F202002146FBF7DAF87F
:10B8600005E042F69440C1F20200FBF7D3F8012054
:10B8700001B0F0BD20442861A861002001B0F0BDF6
:10B88000D0E9072351405A1EC0E907127047000053
:10B8900080B5016A21B9C269002A04BF012080BDB8
:10B8A000C069B0FA80F0420942F60250C1F20200CB
:10B8B000FBF7B0F8002080BD10B5044600680169B0
:10B8C0002046884718B12069A061002010BD42F6CB
:10B8D0004F40C1F20200FBF79DF8012010BD0000AF
:10B8E0002DE9F04105468068884611461446FCF76C
:10B8F00059FA29680746CE69284639464246234602
:10B90000B047002818BF00273846BDE8F081000086
:10B91000B0B5054640690C46401A1146FCF7CAFF0F
:10B920002969884224BF6861B0BD0B1A42F686506F
:10B93000E21AC1F202002146FBF76CF80020B0BD0C
:10B9400080B502680123D2F81CC00022E04780BD08
:10B95000F0B581B0054680680F4611461446FCF7E5
:10B9600021FA29683A46CE69014628462346B0475F
:10B9700001B0F0BDB0B58AB0A8B102460B4601AC2B
:10B98000204611461A4600F02DF824210422FFF724
:10B99000BFFF2146054600F02BF8204600F050F886
:10B9A00028460AB0B0BDF6F729FF000070B514466E
:10B9B0000D46064600F0D4F90430FFF707FF4FF6B6
:10B9C000C450C1F2010000F108014C300022C6E968
:10B9D00000103046C6E90254C6E90454C6E90652CE
:10B9E000326270BD80B50A44FFF7E0FF80BD000001
:10B9F000B0B50D46044600F0ABF90430291DFFF741
:10BA0000DDFE4FF6C450C1F2010000F108014C30D8
:10BA100021606060D5E902CED5E90423D5E906109E
:10BA2000C4E90610C4E90423C4E902CE296A204609
:10BA30002162B0BD80B500F003F800F00BF880BDC6
:10BA400010B504460430FFF7CBFE204600F092F913
:10BA500010BD00007047000070B582B009B30E46FB
:10BA6000416879B10A68012A0CDB51F8042B0125E1
:10BA7000002300BF51F82340013304FB05F5934236
:10BA8000F8DB00E00125007A01A9FDF717FB08B1FA
:10BA900002B070BD019800FB05F03060002002B0DC
:10BAA00070BDF6F7ABFE000080FE200A80FE410A62
:10BAB0007047000010B50C46FCF7EEFE01680A69FD
:10BAC0002146904710BD00002DE9F04F8DB0199E22
:10BAD00004460020012A86F82C0062D0DDF8589038
:10BAE000DDF860A0D9F800001F46884601284AD139
:10BAF000D9F80400002846D0056835B1296800202F
:10BB00000129C8BF0120ADB9CBE0D4F814C042F67A
:10BB1000D92142F63C720FF2981EC1F20201204672
:10BB2000C1F202024B23CDF800E0E0470020002DD7
:10BB300000F0B78038B3012086F82C00D9F804B0A3
:10BB4000387FDBF8001007280B6807D0092809D1D7
:10BB500099F81C10122944D1072803D199F81C0028
:10BB600012283ED1676942F6D92142F63C7242F66C
:10BB7000A666C1F202012046C1F20202C1F202062B
:10BB8000662300968CE0179B0020CDE90A000AADE1
:10BB9000204639464A46CDF800A0019500F04CF900
:10BBA00010B10DB0BDE8F08F9DED0A0B311D304690
:10BBB0005546FDF731FBD9F80C00002875D1F9681E
:10BBC00006F10803C6E90510E86806F10C07F06104
:10BBD000204641462A46009700F04EF90DB0BDE8D8
:10BBE000F08FD9F81400DBF8081000EB81004568ED
:10BBF000AB4244D15546A26B4FEA830A20465146D8
:10BC0000099390477062A26B20465146904709996C
:10BC1000B0620129CFDBB868DBF800A012F01CFD90
:10BC2000CDE90710A86812F017FDAAF1040A4FF039
:10BC3000000BCDE90510DAF8080012F00DFD024600
:10BC40000B46DDE9071012F08FFADDE9053212F03C
:10BC50007FF841EC100B0AA80CA9FDF7DDFA0A9851
:10BC6000D6E909120AF1040A41F82B000C9842F8AF
:10BC70002B0009980BF1010B5845DCD19BE713A071
:10BC800022A16769CDE9001042F6227142F63C72AA
:10BC90000293C1F202012046C1F202026D23039514
:10BCA000B84701200DB0BDE8F08FF6F7A7FD00BF43
:10BCB000616666696E655F7175616E74697A6174DB
:10BCC000696F6E2D3E7363616C65000066696C740C
:10BCD00065722D3E64696D732D3E646174615B61B4
:10BCE0006666696E655F7175616E74697A617469A3
:10BCF0006F6E2D3E7175616E74697A65645F6469FB
:10BD00006D656E73696F6E5D000000007065725F37
:10BD10006368616E6E656C5F7175616E74697A617E
:10BD200074696F6E5F73697A65000000B0B501F1E8
:10BD3000140CD1E900E4D1E902519CE80C105B42FB
:10BD4000524280E80C50C0E904458161B0BD00005A
:10BD50004FF62061C1F20101083101607047000017
:10BD60004FF62061C1F20101083101607047000007
:10BD7000FEDE00007047000010B580FB01014900A5
:10BD800041EAD07CC2F11E016FF001034FF0010EB9
:10BD9000C1F120049B1A2EFA04F40EFA01F158BFE7
:10BDA0000EFA03F458BF002111EB400044EB0C01E4
:10BDB000534201FA02F4C2F1200220FA02F040EAF2
:10BDC000040058BF41FA03F010BD000010B54FEA5F
:10BDD000E27CA0FB02E400FB0C40C3F11E0401FB6B
:10BDE00002006FF00101400040EADE7C0122C4F154
:10BDF0002000C91A22FA00F058BF02FA01F002FA34
:10BE000004F158BF002111EB4E0140EB0C025C42E3
:10BE100002FA03F0C3F1200321FA03F140EA010022
:10BE200058BF42FA04F010BD80B5FCF735FD01683B
:10BE3000C96A884780BD0000F0B581B091ED020A63
:10BE400092ED021A079E20EE010A069F10EE100ADC
:10BE500012F002FC0446B8680D4612F0FDFB0246E3
:10BE60000B462046294611F073FF41EC100B0020D1
:10BE700086ED000B01B0F0BD10B584B092F81CC087
:10BE8000BCF1030F0AD0BCF1070F0CD0BCF1090FB5
:10BE900019D14FF07F0C6FF07F0E0AE04FF0FF0CCE
:10BEA0004FF0000E05E048F2000E47F6FF7CCFF69B
:10BEB000FF7E069CCDE90023724663460294FBF7A1
:10BEC000CBFD04B010BDD0F814C042F6D92142F623
:10BED000F0320FF21C0EC1F20201C1F202024FF465
:10BEE000F773CDF800E0E047012004B010BD00BFBB
:10BEF00066616C73650000007047000070470000C9
:10BF000010B50C46FCF7C8FC01688A6821469047CA
:10BF100010BD0000B0B514460D46FCF7BDFC01682D
:10BF20002246CB6829469847B0BD000010B5DDE930
:10BF300002EC0024C0E9001E00F1080181E80C10A9
:10BF4000C0E9054410BD000080B500F04BF880BD8D
:10BF5000002808D4884206DA52F82000411C08BFA5
:10BF60004FF0FF3070474FF0FF30704780B538B169
:10BF700031B1496801EB8201426D4968904780BD4B
:10BF8000F6F73CFC00281CBF00687047F6F736FC4B
:10BF900000281CBF00687047F6F730FC00281CBF63
:10BFA00000687047F6F72AFC00281CBF006870473D
:10BFB000F6F724FC00281CBF00687047F6F71EFC4B
:10BFC00000281CBF00687047F6F718FC80B531B137
:10BFD0004A6822B152F8041BFAF7A0FF80BDFAF7B5
:10BFE000A5FF80BD70B5A0B199B10E681546324667
:10BFF00052F8041B04462846FFF7AAFF002844BF56
:10C00000002070BD06EB8500626D416820469047B8
:10C0100070BDF6F7F3FB0000002814BF0068002095
:10C0200070470000002814BF00680020704700001F
:10C03000002814BF006800207047000080B5FAF7A0
:10C0400061FE80BD10B50C4601F0AAF801462046FD
:10C0500000F0FAFD50B101F081F838B1044600F06B
:10C06000B3FE18B1204600F0ABFE10BD002010BD9D
:10C070002DE9F04F83B0DDF83490B9F1000F00F0F6
:10C08000D680824600204C46C9E90000C9E902007A
:10C09000C9E9040044F81C0FC9F8180018461D46E9
:10C0A00016468B4601F070F82146FDF71FF804464E
:10C0B000002860D10C9F284601F056F889F81E0030
:10C0C00028463946FFF7BEFF0121C9F810000028B5
:10C0D00008BF022189F81D1009F1180102AA28469B
:10C0E000FFF758F8002818BF044644D1284601F04D
:10C0F00051F828B1284601F04DF8FFF7FFFE03E0A4
:10C100004EF6E830C1F20100C9F81400284601F0EB
:10C1100035F878B3804600F0DDFF58B3404600F0B4
:10C12000D9FF00F045FE28B3404600F0C7FF08B332
:10C13000404600F0C3FF00F08BFED8B1404600F04F
:10C14000C9FF002100F018FE404689ED020A00F008
:10C15000B5FF002100F060FEC9F80C00404600F079
:10C16000B9FF00F025FE05464EB1DBF800008368FC
:10C17000584608E00024204603B0BDE8F08FDAF806
:10C180000000836850460C2104229847074648B1B6
:10C190002846FAF7BFFB014636B1DBF8000083689A
:10C1A000584605E02FA03AE0DAF8000083685046D0
:10C1B00004229847786088B34046AB4600F08AFF77
:10C1C000FFF79AFE38607868012D019705601CDB47
:10C1D00000F1040A0025404600F070FF00F038FE30
:10C1E0000646404600F076FF00F0E2FD0746404676
:10C1F00000F064FF0021BE4208BF294600F00CFE9B
:10C200004AF825000135AB45E5D1404600F05CFF1A
:10C21000019988600120C9E9000104E005A0FAF74E
:10C22000F9FB01240020002818BF0024A3E7F6F73B
:10C23000E5FA00BF556E61626C6520746F20616C19
:10C240006C6F63617465207175616E74697A617475
:10C25000696F6E2D3E7A65726F5F706F696E742EB6
:10C260000A000000556E61626C6520746F20616C7D
:10C270006C6F636174652054664C697465416666D1
:10C28000696E655175616E74697A6174696F6E2E3D
:10C290000A000000F0B581B0054600201746106086
:10C2A00007F8080F5060284614460E4600F06CFF51
:10C2B0003946FCF71BFF08B101B0F0BD28463146F6
:10C2C000FFF7C0FE2060284600F064FF28B1284632
:10C2D00000F060FFFFF712FE03E04EF6E830C1F217
:10C2E00001006060002001B0F0BD7047704770B57C
:10C2F0001546059A0E4689681C463AB188420AD00E
:10C3000040684968F6F7E8FB28B170BD40684968A5
:10C31000884218BF70BD31462A462346BDE87040AA
:10C3200000F072B82DE9F0411646069A0C4689686D
:10C33000984607468AB18F4230D07D6849682846C2
:10C34000F6F7CAFB50B3206887420ED041682846F2
:10C35000F6F7C2FB48B1BDE8F081786849688842C9
:10C360001CD0216849688842F5D12069B04220D0AC
:10C370006069B0421DD0C4F820806661D4E909101C
:10C3800001300129A06205D1A069022804BF012063
:10C3900084F836000420E062BDE8F0816068B042B5
:10C3A000D9D1E06901281CBFC4F81C80BDE8F08128
:10C3B000D1E7B8F1010F18BFBDE8F081012020627C
:10C3C000BDE8F08180B5D1F808C0D0F804E0DCF811
:10C3D0000400864518BF80BD086950B190420DD059
:10C3E000486A0130486202208861012081F83600E5
:10C3F00009E001200A618B61486280BD88690228DA
:10C4000004BF8B6180BD80BD80B548684FF0010ED0
:10C41000984281F835E000D080BD0B69DDF808C096
:10C4200081F834E02BB193420FD0486A0130486262
:10C4300017E00120BCF1010F0A61C1F818C0486281
:10C44000EAD1086B01280CD0E6E78A69022A04BF0A
:10C45000C1F818C06246086B012818BF80BD012AC8
:10C46000DAD1012081F8360080BDF0B58FB00746E3
:10C4700040684B6898422ED04EF638431446C1F2BD
:10C4800001034EF64442C1F2010208461946002358
:10C4900000250FF0BBFBF8B101A90646A1C14FF082
:10C4A000FF3001AD049005F110002721F6F7EAFAFC
:10C4B00001200D9030682268C76930462946012363
:10C4C000B84707980138B0FA80F04FEA501504BF1A
:10C4D0000598206000E0012528460FB0F0BD2DE949
:10C4E000F04383B0DDE90A940E4689689846154604
:10C4F000074674B18F4204D078684968F6F7ECFAC1
:10C5000058B931462A46434603B0BDE8F043FFF729
:10C510007BBF786849688842F3D0B8682A460168CA
:10C5200043464F693146CDF800900194B84703B0B7
:10C53000BDE8F0832DE9F04383B0DDF828900C4688
:10C54000896898461546B9F1000F074630D08F42EA
:10C5500040D07E6849683046F6F7BEFAD0B320680E
:10C56000874204D041683046F6F7B6FA40BB2069EE
:10C57000A84238D06069A84235D0E06AC4F820806B
:10C58000042838D00020A086B8682A4601682B46C7
:10C590004F69012100912146CDF80490B84794F8E5
:10C5A000350030B394F834000321E16280BB22E00F
:10C5B0007868496888420DD0216849688842D6D099
:10C5C000B8682A46016843468F692146CDF8009035
:10C5D000B8471DE06068A8421AD1E069012818BF79
:10C5E000C4F81C8014E0B8F1010F04BF01202062E0
:10C5F0000EE00420E0626561D4E9091001300129F0
:10C60000A06205D1A069022804BF012084F8360089
:10C6100003B0BDE8F08380B5D1F808C0D0F804E0DD
:10C62000DCF804C0E64507D08068D0F800C0DCF82C
:10C630001CC0BDE880406047086950B190420DD0F1
:10C64000486A0130486202208861012081F8360082
:10C6500009E001200A618B61486280BD8869022877
:10C6600004BF8B6180BD80BD2DE9F04F85B0DDE951
:10C670000E5A0C4689689B461746BAF1000F804651
:10C680000FD0884505D0D8F804004968F6F724FA99
:10C6900060B921463A465B4605B0BDE8F04FFFF76A
:10C6A000B3BED8F8040049688842F2D0D8F8141014
:10C6B00094F8346094F83530D8F80C900020A086B7
:10C6C000C8074FEA2122039302D0DBF8000082580A
:10C6D000D8F81000890701680BEB02032A4604957D
:10C6E0004D6958BF0222009221463A46CDF804A077
:10C6F000A84794F8341094F83500039A0E43B9F122
:10C70000020F40EA02053DDB08EBC902103208F1D6
:10C7100018090397029200BF94F8362092BB39B1F2
:10C72000A06901282ED098F80800800705D429E0D8
:10C7300018B198F80800C00724D00020A086D9F8C6
:10C740000410C8074FEA212202D0DBF8000082580B
:10C7500059F8080B890701680BEB0203049A4F692B
:10C7600058BF02220092039A2146CDF804A0B84790
:10C7700094F8341094F83500029A0E43914545EA36
:10C780000005C9D3002E18BF0126002D18BF0125B2
:10C7900084F8346084F8355005B0BDE8F08F0000AF
:10C7A0002DE9F04F83B0DDF830900C46896898464B
:10C7B0009346B9F1000F07466ED08F4200F0B58066
:10C7C0007E6849683046F6F787F9002800F0AD80AA
:10C7D0002068874205D041683046F6F77DF9002889
:10C7E00062D12069584500F0A9806069584500F081
:10C7F000A580E06AC4F82080042800F0F580F8687D
:10C80000002840F3E48007EBC000103007F1100669
:10C810004FF000084FF0000A029000BF0020A086F1
:10C820007168C8074FEA212202D0DBF80000825865
:10C830003068890701680BEB02034FF001024D6974
:10C8400058BF0222009221465A46CDF80490A847CC
:10C8500094F83600D0B994F8350098B194F83400C3
:10C8600058B1A069012800F0B780387A4FF0010A6A
:10C8700080074FF0010805D4B0E0387AC00709D02E
:10C880004FF0010A029808368642C7D35FEACA70A1
:10C8900000F0A080C246A1E078684968884244D090
:10C8A0002168496888429CD07969FE68C8074FEAC8
:10C8B000212202D0DBF8000082583869890701681C
:10C8C0005A448D694346214658BF0223CDF8009053
:10C8D000A847022EC0F29680B86807EBC60101F1A6
:10C8E0001006810707F1180702D4616A01292BD1CC
:10C8F00094F83600002840F085807968C8074FEA30
:10C90000212202D0DBF80000825857F8080B890773
:10C9100001685A448D694346214658BF0223CDF829
:10C920000090A847B742E3D36CE06068584569D1EE
:10C93000E069012818BFC4F81C8063E0B8F1010F5A
:10C9400004BF012020625DE0C0071FD194F83600CB
:10C95000002857D1606A012854D07968C8074FEA87
:10C96000212202D0DBF80000825857F8080B890713
:10C9700001685A448D694346214658BF0223CDF8C9
:10C980000090A847B742E1D33CE000BF94F83600DE
:10C99000C0BB606A012802D1A069012832D0796841
:10C9A000C8074FEA212202D0DBF80000825857F86E
:10C9B000080B890701685A448D694346214658BFD0
:10C9C0000223CDF80090A847B742DFD31AE0042035
:10C9D000E06209E0042003E04FF0010A0320D046A2
:10C9E0005FEAC871E0620DD1C4F814B0D4E909104F
:10C9F00001300129A06205D1A069022804BF0120ED
:10CA000084F8360003B0BDE8F08F00002DE9F04354
:10CA100081B0074688680C4679684068994681422B
:10CA200016461AD007F11008FD68404621463246E6
:10CA30004B4600F02DF8022D27DB08EBC505183713
:10CA40003846214632464B4600F022F894F836002C
:10CA5000D8B90837AF42F3D317E0206950B1B042DC
:10CA60000ED0606A013060620220A061012084F86B
:10CA700036000AE001202661C4F81890606204E0E4
:10CA8000A069022808BFC4F8189001B0BDE8F0837F
:10CA900010B5D0F804C042B15FEACC7E4FEA2C2E2C
:10CAA00005D0146854F80EE001E04FF0000E006865
:10CAB0005FEA8C7458BF022304687244D4F81CC027
:10CAC000BDE810406047000080B5FAF765F880BD0A
:10CAD00080B5FAF76FF880BD80B5FAF779F880BDB8
:10CAE00080B5FAF783F880BD80B5FAF78DF880BD80
:10CAF00080B5FAF797F880BD80B5FAF7A1F880BD48
:10CB000080B5FAF7ABF880BD80B5FAF7B5F880BD0F
:10CB100080B5FAF7BFF880BD80B5FAF7C9F880BDD7
:10CB200080B5FAF7D3F880BD80B5FAF7DDF880BD9F
:10CB3000B0B50C4600F03AF80546F9F7C1FFA0423F
:10CB400092BF00202819F9F7BBFFB0BDB0B514465D
:10CB50000546FFF7EDFF18B12844F9F799FF0446A1
:10CB60002046B0BDB0B514460546FFF7E1FF18B149
:10CB70002844F9F793FF04462046B0BDB0B51446EB
:10CB80000546FFF7D5FF18B12844F9F78DFF044695
:10CB90002046B0BDB0B514460546FFF7C9FF18B131
:10CBA0002844F9F787FF04462046B0BD10B5044677
:10CBB000F9F77AFF201A10BD80B500F0D5F880BDD6
:10CBC000B0B50C46054600F017F8A04206D9284635
:10CBD00000F010F82146F9F797FFB0BD41F6D150AB
:10CBE00041F61D61C1F20200C1F20201C222F5F755
:10CBF00015FE00000430704780B50068F9F770FF3B
:10CC000080BD0000B0B50C46054600F017F8A04204
:10CC100006D9284600F010F82146F9F77DFFB0BD8F
:10CC200041F6D15041F61D61C1F20200C1F202018C
:10CC3000C222F5F7F3FD00000430704780B50068AC
:10CC4000F9F74EFF80BD000080B5FFF7DBFF80BD28
:10CC5000B0B50C46054600F017F8A04206D92846A4
:10CC600000F010F82146F9F75FFFB0BD41F6D15052
:10CC700041F61D61C1F20200C1F20201C222F5F7C4
:10CC8000CDFD00000430704780B50068F9F728FF3B
:10CC900080BD0000B0B50C46054600F017F8A04274
:10CCA00006D9284600F010F82146F9F745FFB0BD37
:10CCB00041F6D15041F61D61C1F20200C1F20201FC
:10CCC000C222F5F7ABFD00000430704780B5006864
:10CCD000F9F706FF80BD0000B0B50C46054600F030
:10CCE00017F8A04206D9284600F010F82146F9F7B7
:10CCF0002BFFB0BD41F6D15041F61D61C1F20200DB
:10CD0000C1F20201C222F5F789FD0000043070472C
:10CD100080B50068F9F7E4FE80BD0000B0B50C46B0
:10CD2000054600F017F8A04206D9284600F010F892
:10CD30002146F9F711FFB0BD41F6D15041F61D6112
:10CD4000C1F20200C1F20201C222F5F767FD000044
:10CD50000430704780B50068F9F7C2FE80BD00005E
:10CD600080B5FFF7DBFF80BD0430704780B50068F9
:10CD7000F9F7B6FE80BD0000B0B50C46054600F0E0
:10CD800017F8A04206D9284600F010F82146F9F716
:10CD9000EBFEB0BD41F6D15041F61D61C1F202007B
:10CDA000C1F20201C222F5F739FD000004307047DC
:10CDB00080B50068F9F794FE80BD0000043070472C
:10CDC00080B5FFF7FBFF80BD80B50068F9F788FEEE
:10CDD00080BD0000B0B50C46054600F017F8A04233
:10CDE00006D9284600F010F82146F9F7C5FEB0BD77
:10CDF00041F6D15041F61D61C1F20200C1F20201BB
:10CE0000C222F5F70BFD00000430704780B50068C2
:10CE1000F9F766FE80BD0000B0B50C46054600F08F
:10CE200017F8A04206D9284600F010F82146F9F775
:10CE3000A9FEB0BD41F6D15041F61D61C1F202001C
:10CE4000C1F20201C222F5F7E9FC0000043070478C
:10CE500080B50068F9F744FE80BD000000207047EF
:10CE600080B50621FFF734FE80BD000080B50A21A1
:10CE70000022FFF783FE80BD80B504210022FFF76A
:10CE800065FE80BD00687047B1F1FF3F06DD0268B6
:10CE90008A42C2BF00EB810040687047F5F7AEFCE4
:10CEA0000430704710B50446FFF7FAFF21680129E6
:10CEB0000CDB226801460120002300BF51F823400B
:10CEC000013304FB00F09342F8DB10BD012010BDDC
:10CED00080B506210022FFF751FE80BD80B50421F8
:10CEE0000022FFF74BFE80BD10B504464068016884
:10CEF000C96A8847A16804460A680846D26890470C
:10CF0000204410BD80B504210022FFF737FE80BD0C
:10CF100080B5006800F01CF90021FFF7FFFE00F06B
:10CF2000ABF9FFF773FF80BD80B5006800F010F922
:10CF30000021FFF7F3FE00F0A5F9FFF767FF80BDC2
:10CF400080B5C06EFFF7D0FF80BD000080B50068DF
:10CF500000F0FEF80021FFF7E1FE00F08DF980BD42
:10CF600080B5006800F0F4F80021FFF7D7FE00F06C
:10CF700089F980BD00207047C068496800EB011046
:10CF800081689942C4BF00207047C1680020914267
:10CF9000A8BF01207047000001207047C06870479B
:10CFA0008068704780B508210022FFF7DBFD00286C
:10CFB00018BF012080BD000080B506210022FFF7C8
:10CFC000C5FD80BD80B50C210022FFF7BFFD80BDEF
:10CFD00080B504210022FFF7B9FD80BD80B50A218C
:10CFE0000022FFF7BFFD002818BF012080BD000010
:10CFF000C26A012A13D81CBF00207047002200BF5C
:10D0000000EB820CDCF824308B4204BFDCF82800F3
:10D0100070470132012A04BF00207047F0E7F5F79E
:10D02000EDFB0000B0B5202904BF0020B0BD844650
:10D03000006A002804BF0020B0BD0CF118050022D2
:10D040002B4653F814498C4204BF1846B0BDDCF897
:10D0500020E00132724505F11C0524BF0020B0BD5F
:10D06000EEE700002DE9F04381B00446006AE0B12C
:10D07000894604F11C07002557F8040C202806D126
:10D080003E4656F818094946F5F726FD40B10120FD
:10D0900080B1206A0135854207F11C07ECD307E017
:10D0A0000020B0460028F4D104E04FF0000801E071
:10D0B0004FF00008404601B0BDE8F08380B50A217A
:10D0C000FFF72EFD80BD000080B510210022FFF784
:10D0D00055FD80BD80B50821FFF716FD80BD00001D
:10D0E000806A7047B0B5044680690D46FAF75AFE6B
:10D0F0006169044608462946FBF7DCFB001BB0BD0E
:10D10000C1684069081A7047806870478168026981
:10D110008369501A591A8842B8BF08467047000000
:10D1200080B50621FFF7D8FC80BD000080B50C213A
:10D13000FFF7D6FC80BD000080B504210022FFF778
:10D1400029FD80BD80B51021FFF7D2FC80BD000015
:10D1500080B50821FFF7D4FC80BD000080B5042114
:10D16000FFF7D6FC80BD000080B50E210022FFF73E
:10D17000F9FC002818BF012080BD000080B50C21FB
:10D18000FFF7A2FC80BD000080B506210022FFF75A
:10D19000DDFC80BD80B50421FFF7BEFC80BD000032
:10D1A00080B508210022FFF7F5FC80BD80B5042181
:10D1B000FFF78EFC80BD000080B506210022FFF73E
:10D1C000E9FC80BD80B504210022FFF7E3FC80BDAF
:10D1D00080B51421FFF7A0FC80BD000080B50E21B2
:10D1E000FFF796FC80BD000080B50C21FFF79CFC8A
:10D1F00080BD000080B50A210022FFF7B3FC80BD8E
:10D2000010B50446FFF7F6FF5C2812BF0020204649
:10D21000FFF7EAFF10BD000010B50446FFF7EAFF74
:10D220005D2812BF00202046FFF7DEFF10BD000082
:10D2300010B50446FFF7DEFF672812BF0020204626
:10D24000FFF7D2FF10BD000010B50446FFF7D2FF74
:10D25000082812BF00202046FFF7C6FF10BD0000BF
:10D2600080B50621FFF758FC80BD000080B508217D
:10D27000FFF752FC80BD000080B50621FFF74CFC93
:10D2800080BD000080B50821FFF746FC80BD00008E
:10D2900080B50421FFF728FC80BD000080B50A217D
:10D2A000FFF72AFC80BD000080B506210022FFF7B1
:10D2B00065FC80BD80B504210022FFF75FFC80BDC6
:10D2C000F0B59DB00D46DDE9220114462522002768
:10D2D0008DF808208DF809008DF80A108DF80B7074
:10D2E00019B18DF809108DF80A0004AE02AA304673
:10D2F0006421F7F785F8CDE90277206801A9401B82
:10D30000421002AB28460196F6F763FE411C1FBF90
:10D3100005EB400020601DB0F0BDF5F76FFA00216D
:10D32000C0E900118160704740F20230C0F2004055
:10D33000704740F20230C0F2004070470021C0E95F
:10D3400000118160704700207047FF20704742F64F
:10D35000025101800021817070470021C0E9001155
:10D3600081607047FF2070470021C0E90011816093
:10D37000704740F20230C0F20040704740F2023085
:10D38000C0F2004070470021C0E900118160704781
:10D3900000207047FF20704742F6025101800021B3
:10D3A000817070470021C0E9001181607047FF2043
:10D3B00070470021C0E900118160704740F20230DF
:10D3C000C0F20040704740F20230C0F200407047A7
:10D3D0000021C0E9001181607047002070474FF6BE
:10D3E000FF70704710B50446022004F8020B204677
:10D3F0002D210122F6F746FF0020608010BD00219C
:10D40000C0E90011816070474FF6FF70704700213E
:10D41000C0E900118160704740F20230C0F2004064
:10D42000704740F20230C0F2004070470021C0E96E
:10D43000001181607047002070474FF6FF70704701
:10D4400010B50446022004F8020B20462D210122CB
:10D45000F6F718FF0020608010BD0021C0E9001120
:10D46000816070474FF6FF70704780B54FF27010C3
:10D47000C2F201000078BFF35F8FC00704D040F212
:10D48000F470C2F2020080BD4FF27010C2F20100CF
:10D490000EF0EAF90028F2D040F2F47142F2105096
:10D4A000C2F20201C3F6482008603A204D220B4622
:10D4B0008871252003F8052F0871532298700020E9
:10D4C000DA70487246F2511040F20002C1F20100D7
:10D4D000C1F20002F5F79DF94FF27010C2F201009F
:10D4E0000EF0F0F9CBE70000B0B54FF27410C2F2C5
:10D4F00001000078BFF35F8FC00704D040F6000042
:10D50000C2F20200B0BD4FF27410C2F201000EF080
:10D51000ABF90028F2D040F600042020C2F2020449
:10D520000EF08EF905462120142184E823000CA179
:10D5300028461422F5F7FDF90020287546F251100F
:10D5400040F20002C1F20100C1F200022146F5F7EB
:10D5500060F94FF27410C2F201000EF0B3F9CDE79A
:10D5600025612025622025642025483A254D3A254D
:10D570005320255900000000B0B54FF27810C2F2D8
:10D5800001000078BFF35F8FC00704D040F60C00A5
:10D59000C2F20200B0BD4FF27810C2F201000EF0EC
:10D5A00063F90028F2D040F60C041020C2F2020405
:10D5B0000EF046F9054611200B2184E823000CA14A
:10D5C00028460B22F5F7B5F90020E87246F2511013
:10D5D00040F20002C1F20100C1F200022146F5F75B
:10D5E00018F94FF27810C2F201000EF06BF9CDE796
:10D5F00025493A254D3A25532025700080B54FF234
:10D600007C10C2F201000078BFF35F8FC00704D026
:10D6100040F61800C2F2020080BD4FF27C10C2F248
:10D6200001000EF021F90028F2D040F6180142F274
:10D630001050C2F20201C2F66D7008602F20642201
:10D640000B468871252003F8052F08717922987000
:10D650000020DA70487246F2511040F20002C1F226
:10D660000100C1F20002F5F7D4F84FF27C10C2F2CB
:10D6700001000EF027F9CBE7B0B54FF28010C2F2EF
:10D680000100007840F62405C007C2F20205BFF38E
:10D690005F8F01D02868B0BD4FF28010C2F2010048
:10D6A0000EF0E2F80028F5D04FF2B810C2F20100F7
:10D6B0000078BFF35F8FC00714D040F65424C2F245
:10D6C000020419A1204608F080FC04F10C0017A107
:10D6D00008F07BFC4FF28010C2F201002C600EF0CB
:10D6E000F1F8D7E74FF2B810C2F201000EF0BCF823
:10D6F0000028E2D040F65420C2F202001821F5F7CB
:10D70000C1F94BF64D1040F20002C1F20100C1F226
:10D7100000020021F5F77DF84FF2B810C2F20100C7
:10D720000EF0D0F8C9E700BF414D0000504D000099
:10D73000B0B54FF28410C2F20100007840F628051F
:10D74000C007C2F20205BFF35F8F01D02868B0BDE9
:10D750004FF28410C2F201000EF086F80028F5D0D6
:10D760004FF2BC10C2F201000078BFF35F8FC00718
:10D7700050D040F66C24C2F2020437A1204608F0D3
:10D7800024FC04F10C0036A108F01FFC04F1180081
:10D7900035A108F01AFC04F1240035A108F015FCAD
:10D7A00004F1300035A108F010FC04F13C0036A172
:10D7B00008F00BFC04F1480035A108F006FC04F168
:10D7C000540036A108F001FC04F1600034A108F017
:10D7D000FCFB04F16C0033A108F0F7FB04F17800C6
:10D7E00031A108F0F2FB04F1840030A108F0EDFB58
:10D7F00004F190002EA108F0E8FB04F19C002DA19B
:10D8000008F0E3FB4FF28410C2F201002C600EF02E
:10D8100059F89BE74FF2BC10C2F201000EF024F859
:10D820000028A6D040F66C20C2F20200A821F5F72D
:10D8300029F94BF6F50040F20002C1F20100C1F2F5
:10D8400000020021F4F7E5FF4FF2BC10C2F2010024
:10D850000EF038F88DE700BF53756E6461790000F3
:10D860004D6F6E6461790000547565736461790071
:10D870005765646E65736461790000005468757261
:10D880007364617900000000467269646179000088
:10D8900053617475726461790000000053756E0005
:10D8A0004D6F6E00547565005765640054687500CF
:10D8B000467269005361740070B54FF28810C2F26D
:10D8C0000100007840F62C06C007C2F20206BFF342
:10D8D0005F8F01D0306870BD4FF28810C2F2010036
:10D8E0000DF0C2FF0028F5D04FF2C010C2F20100C7
:10D8F0000078BFF35F8FC00700F0878040F61434D4
:10D90000C2F2020452A1204608F05FFB04F10C00B1
:10D9100051A108F05AFB04F1180052A108F055FB80
:10D9200004F1240051A108F050FB43F29705C1F225
:10D93000020504F13000294608F047FB04F13C00E1
:10D940004CA108F042FB04F148004CA108F03DFB5B
:10D9500004F154004BA108F038FB04F160004BA126
:10D9600008F033FB04F16C004BA108F02EFB04F12E
:10D9700078004BA108F029FB04F184004BA108F0CA
:10D9800024FB04F190004CA108F01FFB04F19C0063
:10D990004AA108F01AFB04F1A80049A108F015FB00
:10D9A00004F1B40047A108F010FB04F1C0002946BF
:10D9B00008F00BFB04F1CC0043A108F006FB04F1D6
:10D9C000D80042A108F001FB04F1E40040A108F0F6
:10D9D000FCFA04F1F0003FA108F0F7FA04F1FC00B2
:10D9E0003DA108F0F2FA04F584703CA108F0EDFACC
:10D9F00004F58A703AA108F0E8FA4FF28810C2F2F2
:10DA0000010034600DF05EFF64E74FF2C010C2F217
:10DA100001000DF029FF00283FF470AF40F61430EC
:10DA2000C2F202004FF49071F5F72CF84BF6C910D2
:10DA300040F20002C1F20100C1F200020021F4F73D
:10DA4000E8FE4FF2C010C2F201000DF03BFF55E7B7
:10DA50004A616E75617279004665627275617279AC
:10DA6000000000004D61726368000000417072693F
:10DA70006C0000004A756E65000000004A756C7904
:10DA80000000000041756775737400005365707481
:10DA9000656D6265720000004F63746F62657200AD
:10DAA0004E6F76656D6265720000000044656365C7
:10DAB0006D626572000000004A616E00466562009A
:10DAC0004D617200417072004A756E004A756C00BB
:10DAD00041756700536570004F6374004E6F7600A8
:10DAE00044656300B0B54FF28C10C2F201000078BB
:10DAF000BFF35F8FC00704D040F63000C2F20200CF
:10DB0000B0BD4FF28C10C2F201000DF0ADFE002846
:10DB1000F2D040F630042020C2F202040DF090FE54
:10DB200005461120082184E8230043F2B401C1F224
:10DB3000020128460822F6F7A2FB0020288246F2BE
:10DB4000F55040F20002C1F20100C1F2000221468C
:10DB5000F4F75FFE4FF28C10C2F201000DF0B2FE3E
:10DB6000CAE7B0B54FF29010C2F201000078BFF3DF
:10DB70005F8FC00704D040F63C00C2F20200B0BD87
:10DB80004FF29010C2F201000DF06EFE0028F2D0AC
:10DB900040F63C043020C2F202040DF051FE05466E
:10DBA0001920142184E8230043F2C601C1F20201C6
:10DBB00028461422F6F763FB0020288546F2F5502C
:10DBC00040F20002C1F20100C1F200022146F4F766
:10DBD00020FE4FF29010C2F201000DF073FECAE772
:10DBE000B0B54FF29410C2F201000078BFF35F8F1E
:10DBF000C00704D040F64800C2F20200B0BD4FF2A8
:10DC00009410C2F201000DF02FFE0028F2D040F671
:10DC100048042020C2F202040DF012FE0546112035
:10DC20000B2184E823000CA128460B22F6F727FBE2
:10DC30000020E88246F2F55040F20002C1F20100F5
:10DC4000C1F200022146F4F7E4FD4FF29410C2F253
:10DC500001000DF037FECDE7250049003A00250010
:10DC60004D003A0025005300200025007000000000
:10DC7000B0B54FF29810C2F201000078BFF35F8F89
:10DC8000C00704D040F65400C2F20200B0BD4FF20B
:10DC90009810C2F201000DF0E7FD0028F2D040F626
:10DCA00054042020C2F202040DF0CAFD05461120E2
:10DCB000082184E8230043F23611C1F2020128460C
:10DCC0000822F6F7DCFA0020288246F2F55040F2EE
:10DCD0000002C1F20100C1F200022146F4F799FDF1
:10DCE0004FF29810C2F201000DF0ECFDCAE7B0B59A
:10DCF0004FF29C10C2F20100007840F66005C007A8
:10DD0000C2F20205BFF35F8F01D02868B0BD4FF2A9
:10DD10009C10C2F201000DF0A7FD0028F5D04FF2D3
:10DD2000C410C2F201000078BFF35F8FC0071AD0A1
:10DD300040F63444C2F2020443F2A801C1F20201E7
:10DD4000204608F0AFFB43F2AE0104F10C00C1F233
:10DD5000020108F0A7FB4FF29C10C2F201002C60F8
:10DD60000DF0B0FDD1E74FF2C410C2F201000DF08A
:10DD70007BFD0028DCD040F63440C2F202001821BE
:10DD8000F4F780FE4BF6751040F20002C1F201007C
:10DD9000C1F200020021F4F73CFD4FF2C410C2F2C0
:10DDA00001000DF08FFDC3E7B0B54FF2A010C2F235
:10DDB0000100007840F66405C007C2F20205BFF317
:10DDC0005F8F01D02868B0BD4FF2A010C2F20100F1
:10DDD0000DF04AFD0028F5D04FF2C810C2F2010044
:10DDE0000078BFF35F8FC0075FD040F64C44C2F2AB
:10DDF000020443F26C11C1F20201204608F052FB0A
:10DE000043F25E1104F10C00C1F2020108F04AFB7A
:10DE100004F1180035A108F045FB04F1240037A1F6
:10DE200008F040FB43F28C1104F13000C1F2020112
:10DE300008F038FB43F2501104F13C00C1F202013A
:10DE400008F030FB43F27A1104F14800C1F20201FC
:10DE500008F028FB04F154002DA108F023FB04F185
:10DE600060002DA108F01EFB04F16C002CA108F04D
:10DE700019FB04F178002CA108F014FB04F18400D4
:10DE80002BA108F00FFB04F190002BA108F00AFB76
:10DE900004F19C002AA108F005FB4FF2A010C2F289
:10DEA00001002C600DF00EFD8CE74FF2C810C2F29D
:10DEB00001000DF0D9FC002897D040F64C40C2F28A
:10DEC0000200A821F4F7DEFD4BF69D1040F200029F
:10DED000C1F20100C1F200020021F4F79AFC4FF2F6
:10DEE000C810C2F201000DF0EDFC7EE75400750091
:10DEF0006500730064006100790000005700650050
:10DF000064006E0065007300640061007900000029
:10DF1000530075006E0000004D006F006E000000A1
:10DF200054007500650000005700650064000000A3
:10DF3000540068007500000046007200690000008F
:10DF4000530061007400000070B54FF2A410C2F2DB
:10DF50000100007840F66806C007C2F20206BFF36F
:10DF60005F8F01D0306870BD4FF2A410C2F2010083
:10DF70000DF07AFC0028F5D04FF2CC10C2F201006F
:10DF80000078BFF35F8FC00700F0998040F6F4443B
:10DF9000C2F202045BA1204608F084FA43F2A81101
:10DFA00004F10C00C1F2020108F07CFA04F118003F
:10DFB00058A108F077FA04F1240059A108F072FA88
:10DFC00043F24815C1F2020504F13000294608F079
:10DFD00069FA43F2F00104F13C00C1F2020108F0D9
:10DFE00061FA43F29E1104F14800C1F2020108F007
:10DFF00059FA43F2281104F15400C1F2020108F069
:10E0000051FA04F1600049A108F04CFA04F16C00E7
:10E010004BA108F047FA43F2161104F17800C1F25F
:10E02000020108F03FFA43F2041104F18400C1F246
:10E03000020108F037FA04F1900045A108F032FA25
:10E0400004F19C0044A108F02DFA04F1A80044A1B9
:10E0500008F028FA04F1B40043A108F023FA04F10F
:10E06000C000294608F01EFA04F1CC0040A108F0D7
:10E0700019FA04F1D80040A108F014FA04F1E40000
:10E080003FA108F00FFA04F1F0003FA108F00AFAEE
:10E0900004F1FC003EA108F005FA04F584703EA1ED
:10E0A00008F000FA04F58A703DA108F0FBF94FF280
:10E0B000A410C2F2010034600DF004FC52E74FF2EC
:10E0C000CC10C2F201000DF0CFFB00283FF45EAF90
:10E0D00040F6F440C2F202004FF49071F4F7D2FC23
:10E0E0004BF6211040F20002C1F20100C1F2000221
:10E0F0000021F4F78EFB4FF2CC10C2F201000DF0BC
:10E10000E1FB43E74A0061006E00750061007200A8
:10E11000790000004D00610072006300680000009B
:10E1200041007000720069006C000000530065003F
:10E130007000740065006D006200650072000000F0
:10E140004F00630074006F00620065007200000001
:10E150004A0061006E000000460065006200000099
:10E160004D0061007200000041007000720000006C
:10E170004A0075006E0000004A0075006C00000047
:10E18000410075006700000053006500700000004A
:10E190004F006300740000004E006F007600000026
:10E1A0004400650063000000F4F728FBF4F726FB49
:10E1B00070B50C46914214D0154600BF267870B257
:10E1C000002809D409F013FEF4F72EF90068815DE8
:10E1D0002078C90648BF203004F8010BA542EDD1D4
:10E1E0002C46204670BD10B548B20C4600280AD413
:10E1F00009F0FDFDF4F718F90068005DC00648BF9E
:10E200002034E0B210BD204610BD000070B50C46B1
:10E21000914214D0154600BF267870B2002809D468
:10E2200009F0E5FDF4F700F90068815D2078090741
:10E2300048BF203804F8010BA542EDD12C462046FA
:10E2400070BD10B548B20C4600280AD409F0CFFDC5
:10E25000F4F7EAF80068005D000748BF203CE0B230
:10E2600010BD204610BD00000846914208BF70470F
:10E2700010F8011B824203F8011BF9D110467047C8
:10E28000084670470846914208BF7047DDF800C055
:10E2900010F9011BB1F1FF3FD8BF194682420CF8BB
:10E2A000011BF5D11046704710464AB2B2F1FF3F4C
:10E2B000C8BF08467047000010469A4210D040F68A
:10E2C000181CC1F2020C00BF02887F2A04D85CF837
:10E2D00022200A4218BF704702308342F4D1184608
:10E2E0007047000070B50C46914213D0154600BF30
:10E2F00026887F2E09D809F07AFDF4F795F8006892
:10E30000805D2688C00648BF203624F8026BA542EF
:10E31000EED12C46204670BD10B50C467F2984BF37
:10E32000204610BD09F063FDF4F77EF80068005D3B
:10E33000C00648BF2034A0B210BD000070B50C4626
:10E34000914213D0154600BF26887F2E09D809F0C8
:10E350004EFDF4F769F80068805D2688000748BF25
:10E36000203E24F8026BA542EED12C46204670BD1B
:10E3700010B50C467F2984BF204610BD09F037FD3B
:10E380002046F5F768F9002818BF203CA0B210BD60
:10E3900010469A4210D040F6181CC1F2020C00BF81
:10E3A00002887F2A08D85CF822200A4208BF7047FA
:10E3B00002308342F4D1184670470000084691426B
:10E3C00008BF704740F6181CC1F2020C01880230E9
:10E3D0007F2994BF5CF821100021824243F8041B7E
:10E3E000F4D1104670477F2A84BF0020704740F662
:10E3F0001810C1F2020050F82200084018BF012096
:10E40000704700000846914208BF704710F8011B92
:10E41000824223F8021BF9D1104670470846704724
:10E420000846914208BF7047DDF800C030F8021B73
:10E43000802928BF194682420CF8011BF6D11046EC
:10E440007047802938BF0A46D0B2704710B50468BB
:10E45000084609F0E7FCD4E90212521AB0EBA20F09
:10E4600003D251F8200000B110BDF4F7C7F90099AC
:10E4700003200A6070470020704704207047002086
:10E4800070472DE9F04186B01946DDE90C534FF68F
:10E49000FF761046DDE90E48CDE904320022C0F2D5
:10E4A000100604AFCDE90176039205AA00940CF0A2
:10E4B0004BFD059929600499C8F8001006B0BDE825
:10E4C000F0812DE9F04186B01946DDE90C534FF695
:10E4D000FF761046DDE90E48CDE904320022C0F295
:10E4E000100604AFCDE90176039205AA00940CF062
:10E4F00097FC059929600499C8F8001006B0BDE89A
:10E50000F08180B582B0DDF810C019464FF6FF7378
:10E5100010464FF0000EC0F210036246CDF800E046
:10E520000CF0A2FF02B080BD009903200A60704782
:10E530000020704704207047002070472DE9F0410B
:10E5400086B01946DDE90C534FF6FF761046DDE93B
:10E550000E48CDE904320022C0F2100604AFCDE926
:10E560000176039205AA00940CF09CFE059929609F
:10E570000499C8F8001006B0BDE8F0812DE9F0411B
:10E5800086B01946DDE90C534FF6FF761046DDE9FB
:10E590000E48CDE904320022C0F2100604AFCDE9E6
:10E5A0000176039205AA00940CF090FD059929606C
:10E5B0000499C8F8001006B0BDE8F08180B582B0BB
:10E5C000DDF810C019464FF6FF7310464FF0000EED
:10E5D000C0F210036246CDF800E00CF0F5FF02B087
:10E5E00080BD009903200A60704701207047012018
:10E5F000704701207047DDE90003039902600320A2
:10E600000B607047DDE900030399026003200B6093
:10E6100070470098991A814238BF08467047000039
:10E6200070B582B0069E1D460B460DF102043260A5
:10E63000204600211A46F5F707FD411C022901D2A8
:10E64000022018E03168421E6B1A9A4201D901205B
:10E6500011E07AB19DF802204B1C023833600A7039
:10E6600008D0611C326811F8013B551C0138356037
:10E670001370F7D1002002B070BD10B50446002021
:10E6800000210622F5F756FC10B14FF0FF3010BD07
:10E69000A06830B1F5F789FD0138B0FA80F0400983
:10E6A00010BD012010BD806800280CBF0120F5F7C7
:10E6B0007CBD7047002070472DE9F04F85B0DDE943
:10E6C00010B9DDE90E851C4617468A469A42164661
:10E6D00006D03E46307818B10136B442FAD126460B
:10E6E0005D45C9F80050C8F8007063D0A74261D0FA
:10E6F000DAE90010F21BCDE90210ABEB0500431084
:10E7000028464146CDF800A0F5F7A0FC411C2AD0D0
:10E71000D9F8001001EB40005845C9F8000045D079
:10E72000D8F80070A64218D0394601225346F5F7B2
:10E7300089FC00284AD1D9F800000230C9F800004D
:10E74000D8F80000471CA7423E46C8F8007030D0F9
:10E75000307818B10136B442FAD12646D9F80050C3
:10E760005D45C3D126E0C9F80050D8F800008742C3
:10E7700019D00DF1080A00BFF21B2846394653464E
:10E78000F5F760FC20B1811C1AD0411C01D11BE0BF
:10E790000120D9F8001007448D1CC9F80050D8F8A2
:10E7A00000108F42E8D1C8F8007003E0D8F800707C
:10E7B00000E02746381B18BF012005B0BDE8F08FE8
:10E7C000C8F800700120F8E7C8F800700220F4E7EC
:10E7D0002DE9F04F87B0DDE912B6DDE910949846D7
:10E7E00017468A469A42154606D03D46288818B1F3
:10E7F0000235A845FAD145465C453460C9F8007039
:10E8000018BF474506D1B7EB080018BF012007B075
:10E81000BDE8F08F0DF10A0001300190DAE9001037
:10E82000ABEB0403CDE90410E81B42102046494637
:10E83000CDF800A0F5F74CFC002844D0411C47D08F
:10E8400031680C185C4534603FD0454530D00DF13F
:10E850000A0000215246F5F7F7FB411C4FD0316802
:10E86000ABEB010290422ED880B19DF80A204B1CE0
:10E87000013833600A7009D0019900BF326811F87D
:10E88000013B571C013837601370F7D1D9F80000ED
:10E890004546871C47453846C9F800700DD000BF73
:10E8A000018849B102308045FAD1454605E000BFF4
:10E8B000D9F80070454601E0054634685C45A2D0B1
:10E8C0004745ABD19FE70120A1E7D9F800709AE74F
:10E8D0003460D9F8000087420FD004AD3988204653
:10E8E0002A46F5F7B1FB411C07D0316802370C18F6
:10E8F0003460D9F800008742F0D1C9F800700220D6
:10E9000085E700002DE9F04381B09A424FF0000402
:10E910001DD0DDF82080B8F1000F18D01D46164636
:10E9200089460024012700BFA91B30464A46F5F757
:10E930003EFB18B1811C022901D208E001200644E7
:10E94000AE42044403D0474507F10107ECD320460B
:10E9500001B0BDE8F083000080B5DDF808C0634574
:10E960000ED000BF8A420FD091F800E0187886459B
:10E970000AD370450BD301339C4501F10101F1D15C
:10E98000881A18BF012080BD4FF0FF3080BD0120E4
:10E9900080BD00002DE9F0419D1A15F1100F0446CD
:10E9A00024D21F4616460A2D03D8680004F8010B2E
:10E9B0000CE005F1100020F00F0840460CF040FF7D
:10E9C00008F10101C4E90015A0600446BE4209D067
:10E9D000204631462A46F3F7ACFF00BF013D04F163
:10E9E0000104FBD100202070BDE8F0812046FFF734
:10E9F000DDFB00000020914208BF704711F8013B89
:10EA000003EB001000F0704343EA13638A4280EA8C
:10EA10000300F3D17047000080B5DDF808C06345FE
:10EA20000ED000BF8A420FD0B1F800E018888645AA
:10EA30000AD370450BD302339C4501F10201F1D199
:10EA4000881A18BF012080BD4FF0FF3080BD012023
:10EA500080BD00002DE9F04381B09F1A4FF6F071A0
:10EA60007E10C7F6FF718E4204462AD29846914620
:10EA7000042E04D807F0FE0004F8020B0FE006F1A4
:10EA8000080020F00705B5F1FF3F1DDD68000CF020
:10EA9000D7FE45F00101C4E90016A0600446C14557
:10EAA0000AD027F0010220464946F3F742FF00BF93
:10EAB000023F04F10204FBD10020208001B0BDE838
:10EAC000F0832046FFF772FBF3F798FE0020914297
:10EAD00008BF704731F8023B03EB001000F07043B1
:10EAE00043EA13638A4280EA0300F3D170470000CF
:10EAF0002DE9F04FBFB058681E46154610F04A0089
:10EB00000C4608D0402809D0082814BF4FF00A0A44
:10EB10004FF0100A04E04FF0000A01E04FF0080A3D
:10EB200035A80DF1E1020DF1FB0331460AF0DEF8E4
:10EB300032AF4FF0000838460A210022CDF8D080CD
:10EB4000CDE9328807F04EFA9DF8C800349EC00720
:10EB500007F1010109A8069108BF0E46CDE907801B
:10EB60000DF11C090DF1C408319600BF64B1D4E960
:10EB70000301884209D12068416A20468847B0F1E4
:10EB8000FF3008BF044600E000245DB1D5E9030171
:10EB9000884205D12868416A28468847013001D05B
:10EBA00024B160E0002C4FF000055CD09DF8C80057
:10EBB0003199C20706D106EB5002914227D14FEAA4
:10EBC000500B05E0DDF8CCB006EB0B0081421ED106
:10EBD00032AE4FEA4B013046002207F003FA32987A
:10EBE0009DF8C82020F00100411ED00730464FF0AC
:10EBF000000208BF0A2107F0F5F99DF8C800349E0D
:10EC0000C007069808BF064606EB0B003190D4E912
:10EC10000301884202D0007804E000BF2068416A06
:10EC2000204688479DF8FB10C0B2CDE9009135A978
:10EC3000029109A9039108A904915146324643461D
:10EC40000DF1E107059709F0D5FF60B9D4E903019B
:10EC5000884203D00130E06088E700BF2068816A05
:10EC60002046884782E79DF8D400DDE94889369937
:10EC7000C20708BF410841B1089809A9411A9F2954
:10EC800003DC079940F8041B08903199304642464E
:10EC9000534608F0F9FE089AC9F8000035A809A9FA
:10ECA000434608F0FDFA64B1D4E90301884209D172
:10ECB0002068416A20468847B0F1FF3008BF04460B
:10ECC00000E0002415B3D5E90301884205D1286886
:10ECD000416A28468847013018D02CB1D8F8000086
:10ECE00040F00200C8F800009DF8C800C00702D03C
:10ECF00034980CF0A3FD9DF8D400C00702D03798DB
:10ED00000CF09CFD20463FB0BDE8F08F002CEBD10D
:10ED1000E4E700002DE9F04FBFB058681E461546E5
:10ED200010F04A000C4608D0402809D0082814BF2B
:10ED30004FF00A0A4FF0100A04E04FF0000A01E019
:10ED40004FF0080A35A80DF1E1020DF1FB03314641
:10ED500009F0CCFF32AF4FF0000838460A210022FC
:10ED6000CDF8D080CDE9328807F03CF99DF8C80095
:10ED7000349EC00707F1010109A8069108BF0E469D
:10ED8000CDE907800DF11C090DF1C408319600BFD3
:10ED900064B1D4E90301884209D12068416A204660
:10EDA0008847B0F1FF3008BF044600E000245DB1A1
:10EDB000D5E90301884205D12868416A2846884779
:10EDC000013001D024B160E0002C4FF000055CD090
:10EDD0009DF8C8003199C20706D106EB5002914256
:10EDE00027D14FEA500B05E0DDF8CCB006EB0B0065
:10EDF00081421ED132AE4FEA4B013046002207F06D
:10EE0000F1F832989DF8C82020F00100411ED0078B
:10EE100030464FF0000208BF0A2107F0E3F89DF8E2
:10EE2000C800349EC007069808BF064606EB0B00D4
:10EE30003190D4E90301884202D0007804E000BF99
:10EE40002068416A204688479DF8FB10C0B2CDE992
:10EE5000009135A9029109A9039108A9049151468D
:10EE6000324643460DF1E107059709F0C3FE60B94C
:10EE7000D4E90301884203D00130E06088E700BF95
:10EE80002068816A2046884782E79DF8D400DDE942
:10EE900048893699C20708BF410841B1089809A9B5
:10EEA000411A9F2903DC079940F8041B0890319907
:10EEB00030464246534608F033FEC9E90001089A3D
:10EEC00035A809A9434608F0EBF964B1D4E9030178
:10EED000884209D12068416A20468847B0F1FF3056
:10EEE00008BF044600E0002415B3D5E903018842B9
:10EEF00005D12868416A28468847013018D02CB1CE
:10EF0000D8F8000040F00200C8F800009DF8C800E2
:10EF1000C00702D034980CF091FC9DF8D400C007D3
:10EF200002D037980CF08AFC20463FB0BDE8F08F45
:10EF3000002CEBD1E4E700002DE9F04FBFB058689A
:10EF40001E46154610F04A000C4608D0402809D04D
:10EF5000082814BF4FF00A0A4FF0100A04E04FF0DF
:10EF6000000A01E04FF0080A35A80DF1E1020DF1A9
:10EF7000FB03314609F0BAFE32AF4FF000083846C5
:10EF80000A210022CDF8D080CDE9328807F02AF896
:10EF90009DF8C800349EC00707F1010109A8069139
:10EFA00008BF0E46CDE907800DF11C090DF1C4081C
:10EFB000319600BF64B1D4E90301884209D12068C9
:10EFC000416A20468847B0F1FF3008BF044600E0A0
:10EFD00000245DB1D5E90301884205D12868416A62
:10EFE00028468847013001D024B160E0002C4FF062
:10EFF00000055CD09DF8C8003199C20706D106EB28
:10F000005002914227D14FEA500B05E0DDF8CCB019
:10F0100006EB0B0081421ED132AE4FEA4B01304667
:10F02000002206F0DFFF32989DF8C82020F0010092
:10F03000411ED00730464FF0000208BF0A2106F0FB
:10F04000D1FF9DF8C800349EC007069808BF064649
:10F0500006EB0B003190D4E90301884202D000781E
:10F0600004E000BF2068416A204688479DF8FB10F5
:10F07000C0B2CDE9009135A9029109A9039108A96F
:10F0800004915146324643460DF1E107059709F0D8
:10F09000B1FD60B9D4E90301884203D00130E060DA
:10F0A00088E700BF2068816A2046884782E79DF88C
:10F0B000D400DDE948893699C20708BF410841B14B
:10F0C000089809A9411A9F2903DC079940F8041BF5
:10F0D0000890319930464246534608F060FD089A40
:10F0E000C9F8000035A809A9434608F0D9F864B169
:10F0F000D4E90301884209D12068416A2046884743
:10F10000B0F1FF3008BF044600E0002415B3D5E994
:10F110000301884205D12868416A284688470130A2
:10F1200018D02CB1D8F8000040F00200C8F8000058
:10F130009DF8C800C00702D034980CF07FFB9DF802
:10F14000D400C00702D037980CF078FB20463FB0BF
:10F15000BDE8F08F002CEBD1E4E700002DE9F04F83
:10F16000BFB058681E46154610F04A000C4608D03D
:10F17000402809D0082814BF4FF00A0A4FF0100A9F
:10F1800004E04FF0000A01E04FF0080A35A80DF145
:10F19000E1020DF1FB03314609F0A8FD32AF4FF05B
:10F1A000000838460A210022CDF8D080CDE9328807
:10F1B00006F018FF9DF8C800349EC00707F1010152
:10F1C00009A8069108BF0E46CDE907800DF11C097C
:10F1D0000DF1C408319600BF64B1D4E9030188423F
:10F1E00009D12068416A20468847B0F1FF3008BF46
:10F1F000044600E000245DB1D5E90301884205D151
:10F200002868416A28468847013001D024B160E06F
:10F21000002C4FF000055CD09DF8C8003199C20762
:10F2200006D106EB5002914227D14FEA500B05E080
:10F23000DDF8CCB006EB0B0081421ED132AE4FEAB6
:10F240004B013046002206F0CDFE32989DF8C820D2
:10F2500020F00100411ED00730464FF0000208BFE9
:10F260000A2106F0BFFE9DF8C800349EC00706982C
:10F2700008BF064606EB0B003190D4E90301884233
:10F2800002D0007804E000BF2068416A2046884729
:10F290009DF8FB10C0B2CDE9009135A9029109A9F2
:10F2A000039108A904915146324643460DF1E10706
:10F2B000059709F09FFC60B9D4E90301884203D0A7
:10F2C0000130E06088E700BF2068816A20468847F7
:10F2D00082E79DF8D400DDE948893699C20708BF66
:10F2E000410841B1089809A9411A9F2903DC0799EF
:10F2F00040F8041B0890319930464246534608F0C6
:10F300008CFC089AC9F8000035A809A9434607F003
:10F31000C7FF64B1D4E90301884209D12068416A7A
:10F3200020468847B0F1FF3008BF044600E00024C3
:10F3300015B3D5E90301884205D12868416A2846FA
:10F340008847013018D02CB1D8F8000040F00200F6
:10F35000C8F800009DF8C800C00702D034980CF02F
:10F360006DFA9DF8D400C00702D037980CF066FA09
:10F3700020463FB0BDE8F08F002CEBD1E4E7000061
:10F380002DE9F04FBFB058681E46154610F04A00F0
:10F390000C4608D0402809D0082814BF4FF00A0AAC
:10F3A0004FF0100A04E04FF0000A01E04FF0080AA5
:10F3B00035A80DF1E1020DF1FB03314609F096FC91
:10F3C00032AF4FF0000838460A210022CDF8D08035
:10F3D000CDE9328806F006FE9DF8C800349EC007CD
:10F3E00007F1010109A8069108BF0E46CDE9078083
:10F3F0000DF11C090DF1C408319600BF64B1D4E9C8
:10F400000301884209D12068416A20468847B0F14B
:10F41000FF3008BF044600E000245DB1D5E90301D8
:10F42000884205D12868416A28468847013001D0C2
:10F4300024B160E0002C4FF000055CD09DF8C800BE
:10F440003199C20706D106EB5002914227D14FEA0B
:10F45000500B05E0DDF8CCB006EB0B0081421ED16D
:10F4600032AE4FEA4B013046002206F0BBFD329827
:10F470009DF8C82020F00100411ED00730464FF013
:10F48000000208BF0A2106F0ADFD9DF8C800349EB9
:10F49000C007069808BF064606EB0B003190D4E97A
:10F4A0000301884202D0007804E000BF2068416A6E
:10F4B000204688479DF8FB10C0B2CDE9009135A9E0
:10F4C000029109A9039108A9049151463246434685
:10F4D0000DF1E107059709F08DFB60B9D4E903014F
:10F4E000884203D00130E06088E700BF2068816A6D
:10F4F0002046884782E79DF8D400DDE9488936999F
:10F50000C20708BF410841B1089809A9411A9F29BB
:10F5100003DC079940F8041B0890319930464246B5
:10F52000534608F0B8FB089AA9F8000035A809A9C5
:10F53000434607F0B5FE64B1D4E90301884209D11E
:10F540002068416A20468847B0F1FF3008BF044672
:10F5500000E0002415B3D5E90301884205D12868ED
:10F56000416A28468847013018D02CB1D8F80000ED
:10F5700040F00200C8F800009DF8C800C00702D0A3
:10F5800034980CF05BF99DF8D400C00702D037988E
:10F590000CF054F920463FB0BDE8F08F002CEBD1C1
:10F5A000E4E700002DE9F04FBFB058681E4615464D
:10F5B00010F04A000C4608D0402809D0082814BF93
:10F5C0004FF00A0A4FF0100A04E04FF0000A01E081
:10F5D0004FF0080A35A80DF1E1020DF1FB033146A9
:10F5E00009F084FB32AF4FF0000838460A210022B0
:10F5F000CDF8D080CDE9328806F0F4FC9DF8C80043
:10F60000349EC00707F1010109A8069108BF0E4604
:10F61000CDE907800DF11C090DF1C408319600BF3A
:10F6200064B1D4E90301884209D12068416A2046C7
:10F630008847B0F1FF3008BF044600E000245DB108
:10F64000D5E90301884205D12868416A28468847E0
:10F65000013001D024B160E0002C4FF000055CD0F7
:10F660009DF8C8003199C20706D106EB50029142BD
:10F6700027D14FEA500B05E0DDF8CCB006EB0B00CC
:10F6800081421ED132AE4FEA4B013046002206F0D5
:10F69000A9FC32989DF8C82020F00100411ED00737
:10F6A00030464FF0000208BF0A2106F09BFC9DF88F
:10F6B000C800349EC007069808BF064606EB0B003C
:10F6C0003190D4E90301884202D0007804E000BF01
:10F6D0002068416A204688479DF8FB10C0B2CDE9FA
:10F6E000009135A9029109A9039108A904915146F5
:10F6F000324643460DF1E107059709F07BFA60B900
:10F70000D4E90301884203D00130E06088E700BFFC
:10F710002068816A2046884782E79DF8D400DDE9A9
:10F7200048893699C20708BF410841B1089809A91C
:10F73000411A9F2903DC079940F8041B089031996E
:10F7400030464246534608F0EAFAC9E90001089AF1
:10F7500035A809A9434607F0A3FD64B1D4E9030124
:10F76000884209D12068416A20468847B0F1FF30BD
:10F7700008BF044600E0002415B3D5E90301884220
:10F7800005D12868416A28468847013018D02CB135
:10F79000D8F8000040F00200C8F800009DF8C8004A
:10F7A000C00702D034980CF049F89DF8D400C00787
:10F7B00002D037980CF042F820463FB0BDE8F08FF9
:10F7C000002CEBD1E4E700002DE9F04FC5B01F4657
:10F7D00016460C460DF1F20539A83DAA0DF1F303CA
:10F7E0003946009509F06BFB36AD4FF0000828460E
:10F7F0000A210022CDF8E080CDE9368806F0F2FB40
:10F800009DF8D800389FC00705F101010DA80991A6
:10F8100008BF0F46CDE90B8001208DF82B00452055
:10F820000DF1D40A0DF12B0B0DF12A0835978DF847
:10F830002A0000BF64B1D4E90301884209D12068DD
:10F84000416A20468847B0F1FF3008BF044600E017
:10F8500000245EB1D6E90301884205D13068416ACF
:10F8600030468847013001D024B164E0002C4FF0CD
:10F87000000660D09DF8D8003599C20706D107EB85
:10F880005002914227D14FEA500905E0DDF8DC90A3
:10F8900007EB090081421ED136AD4FEA49012846E7
:10F8A000002206F09FFB36989DF8D82020F001003A
:10F8B000411ED00728464FF0000208BF0A2106F07B
:10F8C00091FB9DF8D800389FC007099808BF0746EC
:10F8D00007EB09003590D4E90301884202D0007893
:10F8E00004E000BF2068416A204688479DF8F31075
:10F8F0009DF8F220CDE900A139A903910DA9049149
:10F900000CA905910BA902920691C0B25946424634
:10F910003B463DAD079509F01DFA60B9D4E90301F6
:10F92000884203D00130E06084E700BF2068816A2C
:10F93000204688477EE79DF8E410DDE94E85CA073A
:10F940009DF82B203A9808BF48084AB140B10C985E
:10F950000DA9411A9F2903DC0B9940F8041B0C9058
:10F9600035993846424607F094FAC5E900010C9AE9
:10F9700039A80DA9434607F093FC64B1D4E903010B
:10F98000884209D12068416A20468847B0F1FF309B
:10F9900008BF044600E0002416B3D6E903018842FC
:10F9A00005D13068416A30468847013018D02CB103
:10F9B000D8F8000040F00200C8F800009DF8D80018
:10F9C000C00702D038980BF039FF9DF8E400C0075B
:10F9D00002D03B980BF032FF204645B0BDE8F08FD7
:10F9E000002CEBD1E4E700002DE9F04FC5B01F4635
:10F9F00016460C460DF1F20539A83DAA0DF1F303A8
:10FA00003946009509F05BFA36AD4FF000082846FC
:10FA10000A210022CDF8E080CDE9368806F0E2FA2E
:10FA20009DF8D800389FC00705F101010DA8099184
:10FA300008BF0F46CDE90B8001208DF82B00452033
:10FA40000DF1D40A0DF12B0B0DF12A0835978DF825
:10FA50002A0000BF64B1D4E90301884209D12068BB
:10FA6000416A20468847B0F1FF3008BF044600E0F5
:10FA700000245EB1D6E90301884205D13068416AAD
:10FA800030468847013001D024B164E0002C4FF0AB
:10FA9000000660D09DF8D8003599C20706D107EB63
:10FAA0005002914227D14FEA500905E0DDF8DC9081
:10FAB00007EB090081421ED136AD4FEA49012846C5
:10FAC000002206F08FFA36989DF8D82020F0010029
:10FAD000411ED00728464FF0000208BF0A2106F059
:10FAE00081FA9DF8D800389FC007099808BF0746DB
:10FAF00007EB09003590D4E90301884202D0007871
:10FB000004E000BF2068416A204688479DF8F31052
:10FB10009DF8F220CDE900A139A903910DA9049126
:10FB20000CA905910BA902920691C0B25946424612
:10FB30003B463DAD079509F00DF960B9D4E90301E5
:10FB4000884203D00130E06084E700BF2068816A0A
:10FB5000204688477EE79DF8E410DDE94E85CA0718
:10FB60009DF82B203A9808BF48084AB140B10C983C
:10FB70000DA9411A9F2903DC0B9940F8041B0C9036
:10FB800035993846424607F0B0F9C5E900010C9AAC
:10FB900039A80DA9434607F083FB64B1D4E90301FA
:10FBA000884209D12068416A20468847B0F1FF3079
:10FBB00008BF044600E0002416B3D6E903018842DA
:10FBC00005D13068416A30468847013018D02CB1E1
:10FBD000D8F8000040F00200C8F800009DF8D800F6
:10FBE000C00702D038980BF029FE9DF8E400C0074A
:10FBF00002D03B980BF022FE204645B0BDE8F08FC6
:10FC0000002CEBD1E4E700002DE9F04FC5B01F4612
:10FC100016460C460DF1F20539A83DAA0DF1F30385
:10FC20003946009509F04BF936AD4FF000082846EB
:10FC30000A210022CDF8E080CDE9368806F0D2F91D
:10FC40009DF8D800389FC00705F101010DA8099162
:10FC500008BF0F46CDE90B8001208DF82B00452011
:10FC60000DF1D40A0DF12B0B0DF12A0835978DF803
:10FC70002A0000BF64B1D4E90301884209D1206899
:10FC8000416A20468847B0F1FF3008BF044600E0D3
:10FC900000245EB1D6E90301884205D13068416A8B
:10FCA00030468847013001D024B164E0002C4FF089
:10FCB000000660D09DF8D8003599C20706D107EB41
:10FCC0005002914227D14FEA500905E0DDF8DC905F
:10FCD00007EB090081421ED136AD4FEA49012846A3
:10FCE000002206F07FF936989DF8D82020F0010018
:10FCF000411ED00728464FF0000208BF0A2106F037
:10FD000071F99DF8D800389FC007099808BF0746C9
:10FD100007EB09003590D4E90301884202D000784E
:10FD200004E000BF2068416A204688479DF8F31030
:10FD30009DF8F220CDE900A139A903910DA9049104
:10FD40000CA905910BA902920691C0B259464246F0
:10FD50003B463DAD079508F0FDFF60B9D4E90301CE
:10FD6000884203D00130E06084E700BF2068816AE8
:10FD7000204688477EE79DF8E410DDE94E85CA07F6
:10FD80009DF82B203A9808BF48084AB140B10C981A
:10FD90000DA9411A9F2903DC0B9940F8041B0C9014
:10FDA00035993846424607F0CCF80C9A286039A8B5
:10FDB0000DA9434607F074FA64B1D4E903018842FF
:10FDC00009D12068416A20468847B0F1FF3008BF5A
:10FDD000044600E0002416B3D6E90301884205D1A9
:10FDE0003068416A30468847013018D02CB1D8F8C5
:10FDF000000040F00200C8F800009DF8D800C007DD
:10FE000002D038980BF01AFD9DF8E400C00702D02C
:10FE10003B980BF013FD204645B0BDE8F08F002C59
:10FE2000EBD1E4E72DE9F04FBFB00DF124090C460A
:10FE30004FF00008484619461546CDF8DC80CDE95C
:10FE4000358802F0E4FB40F2F431C2F20201484688
:10FE5000FEF7FCFA01680DF1E2030F6A4EF6144159
:10FE6000C1F2010101F11A02B847099806F0EAFF50
:10FE700032AF38460A210022CDF8D080CDE9328851
:10FE800006F0B0F89DF8C800349E791C0DF11C0BEB
:10FE90000DF1C40AC007069108BF0E463196CDE9A0
:10FEA000078900BF64B1D4E90301884209D1206801
:10FEB000416A20468847B0F1FF3008BF044600E0A1
:10FEC00000245DB1D5E90301884205D12868416A63
:10FED00028468847013001D024B15EE0002C4FF065
:10FEE00000055AD09DF8C8003199C20706D106EB2B
:10FEF0005002914227D14FEA500905E0DDF8CC903D
:10FF000006EB090081421ED132AE4FEA490130466C
:10FF1000002206F067F832989DF8C82020F0010012
:10FF2000411ED00730464FF0000208BF0A2106F0FC
:10FF300059F89DF8C800349EC007069808BF0646C9
:10FF400006EB09003190D4E90301884202D0007821
:10FF500004E000BF2068416A2046884735A9CDE902
:10FF600000B8029109A9039108A90491C0B2102117
:10FF7000324653460DF1E207059708F03BFE60B9A3
:10FF8000D4E90301884203D00130E0608AE700BF72
:10FF90002068816A2046884784E73198DDE94887F0
:10FFA000811B32A8002206F01DF89DF8C800349E7F
:10FFB000C007069808BF064607F019FF43F29402EF
:10FFC000C1F20202304600213B4607F0AAFA01289E
:10FFD0001CBF0420C8F8000064B1D4E903018842C2
:10FFE00009D12068416A20468847B0F1FF3008BF38
:10FFF000044600E0002415B3D5E90301884205D189
:020000041001E9
:100000002868416A28468847013018D02CB1D8F8B2
:10001000000040F00200C8F800009DF8C800C007CA
:1000200002D034980BF00AFC9DF8D400C00702D02F
:1000300037980BF003FC20463FB0BDE8F08F002C52
:10004000EBD1E4E72DE9F0478AB015461A79DDF8DF
:100050004C90DDF848A01F46D207099114D10268E0
:100060004FF0FF331669039303AC2A463B46CDF8A5
:1000700000A00194B047039905460129099051D089
:10008000002953D100204EE003AC2046394602F04F
:10009000BEFA40F2F431C2F202012046FEF7D6F970
:1000A00003998046084606F0CDFE03AE3046394639
:1000B00002F0ADFA40F26451C2F202013046FEF79E
:1000C000C5F903990746084606F0BCFE386839466C
:1000D00082693046904738683946C26906F10C009B
:1000E0009047012006F11803029009A829463246DC
:1000F000CDF80080CDF804A006F032FC801BB0FAE9
:1001000080F0099D4009002689F80000A019017BB4
:10011000C90702D040690BF091FB0C3E16F11800A4
:10012000F4D109E0012089F8000005E0012089F8F8
:1001300000000420CAF8000028460AB0BDE8F08795
:10014000FFF742BBFFF750BCFFF75EBDFEF7D0BC28
:10015000FFF704B8FFF714B9FEF7DCBDFFF722BACA
:10016000FEF7EABE2DE9F04FC7B058681E461546A7
:1001700010F04A000C4608D0402809D0082814BFC7
:100180004FF00A0A4FF0100A04E04FF0000A01E0B5
:100190004FF0080A36A80DF1E6020DF58D733146D1
:1001A00008F046FF33AF4FF0000838460A2100221E
:1001B000CDF8D480CDE9338805F014FF9DF8CC004C
:1001C000359EC00707F101010AA8079108BF0E4636
:1001D000CDE908800DF120090DF1C808329600BF65
:1001E00064B1D4E90301884209D12068416A2046FC
:1001F0008847B0F1FF3008BF044600E000245DB13D
:10020000D5E90301884205D12868416A2846884714
:10021000013001D024B160E0002C4FF000055CD02B
:100220009DF8CC003299C20706D106EB50029142EC
:1002300027D14FEA500B05E0DDF8D0B006EB0B00FC
:1002400081421ED133AE4FEA4B013046002205F009
:10025000C9FE33989DF8CC2020F00100411ED00744
:1002600030464FF0000208BF0A2105F0BBFE9DF8A2
:10027000CC00359EC007079808BF064606EB0B006A
:100280003290D4E90301884202D0008804E000BF24
:100290002068416A20468847BDF81A1180B2CDE92E
:1002A000009136A902910AA9039109A90491514626
:1002B000324643460DF1E607059708F03BFE60B96C
:1002C000D4E90301884203D00230E06088E700BF30
:1002D0002068816A2046884782E79DF8D800DDE9DA
:1002E00050893799C20708BF410841B109980AA946
:1002F000411A9F2903DC089940F8041B09903299A0
:1003000030464246534607F0BFFB099AC9F8000041
:1003100036A80AA9434606F0C3FF64B1D4E9030135
:10032000884209D12068416A20468847B0F1FF30F1
:1003300008BF044600E0002415B3D5E90301884254
:1003400005D12868416A28468847013018D02CB169
:10035000D8F8000040F00200C8F800009DF8CC007A
:10036000C00702D035980BF069FA9DF8D800C00795
:1003700002D038980BF062FA204647B0BDE8F08F03
:10038000002CEBD1E4E700002DE9F04FC7B058682E
:100390001E46154610F04A000C4608D0402809D0E9
:1003A000082814BF4FF00A0A4FF0100A04E04FF07B
:1003B000000A01E04FF0080A36A80DF1E6020DF53B
:1003C0008D73314608F034FE33AF4FF000083846E5
:1003D0000A210022CDF8D480CDE9338805F002FE51
:1003E0009DF8CC00359EC00707F101010AA80791CE
:1003F00008BF0E46CDE908800DF120090DF1C808AF
:10040000329600BF64B1D4E90301884209D1206863
:10041000416A20468847B0F1FF3008BF044600E03B
:1004200000245DB1D5E90301884205D12868416AFD
:1004300028468847013001D024B160E0002C4FF0FD
:1004400000055CD09DF8CC003299C20706D106EBBE
:100450005002914227D14FEA500B05E0DDF8D0B0B1
:1004600006EB0B0081421ED133AE4FEA4B01304602
:10047000002205F0B7FD33989DF8CC2020F0010054
:10048000411ED00730464FF0000208BF0A2105F098
:10049000A9FD9DF8CC00359EC007079808BF064609
:1004A00006EB0B003290D4E90301884202D00088A9
:1004B00004E000BF2068416A20468847BDF81A1151
:1004C00080B2CDE9009136A902910AA9039109A948
:1004D00004915146324643460DF1E607059708F070
:1004E00029FD60B9D4E90301884203D00230E060FD
:1004F00088E700BF2068816A2046884782E79DF828
:10050000D800DDE950893799C20708BF410841B1D9
:1005100009980AA9411A9F2903DC089940F8041B8D
:100520000990329930464246534607F0F9FAC9E934
:100530000001099A36A80AA9434606F0B1FE64B143
:10054000D4E90301884209D12068416A20468847DE
:10055000B0F1FF3008BF044600E0002415B3D5E930
:100560000301884205D12868416A2846884701303E
:1005700018D02CB1D8F8000040F00200C8F80000F4
:100580009DF8CC00C00702D035980BF057F99DF8C4
:10059000D800C00702D038980BF050F9204647B079
:1005A000BDE8F08F002CEBD1E4E700002DE9F04F1F
:1005B000C7B058681E46154610F04A000C4608D0D1
:1005C000402809D0082814BF4FF00A0A4FF0100A3B
:1005D00004E04FF0000A01E04FF0080A36A80DF1E0
:1005E000E6020DF58D73314608F022FD33AF4FF072
:1005F000000838460A210022CDF8D480CDE933889E
:1006000005F0F0FC9DF8CC00359EC00707F1010114
:100610000AA8079108BF0E46CDE908800DF1200910
:100620000DF1C808329600BF64B1D4E903018842D5
:1006300009D12068416A20468847B0F1FF3008BFE1
:10064000044600E000245DB1D5E90301884205D1EC
:100650002868416A28468847013001D024B160E00B
:10066000002C4FF000055CD09DF8CC003299C207F9
:1006700006D106EB5002914227D14FEA500B05E01C
:10068000DDF8D0B006EB0B0081421ED133AE4FEA4D
:100690004B013046002205F0A5FC33989DF8CC2094
:1006A00020F00100411ED00730464FF0000208BF85
:1006B0000A2105F097FC9DF8CC00359EC0070798ED
:1006C00008BF064606EB0B003290D4E903018842CE
:1006D00002D0008804E000BF2068416A20468847B5
:1006E000BDF81A1180B2CDE9009136A902910AA98C
:1006F000039109A904915146324643460DF1E6079C
:10070000059708F017FC60B9D4E90301884203D0CB
:100710000230E06088E700BF2068816A2046884791
:1007200082E79DF8D800DDE950893799C20708BFF4
:10073000410841B109980AA9411A9F2903DC089987
:1007400040F8041B0990329930464246534607F060
:1007500026FA099AC9F8000036A80AA9434606F005
:100760009FFD64B1D4E90301884209D12068416A40
:1007700020468847B0F1FF3008BF044600E000245F
:1007800015B3D5E90301884205D12868416A284696
:100790008847013018D02CB1D8F8000040F0020092
:1007A000C8F800009DF8CC00C00702D035980BF0C7
:1007B00045F89DF8D800C00702D038980BF03EF8F5
:1007C000204647B0BDE8F08F002CEBD1E4E70000F5
:1007D0002DE9F04FC7B058681E46154610F04A0084
:1007E0000C4608D0402809D0082814BF4FF00A0A48
:1007F0004FF0100A04E04FF0000A01E04FF0080A41
:1008000036A80DF1E6020DF58D73314608F010FCA7
:1008100033AF4FF0000838460A210022CDF8D480CB
:10082000CDE9338805F0DEFB9DF8CC00359EC0078E
:1008300007F101010AA8079108BF0E46CDE908801B
:100840000DF120090DF1C808329600BF64B1D4E95A
:100850000301884209D12068416A20468847B0F1E7
:10086000FF3008BF044600E000245DB1D5E9030174
:10087000884205D12868416A28468847013001D05E
:1008800024B160E0002C4FF000055CD09DF8CC0056
:100890003299C20706D106EB5002914227D14FEAA6
:1008A000500B05E0DDF8D0B006EB0B0081421ED105
:1008B00033AE4FEA4B013046002205F093FB3398EC
:1008C0009DF8CC2020F00100411ED00730464FF0AB
:1008D000000208BF0A2105F085FB9DF8CC00359E7B
:1008E000C007079808BF064606EB0B003290D4E914
:1008F0000301884202D0008804E000BF2068416AFA
:1009000020468847BDF81A1180B2CDE9009136A97A
:1009100002910AA9039109A904915146324643461E
:100920000DF1E607059708F005FB60B9D4E903016E
:10093000884203D00230E06088E700BF2068816A07
:100940002046884782E79DF8D800DDE9508937992D
:10095000C20708BF410841B109980AA9411A9F2955
:1009600003DC089940F8041B09903299304642464E
:10097000534607F052F9099AC9F8000036A80AA9A7
:10098000434606F08DFC64B1D4E90301884209D1E5
:100990002068416A20468847B0F1FF3008BF04460E
:1009A00000E0002415B3D5E90301884205D1286889
:1009B000416A28468847013018D02CB1D8F8000089
:1009C00040F00200C8F800009DF8CC00C00702D03B
:1009D00035980AF033FF9DF8D800C00702D0389848
:1009E0000AF02CFF204647B0BDE8F08F002CEBD179
:1009F000E4E700002DE9F04FC7B058681E461546E1
:100A000010F04A000C4608D0402809D0082814BF2E
:100A10004FF00A0A4FF0100A04E04FF0000A01E01C
:100A20004FF0080A36A80DF1E6020DF58D73314638
:100A300008F0FEFA33AF4FF0000838460A210022D2
:100A4000CDF8D480CDE9338805F0CCFA9DF8CC0000
:100A5000359EC00707F101010AA8079108BF0E469D
:100A6000CDE908800DF120090DF1C808329600BFCC
:100A700064B1D4E90301884209D12068416A204663
:100A80008847B0F1FF3008BF044600E000245DB1A4
:100A9000D5E90301884205D12868416A284688477C
:100AA000013001D024B160E0002C4FF000055CD093
:100AB0009DF8CC003299C20706D106EB5002914254
:100AC00027D14FEA500B05E0DDF8D0B006EB0B0064
:100AD00081421ED133AE4FEA4B013046002205F071
:100AE00081FA33989DF8CC2020F00100411ED007F8
:100AF00030464FF0000208BF0A2105F073FA9DF856
:100B0000CC00359EC007079808BF064606EB0B00D1
:100B10003290D4E90301884202D0008804E000BF8B
:100B20002068416A20468847BDF81A1180B2CDE995
:100B3000009136A902910AA9039109A9049151468D
:100B4000324643460DF1E607059708F0F3F960B920
:100B5000D4E90301884203D00230E06088E700BF97
:100B60002068816A2046884782E79DF8D800DDE941
:100B700050893799C20708BF410841B109980AA9AD
:100B8000411A9F2903DC089940F8041B0990329907
:100B900030464246534607F07EF8099AA9F800000D
:100BA00036A80AA9434606F07BFB64B1D4E90301E9
:100BB000884209D12068416A20468847B0F1FF3059
:100BC00008BF044600E0002415B3D5E903018842BC
:100BD00005D12868416A28468847013018D02CB1D1
:100BE000D8F8000040F00200C8F800009DF8CC00E2
:100BF000C00702D035980AF021FE9DF8D800C00742
:100C000002D038980AF01AFE204647B0BDE8F08FAF
:100C1000002CEBD1E4E700002DE9F04FC7B0586895
:100C20001E46154610F04A000C4608D0402809D050
:100C3000082814BF4FF00A0A4FF0100A04E04FF0E2
:100C4000000A01E04FF0080A36A80DF1E6020DF5A2
:100C50008D73314608F0ECF933AF4FF00008384699
:100C60000A210022CDF8D480CDE9338805F0BAF905
:100C70009DF8CC00359EC00707F101010AA8079135
:100C800008BF0E46CDE908800DF120090DF1C80816
:100C9000329600BF64B1D4E90301884209D12068CB
:100CA000416A20468847B0F1FF3008BF044600E0A3
:100CB00000245DB1D5E90301884205D12868416A65
:100CC00028468847013001D024B160E0002C4FF065
:100CD00000055CD09DF8CC003299C20706D106EB26
:100CE0005002914227D14FEA500B05E0DDF8D0B019
:100CF00006EB0B0081421ED133AE4FEA4B0130466A
:100D0000002205F06FF933989DF8CC2020F0010007
:100D1000411ED00730464FF0000208BF0A2105F0FF
:100D200061F99DF8CC00359EC007079808BF0646BC
:100D300006EB0B003290D4E90301884202D0008810
:100D400004E000BF2068416A20468847BDF81A11B8
:100D500080B2CDE9009136A902910AA9039109A9AF
:100D600004915146324643460DF1E607059708F0D7
:100D7000E1F860B9D4E90301884203D00230E060B1
:100D800088E700BF2068816A2046884782E79DF88F
:100D9000D800DDE950893799C20708BF410841B141
:100DA00009980AA9411A9F2903DC089940F8041BF5
:100DB0000990329930464246534606F0B0FFC9E9E1
:100DC0000001099A36A80AA9434606F069FA64B1F7
:100DD000D4E90301884209D12068416A2046884746
:100DE000B0F1FF3008BF044600E0002415B3D5E998
:100DF0000301884205D12868416A284688470130A6
:100E000018D02CB1D8F8000040F00200C8F800005B
:100E10009DF8CC00C00702D035980AF00FFD9DF870
:100E2000D800C00702D038980AF008FD204647B025
:100E3000BDE8F08F002CEBD1E4E700002DE9F04F86
:100E4000CDB01F4616460C463CAD39A83DAA0DF163
:100E5000F2033946009508F0D7F936AD4FF0000897
:100E600028460A210022CDF8E080CDE9368805F039
:100E7000B9F89DF8D800389FC00705F101010DA809
:100E8000099108BF0F46CDE90B8001208DF82B009A
:100E900045200DF1D40A0DF12B0B0DF12A083597E1
:100EA0008DF82A0064B1D4E90301884209D1206891
:100EB000416A20468847B0F1FF3008BF044600E091
:100EC00000245EB1D6E90301884205D13068416A49
:100ED00030468847013001D024B164E0002C4FF047
:100EE000000660D09DF8D8003599C20706D107EBFF
:100EF0005002914227D14FEA500905E0DDF8DC901D
:100F000007EB090081421ED136AD4FEA4901284660
:100F1000002205F067F836989DF8D82020F00100EF
:100F2000411ED00728464FF0000208BF0A2105F0F5
:100F300059F89DF8D800389FC007099808BF0746A0
:100F400007EB09003590D4E90301884202D00088FC
:100F500004E000BF2068416A20468847BDF8F210CF
:100F6000BDF8F020CDE900A139A903910DA90491A4
:100F70000CA905910BA90292069180B259464246EE
:100F80003B463DAD079508F087F860B9D4E9030109
:100F9000884203D00230E06084E700BF2068816AA5
:100FA000204688477EE79DF8E410DDE95685CA07AC
:100FB0009DF82B203A9808BF48084AB140B10C98D8
:100FC0000DA9411A9F2903DC0B9940F8041B0C90D2
:100FD00035993846424605F05CFFC5E900010C9A98
:100FE00039A80DA9434606F05BF964B1D4E90301C1
:100FF000884209D12068416A20468847B0F1FF3015
:1010000008BF044600E0002416B3D6E90301884275
:1010100005D13068416A30468847013018D02CB17C
:10102000D8F8000040F00200C8F800009DF8D80091
:10103000C00702D038980AF001FC9DF8E400C00710
:1010400002D03B980AF0FAFB20464DB0BDE8F08F85
:10105000002CEBD1E4E700002DE9F04FCDB01F46A6
:1010600016460C463CAD39A83DAA0DF1F2033946AF
:10107000009508F0C9F836AD4FF0000828460A215F
:101080000022CDF8E080CDE9368804F0ABFF9DF872
:10109000D800389FC00705F101010DA8099108BFCC
:1010A0000F46CDE90B8001208DF82B0045200DF176
:1010B000D40A0DF12B0B0DF12A0835978DF82A0073
:1010C00064B1D4E90301884209D12068416A20460D
:1010D0008847B0F1FF3008BF044600E000245EB14D
:1010E000D6E90301884205D13068416A3046884715
:1010F000013001D024B164E0002C4FF0000660D034
:101100009DF8D8003599C20706D107EB50029142ED
:1011100027D14FEA500905E0DDF8DC9007EB090024
:1011200081421ED136AD4FEA49012846002204F023
:1011300059FF36989DF8D82020F00100411ED007B5
:1011400028464FF0000208BF0A2104F04BFF9DF82B
:10115000D800389FC007099808BF074607EB090069
:101160003590D4E90301884202D0008804E000BF32
:101170002068416A20468847BDF8F210BDF8F0208B
:10118000CDE900A139A903910DA904910CA90591FC
:101190000BA90292069180B2594642463B463DADAC
:1011A000079507F079FF60B9D4E90301884203D0BD
:1011B0000230E06084E700BF2068816A20468847EB
:1011C0007EE79DF8E410DDE95685CA079DF82B20DF
:1011D0003A9808BF48084AB140B10C980DA9411A85
:1011E0009F2903DC0B9940F8041B0C903599384675
:1011F000424605F07AFEC5E900010C9A39A80DA90E
:10120000434606F04DF864B1D4E90301884209D1A0
:101210002068416A20468847B0F1FF3008BF044685
:1012200000E0002416B3D6E90301884205D13068F6
:10123000416A30468847013018D02CB1D8F80000F8
:1012400040F00200C8F800009DF8D800C00702D0A6
:1012500038980AF0F3FA9DF8E400C00702D03B98F2
:101260000AF0ECFA20464DB0BDE8F08F002CEBD12F
:10127000E4E700002DE9F04FCDB01F4616460C46BE
:101280003CAD39A83DAA0DF1F2033946009507F0AF
:10129000BBFF36AD4FF0000828460A210022CDF8EA
:1012A000E080CDE9368804F09DFE9DF8D800389F97
:1012B000C00705F101010DA8099108BF0F46CDE94E
:1012C0000B8001208DF82B0045200DF1D40A0DF183
:1012D0002B0B0DF12A0835978DF82A0064B1D4E95B
:1012E0000301884209D12068416A20468847B0F14D
:1012F000FF3008BF044600E000245EB1D6E90301D8
:10130000884205D13068416A30468847013001D0B3
:1013100024B164E0002C4FF0000660D09DF8D800A6
:101320003599C20706D107EB5002914227D14FEA07
:10133000500905E0DDF8DC9007EB090081421ED181
:1013400036AD4FEA49012846002204F04BFE36989C
:101350009DF8D82020F00100411ED00728464FF00C
:10136000000208BF0A2104F03DFE9DF8D800389F16
:10137000C007099808BF074607EB09003590D4E974
:101380000301884202D0008804E000BF2068416A5F
:1013900020468847BDF8F210BDF8F020CDE900A145
:1013A00039A903910DA904910CA905910BA90292E9
:1013B000069180B2594642463B463DAD079507F03F
:1013C0006BFE60B9D4E90301884203D00230E060CB
:1013D00084E700BF2068816A204688477EE79DF841
:1013E000E410DDE95685CA079DF82B203A9808BF1E
:1013F00048084AB140B10C980DA9411A9F2903DC55
:101400000B9940F8041B0C9035993846424605F07C
:1014100098FD0C9A286039A80DA9434605F040FFB5
:1014200064B1D4E90301884209D12068416A2046A9
:101430008847B0F1FF3008BF044600E0002416B32F
:10144000D6E90301884205D13068416A30468847B1
:10145000013018D02CB1D8F8000040F00200C8F8D4
:1014600000009DF8D800C00702D038980AF0E6F9CD
:101470009DF8E400C00702D03B980AF0DFF920464F
:101480004DB0BDE8F08F002CEBD1E4E72DE9F04F33
:10149000C5B00DF124090C464FF000084846194626
:1014A0001546CDF8DC80CDE9358801F0B0F840F282
:1014B000FC31C2F202014846FCF7C8FF016838ABB4
:1014C0000F6B4EF61441C1F2010101F11A02B84747
:1014D000099805F0B7FC32AF38460A210022CDF852
:1014E000D080CDE9328804F07DFD9DF8C800349E9F
:1014F000791C0DF11C0B0DF1C40AC007069108BF41
:101500000E463196CDE9078964B1D4E903018842DA
:1015100009D12068416A20468847B0F1FF3008BFF2
:10152000044600E000245DB1D5E90301884205D1FD
:101530002868416A28468847013001D024B15CE020
:10154000002C4FF0000558D09DF8C8003199C20713
:1015500006D106EB5002914227D14FEA500905E02F
:10156000DDF8CC9006EB090081421ED132AE4FEA85
:1015700049013046002204F035FD32989DF8C8201C
:1015800020F00100411ED00730464FF0000208BF96
:101590000A2104F027FD9DF8C800349EC007069874
:1015A00008BF064606EB09003190D4E903018842E2
:1015B00002D0008804E000BF2068416A20468847C6
:1015C00035A9CDE900B8029109A9039108A90491B0
:1015D00080B210213246534638AF059707F0AAFC77
:1015E00058B9D4E90301884202D00230E0608BE7A9
:1015F0002068816A2046884786E73198DDE94E8772
:10160000811B32A8002204F0EDFC9DF8C800349E36
:10161000C007069808BF064606F0E9FB43F29402AD
:10162000C1F20202304600213B4605F07AFF012854
:101630001CBF0420C8F8000064B1D4E9030188424B
:1016400009D12068416A20468847B0F1FF3008BFC1
:10165000044600E0002415B3D5E90301884205D112
:101660002868416A28468847013018D02CB1D8F83C
:10167000000040F00200C8F800009DF8C800C00754
:1016800002D034980AF0DAF89DF8D400C00702D0EE
:1016900037980AF0D3F8204645B0BDE8F08F002C0B
:1016A000EBD1E4E72DE9F0478AB015461A79DDF869
:1016B0004C90DDF848A01F46D207099114D102686A
:1016C0004FF0FF331669039303AC2A463B46CDF82F
:1016D00000A00194B047039905460129099051D013
:1016E000002953D100204EE003AC2046394600F0DB
:1016F0008EFF40F2FC31C2F202012046FCF7A6FE4A
:1017000003998046084605F09DFB03AE30463946F6
:1017100000F07DFF40F26C51C2F202013046FCF74E
:1017200095FE03990746084605F08CFB3868394654
:1017300082693046904738683946C26906F10C0024
:101740009047012006F11803029009A82946324665
:10175000CDF80080CDF804A005F038FA801BB0FA6F
:1017600080F0099D4009002689F80000A019017B3E
:10177000C90702D040690AF061F80C3E16F1180062
:10178000F4D109E0012089F8000005E0012089F882
:1017900000000420CAF8000028460AB0BDE8F0871F
:1017A000FFF74CBBFFF758BCFFF764BDFEF7DABC90
:1017B000FFF70EB8FFF71EB9FEF7E6BDFFF72CBA2C
:1017C000FEF7F4BE2DE9F04F95B000201E9CADF859
:1017D000500047F22500039393460291139006F0C0
:1017E00006FB0DF1380A13AB504614210022009479
:1017F00005F05FFF0AEB00048146504621465A4639
:1018000005F090F804AF06463846594600F0FFFE52
:1018100040F2F431C2F202013846FCF717FE049997
:101820008046084605F00EFBD8F800005146056AD0
:10183000404622463B46A84707EB0903A6EB0A00B1
:101840001A46A64218BF3A1802983946039FCDF8A7
:1018500000B0019705F076FD15B0BDE8F08F0000EF
:10186000F0B585B00C4611790A9FC90705D101680A
:101870008E6921460097B04747E002AD28461146E1
:1018800000F0C5FE40F26451C2F202012846FCF7A6
:10189000DDFD02990646084605F0D4FA3068002FAF
:1018A0000CBFC269826902A8314690479DF80800C2
:1018B000049EC10708BF6E1CC10705D105EB50008F
:1018C0000130864205D11FE0DDE9031001448E425C
:1018D00018D04CB1D4E906023178904206D0421CAF
:1018E000A26101700AE000BF002407E02068426B9B
:1018F00020469047B0F1FF3008BF04469DF808002D
:101900000136D9E709F09AFF204605B0F0BD2DE970
:10191000F04FA5B000202390252093460E4622903C
:1019200022A8526843F29A01DDE92E750130C1F216
:101930000201994604F0B4FF0DF16A080446CDF89F
:10194000648006F054FADCB1DBF80800CDE90275DA
:1019500000900DF16A0022AB1E2100224FF0000A18
:1019600005F0A7FE1D2828DD06F041FADBF8083057
:1019700019A822AA00210097019505F08CFE15E018
:101980000DF16A0022AB1E210022CDE900754FF057
:10199000000A05F08EFE1D280FDD06F028FA19A8B2
:1019A00022AA00210097019505F075FEDDF864A0DC
:1019B0000446BAF1000F01D112E00446199F5A46BD
:1019C0003D193846294604F0ADFF47458046CDE92C
:1019D000056907D06000F1F741FD0446064620B9CD
:1019E00009F0B6FE0DF12B0600240DF11C09484646
:1019F000594600F00CFE08A809A9CDE900103846A8
:101A000041462A463346CDF8089007F037FD07983F
:101A100005F018FADDE908320598069F3146CDF841
:101A200000B0019705F08EFC054614B12046F1F791
:101A300044FDBAF1000F02D05046F1F73EFD2846B2
:101A400025B0BDE8F08F2DE9F04FA5B00020239020
:101A5000252093460E46229022A8526842F24C510D
:101A6000DDE92E750130C1F20201994604F018FF3C
:101A70000DF16A080446CDF8648006F0B8F9DCB1CF
:101A8000DBF80800CDE9027500900DF16A0022AB89
:101A90001E2100224FF0000A05F00BFE1D2828DD54
:101AA00006F0A5F9DBF8083019A822AA0021009752
:101AB000019505F0F0FD15E00DF16A0022AB1E2145
:101AC0000022CDE900754FF0000A05F0F2FD1D2857
:101AD0000FDD06F08CF919A822AA002100970195C4
:101AE00005F0D9FDDDF864A00446BAF1000F01D17C
:101AF00012E00446199F5A463D193846294604F01B
:101B000011FF47458046CDE9056907D06000F1F730
:101B1000A5FC0446064620B909F01AFE0DF12B0675
:101B200000240DF11C094846594600F070FD08A834
:101B300009A9CDE90010384641462A463346CDF87A
:101B4000089007F09BFC079805F07CF9DDE9083266
:101B50000598069F3146CDF800B0019705F0F2FBDD
:101B6000054614B12046F1F7A8FCBAF1000F02D0E7
:101B70005046F1F7A2FC284625B0BDE8F08F2DE9CC
:101B8000F04F03AF89B0002047F8283C47F82C1CE1
:101B900027F8140C2520A7F1180A536843F2920184
:101BA0001646D7F818B047F8180C0AF10100C1F230
:101BB0000201012204F044FE7068ADF11004C0F38C
:101BC0004028E94608F10D05A54606F010F982B057
:101BD0002046294600225346CDF800B005F069FDA5
:101BE00002B004EB000A20465146324604F09AFE49
:101BF00083461E2000EB480000F03800ADEB0005E6
:101C0000AD46A7F124084046314600F000FD84B0FF
:101C1000A7F12000A7F11C01CDE90010204659468C
:101C200052462B46CDF8088007F02AFB04B057F83F
:101C3000240C05F007F957E9083282B0009657F8EE
:101C40002C0C57F8286C2946019605F07BFB02B056
:101C5000CD46A7F10C04A546BDE8F08F2DE9F04F65
:101C600003AF89B0002047F8283C47F82C1C27F820
:101C7000140C2520A7F1180A536843F292019346E9
:101C8000BE6947F8180C0AF10100C1F202010022F6
:101C900004F0D6FDDBF80400ADF11004450A06207F
:101CA000E94660F35F05A54606F0A1F882B020463C
:101CB000294600225346009605F0FBFC02B0261888
:101CC000204631465A4604F02DFEADF118058246F5
:101CD000AD46A7F124084046594600F098FC84B070
:101CE000A7F12000A7F11C01CDE9001020465146C4
:101CF00032462B46CDF8088007F0C2FA04B057F8F8
:101D0000240C05F09FF857E9083282B057F82C0CE4
:101D100057F8286C2946CDF800B0019605F012FB63
:101D200002B0CD46A7F10C04A546BDE8F08F2DE921
:101D3000F04F03AF89B0002047F8283C47F82C1C2F
:101D400047F8140C2520A7F1180A536843F29101B3
:101D50009346D7E9066847F8180C0AF10100C1F26A
:101D60000201012204F06CFDDBF80400ADF118045F
:101D7000C0F34020E94600F11705A54606F037F804
:101D800082B020462946002253460096CDF80480B2
:101D900005F08FFC02B02618204631465A4604F062
:101DA000C1FDADF130058246AD46A7F1240840469D
:101DB000594600F02CFC84B0A7F12000A7F11C01CB
:101DC000CDE900102046514632462B46CDF808801A
:101DD00007F056FA04B057F8240C05F033F857E929
:101DE000083282B057F82C0C57F8286C2946CDF8E9
:101DF00000B0019605F0A6FA02B0CD46A7F10C049A
:101E0000A546BDE8F08F2DE9F04F03AF89B0002063
:101E100047F8283C47F82C1C47F8140C2520A7F15C
:101E2000180A536843F291019346D7E9066847F8C8
:101E3000180C0AF10100C1F20201002204F000FDB9
:101E4000DBF80400ADF11804C0F34020E94600F1CE
:101E50001705A54605F0CBFF82B020462946002293
:101E600053460096CDF8048005F023FC02B02618F6
:101E7000204631465A4604F055FDADF13005824604
:101E8000AD46A7F124084046594600F0C0FB84B097
:101E9000A7F12000A7F11C01CDE900102046514612
:101EA00032462B46CDF8088007F0EAF904B057F81F
:101EB000240C04F0C7FF57E9083282B057F82C0C05
:101EC00057F8286C2946CDF800B0019605F03AFA8B
:101ED00002B0CD46A7F10C04A546BDE8F08F2DE970
:101EE000F04F9FB00020289CADF8780047F2250005
:101EF0000493934603911D9005F079FF0DF1600A5C
:101F00001DAB504614210022009405F0D2FB0AEBD1
:101F100000048146504621465A4604F003FD05AFB1
:101F200006463846594600F072FB40F2FC31C2F2D8
:101F300002013846FCF78AFA05998046084604F003
:101F400081FFD8F800005146056B404622463B46CB
:101F5000A84707EB4903A6EB0A001A46A64218BF9A
:101F600007EB400203983946049FCDF800B0019773
:101F700005F052FA1FB0BDE8F08F0000F0B585B053
:101F80000C4611790A9FC90705D101688E6921465F
:101F90000097B04749E002AD2846114600F037FBF4
:101FA00040F26C51C2F202012846FCF74FFA029946
:101FB0000646084604F046FF3068002F0CBFC26991
:101FC000826902A8314690479DF80800049EC10727
:101FD00008BFAE1CC10707D120F001002844023021
:101FE000864207D120E000BFDDE9031000EB41018C
:101FF0008E4217D044B1D4E906023188904205D010
:1020000020F8021BA06109E0002407E02068426B71
:1020100020469047B0F1FF3008BF04469DF8080005
:102020000236D7E709F00AFC204605B0F0BD2DE9DD
:10203000F04FB3B000203190252092468B4630906F
:1020400030A8526843F29A01DDE93C750130C1F2D3
:102050000201994604F024FC0DF1A2080446CDF8D3
:102060009C8005F0C4FED4B1DAF80800CDE9027511
:1020700000900DF1A20030AB1E210022002605F0D9
:1020800018FB1D2824DD05F0B2FEDAF8083027A879
:1020900030AA00210097019505F0FDFA14E00DF13A
:1020A000A20030AB1E210022CDE90075002605F00C
:1020B00000FB1D280CDD05F09AFE27A830AA0021A0
:1020C0000097019505F0E7FA279E04460EB946E011
:1020D0000446279F52463D193846294604F022FC03
:1020E00047458046CDE9056908D0A000F1F7B6F96B
:1020F000A8B304465146DA46064604E05146DA469D
:102100000DF12A0600240DF11C0948468B4600F00B
:102110007EFA08A809A9CDE90010384641462A46AA
:102120003346CDF8089007F0E9FB079804F08AFEE3
:10213000DDE90832069F50463146CDF800B00197E0
:1021400005F06AF9054614B12046F1F7B6F905988D
:1021500008B1F1F7B2F9284633B0BDE8F08F09F0C5
:10216000F7FA2DE9F04FB3B00020319025209246C8
:102170008B46309030A8526842F24C51DDE93C75F4
:102180000130C1F20201994604F08AFB0DF1A20868
:102190000446CDF89C8005F02AFED4B1DAF8080098
:1021A000CDE9027500900DF1A20030AB1E21002296
:1021B000002605F07EFA1D2824DD05F018FEDAF869
:1021C000083027A830AA00210097019505F063FA8E
:1021D00014E00DF1A20030AB1E210022CDE9007504
:1021E000002605F066FA1D280CDD05F000FE27A884
:1021F00030AA00210097019505F04DFA279E04466C
:102200000EB946E00446279F52463D1938462946F6
:1022100004F088FB47458046CDE9056908D0A00059
:10222000F1F71CF9A8B304465146DA46064604E025
:102230005146DA460DF12A0600240DF11C094846E4
:102240008B4600F0E4F908A809A9CDE9001038464A
:1022500041462A463346CDF8089007F04FFB0798D1
:1022600004F0F0FDDDE90832069F50463146CDF816
:1022700000B0019705F0D0F8054614B12046F1F7FB
:102280001CF9059808B1F1F718F9284633B0BDE8F4
:10229000F08F09F05DFA2DE9F04F03AF89B000200F
:1022A00047F8283C47F82C1C27F8140C2520A7F1E8
:1022B000180A536843F292011646D7F818B047F847
:1022C000180C0AF10100C1F20201012204F0B8FA6F
:1022D0007068ADF11004C0F34028E94608F10D051F
:1022E000A54605F084FD82B02046294600225346CB
:1022F000CDF800B005F0DDF902B004EB000A20468D
:102300005146324604F00EFB8346352000EB880030
:1023100000F03800ADEB0005AD46A7F124084046BB
:10232000314600F074F984B0A7F12000A7F11C0138
:10233000CDE900102046594652462B46CDF808807C
:1023400007F0E0F904B057F8240C04F07BFD57E9DE
:10235000083282B0009657F82C0C57F8286C2946A2
:10236000019605F059F802B0CD46A7F10C04A54638
:10237000BDE8F08F2DE9F04F03AF89B0002047F89A
:10238000283C47F82C1C27F8140C2520A7F1180A24
:10239000536843F292019346BE6947F8180C0AF15C
:1023A0000100C1F20201002204F04AFADBF8040045
:1023B000ADF11004450A0620E94660F35F05A54625
:1023C00005F015FD82B020462946002253460096AE
:1023D00005F06FF902B02618204631465A4604F03F
:1023E000A1FAADF130058246AD46A7F1240840467A
:1023F000594600F00CF984B0A7F12000A7F11C01A8
:10240000CDE900102046514632462B46CDF80880D3
:1024100007F078F904B057F8240C04F013FD57E9DD
:10242000083282B057F82C0C57F8286C2946CDF8A2
:1024300000B0019604F0F0FF02B0CD46A7F10C0405
:10244000A546BDE8F08F2DE9F04F03AF89B000201D
:1024500047F8283C47F82C1C47F8140C2520A7F116
:10246000180A536843F291011646D7F818B047F896
:10247000180C0AF10100C1F20201012204F0E0F996
:102480007068ADF11804C0F34028E94608F117055B
:10249000A54605F0ACFC82B02946FD692046002225
:1024A0005346CDF800B0019505F003F902B004EBF6
:1024B000000A20465146324604F034FA83465D2035
:1024C00000EB880000F07800ADEB0005AD46A7F109
:1024D00024084046314600F09AF884B0A7F1200065
:1024E000A7F11C01CDE900102046594652462B4663
:1024F000CDF8088007F006F904B057F8240C04F072
:10250000A1FC57E9083282B0009657F82C0C57F816
:10251000286C2946019604F07FFF02B0CD46A7F152
:102520000C04A546BDE8F08F2DE9F04F03AF89B04C
:10253000002047F8283C47F82C1C47F8140C2520AD
:10254000A7F1180A536843F291011646D7F818B05C
:1025500047F8180C0AF10100C1F20201002204F050
:102560006FF97068ADF11804C0F34020E94600F13E
:10257000160800F11705A54605F039FC82B029467A
:10258000FD69204600225346CDF800B0019505F0C4
:1025900090F802B004EB000A20465146324604F09F
:1025A000C1F98346052000EB880000F07800ADEB10
:1025B0000005AD46A7F124084046314600F027F853
:1025C00084B0A7F12000A7F11C01CDE9001020463E
:1025D000594652462B46CDF8088007F093F804B0D0
:1025E00057F8240C04F02EFC57E9083282B000960C
:1025F00057F82C0C57F8286C2946019604F00CFF6C
:1026000002B0CD46A7F10C04A546BDE8F08F80B519
:102610001C3105F0A0FF80BD80B5039903F085FD56
:1026200080BD4FF0FF307047704780B5039903F0CD
:10263000CEFF80BD4FF0FF307047704780B50C3142
:1026400003F073FD80BD47F20841C7F2725101608B
:1026500065210171002141717047000010B50446E9
:102660000A2004F8010B04A120460522F0F761F9C5
:102670000020607110BD00BF66616C7365000000D2
:10268000007A7047407A704780B50C3103F04DFDF9
:1026900080BD10B50446082004F8020B43F2FA018D
:1026A000C1F2020120460422F1F7E9FD0020208159
:1026B00010BD0000B0B50446102009F0C1F8054671
:1026C0000920052123C404A128460522F1F7D7FDDE
:1026D00000206881B0BD00BF660061006C0073001F
:1026E000650000000089704740897047F0B581B0EF
:1026F0001C46DDE9065310460F46042621462A46AD
:10270000009604F0DFFF297849070BD401466428BE
:10271000B8BF01F26C714528B8BF00F5FA61A1F2AB
:102720006C70386001B0F0BD2DE9F04184B01D46F9
:1027300050F8083F17469A68884690470646007842
:102740000A9CC1070CBF40087068317BCA070CBFE8
:1027500049083169C84204D1206840F00400206073
:102760001CE00B98002106F11803009002913846F6
:1027700029463246019404F0F3F8D8F80010801B83
:102780000C2908BF002806D00B2907DC0C2805D12E
:1027900001F10C0000E00020C8F8000004B0BDE822
:1027A000F0812DE9F04385B01546064650F8082F14
:1027B000DDF830805269DDF834901C460F469047B2
:1027C000017811F00102D0E9013204BF421C4B082C
:1027D000D018CDF80080CDE90220304639462A468F
:1027E0002346CDF8049000F0E5F905B0BDE8F0838C
:1027F000B0B586B043F64D24C5F22534059444F6B1
:102800002504C2F23A54DDE90ACE049404AC04F182
:102810000805CDE90245CDE900CE00F0CBF906B0C0
:10282000B0BD2DE9F04184B002AE0546DDE90A876E
:102830000391304619461446FFF7E9FE40F2F431A1
:10284000C2F202013046FBF701FE02990646084635
:1028500004F0F8FA07F1140103AA28462346CDF83C
:1028600000800196FFF742FF039804B0BDE8F081B5
:10287000F0B581B00F680E461C4615466FB1D7E91A
:10288000030188420AD13868416A384688470130D6
:1028900006BF00273760376800E000275DB1D5E943
:1028A0000301884205D12868416A284688470130DB
:1028B00001D057B901E047B100253068069FD0E943
:1028C0000312914205D0087806E0206840F0060027
:1028D0003CE00168496A8847396800224B6AC1B206
:1028E00038469847252807D13768D7E90301884239
:1028F00006D00130F86009E0206840F0040025E0CF
:102900003868816A3846884737686FB1D7E903016C
:1029100088420AD13868416A38468847013006BF84
:1029200000273760376800E000275DB1D5E9030173
:10293000884205D12868416A28468847013001D07D
:102940000FB904E01FB9206840F00200206001B018
:10295000F0BD022070472DE9F04184B002AE05467B
:10296000DDE90A870391304619461446FFF74FFE0A
:1029700040F2F431C2F202013046FBF767FD0299E2
:102980000646084604F05EFA07F1180103AA284635
:102990002346CDF80080019600F062F8039804B059
:1029A000BDE8F0812DE9F04383B0164650F8082FBA
:1029B000DDF82C805268DDF828901D460C469047C3
:1029C000074600F5907300200290304629463A46AB
:1029D000CDF80080CDF8049003F0C2FFC01BB0F525
:1029E000907F13DA4AF6AB218010CAF6AA21484339
:1029F0004AF6AB21C2F6AA2180FB0112511001EB6D
:102A0000D27101EB4101A0EB8100206003B0BDE871
:102A1000F0832DE9F04184B002AE0546DDE90A8776
:102A20000391304619461446FFF7F1FD40F2F431A8
:102A3000C2F202013046FBF709FD0299064608463C
:102A400004F000FA07F1100103AA28462346CDF846
:102A500000800196FFF7A6FF039804B0BDE8F0815F
:102A60002DE9F04383B0164650F8082F0B9C1268EE
:102A7000DDF828901D4688469047074600F1A803D8
:102A800000200290304629463A460094CDF8049042
:102A900003F066FFC01BA72816DC4AF6AB218010A6
:102AA000CAF6AA2142F2934300FB01F2C9F249237C
:102AB00082FB033700FB0170811001EBD070C0EB8B
:102AC000C000101AC8F8000003B0BDE8F083000091
:102AD0002DE9F041069C984615460E4637686FB1C1
:102AE000D7E9030188420AD13868416A38468847E5
:102AF000013006BF00273760376800E000275DB16E
:102B0000D5E90301884205D12868416A28468847EB
:102B1000013001D01FB121E04FF00005F7B130685E
:102B2000D0E90312914201D0087802E00168496AB5
:102B3000884741B2002911D4A168C0B211F8200021
:102B4000C0070BD03068D0E90312914202D00131A6
:102B5000C160C3E70168896A8847BFE737686FB11A
:102B6000D7E9030188420AD13868416A3846884764
:102B7000013006BF00273760376800E0002765B1E5
:102B8000D5E90301884205D12868416A284688476B
:102B9000013002D02FB9BDE8F081002F18BFBDE889
:102BA000F081D8F8000040F00200C8F80000BDE84D
:102BB000F08100002DE9F04F87B006AE0C46DDE94C
:102BC0001289109F04903046194615460593FFF769
:102BD0001EFD40F2F431C2F2020130464E46FBF7D0
:102BE00035FC06998246084604F02CF90020C845B9
:102BF000386000F0FD8000BF64B1D4E90301884271
:102C000009D12068416A20468847B0F1FF3008BFEB
:102C1000044600E000245DB1D5E90301884205D1F6
:102C20002868416A28468847013001D02CB1DCE091
:102C3000002C4FF0000500F0D880DAF8000098F87A
:102C40000010436A504600229847252822D108F1F7
:102C5000010BB34500F0C980DAF800009BF80010C2
:102C6000436A504600224FF000099847074645281E
:102C700001D0302F1FD108F10200B04200F0B58022
:102C8000DAF800200178536A504600229847B94686
:102C9000074611E098F90010002906D4DAF8080078
:102CA000C9B210F82110C90719D1D4E9030188422B
:102CB00028D000782AE0C3460499059B08682A4674
:102CC000466A10980090CDE90279119F0846214686
:102CD0000197B047139E04460BF1020838E008F153
:102CE000010100BF8E423BD091F90020002A39D467
:102CF000D2B210F8222008F10108D20701F1010137
:102D0000F0D131E02068416A20468847DAF80010A7
:102D1000CA68C1B250469047DAF8002098F800100F
:102D2000D268074650469047874206D1D4E903014E
:102D3000884206D00130E06007E01098042101606D
:102D400006E02068816A2046884708F1010800BF34
:102D5000B0454DD01098006800283FF44DAF47E0D3
:102D6000B04601E0884600BF64B1D4E9030188425F
:102D700009D12068416A20468847B0F1FF3008BF7A
:102D8000044600E000245DB1D5E90301884205D185
:102D90002868416A28468847013001D024B1D7E726
:102DA000002C4FF00005D3D0D4E90301884201D0B4
:102DB000007803E02068416A2046884741B2002934
:102DC000C6D4DAF80810C0B211F82000C007BFD08E
:102DD000D4E90301884203D00130E060C4E700BFBA
:102DE0002068816A20468847BEE710990420086061
:102DF00064B1D4E90301884209D12068416A2046C0
:102E00008847B0F1FF3008BF044600E000249DB1C0
:102E1000D5E90301884205D12868416A28468847D8
:102E2000013009D024B11099086840F00200086010
:102E3000204607B0BDE8F08F002CF9D1F3E7000081
:102E40002DE9F04F89B0DDF848808246002004AEBD
:102E50000D46149C0891C8F80000304619461F46DC
:102E60009146FFF7D4FB40F2F431C2F20201304642
:102E7000FBF7ECFA04998346084603F0E3FFA4F15C
:102E80004100382800F27180139CDFE810F0450003
:102E9000390079007E007900900079009A00A7003F
:102EA000790079007900BB00790079007900790018
:102EB000CE00D800EB00790079007900F800FD0021
:102EC000790079007900790079007900790045006E
:102ED00039000D0151005100790079003900790065
:102EE00021017900790033016500790045017900FD
:102EF000510179006500790079006B01840190012E
:102F000004F1100108AA50464B46CDF80080CDF8D8
:102F100004B0FFF747FD3AE104F1180108AA504652
:102F20004B46CDF80080CDF804B0FFF799FD2EE1B7
:102F3000022708A8494642465B46009704F0C2FBB8
:102F4000D8F80010421E1E2A00F21D8111F0040262
:102F500040F01981E0601AE108A950464A4643460C
:102F6000CDF800B0FFF7B4FD11E1252C08D108A978
:102F700050464A464346CDF800B0FFF779FC06E1DB
:102F8000D8F8000040F00400FFE040F2F71042F6ED
:102F90006D51C1F20050C6F22541084445F6251195
:102FA000C2F22D5101F50531CDE9041064E042F67D
:102FB0006D50C6F22540059045F62510C2F22D5001
:102FC00059E0022708A8494642465B46009704F0AC
:102FD00079FBD8F8001017280EDDD4E0022708A8E6
:102FE000494642465B46009704F06CFBD8F8001057
:102FF000421E0B2A00F2C78011F0040240F0C38089
:10300000A060C4E0022708A8494642465B460097F4
:1030100004F058FBD8F800103B2800F3B48011F0FE
:10302000040240F0B0806060B1E04D208DF81400E3
:1030300044F62500C2F23A500490701D85E0022744
:1030400008A8494642465B46009704F03BFBD8F887
:1030500000103C2800F3978011F0040240F09380A8
:10306000206094E043F64D20C5F22530059044F6EB
:103070002500C2F23A50049006F1080065E050467F
:1030800050F8081F896913E0042708A849464246FA
:103090005B46009704F016FB98F8001049075CBFE8
:1030A000A0F26C70606172E0504650F8081FC96869
:1030B00088470278466812F001038368089904BFC4
:1030C000431C56089819CDE901430390504641E04E
:1030D000032708A8494642465B46009704F0F2FAE7
:1030E000D8F80010B0F5B77F4DDA11F004024AD1DC
:1030F000E0614CE0022708A8494642465B4600973B
:1031000004F0E0FAD8F800100C283CDC11F00402BE
:1031100039D1013820613AE004F1080108AA50468B
:103120004B46CDF80080CDF804B0FFF7FDFA2EE055
:1031300025A125484A68CDE904020889897AADF8B5
:1031400018008DF81A1006F10B00CDE90146039026
:10315000504629464A463B46CDF80080FFF72AFDF7
:10316000089014E0012708A8494642465B460097AC
:1031700004F0A8FAD8F80010062804DC11F00402C4
:1031800001D1A06103E041F00400C8F800000898F4
:1031900009B0BDE8F08FDAF80000294646695046CC
:1031A0004A463B46CDF800800194B047F0E704F171
:1031B000140108AA50464B46CDF80080CDF804B063
:1031C000FFF794FAE3E700BF25493A254D3A255326
:1031D00020257000F0B581B01C46DDE9065310468D
:1031E0000F46042621462A46009604F05BFB297808
:1031F00049070BD401466428B8BF01F26C71452819
:10320000B8BF00F5FA61A1F26C70386001B0F0BD92
:103210002DE9F04184B01D4650F8083F17469A68E2
:1032200088469047064600780A9CC1070CBF4008B4
:103230007068317BCA070CBF49083169C84204D1A4
:10324000206840F0040020601CE00B98002106F18B
:10325000180300900291384629463246019403F043
:10326000B5FCD8F80010801B0C2908BF002806D038
:103270000B2907DC0C2805D101F10C0000E000202F
:10328000C8F8000004B0BDE8F0812DE9F04385B036
:103290001546064650F8082FDDF830805269DDF8F3
:1032A00034901C460F469047017811F00102D0E996
:1032B000013204BF821C4B0802EB4300CDF80080B2
:1032C000CDE90220304639462A462346CDF80490FF
:1032D00000F0E4F905B0BDE8F083F0B589B040F640
:1032E0003854C1F2020494E8E000E468DDE90ECE4F
:1032F000089405AC059504F1100506960797CDE9ED
:103300000245CDE900CE00F0C9F909B0F0BD2DE9C4
:10331000F04184B002AE0546DDE90A8703913046EC
:1033200019461446FFF773F940F2FC31C2F202016C
:103330003046FBF78BF802990646084603F082FDFB
:1033400007F1140103AA28462346CDF80080019610
:10335000FFF740FF039804B0BDE8F081F0B581B0FD
:103360000F680E461C4615466FB1D7E90301884227
:103370000AD13868416A38468847013006BF0027BD
:103380003760376800E000275DB1D5E90301884266
:1033900005D12868416A28468847013001D057B9CD
:1033A00001E047B100253068069FD0E90312914241
:1033B00005D0088806E0206840F006003CE001687F
:1033C000496A8847396800224B6B81B23846984772
:1033D000252807D13768D7E90301884206D0023093
:1033E000F86009E0206840F0040025E03868816A50
:1033F0003846884737686FB1D7E9030188420AD158
:103400003868416A38468847013006BF0027376070
:10341000376800E000275DB1D5E90301884205D196
:103420002868416A28468847013001D00FB904E076
:103430001FB9206840F00200206001B0F0BD0220FA
:1034400070472DE9F04184B002AE0546DDE90A87F8
:103450000391304619461446FFF7D9F840F2FC3183
:10346000C2F202013046FAF7F1FF02990646084619
:1034700003F0E8FC07F1180103AA28462346CDF81B
:103480000080019600F062F8039804B0BDE8F08176
:103490002DE9F04383B0164650F8082FDDF82C8054
:1034A0005268DDF828901D460C469047074600F507
:1034B000907300200290304629463A46CDF80080AD
:1034C000CDF8049003F082FBC01BB0F5907F13DAB7
:1034D0004AF6AB218010CAF6AA2148434AF6AB212E
:1034E000C2F6AA2180FB0112511001EBD27101EB4F
:1034F0004101A0EB8100206003B0BDE8F0832DE91D
:10350000F04184B002AE0546DDE90A8703913046FA
:1035100019461446FFF77BF840F2FC31C2F2020173
:103520003046FAF793FF02990646084603F08AFCF4
:1035300007F1100103AA28462346CDF80080019622
:10354000FFF7A6FF039804B0BDE8F0812DE9F04332
:1035500083B0164650F8082F0B9C1268DDF82890AF
:103560001D4688469047074600F1A80300200290B8
:10357000304629463A460094CDF8049003F026FBE5
:10358000C01BA72816DC4AF6AB218010CAF6AA2178
:1035900042F2934300FB01F2C9F2492382FB033755
:1035A00000FB0170811001EBD070C0EBC000101A5D
:1035B000C8F8000003B0BDE8F08300002DE9F04139
:1035C000069F984615460E4634686CB1D4E903014F
:1035D00088420AD12068416A20468847013006BFE8
:1035E00000243460346800E000245DB1D5E90301B3
:1035F000884205D12868416A28468847013001D0B1
:103600001CB11FE04FF00005E4B13068D0E90312AF
:10361000914201D0088802E00168496A8847396808
:1036200082B2CB6838460121984758B13068D0E95A
:103630000312914202D00231C160C5E70168896A74
:103640008847C1E734686CB1D4E9030188420AD1E4
:103650002068416A20468847013006BF0024346054
:10366000346800E0002465B1D5E90301884205D142
:103670002868416A28468847013002D02CB9BDE845
:10368000F081002C18BFBDE8F081D8F8000040F0B0
:103690000200C8F80000BDE8F08100002DE9F04FFD
:1036A00087B006AE0C46DDE9128A109F04903046C2
:1036B000194615460593FEF7AAFF40F2FC31C2F207
:1036C00002013046FAF7C2FE06990646084603F0A4
:1036D000B9FB0020D045386000F0EB8064B1D4E93C
:1036E0000301884209D12068416A20468847B0F129
:1036F000FF3008BF044600E000245DB1D5E90301B6
:10370000884205D12868416A28468847013001D09F
:103710002CB1CBE0002C4FF0000500F0C7803068E2
:10372000B8F80010436B304600229847252821D175
:1037300008F1020BD34500F0B9803068BBF80010E7
:10374000436B304600224FF0000998470746452852
:1037500001D0302F2CD108F10400504500F0A68094
:1037600032680188536B304600229847B9460746B5
:103770001FE000BF3068B8F80020C3683046012160
:10378000984778B108F10207BA4525D0306837F874
:10379000022BC3683046012198470028F4D1A7F1D5
:1037A00002081BE0D4E90301884254D0008856E0A7
:1037B000C3460499059B08682A46D0F824C010988F
:1037C0000090CDE90279119F084621460197E04714
:1037D00004460BF1040861E0D04600BF64B1D4E9AF
:1037E0000301884209D12068416A20468847B0F128
:1037F000FF3008BF044600E000245DB1D5E90301B5
:10380000884205D12868416A28468847013001D09E
:1038100024B143E0002C4FF000053FD0D4E9030170
:10382000884201D0008803E02068416A204688472A
:10383000316882B2CB6830460121984770B3D4E931
:103840000301884202D00230E060C7E72068816A45
:1038500020468847C2E72068416A20468847316889
:10386000CA6981B2304690473268B8F80010D26910
:10387000074630469047874206D1D4E90301884283
:1038800006D00230E06007E010980421016005E0F6
:103890002068816A2046884708F10208D04508D090
:1038A0001098006800283FF419AF02E01099042036
:1038B000086064B1D4E90301884209D12068416AF3
:1038C00020468847B0F1FF3008BF044600E00024DE
:1038D0009DB1D5E90301884205D12868416A28468F
:1038E0008847013009D024B11099086840F00200DF
:1038F0000860204607B0BDE8F08F002CF9D1F3E74F
:103900002DE9F04F8BB0DDF850808246002004AEE8
:103910000D46169C0A91C8F80000304619461F460D
:103920009146FEF774FE40F2FC31C2F202013046CD
:10393000FAF78CFD04998346084603F083FAA4F154
:103940004100382800F27180159CDFE810F0450036
:10395000390079007E0079008300790088009500A5
:10396000790079007900A90079007900790079005F
:10397000BC00CA00DD00790079007900ED00F2009A
:1039800079007900790079007900790079004500A3
:1039900039000201510051007900790039007900A5
:1039A0001701790079002901650079003B01790050
:1039B00047017900650079007900690182018E0173
:1039C00004F110010AAA50464B46CDF80080CDF80C
:1039D00004B0FFF75DFD38E104F118010AAA504672
:1039E0004B46CDF80080CDF804B0FFF7AFFD2CE1D9
:1039F00002270AA8494642465B46009703F052FF59
:103A0000D8F80010421E1E2A00F21B8111F0040299
:103A100040F01781E06018E10AA950464A46434643
:103A2000CDF800B0FFF7CAFD0FE1252C08D10AA997
:103A300050464A464346CDF800B0FFF78FFC04E1FC
:103A4000D8F8000040F00400FDE040F61850C1F244
:103A500002005DE040F62850C1F2020058E0022763
:103A60000AA8494642465B46009703F01BFFD8F878
:103A7000001017280EDDE4E002270AA84946424656
:103A80005B46009703F00EFFD8F80010421E0B2A89
:103A900000F2D78011F0040240F0D380A060D4E09F
:103AA00002270AA8494642465B46009703F0FAFE01
:103AB000D8F800103B2800F3C48011F0040240F055
:103AC000C0806060C1E04EF63030C1F20100D0E944
:103AD000001200890491ADF8180006F10A00059261
:103AE00020E002270AA8494642465B46009703F0B9
:103AF000D9FED8F800103C2800F3A38011F004028E
:103B000040F09F802060A0E040F63850C1F20200F3
:103B1000016842688368C068049105920693079023
:103B200006F1100001946FE0504650F8081F8969B3
:103B300013E004270AA8494642465B46009703F073
:103B4000B1FE98F8001049075CBFA0F26C7060618C
:103B50007BE0504650F8081FC968884702784668DD
:103B600012F0010383680A9904BF831C560803EB13
:103B70004600CDE901430390504649E003270AA8D7
:103B8000494642465B46009703F08CFED8F8001089
:103B9000B0F5B77F55DA11F0040252D1E06154E07C
:103BA00002270AA8494642465B46009703F07AFE80
:103BB000D8F800100C2844DC11F0040241D101387F
:103BC000206142E004F108010AAA50464B46CDF8B4
:103BD0000080CDF804B0FFF71BFB36E04EF618303E
:103BE000C1F2010090E80E00A646D0E9034C808A9D
:103BF0000DF1100B8BE81E00CDF820C0ADF82400AD
:103C000006F11600CDF804E0CDE9026050462946E1
:103C10004A463B46CDF80080FFF740FD0A9014E08D
:103C200001270AA8494642465B46009703F03AFE40
:103C3000D8F80010062804DC11F0040201D1A061BC
:103C400003E041F00400C8F800000A980BB0BDE89A
:103C5000F08FDAF800002946466950464A463B464E
:103C6000CDF800800194B047F0E704F114010AAAEE
:103C700050464B46CDF80080CDF804B0FFF7AAFAC5
:103C8000E3E7000070B59AB00C462099DDE91E30DC
:103C900025228DF8642000228DF865008DF86610CD
:103CA0008DF8672019B18DF865108DF866006846AB
:103CB00019AA6421F0F7A4FBD0B105466E4600BFF7
:103CC00044B1D4E906023178904205D0421CA26189
:103CD000017009E0002407E02068426B204690470D
:103CE000B0F1FF3008BF0446013D06F10106E7D1FF
:103CF00020461AB070BD000070B5B6B00C46DDE9C4
:103D00003A3104AD3C9E05F1C8020392083000919F
:103D100003AA29460196F9F7D3FA039EB54218D0B3
:103D200004AD00BF44B1D4E906022988904205D011
:103D300020F8021BA06109E0002407E02068426B24
:103D400020469047B0F1FF3008BF04460235AE422E
:103D5000E8D1204636B070BD2DE9F047A6B0DDE9C8
:103D60002E49259145F65B410CA8C1F2010108AF2F
:103D70000A900B9100F16405384621469A46904618
:103D8000FEF745FC40F2F431C2F202013846FAF780
:103D90005DFB0646002061688DF81F0009A80AAA8D
:103DA0000DF11F03CDE90019CDE90236CDE904205C
:103DB00025A8414652463B46069505F0E7FE78B3F6
:103DC000309D2878C00702D10020288003E0A86831
:103DD0000021017069609DF81F0040B130682D21FD
:103DE000C269304690470146284602F06CF93068B7
:103DF0003021C26930469047DDE90921571EB9429A
:103E00000BD24B1C9F4288BF3B4600BF0F788742B6
:103E100003D101318B42F9D11946284601F0B0FF98
:103E2000259D6DB1D5E9030188420AD12868416A10
:103E300028468847013006BF00252595259D00E0CE
:103E40000025B8F1000F1FD0D8E90301884206D140
:103E5000D8F80000416A40468847013014D02DB19F
:103E6000D9F8000040F00200C9F800000898259C2D
:103E700002F0E8FF0A9800210A9108B10B998847DF
:103E8000204626B0BDE8F087002DEFD1E8E700001E
:103E90002DE9F04FC5B0DDE94E49449145F65B414F
:103EA0002BA8C1F2010127AF29902A9100F16406E5
:103EB000384621469A469046FEF7A9FB40F2F43177
:103EC000C2F202013846FAF7C1FA054600206168DD
:103ED0008DF89B0028A829AA0DF19B03CDE90019B4
:103EE000CDE90235CDE9042044A8414652463B467F
:103EF000069605F04BFE00285AD043F29C00C1F212
:103F00000200D0E900120DF1900BCDE924120189D5
:103F1000807AADF898108DF89A0028680DF1860720
:103F2000046A0BF10A02284659463B46A047DDE9E0
:103F30002854281B632806DB0230EFF78FFA00288D
:103F40006FD0824603E00DF122004FF0000A9DF889
:103F50009B1011B12D2100F8011B509AAC4215D2D3
:103F600007F10A0125780023FE5CAE4204D001333C
:103F70000A2BF9D10B4600E03B44DB1B1BF8033056
:103F8000289E0134B44200F8013BEBD300210170BC
:103F900043F28701C1F202010DF12200EFF7A2FD09
:103FA00001283CD1BAF1000F02D05046EFF785FA54
:103FB000449D6DB1D5E9030188420AD12868416A60
:103FC00028468847013006BF00254495449D00E0FF
:103FD0000025B8F1000F1FD0D8E90301884206D1AF
:103FE000D8F80000416A40468847013014D02DB10E
:103FF000D9F8000040F00200C9F800002798449C5E
:1040000002F020FF29980021299108B12A998847B8
:10401000204645B0BDE8F08F002DEFD1E8E7EEF780
:10402000EDFB07F095FB00002DE9F047C0B0DDE99E
:1040300048493F9145F65B410DA8C1F2010109AF26
:104040000B900C9100F1C805384621469A469046DF
:10405000FEF7DDFA40F2FC31C2F202013846FAF70F
:10406000F5F90646002061688DF823000AA80BAA1E
:104070000DF12303CDE90019CDE90236CDE9042085
:104080003FA8414652463B46069506F003FA48B320
:104090004A9D2878C00703D100206880287003E07B
:1040A000A8680021018069609DF8230040B1306854
:1040B0002D21C26A304690470146284602F053FA45
:1040C00030683021C26A30469047DDE90A21931EEC
:1040D000994204D20F88874201D10231F8E728467D
:1040E00002F0DAF83F9D6DB1D5E9030188420AD1AB
:1040F0002868416A28468847013006BF00253F9559
:104100003F9D00E00025B8F1000F1FD0D8E9030162
:10411000884206D1D8F80000416A404688470130FD
:1041200014D02DB1D9F8000040F00200C9F8000009
:1041300009983F9C02F086FE0B9800210B9108B174
:104140000C998847204640B0BDE8F087002DEFD19C
:10415000E8E700002DE9F04FDFB0DDE968495E9146
:1041600045F65B412CA8C1F2010128AF2A902B91A2
:1041700000F1C806384621469A469046FEF747FAAF
:1041800040F2FC31C2F202013846FAF75FF9054607
:10419000002061688DF89F0029A82AAA0DF19F03CD
:1041A000CDE90019CDE90235CDE904205EA84146EC
:1041B00052463B46069606F06DF900285AD043F267
:1041C0009C00C1F20200D0E900120DF1940BCDE980
:1041D00025120189807AADF89C108DF89E00286820
:1041E00020AF046B0BF10A02284659463B46A04714
:1041F000DDE92954281BC52808DB022101EB50000A
:10420000EFF72CF900286ED0824602E007A84FF0A5
:10421000000A9DF89F1011B12D2100F8011B6A9A28
:10422000AC4216D207F1140125880023FE5AAE4293
:1042300004D00233142BF9D10B4600E03B44DB1BC6
:104240005B101BF80330299E0234B44200F8013B96
:10425000EAD30021017043F28701C1F2020107A8ED
:10426000EFF740FC01283CD1BAF1000F02D05046D4
:10427000EFF723F95E9D6DB1D5E9030188420AD1BC
:104280002868416A28468847013006BF00255E95A8
:104290005E9D00E00025B8F1000F1FD0D8E90301B2
:1042A000884206D1D8F80000416A4046884701306C
:1042B00014D02DB1D9F8000040F00200C9F8000078
:1042C00028985E9C02F0BEFD2A9800212A9108B130
:1042D0002B99884720465FB0BDE8F08F002DEFD1C5
:1042E000E8E7EEF78BFA07F033FA2DE9F04FB5B0B7
:1042F00034AE3F9C0F46304619469B461546FEF7A6
:1043000086F940F2F431C2F202013046FAF79EF823
:104310002178CDE90B07CA0703D102290FD3621C0C
:1043200002E0616859B1A26801681678CA692D2156
:104330009047301AB0FA80F04FEA501A01E04FF07F
:10434000000A00203190CDE92F00CDE92D00CDE904
:104350002B00CDE9290028A82CAE2FAB0DF1CA0106
:104360000DF1CB0229AFCDE90021CDE90236059050
:1043700034AA33AB28465146049700F0D0FE94F897
:10438000009019F0010707D1DDF8A080B8EB590FB4
:1043900019DA4FEA590004E06068DDF8A080404572
:1043A00011DD9DF8A410A0EB08022A98CB0708BFE6
:1043B00048089DF8B0302D9908EB4202DE0708BF8F
:1043C000590801320DE09DF8A4102A98CA0708BFC9
:1043D00048089DF8B0202D99D30708BF510808F16F
:1043E000020210440844652806D3EFF737F8002886
:1043F00051D00546064601E00FAE0025D4E9010183
:10440000DBF80430002F04BF611C4FEA59002CAFC9
:104410000844089729AFCDE90978CDE900100B9839
:104420009DF8CB20CDE9020A33A804A99DF8CA4023
:1044300015C10EA90DAA30462FAF079700F0F4FE64
:10444000DDE90D320C983E9F3146CDF800B0019762
:1044500002F078FF044615B12846EFF72EF89DF8D4
:10446000A400C00702D02B9807F0E8F99DF8B0002F
:10447000C00702D02E9807F0E1F99DF8BC00C007F4
:1044800002D0319807F0DAF9349802F0DBFC2046CC
:1044900035B0BDE8F08F07F05BF92DE9F04FEBB0D8
:1044A0009146DDE9764643F28B020D4652A8C1F2F1
:1044B000020264211F46519000940196EFF7EEF836
:1044C00064280E9519D303F092FC43F28B02C1F2DB
:1044D000020251A800210094019603F0DCF8519EDD
:1044E000002E00F0D6808046EEF7B8FF002800F0DE
:1044F000D080054601460F9004E08046002038AD8C
:104500000F90002637AC204639460D97FEF77FF80E
:1045100040F2F431C2F202012046F9F797FF8346D8
:1045200000685199076A01EB080258462B46B847C4
:10453000B8F1000F4FF000000C9506D051990978A2
:104540002D39B1FA81F14D0900E000253490CDE913
:104550003200CDE93000CDE92E00CDE92C002BA8AA
:104560002FAC32AB0DF1D6010DF1D7022CAFCDE956
:104570000021CDE90234059037AA36AB48462946DA
:10458000049700F0CCFDDDF8ACA0D04511DD9DF81E
:10459000B0102D98CB07A8EB0A0208BF48089DF879
:1045A000BC3030990AEB4202DF0708BF59080132DC
:1045B0000DE09DF8B0102D98CA0708BF48089DF877
:1045C000BC203099D30708BF51080AF102021044F9
:1045D000084465280B9607D3EEF740FF002858D013
:1045E0008146AC46074603E0AC4612AF4FF00009E7
:1045F0000D9D0C9E6B689DF8D7009DF8D61006EBBC
:10460000080208942CACCDE9094ACDE9006236AA2B
:10461000CDE902BCCDE90420069111A910AA3846C3
:1046200032AE079600F000FEDDE910320E983946F2
:10463000749F0095019702F085FEB9F1000F0446C2
:1046400002D04846EEF739FF9DF8B0000B9DC00739
:1046500002D02E9807F0F2F89DF8BC00C00702D0F7
:10466000319807F0EBF89DF8C800C00702D03498E5
:1046700007F0E4F8379802F0E5FB0F9808B1EEF781
:104680001CFF15B12846EEF718FF20466BB0BDE8B9
:10469000F08F07F05DF82DE9F04FCFB04EAE599C8A
:1046A0000F46304619469B461546FDF7B0FF40F2CF
:1046B000FC31C2F202013046F9F7C8FE2178CDE99B
:1046C0000C07CA0703D102290FD3A21C02E06168BC
:1046D00059B1A26801681688CA6A2D219047301A1C
:1046E000B0FA80F04FEA501A01E04FF0000A0020C3
:1046F0004B90CDE94900CDE94700CDE94500CDE932
:10470000430042A846AE49AB4CA90DF5997243AFA0
:10471000CDE90021CDE9023605904EAA4DAB2846E1
:104720005146049700F0FAFE94F8009019F0010742
:1047300007D1DDF80881B8EB590F19DA4FEA5900B3
:1047400004E06068DDF80881404511DD9DF80C113A
:10475000A0EB08024498CB0708BF48089DF8183121
:10476000479908EB4202DE0708BF590801320DE005
:104770009DF80C114498CA0708BF48089DF81821F5
:104780004799D30708BF510808F1020210440844B2
:10479000652807D34000EEF761FE002852D0054699
:1047A000064601E010AE0025D4E90101DBF8043033
:1047B000002F04BFA11C4FEA590046AF01EB400097
:1047C000089743AFCDE90978CDE900100C98BDF802
:1047D0003221CDE9020A4DA804A9BDF8304115C126
:1047E0000FA90EAA304649AF079700F01BFFDDE97D
:1047F0000E320D98589F3146CDF800B0019702F067
:104800000BFE044615B12846EEF757FE9DF80C0145
:10481000C00702D0459807F011F89DF81801C007AD
:1048200002D0489807F00AF89DF82401C00702D08A
:104830004B9807F003F84E9802F004FB20464FB067
:10484000BDE8F08F06F084FF2DE9F04FADF51D7D3A
:104850009146DDE9A84643F28B020D4684A8C1F2D9
:10486000020264211F46839000940196EEF716FF22
:1048700064280E951AD303F0BAFA43F28B02C1F200
:10488000020283A800210094019602F004FF839E97
:10489000002E00F0D88080464000EEF7DFFD0028B3
:1048A00000F0D180054601460F9004E080460020CC
:1048B00051AD0F90002650AC204639460D97FDF7BC
:1048C000A6FE40F2FC31C2F202012046F9F7BEFD1D
:1048D000834600688399076B01EB080258462B4614
:1048E000B847B8F1000F4FF000000C9506D083993F
:1048F00009782D39B1FA81F14D0900E000254D907C
:10490000CDE94B00CDE94900CDE94700CDE94500AF
:1049100044A848AC4BAB4EA90DF59D7245AFCDE90F
:104920000021CDE90234059050AA4FAB48462946F4
:10493000049700F0F3FDDDF810A1D04511DD9DF8DE
:1049400014114698CB07A8EB0A0208BF48089DF847
:10495000203149990AEB4202DF0708BF59080132AA
:104960000DE09DF814114698CA0708BF48089DF845
:1049700020214999D30708BF51080AF102021044C7
:10498000084465280B9608D34000EEF767FD002821
:1049900059D08146AC46074603E0AC4612AF4FF013
:1049A00000090D9D0C9E6B68BDF83A01BDF83811E9
:1049B00006EB4802089445ACCDE9094ACDE900620E
:1049C0004FAACDE902BCCDE90420069111A910AA95
:1049D00038464BAE079600F025FEDDE910320E9802
:1049E0003946A69F0095019702F016FDB9F1000F18
:1049F000044602D04846EEF760FD9DF814010B9D79
:104A0000C00702D0479806F019FF9DF82001C007A3
:104A100002D04A9806F012FF9DF82C01C00702D080
:104A20004D9806F00BFF509802F00CFA0F9808B161
:104A3000EEF743FD15B12846EEF73FFD20460DF594
:104A40001D7DBDE8F08F06F083FE10B50A4640F2EA
:104A500014510446C2F202011046F9F7F7FC01684E
:104A6000606289698847616AE0620A680846D269BB
:104A70009047E16A84F835000929B8BF10BD43F2B8
:104A80006100C1F2020002F0FDFF0121AFF30080DE
:104A90002DE9F04F89B0044690F83400884650B1B3
:104AA000206BB8F1000F6CD04FF0FF312163002173
:104AB00084F8341065E0D4F82CA00DF11C0BBAF189
:104AC000010FD8BF4FF0010A57465E46206AEEF745
:104AD00066FC411C53D0013F06F8010BF6D194F857
:104AE000350050B19DF81C008DF81B00B8F1000F87
:104AF0002DD09DF81B00206343E00DF11B0000F159
:104B0000010900BFD4E909010BEB0A0302680F6831
:104B1000D2F810C005AA4E6800920DF11B02CDE933
:104B200001295A4604AD0395E047012822D1A06A25
:104B3000BAF1080F0760466021D0206AEEF72FFC1B
:104B4000411C1CD00BF80A000AF1010ADAE7ABF1AC
:104B5000010500BFBAF1010F09DB15F80A00216A4F
:104B6000AAF1010AEEF71EFC0130F3D107E09DF82F
:104B70001B0006E0022802D00328B3D0B6E74FF0AE
:104B8000FF3009B0BDE8F08F2DE9F0418AB005464D
:104B900090F834000C4601312BD070B3286B0DF126
:104BA0001B028DF81B00D5E90901531C066808AFEC
:104BB000D6F80CC005AE07F108080DF11C0E8DE803
:104BC000C041E047411E022914D3032804D1286BB9
:104BD0008DF82000781C07900798B8420DD9411E27
:104BE000079110F8010C296AEEF7DCFB0130F3D1D4
:104BF00000E028B14FF0FF3409E001202C6304E00D
:104C00002C6BB4F1FF3018BF012085F8340020462A
:104C10000AB0BDE8F0810021FFF73ABF70B582B05D
:104C200015460E46044602F042FA4FF65C60C1F2A9
:104C30000100083020604FF0FF30A56220630020A3
:104C400001AD84F83400211D2846266203F083FC60
:104C500020682946826820469047284603F08EFC4B
:104C6000204602B070BD80B502F046FABDE8804033
:104C700006F0E4BD10B50A4640F21C510446C2F2EB
:104C800002011046F9F7E2FB016860628969884712
:104C9000616AE0620A680846D2699047E16A84F86E
:104CA00035000929B8BF10BD43F26100C1F202000E
:104CB00002F0E8FE012100F001B800002DE9F04FFC
:104CC00089B0044690F83400884650B1206BB8F1A2
:104CD000000F6CD04FF0FF312163002184F83410B5
:104CE00065E0D4F82CA00DF11C0BBAF1010FD8BF70
:104CF0004FF0010A57465E46206AEEF750FB411C12
:104D000053D0013F06F8010BF6D194F8350050B1AD
:104D10009DF81C00ADF81A00B8F1000F2DD0BDF8B9
:104D20001A00206343E00DF11A0000F1020900BFF0
:104D3000D4E909010BEB0A0302680F68D2F810C02E
:104D400005AA4E6800920DF11A02CDE901295A46D2
:104D500004AD0395E047012822D1A06ABAF1080FFB
:104D60000760466021D0206AEEF719FB411C1CD079
:104D70000BF80A000AF1010ADAE7ABF1010500BFFE
:104D8000BAF1010F09DB15F80A00216AAAF1010A3C
:104D9000EEF708FB0130F3D107E0BDF81A0006E09A
:104DA000022802D00328B3D0B6E74FF0FF3009B095
:104DB000BDE8F08F2DE9F0418AB0054690F8340047
:104DC0000C4601312BD070B3286B0DF11A02ADF8EF
:104DD0001A00D5E90901931C066808AFD6F80CC083
:104DE00005AE07F108080DF11C0E8DE8C041E04743
:104DF000411E022914D3032804D1286B8DF820000A
:104E0000781C07900798B8420DD9411E079110F8F9
:104E1000010C296AEEF7C6FA0130F3D100E028B19F
:104E20004FF0FF3409E001202C6304E02C6BB4F157
:104E3000FF3018BF012085F8340020460AB0BDE8D5
:104E4000F0810021FFF73ABF70B582B015460E46DB
:104E5000044602F0F0F94FF69C60C1F20100083000
:104E600020604FF0FF30A5622063002001AD84F880
:104E70003400211D2846266203F06DFB2068294678
:104E8000826820469047284603F078FB204602B00F
:104E900070BD80B502F0F4F9BDE8804006F0CEBCEC
:104EA00080B5AFF30080BDE8804006F0C7BC01F0DC
:104EB000D5BF80B5AFF30080BDE8804006F0BEBC32
:104EC00001F0CCBF80B5AFF30080BDE8804006F0B4
:104ED000B5BC01F0C3BF80B5AFF30080BDE8804032
:104EE00006F0ACBC01F0BABF10B50446006800B1D2
:104EF00010BD01202060084690474FF0FF30206031
:104F000010BD2DE9F04F83B0DDF84080DDE90E944F
:104F1000DDE90CA7002808469B46164607BF40F26D
:104F20002821C2F2020140F23021C2F20201F9F757
:104F30008DFA05460068C16A28468847010E307020
:104F4000F170010C000AB170707028682946026A7D
:104F50006846904798F80000C00703D0D8F80800CA
:104F600006F06CFC00980199029AC8F80000C8F895
:104F70000410C8F8082028682946C2696846904786
:104F80002078C00702D0A06806F058FC009801996C
:104F9000029A20606160A2602868C168284688473C
:104FA0008BF8000028680169284688478AF80000C5
:104FB000286829464269684690473878C00702D079
:104FC000B86806F03BFC00980199029A3860796055
:104FD000BA602868294682696846904799F80000B7
:104FE000C00703D0D9F8080006F028FC0098019902
:104FF000029AC9F80000C9F80410C9F80820286806
:10500000416A284688471199086003B0BDE8F08FCF
:105010002DE9F04F83B0DDF84080DDE90E94DDE945
:105020000CA7002808469B46164607BF40F23821C9
:10503000C2F2020140F24021C2F20201F9F706FA7F
:1050400005460068C16A28468847010E3070F17035
:10505000010C000AB170707028682946026A68461F
:10506000904798F80000C00703D0D8F8080006F071
:10507000E5FB00980199029AC8F80000C8F80410EE
:10508000C8F8082028682946C269684690472078F1
:10509000C00702D0A06806F0D1FB00980199029ADF
:1050A00020606160A2602868C16828468847ABF824
:1050B00000002868016928468847AAF80000286887
:1050C00029464269684690473878C00702D0B868D8
:1050D00006F0B4FB00980199029A38607960BA60D2
:1050E0002868294682696846904799F80000C007F9
:1050F00003D0D9F8080006F0A1FB00980199029AA4
:10510000C9F80000C9F80410C9F808202868416AE5
:10511000284688471199086003B0BDE8F08F2DE953
:10512000F04F83B0DDF84080DDE90E79DDE90CBA9F
:10513000002810461D460E4619BF40F23021C2F22B
:10514000020140F22821C2F20201F9F77FF9044678
:10515000006866B1C16A20468847010E2870E97070
:10516000010C000AA97068702068026A0BE0816A6D
:1051700020468847010E2870E970010C000AA970CA
:1051800068702068C26968462146904798F8000018
:10519000C00703D0D8F8080006F050FB009801992A
:1051A000029AC8F80000C8F80410C8F8082020685F
:1051B000C168204688478BF80000206801692046B6
:1051C00088478AF80000206821464269684690476F
:1051D0003878C00702D0B86806F030FB0098019913
:1051E000029A38607960BA60206821468269684610
:1051F000904799F80000C00703D0D9F8080006F0DE
:105200001DFB00980199029AC9F80000C9F8041022
:10521000C9F808202068416A20468847119908602B
:1052200003B0BDE8F08F00002DE9F04F89B08A4649
:105230001C99154600902860481EDDE918C80590A5
:105240004FF00000C8BF0120DDE91A24049008F1E6
:105250000100039003F40070169EDDE91297089098
:10526000501C0290601C4FF0000B01930690CDF88B
:105270001CA000BF16F80B00042800F22381DFE811
:1052800000F00307132128002868CAF8000019E17C
:1052900014982A680168CAF80020CA69202190473A
:1052A000DDF860C0296877E01A980078C10757D107
:1052B0000899002900F006810228C0F003810299B4
:1052C000470857E02078C1075FD10228069861D2CD
:1052D000F8E01598D5F800E0002818BF09F1010999
:1052E000B94548460FD214988168484690F9002085
:1052F000002A08D4D2B211F82220520603D5013078
:105300008742F3D138461C99012949DB484549D9E0
:1053100007460EF1010217F8011D2A601C9A8EF84B
:105320000010022A43DBDDE9041A4F4541D9023857
:10533000DDF814A0024600BF2F685346791C12F80E
:1053400001492960BAF1010A4FF00001C8BF0121EB
:10535000022B3C7002DB48451046EDD8571C28E074
:105360000898002800F0AE801A984768002F00F0D7
:10537000A58081682C683A462046EEF7A2FFE01926
:105380001B9CDDF860C0286099E06068002800F090
:105390009980A068296800784A1C2A60087091E00A
:1053A000074626E0DDF870A07446074603E0DDE915
:1053B000041A744639B114980168CA6930219047BB
:1053C000DDF860C000E00020BAF1010F09DB0AF14E
:1053D000010100BF2A680139531C01292B6010709C
:1053E000F8DC2868DDF81CA0411C29601799A64646
:1053F00001704F4507D098F80000C10711D102286D
:10540000039813D214E0149874460168CA693021D5
:1054100090472968DDF860C04A1CA6462A600870DB
:1054200034E0D8F8040018B1D8F80800007801E09A
:105430004FF0FF300021002282421DD12A68013145
:10544000531C2B6082F800C098F80020D30707D1C6
:10545000B1EB520F0FD208EB0100407807E000BF1C
:10546000D8F80420914206D2D8F80800405CFF2802
:1054700008BF4FF0FF3000222B6817F8014D5E1C6B
:10548000B94502F101022E601C70D5D1286886450D
:1054900014D001381B9C169E139F704512D90EF133
:1054A000010100BF027811F8013C01F8012C00F85D
:1054B0000139814201F10101F4D303E01B9C169EE6
:1054C000139F00BF0BF1010BBBF1040F7FF4D2AEB1
:1054D0002078C10703D1032811D9400804E060688F
:1054E00001280CD9A16806912E68471E05D00698A0
:1054F0003A46411C3046EEF7E4FEF0192860019868
:1055000000F0B000102806D0202801D1286800E063
:105510000098CAF8000009B0BDE8F08F2DE9F04FFF
:1055200083B0DDF84080DDE90E79DDE90CBA0028B2
:1055300010461D460E4619BF40F24021C2F202013C
:1055400040F23821C2F20201F8F780FF04460068F9
:1055500066B1C16A20468847010E2870E970010CC7
:10556000000AA97068702068026A0BE0816A204610
:105570008847010E2870E970010C000AA970687054
:105580002068C26968462146904798F80000C00725
:1055900003D0D8F8080006F051F900980199029A52
:1055A000C8F80000C8F80410C8F808202068C168CE
:1055B00020468847ABF800002068016920468847EC
:1055C000AAF800002068214642696846904738786A
:1055D000C00702D0B86806F031F900980199029A24
:1055E00038607960BA6020682146826968469047D1
:1055F00099F80000C00703D0D9F8080006F01EF99A
:1056000000980199029AC9F80000C9F80410C9F875
:1056100008202068416A204688471199086003B035
:10562000BDE8F08F2DE9F04F89B0DDE919970190C1
:10563000106009F101001B9C049003F40070169E99
:10564000DDF850B0DDF848800690B81C1546039090
:10565000A01C4FF0000A08910293059016F80A006A
:10566000042800F27680DFE800F00307121D240012
:105670002868089908606CE02868089ADBF8001030
:105680001060CA6A584620219047169E5DE038781F
:10569000C10742D1069900295BD0022859D303994A
:1056A00040083FE02078C1074BD1022805984BD233
:1056B0004FE02868139C07901598002818BF08F140
:1056C0000208A04547460CD2474600BFDBF8000061
:1056D0003A88C36858464021984710B10237A7421C
:1056E000F4D31C98012851DB474539D92868BA1EE4
:1056F0001C9C114631F80279234620F8027B022CCB
:10570000A4F1010402DB42450A46F3D8022B01F161
:105710000207286025DA002029E00698C8B17868D9
:10572000B8B1B96801EB40002F68441A03D038467D
:105730002246EEF7C6FD3819DDE91A74169E286078
:1057400007E0606828B1A0680088296821F8020B8A
:1057500029600AF1010ABAF1040F7FF47FAF7BE000
:105760001C9CDBF800003021C26A5846904729682B
:10577000012C07DB621C00BF013A012A21F8020B51
:10578000FADC2960179821F8020B2960474509D0F7
:1057900099F80000C10710D102280498DDF860C014
:1057A00012D213E0DBF800003021C26A584690475D
:1057B000296821F8020B296035E0D9F80400DDF8EA
:1057C00060C018B1D9F80800007801E04FF0FF3050
:1057D000002100232E6883421AD126F802CB2E60C6
:1057E00099F800300131DC0706D1B1EB530F0ED22E
:1057F00009EB0100407806E0D9F80430994206D25E
:10580000D9F80800405CFF2808BF4FF0FF300023A4
:1058100037F8024D324622F8024BB84503F1010336
:105820002A60D7D1B11C079ADDE91A74169E8A4204
:105830003FF48FAF881E90427FF68BAF911C00BF64
:10584000028831F8023C21F8022C20F8023981420A
:1058500001F10201F4D37CE72078C10703D10328CA
:1058600014D9400804E0606801280FD9A1680591A7
:105870006FF001012E6801EB40072FB105983A4601
:10588000811C3046EEF71DFDF0192860029800F0EB
:10589000B000102806D0202801D1286800E0019827
:1058A0000899086009B0BDE8F08F00002DE9F043C9
:1058B00085B003AD044605F108080DF1080900BFE5
:1058C000606AA16A0268434657692A46CDF800908B
:1058D000B84707460298236A461B284601213246EC
:1058E000EDF744FDB04203D1012FE9D0022F02D1E0
:1058F0004FF0FF3006E0206AEDF721FD002818BFC9
:105900004FF0FF3005B0BDE8F083B0B50446006845
:105910000D4682692046904740F21451C2F20201BE
:105920002846F8F793FD01686062C969884784F8E2
:105930002C00B0BDF0B581B0054690F82C0014469F
:105940000F4640B12B6A38460121224601B0BDE81E
:10595000F040EDF70BBD0026012C0ADB2868B95D8D
:10596000426B28469047013003D00136B442F5D14E
:105970002646304601B0F0BD2DE9F04F89B089468A
:10598000013111D0054690F82C008DF81B9070B1B4
:105990002B6A0DF11B0001210122EDF7E7FC012824
:1059A00018BF4FF0FF3937E04FF0000934E00DF138
:1059B0001C0B0DF11B0707F101080BF1080ACDF8CC
:1059C00014B000BF686AA96A02684346D46804AA92
:1059D000CDE9002B3A4605AECDF808A00396A047C6
:1059E0000499B94216D0044602280ED205982B6AB3
:1059F000A0EB0B07584601213A46EDF7B7FCB84239
:105A000008D1049F012CDDD006E0032C02D12B6AC3
:105A10003846C0E74FF0FF39484609B0BDE8F08F7F
:105A2000F0B581B015460E46044601F040FB4FF636
:105A3000BC70C1F20100083026626E462060211D54
:105A4000304602F088FD40F21451C2F20201F8F72C
:105A5000FDFC0746304602F091FD38686762A5629A
:105A6000C169384688470146204684F82C1001B0A9
:105A7000F0BD80B501F040FBBDE8804005F0DEBE22
:105A80002DE9F04385B003AD044605F108080DF19A
:105A9000080900BF606AA16A0268434657692A463E
:105AA000CDF80090B84707460298236A461B28465F
:105AB00001213246EDF75AFCB04203D1012FE9D063
:105AC000022F02D14FF0FF3006E0206AEDF737FCDD
:105AD000002818BF4FF0FF3005B0BDE8F083B0B527
:105AE000044600680D4682692046904740F21C51EA
:105AF000C2F202012846F8F7A9FC01686062C96990
:105B0000884784F82C00B0BDF0B581B0054690F808
:105B10002C0014460F4640B12B6A3846022122461B
:105B200001B0BDE8F040EDF721BC0026012C0BDBF5
:105B3000286837F81610426B28469047013003D08A
:105B40000136B442F4D12646304601B0F0BD000023
:105B50002DE9F04F89B08946013111D0054690F802
:105B60002C00ADF81A9070B12B6A0DF11A000221C9
:105B70000122EDF7FBFB012818BF4FF0FF3938E099
:105B80004FF0000935E00DF11C0B0DF11A0707F17C
:105B900002080BF1080ACDF814B000BF686AA96AC0
:105BA00002684346D46804AACDE9002B3A4605AE04
:105BB000CDF808A00396A0470499B94217D004462F
:105BC00002280ED205982B6AA0EB0B07584601213C
:105BD0003A46EDF7CBFBB84209D1049F012CDDD04A
:105BE00007E0032C03D12B6A38460121C0E74FF0B0
:105BF000FF39484609B0BDE8F08FF0B581B01546D1
:105C00000E46044601F017FB4FF6FC70C1F201008E
:105C1000083026626E462060211D304602F09BFC53
:105C200040F21C51C2F20201F8F710FC0746304660
:105C300002F0A4FC38686762A562C16938468847EB
:105C40000146204684F82C1001B0F0BD80B501F06B
:105C500017FBBDE8804005F0F1BD704770B584B01A
:105C6000044600781546C2078C4604D10A2D13D984
:105C700043080A2106E0206820F00100411EA942E5
:105C80000CD2636800206A1A8DE829002046CDF8FE
:105C90000CC000F015F810E0661C00E0A66825B105
:105CA000304661462A46EEF70CFB002070552078FE
:105CB000C00712BF656068002070204604B070BD48
:105CC0002DE9F04F81B00D466FF01101491B914253
:105CD00054D304460078DDF828B0C0070CBF601C20
:105CE000A06800904FF6E670C7F6FF701F46854229
:105CF0000DD85019B0EB450F38BF680000F1100106
:105D000021F00F080B2838BF4FF00B0801E06FF0AF
:105D10001008DDF830A0404605F092FDBBF1000F01
:105D2000064604D0009930465A46ECF702FEDDF8EC
:105D30002C90BAF1000F05D00D9906EB0B005246DE
:105D4000ECF7F7FDA7EB0907B7EB0B0207D00099BB
:105D500006EB0B00594450444944ECF7EAFD0A2D88
:105D600002D0009805F06AFD48F0010007EB0A0137
:105D700043C40020705401B0BDE8F08FECF73EFD45
:105D80002DE9F04387B0814600780E461746C107DB
:105D9000A2EB060507D1002D7CD04FEA500809F18F
:105DA00001020A2109E0002D74D0D9E90008D9F8D0
:105DB000082020F001010139C0B2B2420DD842449E
:105DC000B2420AD915F1100F68D20A2D34D86800F2
:105DD0008DF8100004A8441C3BE0A1EB0802AA4285
:105DE0000DD205EB0800421A0020CDE9010048461B
:105DF0004346CDF8008000F013F999F80000C00781
:105E00000CBF09F10100D9F80800BE42404405D09A
:105E100016F8011BB74200F8011BF9D100210170EF
:105E200099F80000C00705EB080006BF400089F89C
:105E30000000C9F804002DE005F1100020F00F0863
:105E4000404605F0FDFC0446069008F10100CDE94E
:105E50000405BE4208D0204631462A46ECF769FDCB
:105E6000013D04F10104FBD1002020709DF81000D9
:105E700004AB10F00101DDE9052104BF591C420803
:105E8000484600F032F89DF81000C00702D006988E
:105E900005F0D4FC484607B0BDE8F08304A8F8F745
:105EA00085F9F0B581B015460C460A2A064603D896
:105EB000680006F8010B0EE015F1100F13D205F182
:105EC000100020F00F07384605F0BAFC791CC6E92F
:105ED0000015B06006466A1C3046214601B0BDE898
:105EE000F040ECF726BDECF789FCF0B585B00378FF
:105EF0000446154613F001008C4602D15E080A21C3
:105F000004E0D4E9001621F0010101398A1BAA42FC
:105F10000CD27019421A0020CDE9006020463346A9
:105F20000295CDF80CC0FFF7CBFE13E095B1002829
:105F30000CBF671CA768B81961462A46ECF7F9FC44
:105F40002078C00706EB050006BF410021706060A5
:105F500000213954204605B0F0BD2DE9F04184B050
:105F6000044671B3207890460D46C10702D1470818
:105F70000A2105E0D4E9000720F001010139C0B28F
:105F8000CA1BAA420AD27819421A0020CDE90100A0
:105F900020463B46009700F043F82078C0070CBF2E
:105FA000661CA668F01929464246ECF739FD2078B0
:105FB000C00707EB050006BF4100217060600021AB
:105FC0003154204604B0BDE8F081B0B5054608461E
:105FD0000C46EEF735F9024628462146BDE8B040AA
:105FE000FFF73CBE80B590F800C05FEACC7305D1E6
:105FF000B1EB5C0F09D94FEA5C0302E043688B42C6
:1060000009D2C91AFFF7A9FF80BD42180023490031
:106010005370017080BD826800235354416080BD7D
:106020002DE9F04F81B00D466FF01001491B9142F0
:1060300047D304460078DDF828A0C0074FF6E67085
:10604000C7F6FF7098460CBF04F10109D4F8089018
:1060500085420CD85019B0EB450F38BF680000F1ED
:10606000100121F00F070B2838BF0B2701E06FF05C
:106070001007DDF82CB0384605F0E2FBBAF1000F4E
:10608000064604D0304649465246ECF752FCA8EB8F
:106090000B00B0EB0A0208D00C9806EB0A0108448A
:1060A00009EB0A015944ECF744FC0A2D02D048469A
:1060B00005F0C4FB47F00100A660206001B0BDE818
:1060C000F08FECF79BFBF0B583B0044600780F46E9
:1060D000C20707D10A26B6EB500F4FF00A0108D0CD
:1060E000460812E0D4E9000620F00100411E8E426D
:1060F00011D10025204601220B46CDE9001502955D
:10610000FFF78EFF2078C00705D1022000EB460084
:1061100004F8010B03E0A068711C61600446A0193B
:106120000021A755417003B0F0BD10B50A780446B0
:10613000D20706D1D1E900028968C4E90002A16052
:1061400004E0D1E901212046FFF7ABFE204610BD57
:1061500010B504460078C00702D0A06805F06EFBB9
:10616000204610BD70B584B0044600781546C207BD
:106170008C4604D1042D13D94308042106E020687D
:1061800020F00100411EA9420CD2636800206A1A67
:106190008DE829002046CDF80CC000F016F811E07B
:1061A000A61C00E0A66825B1304661462A46EFF7F6
:1061B000E3FC002026F815002078C00712BF6560B8
:1061C00068002070204604B070BD2DE9F04F81B00A
:1061D0000D464FF6EE71C7F6FF714F1B97421DD368
:1061E00004460078C0074FF6E670C3F6FF700CBF98
:1061F00004F1020AD4F808A0854211D85019B0EB76
:10620000450F38BF680000F1080121F00708052894
:1062100038BF4FF00508B8F1FF3F03DCECF7EEFAAA
:1062200001F10108DDF828B04FEA4800994605F071
:1062300007FBBBF1000F064604D0304651465A46D4
:10624000EEF71DF8DDE90B3232B10D9906EB4B008C
:106250001F46EEF714F83B46A9EB0307B7EB0B021A
:106260000AD00C9906EB4B0000EB41000AEB4B0106
:1062700001EB4301EEF703F8042D02D0504605F080
:10628000DDFA0C9948F00100394443C4002026F897
:10629000110001B0BDE8F08F2DE9F04786B08046CF
:1062A00000780D461646C107A2EB050407D1002C65
:1062B00000F08A80470808F1020204210AE0002C5D
:1062C00000F08280D8E90007D8F8082020F001010A
:1062D0000139C0B2AA424FEA640913D802EB47025F
:1062E000AA420FD94FF6F070C7F6FF7081456FD202
:1062F000B9F1040F34D804F0FE008DF80C0003A8A7
:10630000871C3EE0CA1B4A450CD209EB0700421A23
:106310000020CDE9010040463B46009700F0CFF851
:1063200098F80000C0070CBF08F10200D8F8080078
:10633000B54200EB470005D035F8021BAE4220F80D
:10634000021BF9D10021018098F80000C00709EB79
:10635000070006BF400088F80000C8F8040033E0DA
:1063600009F1080020F0070ABAF1FF3F33DD4FEAD8
:106370004A0005F065FA074605904AF00100CDE9AC
:106380000309B5420AD024F0010238462946ECF749
:10639000D0FA00BF023C07F10207FBD10020388091
:1063A0009DF80C0003AB10F00101DDE9042104BFEE
:1063B000991C4208404600F03BF89DF80C00C007CD
:1063C00002D0059805F03AFA404606B0BDE8F087DD
:1063D00003A8F7F7EBFEECF711FAF0B581B015461C
:1063E0000C46042A064603D8680006F8020B15E09E
:1063F0004FF6F070C7F6FF70854217D205F108001E
:1064000020F00707B7F1FF3F10DD780005F018FA1C
:1064100047F00101C6E90015B06006466A1C304627
:10642000214601B0BDE8F040EDF729BFECF7E6F9F1
:10643000F0B585B003780446154613F001008C468C
:1064400002D15E08042104E0D4E9001621F0010124
:1064500001398A1BAA420CD27019421A0020CDE9D8
:106460000060204633460295CDF80CC0FFF7ADFE24
:1064700015E0A5B100280CBFA71CA76807EB4600D4
:1064800061462A46EDF7FBFE2078C00706EB0500C3
:1064900006BF410021706060002127F810102046DF
:1064A00005B0F0BDB0B5054608460C46EFF767FBF2
:1064B000024628462146BDE8B040FFF753BE2DE90D
:1064C000F04F81B04FF6EF74C7F6FF740D46611AB6
:1064D000914246D3824600789846C0074FF6E67050
:1064E000C3F6FF700CBF0AF10209DAF80890854282
:1064F0000ED85019B0EB450F38BF680000F1080105
:1065000021F00704052838BF0524B4F1FF3F28DD3A
:10651000DDE90A6B600005F093F9074626B13846BD
:1065200049463246EDF7ABFEA8EB0B00821B0AD0C2
:106530000C9807EB460101EB400009EB460101EB2B
:106540004B01EDF79CFE042D02D0484605F076F98C
:1065500044F00100CAF80870CAF8000001B0BDE8B4
:10656000F08FECF74BF9F0B583B0044600780F4696
:10657000C20707D10426B6EB500F4FF0040108D034
:10658000460812E0D4E9000620F00100411E8E42C8
:1065900011D10025204601220B46CDE900150295B8
:1065A000FFF78DFF2078C00705D1022000EB4600E1
:1065B00004F8020B03E0A068711C6160044604EB60
:1065C0004600002124F81670418003B0F0BD10B5DC
:1065D0000A780446D20706D1D1E900028968C4E9E5
:1065E0000002A16004E0D1E901212046FFF7F5FE99
:1065F000204610BD10B504460078C00702D0A06840
:1066000005F01CF9204610BD10B50446083002F014
:10661000F1F82046BDE8104005F010B910B5044669
:10662000083002F0E7F8204610BD10B504460830E7
:1066300002F0E0F82046BDE8104005F0FFB810B5C4
:106640000446083002F0D6F8204610BD10B582B0DE
:106650000446006850F80C0C20448069F0B168468C
:10666000214600F020F89DF80000A0B1206850F805
:106670000C0C2044806901688969884701300AD17F
:10668000206850F80C0C2044D0E9041241F00101BC
:106690000A42016105D1684600F018F8204602B0B0
:1066A00010BDECF7ABF810B5044600202070086868
:1066B000616050F80C0C0844016929B9806C08B17C
:1066C000FFF7C4FF01202070204610BD10B504461E
:1066D0004068016851F80C1C08448169F1B10169F6
:1066E000E1B94079800619D505F034F8B0B9606891
:1066F000016851F80C1C0844806901688969884761
:1067000001300BD16068016851F80C1C0844D0E9D5
:10671000041241F001010A42016101D1204610BD7D
:10672000ECF76CF810B50446043002F063F820462C
:10673000BDE8104005F082B810B50446043002F000
:1067400059F8204610BD10B582B00446006850F8D4
:106750000C0C20448069F0B16846214600F020F816
:106760009DF80000A0B1206850F80C0C204480690E
:1067700001688969884701300AD1206850F80C0CFB
:106780002044D0E9041241F001010A42016105D11F
:10679000684600F018F8204602B010BDECF72EF85D
:1067A00010B50446002020700868616050F80C0C99
:1067B0000844016929B9806C08B1FFF7C4FF0120C2
:1067C0002070204610BD10B504464068016851F89D
:1067D0000C1C08448169F1B10169E1B94079800676
:1067E00019D504F0B7FFB0B96068016851F80C1C06
:1067F0000844806901688969884701300BD1606865
:10680000016851F80C1C0844D0E9041241F0010160
:106810000A42016101D1204610BDEBF7EFFF10B530
:106820000446043001F0E6FF2046BDE8104005F0C4
:1068300005B810B50446043001F0DCFF204610BD59
:106840005FEA035C44BF4FF02B0C00F801CB5FEA1A
:10685000835C44BF4FF0230C00F801CB91F800C0DB
:10686000BCF1000F07D0013100F801CB11F801CBCA
:10687000BCF1000FF8D103F04A01402907D00829E4
:1068800007D159044FF0580158BF782105E06F2116
:1068900003E07521002A18BF6421017070470000D1
:1068A0001305034644BF2B2003F8010B500502F4E7
:1068B000827C44BF232003F8010BBCF5827F04D007
:1068C0002E2018702A2058700233087830B1013118
:1068D00003F8010B11F8010B0028F9D1BCF5807FFA
:1068E00002F4804007D0BCF1040F09D146210028F2
:1068F00008BF662110E04521002808BF65210BE094
:10690000BCF5827F04D14121002808BF612103E04A
:106910004721002808BF6721BCF5827018BF0120FD
:1069200019707047526802F0B002202A04BF08466E
:106930007047102A12D102782D2A01D02B2A01D1BA
:1069400001307047091A0229B8BF7047302A05D1B3
:10695000417841F02001782908BF023070470000DB
:106960002DE9F04F9FB091460F46991A4AF6AB2297
:106970008910CAF6AA2201FB02F49B46652C054643
:1069800006D32046ECF76AFD034618B904F0E0FE92
:1069900006AB0020D9454FF000010495019318D0B3
:1069A0004FF0020C4FF0010E4A4600BF1678F50773
:1069B0000CBF76085668049D16B183F800E003E02A
:1069C000013C013183F800C00C32934503F101030F
:1069D000ECD105942A9C4FF0000A0391009000BF6F
:1069E000D5F80080B8F1000F12D0D8E90301884231
:1069F00010D1D8F80000416A40468847013006BFF0
:106A00004FF00008C5F80080D5F8008002E000BF14
:106A10004FF0000867B1D7E90301884209D138680F
:106A2000416A38468847B0F1FF3008BF074600E0AA
:106A3000002705982E68002800F08580B8FA88F0B5
:106A4000B7FA87F14009490948407CD0D6E90301EB
:106A5000884201D0007803E03068416A30468847B8
:106A6000C6B22CB928980168CA68314690470646D4
:106A7000D9450AF1010AB3D0A046019C00204D4639
:106A8000029000BF2078012829D12878C0070CBFC8
:106A9000681CA868504410F8011CB8F1000F04D11C
:106AA00028980268D268904701468E4212D1287811
:106AB000C1070CBF40086868504507D1022020700C
:106AC0000598013805900398013003900120029049
:106AD00005E000BF002020700598013805900C35B6
:106AE000AB4504F10104CDD10298049DC007444692
:106AF0003FF476AF2868D0E90312914202D0013109
:106B0000C16002E00168896A8847059803990844D2
:106B10000228FFF465AF0199484600BF0A78022AAF
:106B20000BD10278D3070CBF52084268524504D0FB
:106B300000220A70039A013A03920C30834501F156
:106B40000101EBD14CE776B1D6E90301009C884204
:106B50000BD13068416A30468847013006BF0026B5
:106B60002E602E6801E0009C00260FB3D7E90301D8
:106B7000884205D13868416A38468847013017D0C5
:106B8000299A1EB1106840F0020010600199D945A1
:106B900009D000BF087802280ED009F10C09CB45B6
:106BA00001F10101F6D1106840F00400106004E02A
:106BB000299A002EEAD1E5E7CB4614B12046ECF73E
:106BC0007CFC58461FB0BDE8F08F00002DE9F04F67
:106BD0009FB014460F46991A4AF6AB228910CAF69E
:106BE000AA2201FB02FB9946BBF1650F054606D3BD
:106BF0005846ECF733FC034618B904F0A9FD06AB80
:106C000000204C454FF0000801900595029317D0E5
:106C100002200121224600BF1678F5070CBF760836
:106C20005668059D16B1197005E000BFABF1010B68
:106C300008F1010818700C32914503F10103EBD102
:106C40000026A6F1010ACDF80C8000BFD5F800801F
:106C5000B8F1000F12D0D8E90301884210D1D8F85A
:106C60000000416A40468847013006BF4FF00008E7
:106C7000C5F80080D5F8008002E000BF4FF00008A2
:106C800067B1D7E90301884209D13868416A3846BB
:106C90008847B0F1FF3008BF074600E000272E68A4
:106CA000BBF1000F1FBFB8FA88F04009B7FA87F1AF
:106CB000490918BF90EA010000F08280D6E903017B
:106CC000884201D0008803E03068416A3046884736
:106CD0002A9986B229B928980168CA69314690472D
:106CE00006464C450AF1010AB0D00AF10100DDF870
:106CF0000880009000202546049000BF98F800000E
:106D0000012828D12878C0070CBFA81CA86830F833
:106D10001A102A9820B928980268D269904701462B
:106D20008E4213D12878C1070CBF40086868AAEBCF
:106D30000000013007D1022088F800000398ABF171
:106D4000010B013003900120049004E00020ABF11E
:106D5000010B88F800000C35A94508F10108CDD1D8
:106D60000498059DDDF80C80009EC0073FF469AFD4
:106D70002868D0E90312914202D00231C16002E0DA
:106D80000168896A884708EB0B000228FFF459AFB5
:106D9000029920460A78022A0CD10278D3070CBF48
:106DA00052084268AAEB020201321EBF00220A709A
:106DB000A8F101080C30814501F10101EAD140E759
:106DC0006EB1D6E9030188420AD13068416A304683
:106DD0008847013006BF00262E602E6800E000269E
:106DE000FFB1D7E90301884205D13868416A3846C6
:106DF0008847013015D0299A1EB1106840F0020072
:106E0000106002994C4507D0087802280DD00C3448
:106E1000A14501F10101F7D1106840F004001060B4
:106E200004E0299A002EECD1E7E7A146019808B1C9
:106E3000ECF743FB48461FB0BDE8F08F41680131D5
:106E40004160704710B54468611E416014B9016823
:106E500089688847B4FA84F0400910BD704710B5BE
:106E60000446D0E90110884206D0411A04396FEA7D
:106E7000910100EB8100A060206840B12169884247
:106E800002D004F0DBFC02E0002081F87000204614
:106E900010BDF0B583B0884214461AD00D4607469F
:106EA000ECF7D8FA0646006802900020306000F047
:106EB0009EFF01A9384606F0DBFD32680092009A79
:106EC0000AB9029A3260019AAA4207D00020002132
:106ED00007E0042020600020002104E0009A022A3C
:106EE00001D10422226003B0F0BDF0B583B0884226
:106EF00014461AD00D460746ECF7ACFA0646006871
:106F000002900020306000F072FF01A9384606F0C0
:106F1000D7FD32680092009A0AB9029A3260019A4B
:106F2000AA4207D00020002107E0042020600020B2
:106F3000002104E0009A022A01D10422226003B059
:106F4000F0BDF0B583B08842144619D00D4607460F
:106F5000ECF780FA0646006802900020306000F0EE
:106F600046FF01A9384606F09BFD31680091009963
:106F700009B9029931600199A94205D0002006E0C3
:106F800004202060002004E00099022901D104219E
:106F9000216003B0F0BD00207047704710B5044673
:106FA0000068416A20468847013004D0E068411CEF
:106FB000E160007810BD4FF0FF3010BD7047000059
:106FC0002DE9F041012A24DB90460E4607460024B5
:106FD000D7E9031081420FD2451AA8EB0400A8425A
:106FE000B8BF054625B130462A46EBF7A2FCF96842
:106FF00048192E44F86008E03868816A38468847A6
:10700000411C07D006F8010B01252C444445DFDB69
:1070100000E000242046BDE8F08100002DE9F041A9
:10702000012A25DB90460E4607460024D7E90601D3
:10703000884211D20D1AA8EB0401A942B8BF0D462F
:1070400025B131462A46EBF774FCB86928442E4432
:107050002C44B86109E000BF38683178426B38468B
:107060009047013005D0013601344445DEDB00E0B5
:1070700000242046BDE8F08100214FF0FF32C0E936
:107080000011C0E90222704700214FF0FF32C0E931
:107090000011C0E9022270474FF0FF3070474FF0F7
:1070A000FF307047002070474FF0FF307047B0B599
:1070B000044640F2DC00C1F202000830254645F8E3
:1070C000080B201D01F050FA28461821EBF7DAFCD6
:1070D0002046B0BD10B5044640F2DC00C1F202000B
:1070E00000F10801204640F8041B01F047FA204651
:1070F000BDE8104004F0A2BB10B5044640F2DC002D
:10710000C1F2020000F10801204640F8041B01F022
:1071100035FA204610BD00207047704710B5044670
:107120000068416A2046884701300FBF4FF0FF30AA
:10713000E16831F8020BE16010BD70472DE9F041C4
:10714000012A28DB90460E4607460024D7E90310A3
:10715000814213D2401AA8EB0405B5EB600FA8BF1B
:10716000451025B130462A46EDF789F8F96801EB5C
:10717000450006EB4506F86009E000BF3868816A03
:1071800038468847411C07D026F8020B01252C44BD
:107190004445DBDB00E000242046BDE8F081000030
:1071A0002DE9F041012A27DB90460E4607460024D0
:1071B000D7E90601884213D2091AA8EB0405B5EBFA
:1071C000610FA8BF4D1025B131462A46EDF757F89B
:1071D000B86900EB450006EB45062C44B86108E0B1
:1071E00038683188426B38469047013005D0023606
:1071F00001344445DCDB00E000242046BDE8F0819A
:1072000000214FF0FF32C0E90011C0E902227047AF
:1072100000214FF0FF32C0E90011C0E9022270479F
:107220004FF0FF3070474FF0FF307047002070473D
:107230004FF0FF307047B0B5044640F21C10C1F269
:1072400002000830254645F8080B201D01F08CF996
:1072500028461821EBF716FC2046B0BD10B50446B1
:1072600040F21C10C1F2020000F10801204640F873
:10727000041B01F083F92046BDE8104004F0DEBA9B
:1072800010B5044640F21C10C1F2020000F10801E2
:10729000204640F8041B01F071F9204610BD0000A3
:1072A000B0B590F800E044681EF0010508BF4FEA51
:1072B0005E04002C45D0541A052C42DB914213D0B9
:1072C000141F8C4210D90D1DD4F800C055F804ECE1
:1072D00045F804CC44F804E9A54205F10405F3D3CC
:1072E00090F800E00EF00105D0F808C0002DA2F1E2
:1072F000040208BF00F1010C8A4217D94068002D32
:1073000008BF4FEA5E0060449CF8005025B1FF2D95
:1073100002D00C68AC4212D1A0EB0C05012D01F19A
:107320000401C8BF0CF1010C9142EDD39CF80000A0
:1073300038B1FF2805D011680139814201D30420FA
:107340001860B0BD2DE9F04F83B000284FF0000762
:107350005DD0DDF830B00446DBF80C0015465A1A53
:10736000801AA5EB01069946C8BF0746012E06DB29
:1073700020683246036B20469847B04247D1012F20
:1073800035DBDDF834800B2F06D2EA4678000AF1AF
:1073900001068DF800000DE007F1100020F00F0A43
:1073A000504604F04DFA064602900AF10100CDE97C
:1073B0000007EA46304639464246EBF731FB0020EB
:1073C000F0559DF800000299C00720683A46036B0B
:1073D000204608BF0AF1010198479DF800100646B3
:1073E000C90702D0029804F029FABE420FD1A9EBD6
:1073F0000506012E07DB20682946036B204632462E
:107400009847B04203D10020CBF80C0000E00024E4
:10741000204603B0BDE8F08F2DE9F04F83B000287F
:107420004FF0000769D0DDF830A00446DAF80C0010
:1074300015465A1AB0EB620FC8BFA0EB6207681A74
:107440009946012807DB22684610136B2046324616
:107450009847B04251D1012F3EDB4FF6EF70C7F68F
:10746000FF7087424ED8DDF83480052F06D2EB46F8
:1074700078000BF102068DF800000FE007F108011B
:10748000093001EA000B4FEA4B0004F0D9F9064637
:1074900002904BF00100CDE90007EB463046414633
:1074A0003A46ECF7EFFE002026F817009DF80000A2
:1074B0000299C00720683A46036B204608BF0BF1CB
:1074C000020198479DF800100646C90702D00298AD
:1074D00004F0B4F9BE4210D1A9EB0500012808DB85
:1074E000216846100B6B2046294632469847B04229
:1074F00003D10020CAF80C0000E00024204603B0AD
:10750000BDE8F08F6846F6F751FE006800688368B2
:10751000D0E90021D80702EB630001D0026851587E
:10752000084781B080B581B0114603AA0393009249
:10753000ECF7BEFA01B0BDE8804001B070472DE91C
:10754000F04381B00E460546D0E9004011689046F0
:10755000091B4FEA410745F65B4208BF01276FF060
:107560000043C1F20102994228BF4FF0FF37D6F81D
:107570000090904204D020463946EBF7C5FF02E068
:107580003846EBF76BFF80B143F2BB42A9EB040135
:10759000C1F20002C5E9000208443060286838449E
:1075A000C8F8000001B0BDE8F08304F0D1F82DE97F
:1075B000F04381B00E460546D0E900401168904680
:1075C000091B4FEA410745F65B4208BF04276FF0ED
:1075D0000043C1F20102994228BF4FF0FF37D6F8AD
:1075E0000090904204D020463946EBF78DFF02E030
:1075F0003846EBF733FF90B143F2BB42A9EB0401ED
:10760000C1F20002C5E9000208443060286827F092
:1076100003010844C8F8000001B0BDE8F08304F09D
:1076200097F82DE9F04381B00E460546D0E90040B9
:1076300011689046091B4FEA410745F65B4208BFB7
:1076400002276FF00043C1F20102994228BF4FF0B8
:10765000FF37D6F80090904204D020463946EBF729
:1076600053FF02E03846EBF7F9FE90B143F2BB421C
:10767000A9EB0401C1F20002C5E900020844306030
:10768000286827F001010844C8F8000001B0BDE8EF
:10769000F08304F05DF881B080B581B0114603AA93
:1076A00003930092EBF7DDFF01B0BDE8804001B02D
:1076B000704780B582B01A4604AB0193ECF70AF824
:1076C00002B080BD2DE9F04F81B004689946824632
:1076D00090460D467CB1D4E9030188420CD1206864
:1076E000416A20468847013006BF0024CAF800409E
:1076F000DAF8004000E000245DB1D5E903018842DA
:1077000005D12868416A28468847013001D054B91C
:1077100001E044B10025DAF80000D0E903129142FB
:1077200006D0087807E0D8F8000040F0060010E026
:107730000168496A884741B2002906D4D9F808206F
:10774000C1B212F8210040060AD4D8F8000040F077
:107750000400C8F800000024204601B0BDE8F08F06
:10776000D9F800000022436A48469847DAF800102A
:107770000446D1E903239A4202D0501CC86003E0BA
:107780000868826A08469047DDF828B0DAF8006099
:1077900086B1D6E9030188420DD13068416A30468E
:1077A0008847013006BF0026CAF80060DAF800609A
:1077B00001E000BF0026A4F130046DB1D5E903015A
:1077C00088420AD12868416A28468847B0F1FF30CC
:1077D00008BF054601E000BF0025DAF80070BBF1E4
:1077E000020F36DBB6FA86F0B5FA85F14009490991
:1077F00048402ED0D7E90301884201D0007803E049
:107800003868416A3846884741B20029A4D4D9F87B
:107810000820C1B212F8210040069DD5D9F8000019
:107820000022436A4846ABF1010B04EB84049847FD
:10783000DAF8001000EB4404D1E903239A4203D0A4
:10784000501CC860A2E700BF0868826A08469047DB
:107850009CE77FB1D7E9030188420CD13868416ABF
:1078600038468847013006BF0027CAF80070DAF8AA
:10787000007000E000275DB1D5E90301884205D121
:107880002868416A28468847013001D01FB963E75C
:10789000002F7FF461AFD8F8000040F00200C8F874
:1078A000000059E72DE9F04F81B004689A468146FF
:1078B00090460D467CB1D4E9030188420CD1206882
:1078C000416A20468847013006BF0024C9F80040BD
:1078D000D9F8004000E000245DB1D5E903018842F9
:1078E00005D12868416A28468847013001D054B93B
:1078F00001E044B10025D9F80000D0E9031291421B
:1079000006D0088807E0D8F8000040F0060020E024
:107910000168496A8847DAF8001084B2CB6850469B
:1079200040212246984780B1DAF800002146436B97
:10793000504600229847D9F800100446D1E90323A5
:107940009A420DD0901CC8600EE0D8F8000040F0BC
:107950000400C8F800000024204601B0BDE8F08F04
:107960000868826A08469047DDF828B0D9F80070A8
:1079700087B1D7E9030188420DD13868416A38469A
:107980008847013006BF0027C9F80070D9F8007099
:1079900001E000BF0027A4F130046DB1D5E9030177
:1079A00088420AD12868416A28468847B0F1FF30EA
:1079B00008BF054601E000BF0025D9F80060BBF113
:1079C000020F36DBB7FA87F0B5FA85F140094909AD
:1079D00048402ED0D6E90301884201D0008803E058
:1079E0003068416A30468847DAF8001086B2CB68C2
:1079F00050464021324698470028ADD0DAF80000C2
:107A00003146436B50460022ABF1010B04EB84047A
:107A10009847D9F8001000EB4404D1E903239A42B7
:107A200002D0901CC860A1E70868826A08469047A7
:107A30009CE77EB1D6E9030188420CD13068416AE7
:107A400030468847013006BF0026C9F80060D9F8E3
:107A5000006000E000265DB1D5E90301884205D150
:107A60002868416A28468847013001D01EB973E76B
:107A7000002E7FF471AFD8F8000040F00200C8F883
:107A8000000069E7EAF7BAFE2DE9F04184B08842C8
:107A9000904619D01F460D460446EBF7DBFC064620
:107AA000006803900020306000F0A1F902A9204690
:107AB0003A46ECF735F832680192019A0AB9039A0E
:107AC0003260029AAA4206D00420C8F800000020C2
:107AD00004B0BDE8F081019A022A09D140424FF07A
:107AE00000004FF004028841C8F8002015DB09E0CF
:107AF0006FF00042121A4FF0FF328A4105DB04207A
:107B0000C8F800004FF00040E2E7B0F1004271F128
:107B10000001DDDB0420C8F800006FF00040D7E76B
:107B20002DE9F04184B08842904619D01F460D4699
:107B30000446EBF78FFC0646006803900020306097
:107B400000F055F902A920463A46EBF7E9FF326802
:107B50000192019A0AB9039A3260029AAA4207D0A6
:107B60000420C8F800000020002104B0BDE8F08126
:107B7000019A022AF9D140424FF000004FF004026E
:107B800070EB0101C8F80020B8BF01204FF00041A0
:107B900000281CBF6FF000414FF0FF30E5E72DE9F2
:107BA000F04383B08842904621D090F800901E4662
:107BB0000D460746B9F12D0F02D10137AF4216D05D
:107BC000EBF748FC0446006802900020206000F0BB
:107BD0000EF901A938463246EBF7A4FF226800925D
:107BE000009A0AB9029A2260019AAA4206D0042099
:107BF000C8F80000002003B0BDE8F083009A31B956
:107C0000022A04D0B9F12D0F08BF4042F3E7042047
:107C1000C8F800004FF0FF30EDE72DE9F04383B0E6
:107C20008842904621D090F800901E460D460746A7
:107C3000B9F12D0F02D10137AF4216D0EBF70AFC94
:107C40000446006802900020206000F0D0F801A9EE
:107C500038463246EBF766FF22680092009A0AB96E
:107C6000029A2260019AAA4206D00420C8F80000B5
:107C7000002003B0BDE8F083009A31B9022A04D095
:107C8000B9F12D0F08BF4042F3E70420C8F8000007
:107C90004FF0FF30EDE72DE9F04383B08842904686
:107CA00021D090F800901E460D460746B9F12D0FE1
:107CB00002D10137AF4216D0EBF7CCFB0446006887
:107CC00002900020206000F092F801A93846324668
:107CD000EBF728FF22680092009A0AB9029A226004
:107CE000019AAA4207D00420C8F80000002080B200
:107CF00003B0BDE8F083030C43EA0143009A43EA72
:107D0000114131B9022A04D0B9F12D0F08BF404208
:107D1000EDE70420C8F800004FF6FF70E7E72DE913
:107D2000F04383B08842904622D090F800901E46DF
:107D30000D460746B9F12D0F02D10137AF4217D0DA
:107D4000EBF788FB0446006802900020206000F0FA
:107D50004EF801A938463246EBF7E4FE226800925D
:107D6000009B02460BB9029820600198A84208D0F7
:107D70000420C8F8000000200023194603B0BDE825
:107D8000F0830098022807D10420C8F800004FF0C3
:107D9000FF304FF0FF33F0E750424FF000038B41CC
:107DA000B9F12D0F1CBF10460B46E6E780B500F079
:107DB00004F8BDE8804003F041BD10B5044640F230
:107DC0005C118068C1F202010831216018B1217B89
:107DD00009B103F031FD2046BDE81040FFF73EB881
:107DE00080B5AFF30080BDE8804003F027BD80B5CB
:107DF0004FF2A810C2F201000078BFF35F8FC007F6
:107E000001D0002080BD4FF2A810C2F2010003F0A3
:107E10002BFD0028F5D04FF2A810C2F2010003F0AC
:107E200051FDEEE710B586B0044647F66360C1F237
:107E3000010002902068019401304FF0000003908F
:107E40000BD001A8059005A847F20B520490C1F28F
:107E5000010204A92046FDF747F86068013806B022
:107E600010BD40F20051C2F202010A6801320A60FC
:107E70004260704770B50646084614460D46FEF748
:107E8000DDFF56F8080F7168091AB4EBA10F04D38F
:107E9000611C304600F079FB306850F8240008B1CE
:107EA000FEF7D0FF306840F8245070BDF0B581B0C7
:107EB0000446481E40F2D411C1F20201083104F117
:107EC00018050122234603F8882FC4E9001028462C
:107ED0007021A5602361EAF7D5FD44F20230A4F8D1
:107EE000900040F2BC20E56040F67015C1F202003F
:107EF0000026C2F20205083084F89260C5E9000647
:107F000040F22450C2F20200FFF78CFF02462046E6
:107F10002946FFF7AFFF40F2DC2040F67815C1F2AA
:107F20000200C2F202050830C5E9000640F22C50FA
:107F3000C2F20200FFF776FF024620462946FFF70D
:107F400099FF40F25C1040F69005C1F20200C2F2C7
:107F5000020508302E7340F61811C5E9000640F2FC
:107F6000F430C1F20201C2F20200A960FFF75AFF29
:107F7000024620462946FFF77DFF40F2901040F66A
:107F8000A005C1F20200C2F202050830C5E90006F0
:107F900040F2FC30C2F20200FFF744FF02462046E6
:107FA0002946FFF767FF40F25C2040F65815C1F202
:107FB0000200C2F202050830C5E9000640F2145082
:107FC000C2F20200FFF72EFF024620462946FFF7C5
:107FD00051FF40F28C2040F66015C1F20200C2F25F
:107FE00002050830C5E90006FFF701FF40F21C500A
:107FF000C2F20200AE60FFF715FF02462046294696
:10800000FFF738FF40F22C2040F65015C1F2020075
:10801000C2F202050830C5E9000640F20C50C2F277
:108020000200FFF7FFFE024620462946FFF722FF27
:1080300040F2FC1040F64815C1F20200C2F20205FF
:108040000830C5E9000640F20450C2F20200FFF712
:10805000E9FE024620462946FFF70CFF40F2344075
:1080600040F6B015C1F20200C2F202050830C5E9BF
:10807000000642F62E40288140F26450C2F202000F
:10808000C5E903666E61FFF7CDFE0246204629462C
:10809000FFF7F0FE40F25C4040F6C815C1F2020066
:1080A000C2F2020508302E21C5E9000640F26C50EC
:1080B000C0F22C01C2F20200C5E90216C5E904664D
:1080C000FFF7B0FE024620462946FFF7D3FE40F2F6
:1080D000FC2040F68015C1F20200C2F20205083011
:1080E000C5E9000640F23450C2F20200FFF79AFEE2
:1080F000024620462946FFF7BDFE40F23C3040F6DE
:108100008815C1F20200C2F202050830C5E9000676
:1081100040F23C50C2F20200FFF784FE02462046C5
:108120002946FFF7A7FE40F27C3040F69015C1F2D9
:108130000200C2F202050830C5E9000640F24450D0
:10814000C2F20200FFF76EFE024620462946FFF704
:1081500091FE40F2B03040F69815C1F20200C2F232
:1081600002050830C5E9000640F24C50C2F2020098
:10817000FFF758FE024620462946FFF77BFE4FF6E2
:10818000DC6040F67005C1F20100C2F20205083061
:10819000C5E9000640F22820C2F20200FFF742FEC5
:1081A000024620462946FFF765FE4FF6147040F65A
:1081B0007805C1F20100C2F202050830C5E90006E7
:1081C00040F23020C2F20200FFF72CFE02462046A9
:1081D0002946FFF74FFE4FF64C7040F68005C1F27E
:1081E0000100C2F202050830C5E9000640F238205D
:1081F000C2F20200FFF716FE024620462946FFF7AC
:1082000039FE4FF6847040F68805C1F20100C2F2D3
:1082100002050830C5E9000640F24020C2F2020023
:10822000FFF700FE024620462946FFF723FE40F2F4
:108230005C5040F62025C1F20200C2F2020508306F
:10824000C5E9000640F29450C2F20200FFF7EAFDD1
:10825000024620462946FFF70DFE40F2785040F6D0
:108260002825C1F20200C2F202050830C5E9000665
:1082700040F29C50C2F20200FFF7D4FD02462046B5
:108280002946FFF7F7FD40F2945040F63025C1F241
:108290000200C2F202050830C5E9000640F2A4500F
:1082A000C2F20200FFF7BEFD024620462946FFF754
:1082B000E1FD40F2B05040F63825C1F20200C2F2B2
:1082C00002050830C5E9000640F2AC50C2F20200D7
:1082D000FFF7A8FD024620462946FFF7CBFD40F2F6
:1082E000844040F6E015C1F20200C2F2020500F13E
:1082F00008013830C5E90016A86040F27450C2F297
:108300000200FFF78FFD024620462946FFF7B2FD27
:1083100040F2D84040F6F015C1F20200C2F2020568
:1083200000F108013830C5E90016A86040F27C5021
:10833000C2F20200FFF776FD024620462946FFF70B
:1083400099FD40F2E81040F60025C1F20200C2F2A9
:10835000020500F10807C5E90076FFF748FD40F285
:108360002C50C1F202000830286040F28450C2F262
:108370000200AE60FFF756FD024620462946FFF791
:1083800079FD40F61025C2F20205C5E90076FFF737
:108390002EFD40F24450C1F202000830286040F245
:1083A0008C50C2F20200AE60FFF73CFD0246204650
:1083B0002946FFF75FFD40F2F43040F6A015C1F208
:1083C0000200C2F202050830C5E9000640F254502E
:1083D000C2F20200FFF726FD024620462946FFF7BB
:1083E00049FD40F2144040F6A815C1F20200C2F265
:1083F00002050830C5E9000640F25C50C2F20200F6
:10840000FFF710FD024620462946FFF733FD2046C0
:1084100001B0F0BD80B500F005F8BDE8804003F084
:108420000DBA0000B0B5044640F2D410C1F202000B
:1084300008302060D4E9020282420ED0002500BF3D
:1084400050F8251021B10846FEF7FCFCD4E90202E1
:108450000135111AB5EBA10FF2D394F89010C907AA
:1084600004D0D4F8980003F0E9F9A06850B104F101
:1084700018018842E06002D003F0E0F902E0002039
:1084800084F888002046BDE8B040FEF7E7BC10B194
:10849000016849680847704780B5AFF30080BDE8C0
:1084A000804003F0CBB9FEF7D9BC10B54FF2AC1049
:1084B000C2F20100007840F64824C007C2F202046C
:1084C000BFF35F8F01D0206810BD4FF2AC10C2F235
:1084D000010003F0C9F90028F5D040F6A800C2F267
:1084E00002000121FFF7E2FC40F64421C2F2020142
:1084F00008604FF2AC10C2F20100216003F0E2F913
:10850000E1E7B0B54FF2B010C2F20100007840F6DA
:108510004C24C007C2F20204BFF35F8F01D0206871
:10852000B0BD4FF2B010C2F2010003F09DF9002877
:10853000F5D0FFF7BAFF006840F64025C2F2020509
:108540002860FEF77BFC4FF2B010C2F201002560FC
:1085500003F0B8F9E3E710B509680446016008467E
:10856000FEF76CFC204610BD10B50446FFF7C9FFAE
:1085700000682060FEF762FC204610BD10B504467E
:108580000068FEF75FFC204610BDD0E900239B1A6F
:10859000B1EBA30F4FEAA30302D9C91A00F006B842
:1085A0008B4284BF02EB8101416070472DE9F041AD
:1085B00086B004464068A2680D46111AB5EBA10FBB
:1085C00023D9214651F8103BC01A05EBA007B7F19B
:1085D000804F4FD28610D01A8210B7EB600F98BF31
:1085E00047106FF06040824228BF6FF04047002084
:1085F00004900591AFB11C2F10D894F8800068B991
:10860000012084F8800008460BE02DB1A90000EBA2
:108610008506EAF737FA3046606028E0B80003F0D4
:108620000FF900EB8606019000EB8708A9003046A1
:10863000CDF81080EAF726FA06EB85070397D4E910
:108640000010421AB51A012A029504DB2846EAF7FF
:10865000B5F9D4E900100390A0682560049001A842
:1086600002916760C4F808800191FEF7F8FB06B03C
:10867000BDE8F0812046F5F797FD80B5AFF30080A7
:10868000BDE8804003F0DAB880B5AFF30080BDE804
:10869000804003F0D3B880B5AFF30080BDE88040E0
:1086A00003F0CCB810B5044640F28C20C1F20200B1
:1086B00008302060FFF79BFB2046AFF30080BDE849
:1086C000104003F0BBB810B5044640F28C20C1F254
:1086D000020008302060FFF78AFB2046BDE810400A
:1086E000FEF7BCBB80B5AFF30080BDE8804003F06F
:1086F000A5B8FEF7B3BB80B5AFF30080BDE88040FE
:1087000003F09CB8FEF7AABB80B5AFF30080BDE8CC
:10871000804003F093B8FEF7A1BB80B5AFF30080B3
:10872000BDE8804003F08AB8FEF798BB80B5AFF390
:108730000080BDE8804003F081B8FEF78FBB80B5B4
:10874000AFF30080BDE8804003F078B8FEF786BB49
:10875000B0B54FF2B411C2F2010109780446C8075E
:10876000BFF35F8F01D02046B0BD4FF2B410C2F20C
:10877000010003F079F80028F5D040F65025C2F248
:108780000205284600F0E0F848F6BB3040F200024F
:10879000C1F20100C1F200022946EAF73AF84FF2AD
:1087A000B410C2F2010003F08DF8DCE7704710B599
:1087B000B1FA81F25209002341F202044FF0060C93
:1087C000C0E9014CC0E90332C0E9053100F12001E4
:1087D00000F11C0408462821EAF754F92046BDE8B8
:1087E0001040FFF7C1BE80B500F004F8BDE880403E
:1087F00003F024B8B0B5044640F2E431806AC1F217
:1088000002010831216068B1451E00BFD4E90801AA
:1088100050F8253051F82520002021469847013D89
:10882000681CF3D104F11C00FFF7A8FE206AEAF7E8
:1088300044FE606AEAF741FE206BEAF73EFEE06B19
:10884000EAF73BFE2046B0BD80B5AFF30080BDE83F
:10885000804002F0F3BFFEF701BB80B5AFF30080AC
:10886000BDE8804002F0EABFFEF7F8BA80B500F03C
:1088700004F8BDE8804002F0E1BF10B5044640F2C4
:108880003440217BC1F202000830C907206002D0C9
:10889000606902F0D3FF2046BDE81040FEF7DEBA63
:1088A00080B500F004F8BDE8804002F0C7BF10B505
:1088B000044640F25C40217BC1F202000830C90747
:1088C000206002D0606902F0B9FF2046BDE8104088
:1088D000FEF7C4BA80B5AFF30080BDE8804002F077
:1088E000ADBFFEF7BBBA80B5AFF30080BDE88040F6
:1088F00002F0A4BFFEF7B2BA10B50446FFF777FA4C
:108900002046AFF30080BDE8104002F097BF10B5DD
:108910000446FFF76CFA2046BDE81040FEF79EBA09
:1089200010B50446FFF763FA2046AFF30080BDE8B8
:10893000104002F083BF10B50446FFF758FA2046F6
:10894000BDE81040FEF78ABA2DE9F04F81B040F241
:10895000C4554FF21006C2F20205C2F2010640F2FF
:1089600094620090C2F2020228463146FCF756F9A2
:1089700040F23C0040F24827C1F20200C2F2020776
:1089800000F10C0100F120023846002440F8082FC5
:10899000C7E900142946FFF70AFF40F25C654FF073
:1089A000FF30C2F2020540F20C72C7E91440C2F275
:1089B0000202284631464FF0FF38FCF745FA40F2F4
:1089C000640040F29C36C1F20200C2F2020600F1DD
:1089D0000C0100F12002304640F8082FC6E90014CF
:1089E0002946FFF7E4FE40F22C654FF26409C2F21B
:1089F0000205C2F2010940F20472C2F202022846E4
:108A00004946C6E914484FF0FF3AFDF709F840F22D
:108A10008C0040F24836C1F20200C2F2020600F1B8
:108A20000C0800F12007304640F8047F2946C6F8BC
:108A30000080FFF7BCFE40F2CC65C2F2020540F2B6
:108A40001C72C2F2020228464946C6E9134AFDF7E3
:108A5000D4F840F2B40040F2AC46C1F20200C2F2D7
:108A6000020600F10C0B00F1200A304640F804AF7A
:108A70002946C6F800B0FFF79AFE4FF0FF30F464C5
:108A8000306540F2FC56C2F202064FF2B80140F2E5
:108A9000FC62C2F20101C2F2020230464FF0FF3521
:108AA000FCF7BEFF40F2A029C2F20209484640F896
:108AB000047F3146C9F80080FFF779FED9F800003D
:108AC000C9F84C40C9F8505050F80C0C40F2F4264C
:108AD0004844C2F202068169304640F8047FC6F875
:108AE0000080FFF764FEC6E9134540F29C66C2F2BF
:108AF000020640F214724FF2B801C2F2020230468E
:108B0000C2F201014FF0FF37FDF777F840F204455C
:108B1000C2F20205284640F804AF3146C5F800B05D
:108B2000FFF745FE2868EC642F6550F80C0C40F206
:108B300058462844C2F202068169304640F804AF24
:108B4000C6F800B0FFF733FE40F24821C2F202013E
:108B50000868F464376550F80C0C40F29C32C2F29D
:108B6000020240F2483708441168C2F202078764E3
:108B700051F80C0C40F2AC461044D9F80010C2F287
:108B80000206866451F80C0C2B684844426842F493
:108B90000052426053F80C0C2844426842F40052E0
:108BA000426051F80C0C4844876453F80C0C2918A7
:108BB00000988E6401B0BDE8F08F10B5044640F215
:108BC0004830C2F20200FDF741FD40F2AC40C2F273
:108BD0000200FDF7B8FD40F2F420C2F20200FDF7FA
:108BE00035FD40F25840C2F20200FDF7ACFD2046D0
:108BF00010BD00002DE9F041D3F800E00B9CDDF83A
:108C000018C0964519D0DDE907852F786D68FE07F5
:108C100008BF7D08404515D1A5B1DDE909010A6805
:108C2000101A9F284FF00000C8BFBDE8F081DCF8A3
:108C3000003042F8043B0A6017E0257E85420CD1E3
:108C40002B200EE004F11A05002600BFA75D874225
:108C50000FD001361A2EF9D10CE0657E8542D2D1B3
:108C60002D20511C196010700020CCF80000BDE8C8
:108C7000F081A5192C1B172C07DC082903D010291B
:108C800007D00A2907D18C4205DB4FF0FF30BDE841
:108C9000F081162C11DA4EF61440C1F20100005D8D
:108CA0000EF1010119608EF80000DCF800000130BF
:108CB000CCF800000020BDE8F0819645E5D0AEEB91
:108CC00002000228E1DC1EF8010C3028DDD14EF64E
:108CD0001441C1F20101095D00200EF10102CCF83E
:108CE00000001A608EF80010BDE8F0812DE9F04117
:108CF00082B001AF0546384698461646F9F787FC1C
:108D000040F2F431C2F202013846F5F79FFB0168E8
:108D100033460C6A4EF61441C1F2010101F11A0208
:108D2000A04740F26451C2F202013846F5F78EFBCB
:108D300006460068016930468847316888F80000B7
:108D40004A692846314690470198FEF77BF802B001
:108D5000BDE8F0812DE9F047099CDDE90DECDDE986
:108D60000BA8DDF82090A04221D1087800284ED031
:108D7000D9F8002000200870511CC9F800102E21DD
:108D800011709AF80010DAF80420CB0708BF4A08DF
:108D9000002A64D0DEF80000A0EB08019F295DDC0A
:108DA000DCF8001040F8041BCEF8000056E00A9CE6
:108DB000A0421DD19AF80040DAF80450E70708BF36
:108DC0006508ADB1087810B3DEF80010A1EB08001B
:108DD0009F284FF00000C8BFBDE8F087DCF80020F6
:108DE00041F8042BCEF80010CCF80000BDE8F08765
:108DF0000F9F002407F120053E5D864203D0013419
:108E0000202CF9D100E03D19EF1B1F2F03DD4FF09F
:108E1000FF30BDE8F0874EF61440C1F20100C05D9E
:108E2000A7F11604022C11D3A7F11804012C18D8AD
:108E3000D9F8001099420DD011F8013C127803F0D6
:108E40005F0302F07F029342E1D103E050211170F1
:108E5000D9F800104A1CC9F8002008700020BDE8AD
:108E6000F087147800F05F03A34219D180331370A8
:108E70000A78AAB100220A709AF80010DAF80420E1
:108E8000CB0708BF4A085AB1DEF80010A1EB080270
:108E90009F2A05DCDCF8002041F8042BCEF80010F6
:108EA000D9F80010152F01F10102C9F8002008704F
:108EB000D4DCDCF800000130CCF80000CEE72DE96E
:108EC000F04381B06F46DDF82080814638461D466C
:108ED0001646F9F79CFB40F2F431C2F20201384623
:108EE000F5F7B4FA016833460C6A4EF61441C1F244
:108EF000010101F12002A04740F26451C2F20201D7
:108F00003846F5F7A3FA06460068C1683046884738
:108F100031682870096930468847316888F8000050
:108F20004A694846314690470098FDF78BFF01B0EB
:108F3000BDE8F0832DE9F041D3F800E00B9CDDF8AB
:108F400018C0964519D0DDE907852F786D68FE07B2
:108F500008BF7D08404515D1A5B1DDE909010A68C2
:108F6000101A9F284FF00000C8BFBDE8F081DCF860
:108F7000003042F8043B0A6017E0258E85420CD190
:108F80002B200EE004F13405002600BFA75B8742CA
:108F90000FD00236342EF9D10CE0658E8542D2D145
:108FA0002D20511C196010700020CCF80000BDE885
:108FB000F081A519281B2E2809DC08294FEA600436
:108FC00003D0102907D00A2907D18C4205DB4FF0C6
:108FD000FF30BDE8F0812C2811DA4EF61440C1F2C2
:108FE0000100005D0EF1010119608EF80000DCF84F
:108FF00000000130CCF800000020BDE8F08196456B
:10900000E5D0AEEB02000228E1DC1EF8010C3028AE
:10901000DDD14EF61441C1F20101095D00200EF1CF
:109020000102CCF800001A608EF80010BDE8F08153
:109030002DE9F04182B001AF054638469846164604
:10904000F9F7E5FA40F2FC31C2F202013846F5F7D1
:10905000FDF9016833460C6B4EF61441C1F2010173
:1090600001F11A02A04740F26C51C2F202013846E7
:10907000F5F7ECF906460068016930468847316823
:10908000A8F800004A692846314690470198FDF744
:10909000D9FE02B0BDE8F0812DE9F047099CDDE979
:1090A0000DECDDE90BA8DDF82090A04221D1087875
:1090B00000284ED0D9F8002000200870511CC9F8B3
:1090C00000102E2111709AF80010DAF80420CB0756
:1090D00008BF4A08002A67D0DEF80000A0EB0801AC
:1090E0009F2960DCDCF8001040F8041BCEF800007B
:1090F00059E00A9CA0421DD19AF80040DAF80450C9
:10910000E70708BF6508ADB1087810B3DEF80010B6
:10911000A1EB08009F284FF00000C8BFBDE8F08712
:10912000DCF8002041F8042BCEF80010CCF8000049
:10913000BDE8F0870F9F002407F140053E5B8642A3
:1091400003D00234402CF9D100E03D19EF1B3E2F33
:1091500003DD4FF0FF30BDE8F0874EF61444781081
:10916000C1F20104205CA7F12C04062C1ED8DFE814
:1091700004F0041D041D091D090050211170D9F8C7
:1091800000100CE0D9F80010994208D011F8013C09
:10919000127803F05F0302F07F029342D9D14A1C98
:1091A000C9F8002008700020BDE8F087147800F0AE
:1091B0005F03A34219D1803313700A78AAB1002249
:1091C0000A709AF80010DAF80420CB0708BF4A08A2
:1091D0005AB1DEF80010A1EB08029F2A05DCDCF88A
:1091E000002041F8042BCEF80010D9F800102A2FE7
:1091F00001F10102C9F800200870D4DCDCF800009D
:109200000130CCF80000CEE72DE9F04381B06F4685
:10921000DDF82080814638461D461646F9F7F7F9F5
:1092200040F2FC31C2F202013846F5F70FF901684D
:1092300033460C6B4EF61441C1F2010101F12002DC
:10924000A04740F26C51C2F202013846F5F7FEF831
:1092500006460068C1683046884731682880096939
:10926000304688473168A8F800004A6948463146C8
:1092700090470098FDF7E6FD01B0BDE8F0830000DF
:109280002DE9F04F87B0129C894640F2F431DDE9B8
:10929000108B0746C2F2020120469A461546F5F7A2
:1092A000D5F840F264510646C2F202012046F5F7B5
:1092B000CDF8044600682146426904A890479DF80D
:1092C00010000599C20708BF4108002900F0B280CC
:1092D000CBF800A039782D2902D02B29B8460BD124
:1092E000306807F10108C26930469047DBF800108A
:1092F0004A1CCBF800200870A5EB08000228CDE935
:10930000027A22DB98F8000030281ED198F801007C
:1093100040F02000782818D130683021C2693046EA
:109320009047DBF800104A1CCBF80020087030682A
:1093300098F80110C269304608F102089047DBF83E
:1093400000104A1CCBF800200870A845CDF8049006
:109350000FD0681E40450CD908F10101027811F8C0
:10936000013C01F8012C00F80139814201F10101B1
:10937000F4D32068016920468847A84538D20446BE
:109380004FF0000947464FF0000A00BF9DF810005B
:10939000C00703D104A84844407802E0069810F8BA
:1093A0000900A0B1824512D1DBF800004FF0000A9D
:1093B000411CCBF8001004709DF810000599C207FD
:1093C00008BF4108481E814538BF09F101093068CE
:1093D00017F8011BC26930469047DBF80010BD4208
:1093E00001F101020AF1010ACBF800200870CDD189
:1093F000029FDDF80CA0A8EB0700DBF800100AEBD9
:1094000000028A4223D0481EDDF84080DDF8049037
:10941000904221D9511C00BF027811F8013C01F89B
:10942000012C00F80139814201F10101F4D3DBF88C
:10943000001011E030683946046A30462A46534627
:10944000A047E81B0AEB0001CBF8001004E0DDF8B0
:109450004080DDF8049011469DF81020A9EB07002C
:10946000A94518BF0AEB0001D007C8F8001002D0C8
:10947000069802F0E3F907B0BDE8F08F2DE9F04F50
:1094800089B0DDE913A48B4640F2F4310546C2F2FF
:109490000201204698469146F4F7D8FF40F2645105
:1094A0000646C2F202012046F4F7D0FF01460068EA
:1094B0000491426906A89047CAF8008029782D29AE
:1094C00002D02B292C460AD130686C1CC269304668
:1094D0009047DAF800104A1CCAF800200870A9EB7F
:1094E00004000228059534DB2078302831D16078DB
:1094F00040F0200078282CD130683021C2693046F5
:109500009047DAF800104A1CCAF80020087030684A
:109510006178C269304602349047DAF800104C4551
:1095200001F10102CAF80020087023D2274625461F
:109530002C78FEF75CFCE8F777FF0068005D80EAB6
:109540008000000603D50135A945F1D14D463C46C2
:1095500011E04C450ED225462F78FEF748FCE8F77F
:1095600063FF0068C05D202805D10135A945F3D10E
:109570004D4600E025469DF818000799C20708BF30
:10958000410800296ED0AC42CDE901B80FD0681E69
:10959000A0420CD9611C00BF027811F8013C01F80F
:1095A000012C00F80139814201F10101F4D3049842
:1095B000016809698847AC42039436D2DDF80C8013
:1095C00007464FF0000B00249DF81800C00703D198
:1095D00006A85844407802E0089810F80B0098B1AB
:1095E000844211D1DAF800000024411CCAF80010AE
:1095F00007709DF818000799C20708BF4108481E68
:10960000834538BF0BF1010B306818F8011BC269A4
:1096100030469047DAF80010454501F1010204F1A7
:109620000104CAF800200870CED105980399DDF82E
:109630000880091ADAF800004144DDF804B08142DC
:109640001ED0013888421BD9013100BF027811F8C1
:10965000013C01F8012C00F80139814201F10101BE
:10966000F4D30DE03068DAF80030076A304621465E
:109670002A46B847DAF80000291B0844CAF8000057
:10968000129C4D451DD200BF29782E290ED030687E
:10969000C26930469047DAF8001001354A1CA945E6
:1096A000CAF800200870EFD14D460AE0049801681E
:1096B000C9688847DAF8001001354A1CCAF800204A
:1096C00008703068DAF80030076A304629464A46A2
:1096D000B847DAF80000A9EB0501084405999DF8A0
:1096E0001820ABEB0101CB45CAF8000018BF08EB0E
:1096F0000100D107206002D0089802F09FF809B05D
:10970000BDE8F08F2DE9F04F87B0129C884640F2FB
:10971000FC31DDE910AB0746C2F202012046994652
:109720001546F4F793FE40F26C510646C2F2020170
:109730002046F4F78BFE044600682146426904A8DF
:1097400090479DF810000599C20708BF41080029FD
:1097500000F09880CBF800903978CDF80C802D2956
:1097600002D02B29B8460BD1306807F10108C26A34
:1097700030469047DBF8001021F8020BCBF80010C0
:10978000A5EB08000228029722DB98F80000302899
:109790001ED198F8010040F02000782818D13068D8
:1097A0003021C26A30469047DBF8001021F8020BE6
:1097B0003068CBF8001098F80110C26A304608F102
:1097C00002089047DBF8001021F8020BCBF80010DC
:1097D000A84510D0681E40450DD908F1010100BF11
:1097E000027811F8013C01F8012C00F8013981429E
:1097F00001F10101F4D32068016920468847A8459A
:109800004DD20446CDF804904FF0000947464FF082
:10981000000A00BF9DF81000C00703D104A8484407
:10982000407802E0069810F80900A0B1824512D1F4
:10983000DBF800004FF0000A20F8024BCBF80000E4
:109840009DF810000599C20708BF4108481E8145D0
:1098500038BF09F10109306817F8011BC26A3046A8
:109860009047DBF80010BD420A4622F8020B0AF1CD
:10987000010ACBF80020CDD1DDF80490DDF840A03E
:10988000881C0EE030683946046B30462A464B4649
:10989000A047E81B09EB4000CBF8000019E0DBF81B
:1098A0000000029FA8EB070109EB4101DDF80C80E5
:1098B00081420ED0023888420BD90231028831F839
:1098C000023C21F8022C20F80239814201F1020108
:1098D000F4D39DF81020A8EB0700DBF80010A84592
:1098E00018BF09EB4001D007CAF8001002D0069853
:1098F00001F0A4FF07B0BDE8F08F00002DE9F04FA4
:1099000089B0DDE913A48B4640F2FC310546C2F272
:109910000201204698469146F4F798FD40F26C51BA
:109920000646C2F202012046F4F790FD01460068A7
:109930000491426906A89047CAF8008029782D2929
:1099400002D02B292C460AD130686C1CC26A3046E2
:109950009047DAF8001021F8020BCAF80010A9EBC2
:1099600004000228059534DB2078302831D1607856
:1099700040F0200078282CD130683021C26A30466F
:109980009047DAF8001021F8020B3068CAF800108E
:109990006178C26A304602349047DAF800104C45CC
:1099A00021F8020BCAF8001024D22746254600BF32
:1099B0002C78FEF71CFAE8F737FD0068005D80EAB6
:1099C0008000000603D50135A945F1D14D463C463E
:1099D00011E04C450ED225462F78FEF708FAE8F73D
:1099E00023FD0068C05D202805D10135A945F3D1CC
:1099F0004D4600E025469DF818000799C20708BFAC
:109A00004108002957D0AC420FD0681EA0420CD9A3
:109A1000611C00BF027811F8013C01F8012C00F82C
:109A20000139814201F10101F4D304980168096907
:109A30008847AC424FD20746CDE902B84FF0000B41
:109A40000194A046002400BF9DF81800C00703D170
:109A500006A85844407802E0089810F80B0098B126
:109A6000844211D1DAF80000002420F8027BCAF801
:109A700000009DF818000799C20708BF4108481E5A
:109A8000834538BF0BF1010B306818F8011BC26A1F
:109A900030469047DAF8001045450A4622F8020B96
:109AA00004F10104CAF80020CED1DDF80C80DDE914
:109AB000014B8B1C11E03068DAF80030076B304640
:109AC00021462A46B847DAF80000291B00EB41037B
:109AD000CAF8003017E0DAF800300598201A08EBD1
:109AE000400199420FD0981E88420CD9023100BF24
:109AF000028831F8027C21F8022C20F80279814298
:109B000001F10201F4D3129C4D451ED229782E2971
:109B100010D03068C26A30469047DAF8001001353C
:109B20000A4622F8020BA945CAF80020EED18B1C88
:109B30004D460AE004980168C9688847DAF80030A1
:109B4000013523F8020BCAF8003030682946076B4C
:109B500030464A46B847DAF80000A9EB050100EBA9
:109B6000410005999DF81820ABEB0101CB45CAF8DF
:109B7000000018BF08EB4100D107206002D0089810
:109B800001F05CFE09B0BDE8F08F00002DE9F04F58
:109B9000ADF5077D044623A80D46219045F65B41AF
:109BA000209000F5C870C1F201011F9000209C4672
:109BB000174622911C90CDE91A00CDE91800CDE995
:109BC0001600CDE91400CDE91200CDE91000CDE971
:109BD0000E000DA80DF1500B17AE1AA90DF176036A
:109BE000DDF850A2DDF840820DF14409CDE90031E5
:109BF000CDE9026B05901EAA0DF177033846614648
:109C0000CDF81090FBF77DF9DAF8000095994FF048
:109C1000000A086008F400700A90C8F34020099018
:109C2000701C0B900EA8013006900BF101000890FB
:109C300009F1010089464FF0000B0790D4F800802D
:109C4000B8F1000F12D0D8E90301884210D1D8F83A
:109C50000000416A40468847013006BF4FF00008C7
:109C6000C4F80080D4F8008002E000BF4FF0000884
:109C700075B1D5E90301884205D12868416A2846B3
:109C80008847013004D0B8F1000F07D062E300BF6D
:109C9000B8F1000F4FF0000500F05C831EA810F82B
:109CA0000A00042800F25083DFE800F0030915677A
:109CB0008600939EBAF1030F40F012834AE3BAF193
:109CC000030F00F047832068D0E90312914200F0AF
:109CD0000E8108780EE1BAF1020F12D3BBF1000F2A
:109CE0000FD1AAF102009DF87B10B0FA80F0400974
:109CF000002918BF0121084009990843012840F0B4
:109D000006819DF85C80DDF864C018F0010E0B98A8
:109D100008BF8446BAF1000F00F0CD811EA8504460
:109D200010F8010C6646012800F2C6811899BEF1B0
:109D3000000F08BF4FEA5801002900F08F819CF9FD
:109D40000000002800F18A81939A0CEB01079668C5
:109D50000CF101034A1E6146C0B216F82000C0078C
:109D600000F07D81002A00F0A982194613F9010B49
:109D7000013A0028F0D5591E71E19DF85010159850
:109D800011F0010C08BF48089DF84430129E13F0F2
:109D9000010708BF5E08F04200F0D682002800F0FC
:109DA00055812068002ED0E9033700F06881BB425E
:109DB00000F0E8811878ECE1DDF84C82002600BF65
:109DC00027686FB1D7E9030188420AD13868416A30
:109DD00038468847013006BF00272760276800E023
:109DE00000275DB1D5E90301884205D12868416AA1
:109DF00028468847013001D027B153E0002F4FF0AB
:109E000000054FD02068D0E90312914202D00F78AC
:109E100004E000BF0168496A8847074678B2002815
:109E200006D4D8F80800F9B210F8210040061BD477
:109E30009DF86820F9B2D3079DF876301B9808BFCB
:109E400050088B422ED16EB360B3DDE91F108842FB
:109E500005D121A820A91FAAFDF7A9FB209840F849
:109E6000046B0026209010E0D9F8000096998842F3
:109E700006D19498494696AAFDF761FBD9F80000EF
:109E8000411CC9F80010077001362068D0E90312A0
:109E9000914203D00131C16092E700BF0168896A35
:109EA00088478DE77EB1DDE9200181420BD01F9903
:109EB000884205D121A820A91FAAFDF778FB209888
:109EC00040F8046B20900D980128C0F2B7802768F5
:109ED00007B3D7E9030188421DD13868416A384683
:109EE0008847013006BF00272760276813E0016814
:109EF000496A8847939E41B2002900F18B82B1687C
:109F0000C0B211F82000C00740F0DA8182E24FF0C1
:109F1000000B19E200275DB1D5E90301884205D1A4
:109F20002868416A28468847013001D027B171E28C
:109F3000002F00F06F8200252068D0E903129142C3
:109F400001D0087802E00168496A88479DF87710D7
:109F5000C0B2814240F05E822068D0E90312914293
:109F600002D00131C16002E00168896A88470D981A
:109F7000012863DB27686FB1D7E9030188420AD162
:109F80003868416A38468847013006BF0027276095
:109F9000276800E000275DB1D5E90301884205D1BB
:109FA0002868416A28468847013001D027B131E24C
:109FB000002F00F02F8200252068D0E90312914283
:109FC00002D0087803E000BF0168496A884741B2BF
:109FD000002900F11F82D8F80810C0B211F8200043
:109FE000400640F11782D9F800009699884204D1C2
:109FF0009498494696AAFDF7A2FA2068D0E9031280
:10A00000914201D0087802E00168496A8847D9F88E
:10A0100000104A1CC9F80020087020680D99D0E98A
:10A02000032301399A420D9102D00132C26003E04C
:10A030000168896A88470D9900299BDC9499D9F8B1
:10A0400000000968884240F07F81E3E12068D0E9A0
:10A050000312914200F0B3800878B7E061469DF8A2
:10A060003800A1EB0C03C2070ED1B3EB500F6646CC
:10A0700022D840080EAA0244069E01320AE0BB42E2
:10A0800000F0B6801878BAE00F986646834213D87D
:10A09000109E3218D21A304482420AD0634600BF62
:10A0A00016781F78BE4206D10132904203F10103B7
:10A0B000F6D10E4600E066461898BEF1000F08BFC4
:10A0C0004FEA58006044B04249D000BF27686FB1E2
:10A0D000D7E9030188420AD13868416A384688477F
:10A0E000013006BF00272760276800E000275DB128
:10A0F000D5E90301884205D12868416A2846884786
:10A10000013001D01FB12AE04FF000053FB32068B5
:10A11000D0E90312914201D0087802E00168496A4F
:10A1200088473178C0B2814219D12068D0E9031242
:10A13000914203D00131C16003E000BF0168896A28
:10A1400088479DF85C00013610F00101DDE9182117
:10A150000B9B04BF1946420888188642B6D10A985C
:10A16000002800F0F1809DF85C000B9B10F00101CD
:10A17000DDE9182104BF194642088818864200F01C
:10A18000E38047E10168496A88479DF8501001F073
:10A19000010CC6B2169B0898BCF1000F08BF03461D
:10A1A00020681A78D0E90337B24204D1BB423CD0D0
:10A1B0005A1CC26040E0BB4246D0187847E00168B4
:10A1C000496A88479DF8443003F001071399002F2E
:10A1D000079A08BF11460978C0B2814240F0B480A6
:10A1E0002068D0E90312914246D00131C1604AE0B3
:10A1F0000168496A88479DF8501001F0010C169BD0
:10A20000BCF1000F089A08BF13461B78C0B2834206
:10A2100007D12068D0E90337BB4206D00133C360C1
:10A220000AE09298012101708EE00168896A8847EE
:10A230009DF8501001F0010C1598BCF1000F08BFFB
:10A240004808012814A836E00168496A88479DF843
:10A250004410139B11F00102079F08BF3B461B7877
:10A26000C0B2834240F0D6802068D0E90337BB42B9
:10A2700011D00133C36015E00168896A88479DF8F1
:10A28000443003F001079298012101701298002FC9
:10A2900008BF58080DE00168896A88479DF8441096
:10A2A00001F001029298012303701298002A08BF5E
:10A2B0004808012811A888BF834645E03946CEE604
:10A2C0002068C1680269914203D04A1CC2600878C4
:10A2D00002E00168896A8847C1B20EA8FBF7F3FE65
:10A2E00027686FB1D7E9030188420AD13868416A0B
:10A2F00038468847013006BF00272760276800E0FE
:10A3000000275DB1D5E90301884205D12868416A7B
:10A3100028468847013001D0B7B902E04FF0000568
:10A3200097B12068D0E90312914201D0087802E089
:10A330000168496A884741B2002905D4B168C0B2B2
:10A3400011F82000C007BBD10AF1010ABAF1040FCD
:10A350007FF474ACBBF1000F50D00BF10108012762
:10A360009BF80000C1070CBF4008DBF804008742DF
:10A3700044D2266876B1D6E9030188420BD1306811
:10A38000416A30468847013006BF002626602668AD
:10A3900001E000BF00265DB1D5E90301884205D187
:10A3A0002868416A28468847013001D016B131E05B
:10A3B00086B300252068D0E90312914202D00878C4
:10A3C00003E000BF0168496A88479BF80010C0B2EB
:10A3D000C907414618BFDBF80810C95D814219D191
:10A3E00020680137D0E90312914203D00131C160E6
:10A3F000B6E700BF0168896A8847B1E7DDE9202137
:10A4000091423BD000200C901AA80CABFCF748FFFF
:10A410000C9898B391990024086840F004000860F3
:10A420009DF83800C00702D0109801F007FA9DF897
:10A430004400C00702D0139801F000FA9DF85000C4
:10A44000C00702D0169801F0F9F99DF85C00C0072A
:10A4500002D0199801F0F2F99DF86800C00702D007
:10A460001C9801F0EBF921980021219108B1229963
:10A47000884720460DF5077DBDE8F08F0124CFE722
:10A4800080B5AFF30080BDE8804001F0D7B9FCF79C
:10A49000E5BC00002DE9F04FADF5097D0D46824683
:10A4A00025A845F65B412390C1F20101229000F5F9
:10A4B000C87024912190002100209C461746CDE9C8
:10A4C0001D11CDE91B11CDE91911CDE91711CDE908
:10A4D0001511CDE91311CDE911110C9010910FA8B0
:10A4E0000DF1580819AE1CA91FABDDF85CB2DDF800
:10A4F000489213ACCDE90031CDE90268059020AA5D
:10A500000DF17E03384661460494FAF781FD969872
:10A510000068CBF8000009F400700B90C9F34020EC
:10A520000A90B01C0D9010A80230079008F10200AC
:10A530000990A01C4FF00009089000BFD846DAF837
:10A5400000B0BBF1000F11D0DBE9030188420FD14D
:10A55000DBF80000416A58468847013006BF4FF0DB
:10A56000000BCAF800B0DAF800B001E04FF0000BC1
:10A5700075B1D5E90301884205D12868416A2846AA
:10A580008847013004D0BBF1000F07D096E300BF2D
:10A59000BBF1000F4FF0000500F0908320A810F8E9
:10A5A000090004280AD8C346DFE800F0030A188827
:10A5B000A800B9F1030F40F042837FE3C34677E37D
:10A5C000959CB9F1030F00F07983DAF80000D0E927
:10A5D0000312914200F03481088834E1B9F1020F8E
:10A5E00011D30C9878B9A9F102009DF88310B0FA44
:10A5F00080F04009002918BF012108400A9908434A
:10A60000012840F02A819DF864001B9C10F0010C89
:10A6100026460D9908BF0E46B9F1000F00F02582BD
:10A6200020A909EB010313F8013C012B00F21D8264
:10A630001A9BBCF1000F08BF43082BB395983288D2
:10A640000168CB6801219847C8B1B71CDDE91A340D
:10A650009DF86400224610F0010C0D9904BF0A46D3
:10A66000430802EB430297420FD0959837F8022B2C
:10A670000168CB68012198470028E7D1BE1E9DF8EC
:10A6800064001B9C00F0010C3746BCF1000F0D99D3
:10A6900008BF0C469DF840303A1B2646DC074FEABF
:10A6A000620B40F08981BBEB530F00F288815B089D
:10A6B00010A901EB4304A11C079CBFE19DF85810B1
:10A6C000179811F0010208BF48089DF84C30149EFD
:10A6D00013F0010708BF5E08F04200F0E98200288D
:10A6E00000F06281DAF80000002ED0E9033700F0B4
:10A6F0006881BB4200F06A8118886EE1DDF85482FF
:10A70000002400BFDAF8006086B1D6E90301884270
:10A710000DD13068416A30468847013006BF0026B7
:10A72000CAF80060DAF8006001E000BF00265DB101
:10A73000D5E90301884205D12868416A284688473F
:10A74000013001D026B153E0002E4FF000054FD06C
:10A75000DAF80000D0E90312914201D00E8803E03C
:10A760000168496A88470646D8F80000B7B2C3684E
:10A77000404640213A46984790B1DBF8000098994E
:10A78000884206D19698594698AAFCF74AFFDBF80A
:10A79000000020F8026BCBF8000001341AE000BF83
:10A7A0009DF870101D98CA07BDF87C2008BF4808A6
:10A7B000BA421DD1E4B1D8B1DDE92110884205D1FA
:10A7C00023A822A921AAFCF7F2FE229840F8044B04
:10A7D00000242290DAF80000D0E90312914203D05D
:10A7E0000231C1608EE700BF0168896A884789E746
:10A7F0007CB1DDE9220181420BD02199884205D14B
:10A8000023A822A921AAFCF7D2FE229840F8044BE3
:10A8100022900F980128C0F2BF80DAF80060F6B1EC
:10A82000D6E9030188421BD13068416A3046884727
:10A83000013006BF0026CAF80060DAF800600FE0B9
:10A840000168496A8847216882B2CB6820460121A5
:10A850009847002840F0E18190E20020DBE10026EB
:10A860005DB1D5E90301884205D12868416A2846CF
:10A870008847013001D026B180E2002E00F07E82B0
:10A880000025DAF80000D0E90312914201D00888CF
:10A8900002E00168496A8847BDF87E1080B28142B3
:10A8A00040F06C82DAF80000D0E90312914202D045
:10A8B0000231C16002E00168896A88470F98012867
:10A8C0006ADB00BFDAF8006086B1D6E9030188428E
:10A8D0000DD13068416A30468847013006BF0026F6
:10A8E000CAF80060DAF8006001E000BF00265DB140
:10A8F000D5E90301884205D12868416A284688477E
:10A90000013001D026B139E2002E00F03782002557
:10A91000DAF80000D0E90312914201D0088802E081
:10A920000168496A8847D8F8001082B2CB6840466F
:10A9300040219847002800F02182DBF80000989918
:10A94000884204D19698594698AAFCF76AFEDAF82C
:10A950000000D0E90312914202D0088803E000BF52
:10A960000168496A8847DBF8001021F8020BCBF830
:10A970000010DAF800000F99D0E9032301399A4258
:10A980000F9103D00232C26004E000BF0168896AFF
:10A9900088470F99002995DC9699DBF80000096833
:10A9A000884240F08581E9E1DAF80000D0E903123D
:10A9B000914225D008882AE0119B9B453BD9374618
:10A9C00055E0BB4200F0C0801888C4E00168496AC5
:10A9D00088479DF8581001F0010286B2189B09982B
:10A9E000002A08BF0346DAF800001C88D0E90337C4
:10A9F000B44200F0BD80BB4200F0D2801888D2E0A3
:10AA00000168496A88479DF84C3003F001071599A1
:10AA1000002F089A08BF1146098880B2814240F091
:10AA20004781DAF80000D0E90312914200F0D180AA
:10AA30000231C160D4E0129C04EB4301A1EB4B0E48
:10AA400004EB4302964512D003EB0B0204EB4202E7
:10AA5000521A0023C34600BF3EF80310F45AA14225
:10AA600003D102339A42F7D102E0374600E0C346F1
:10AA70001A990D9CBCF1000F08BF410806EB41007C
:10AA8000B8424ED0DAF8006086B1D6E903018842B8
:10AA90000DD13068416A30468847013006BF002634
:10AAA000CAF80060DAF8006001E000BF00265DB17E
:10AAB000D5E90301884205D12868416A28468847BC
:10AAC000013001D01EB12CE04FF000054EB3DAF892
:10AAD0000000D0E90312914202D0088803E000BFD1
:10AAE0000168496A8847398880B2814219D1DAF809
:10AAF0000000D0E90312914202D00231C16002E0AD
:10AB00000168896A88479DF86400023710F00101E6
:10AB1000DDE91A2104BF2146420801EB42008742C9
:10AB2000B0D10B98002800F0C3809DF8640010F0AD
:10AB30000101DDE91A2104BF2146420801EB420070
:10AB4000874200F0B58019E10168496A88479DF89D
:10AB5000581001F00102189B002A099F08BF3B46CC
:10AB60001B8880B2834208D1DAF80000D0E90337AD
:10AB7000BB4206D00233C3600AE094980121017001
:10AB800096E00168896A88479DF8581001F0010233
:10AB90001798002A08BF480801280C9816A938E021
:10ABA0000168496A88479DF84C10159B11F0010215
:10ABB000089F08BF3B461B8880B2834240F0DE807E
:10ABC000DAF80000D0E90337BB4211D00233C3608A
:10ABD00015E00168896A88479DF84C3003F0010749
:10ABE0009498012101701498002F08BF58080DE0B7
:10ABF0000168896A88479DF84C1001F00102949819
:10AC0000012303701498002A08BF480801280C98F3
:10AC100013A988BF08460C904AE0DAF80010CA6809
:10AC20000869824203D032F8020BCA6003E0086868
:10AC3000826A0846904781B210A8FBF794FCDAF8C4
:10AC400000607EB1D6E9030188420CD13068416AC8
:10AC500030468847013006BF0026CAF80060DAF89F
:10AC6000006000E000265DB1D5E90301884205D10E
:10AC70002868416A28468847013001D0C6B902E0F9
:10AC80004FF00005A6B1DAF80000D0E903129142B6
:10AC900001D0088802E00168496A8847959F82B21E
:10ACA00039683846CB68012198470028B5D100BFE4
:10ACB00009F10109B9F1040F7FF440AC0C9C002CA0
:10ACC00050D004F1020801272078C1070CBF4008CA
:10ACD0006068874246D2DAF800607EB1D6E90301A7
:10ACE00088420CD13068416A30468847013006BF3F
:10ACF0000026CAF80060DAF8006000E000265DB1C6
:10AD0000D5E90301884205D12868416A2846884769
:10AD1000013001D016B131E086B30025DAF8000029
:10AD2000D0E90312914201D0088802E00168496A23
:10AD30008847217880B2C907414618BFA16831F819
:10AD4000171081421AD1DAF800000137D0E9031256
:10AD5000914203D00231C160B6E700BF0168896A41
:10AD60008847B1E7DDE9222191423BD000200E90D7
:10AD70001CA80EABFCF794FA0E9898B39399002494
:10AD8000086840F0040008609DF84000C00702D049
:10AD9000129800F053FD9DF84C00C00702D01598A2
:10ADA00000F04CFD9DF85800C00702D0189800F044
:10ADB00045FD9DF86400C00702D01B9800F03EFDE1
:10ADC0009DF87000C00702D01E9800F037FD239850
:10ADD0000021239108B12499884720460DF5097D6B
:10ADE000BDE8F08F0124CFE780B5AFF30080BDE868
:10ADF000804000F023BDFCF731B880B5AFF3008090
:10AE0000BDE8804000F01ABDFCF728B880B5AFF36C
:10AE10000080BDE8804000F011BDFCF71FB80000C5
:10AE20002DE9F04F0C9CDDE909EC1060A007CCF88F
:10AE3000003019D5AEEB0300032802DA0120BDE88B
:10AE4000F08F581CCCF80000EF201870DCF80000E0
:10AE5000431CCCF80030BB230370DCF80000431C1B
:10AE6000CCF80030BF23037016684FF0000B8E4201
:10AE70004FF0000066D20B9C40F2FF754FF0C00A05
:10AE80004FF0020936680220A6425BD826EA050385
:10AE9000B3F5584F08BFBDE8F08F7F2E06D8DCF819
:10AEA0000000AEEB0003012B42DAC7E7BBEBD62F65
:10AEB0000ED1DCF80000AEEB0003022BBEDB4AEA49
:10AEC000961300F10108CCF8008003702CE000BF5D
:10AED000DCF80000BBEB164FAEEB000309D1032BEF
:10AEE000ACDBE02343EA1633471CCCF80070037058
:10AEF00011E0042BA2DBF02343EA9643471CCCF875
:10AF000000700370DCF80030300B69F39F105F1C99
:10AF1000CCF800701870DCF80030B00969F39F10AD
:10AF20005F1CCCF800701870DCF8000069F39F1605
:10AF3000431CCCF8003006701068061D8E42166067
:10AF4000A0D30020BDE8F08F2DE9F047DDF824C044
:10AF50000B9F1060CCF80030136878070DD5C81A25
:10AF600003280ADB1878EF2807D15878BB2804D1CA
:10AF70009878BF2804BF033313608B4224BF00209E
:10AF8000BDE8F087DDF82890DDF820E0DCF800006F
:10AF90004FF4E0180646704580F08C8093F900006D
:10AFA0000028C7B204D44F4500F28A80012075E022
:10AFB000C22FC0F08580DF2F15D8C81A0228C0F232
:10AFC0008280587800F0C004802C79D107F01F04EB
:10AFD00000F03F0040EA84174F454FF0020088BF61
:10AFE000BDE8F0875AE0EF2F0DD8C81A03286ADBB6
:10AFF0005C789878ED2F19D0E02F1AD104F0E00595
:10B00000A02D1AD05CE0F42F5AD8C81A04285ADBB5
:10B010005C789D7893F803A0F42F1FD0F02F20D1F7
:10B0200004F17000C0B230281FD349E004F0E005FD
:10B0300001E004F0C005802D42D100F0C005802D54
:10B040003ED13D03ADB204F03F0445EA841400F064
:10B050003F0027184F4533D803201FE004F0F000CD
:10B0600001E004F0C00080282AD105F0C00080284B
:10B0700026D10AF0C000802822D108EA874004F0D7
:10B080003F0440EA043005F03F0440EA84100AF02F
:10B090003F0407194F4513D8042000BF184410601F
:10B0A000DCF8000037600430CCF8000013688B42F5
:10B0B000FFF470AF0020764528BF0120BDE8F0877F
:10B0C0000220BDE8F0870120BDE8F0872DE9F04FB0
:10B0D0000C9CDDE909EC1060A007CCF8003019D514
:10B0E000AEEB0300032802DA0120BDE8F08F581C04
:10B0F000CCF80000EF201870DCF80000431CCCF8FE
:10B100000030BB230370DCF80000431CCCF8003097
:10B11000BF230370166800208E4228BFBDE8F08F61
:10B12000DDF82CB04FF0C0094FF0020A37885F45B8
:10B1300000F2B2807F2F07D8DCF80040AEEB0405A8
:10B14000012D2DDAD0E700BFB0EBD72F0CD1DCF802
:10B150000040AEEB0405022DC6DB49EA9715661CDC
:10B16000CCF80060257017E0FC0A1A2C22D8DCF815
:10B170000040AEEB0405032DB6DB3D0BE035661C4D
:10B18000CCF800602570DCF80050BC096AF39F140D
:10B190006E1CCCF800602C70DCF800406AF39F173E
:10B1A000651CCCF80050277013689E1C8E421660F8
:10B1B000BCD374E0BC0A362C4CD88C1B042C93DB1B
:10B1C00036F8028F08F47C45B5F55C4F64D1DCF8A5
:10B1D0000050AEEB0505042DFFF686AFBB0207F469
:10B1E00070759BB2444643EA85236FF39F24234442
:10B1F00003F580335B454FD81660012303EB9513AD
:10B20000DCF800509C08F0346E1CCCF800602C7008
:10B21000C7F3830463F30514DCF8003080345D1C4D
:10B22000CCF800501C7007F00303C8F3831444EA01
:10B230000313DCF800408033651CCCF80050237009
:10B24000DCF800306AF39F185C1CCCF8004083F8EF
:10B250000080A9E7B7F5604F1ED3DCF80040AEEBE5
:10B260000403032BFFF640AF3B0BE033651CCCF827
:10B2700000502370DCF80040BB096AF39F13651C83
:10B28000CCF800502370DCF800306AF39F175C1C88
:10B29000CCF800401F7087E70220BDE8F08F002047
:10B2A000BDE8F08F2DE9F047DDF824C00B9F10605A
:10B2B000CCF80030156878070DD5481B03280ADB49
:10B2C0002878EF2807D16878BB2804D1A878BF2850
:10B2D00004BF033515608D4224BF0020BDE8F08710
:10B2E000DDF82890DDF82080DCF800304FF0C00E4B
:10B2F0001C46434580F0AC802E784E4500F2AE806F
:10B3000073B2002B02D426806B1C97E0C22EC0F0D3
:10B31000A580DF2E15D84B1B022BC0F2A2806B78C4
:10B3200003F0C007802F40F0998006F01F0603F05D
:10B330003F0343EA86134B4500F290802380AB1C09
:10B340007CE0EF2E0ED84B1B032BC0F28A806F7867
:10B35000AB78ED2E19D0E02E1AD107F0E000A0282E
:10B360001AD07BE0F42E79D8481B042879DB6F785B
:10B37000AB7895F803A0F42E20D0F02E21D107F160
:10B380007000C0B2302820D368E007F0E00001E090
:10B3900007F0C000802861D103F0C00080285DD193
:10B3A00007F03F00800140EA063003F03F0303440A
:10B3B00098B2484552D82380EB1C3FE007F0F000DC
:10B3C00001E007F0C000802848D103F0C0008028C9
:10B3D00044D10AF0C000802840D1A8EB0400042822
:10B3E0003FDB06F00706B00467F3113003F03F05BA
:10B3F00040EA85100AF03F05284448452ED80EEA59
:10B4000087004FEA831A40EA062007F00F06C3F3CD
:10B41000011343EA860318440AF470732B4403F5BE
:10B420005C43254625F8023FCCF80050136800F530
:10B430007F5040F458400433208000BF1360DCF894
:10B440000000831CCCF8003015688D42FFF450AF2B
:10B450000020444528BF0120BDE8F0870220BDE858
:10B46000F0870120BDE8F0872DE9F043079F84466F
:10B470007F0711D50F1A032F84460DDB077884460A
:10B48000EF2F09D147788446BB2F05D187788446B2
:10B49000BF2F08BF0CF1030C002A00F091808C45EF
:10B4A00080F08E804FF0010E4FF4E0189CF90040C0
:10B4B000002CE5B204D49D4200F28280012477E0A2
:10B4C000C22D7DD3DF2D13D8A1EB0C04022C77DB2A
:10B4D0009CF8014004F0C006802E71D105F01F05D4
:10B4E00004F03F0444EA85149C4269D802245FE0DA
:10B4F000EF2D10D8A1EB0C04032C61DB9CF801604C
:10B500009CF80240ED2D1CD0E02D1DD106F0E00787
:10B51000A02F1DD054E0F42D52D8A1EB0C04042C24
:10B520004EDB9CF801409CF802709CF80390F42DCF
:10B530001FD0F02D20D104F17006F6B2302E1FD3AB
:10B540003EE006F0E00701E006F0C007802F37D1AB
:10B5500004F0C007802F33D12D03ADB206F03F06B3
:10B5600045EA861504F03F042C449C4228D8032465
:10B570001EE004F0F00601E004F0C006802E1FD1AA
:10B5800007F0C006802E1BD109F0C006802E17D10F
:10B5900008EA854504F03F0445EA043407F03F0516
:10B5A00044EA851409F03F052C449C4208D8042441
:10B5B0009645A44404D28C450EF1010EFFF476AFFB
:10B5C000ACEB0000BDE8F0832DE9F043079F844613
:10B5D0007F0711D50F1A032F84460DDB07788446A9
:10B5E000EF2F09D147788446BB2F05D18778844651
:10B5F000BF2F08BF0CF1030C002A00F09E808C4581
:10B6000080F09B804FF0000E4FF4E0189CF8005043
:10B610009D4200F292806CB2002C03D40CF1010C1C
:10B6200084E000BFC22DC0F08880DF2D15D8A1EBCB
:10B630000C04022CC0F281809CF8014004F0C0068A
:10B64000802E7AD105F01F0504F03F0444EA8514EA
:10B650009C4272D80CF1020C68E0EF2D10D8A1EBDF
:10B660000C04032C69DB9CF801609CF80240ED2D72
:10B6700020D0E02D21D106F0E007A02F21D05CE002
:10B68000F42D5AD8A2EB0E04022C56D3A1EB0C04D5
:10B69000042C52DB9CF801409CF802709CF803904B
:10B6A000F42D20D0F02D21D104F17006F6B2302E09
:10B6B00020D342E006F0E00701E006F0C007802F4B
:10B6C0003BD104F0C007802F37D12D03ADB206F077
:10B6D0003F0645EA861504F03F042C449C422CD8D2
:10B6E0000CF1030C22E004F0F00601E004F0C006C7
:10B6F000802E22D107F0C006802E1ED109F0C00690
:10B70000802E1AD108EA854504F03F0445EA043446
:10B7100007F03F0544EA851409F03F052C449C429C
:10B720000BD80EF1010E0CF1040C00BF0EF1010E4E
:10B73000964538BF8C45FFF469AFACEB0000BDE81F
:10B74000F083704740F61460C2F202000068704750
:10B75000E7F754F880B5002000BF00210028C8BFDB
:10B760000121084680BD00000438F0F7D1B8000080
:10B770000438F0F75FB900000438F0F761B9000051
:10B780000438F1F7BDBC10B5016851F80C1C441821
:10B7900004F10800FDF72EF82046BDE8104000F047
:10B7A0004DB8016851F80C1C08440830FDF722B868
:10B7B00010B5016851F80C1C441804F10800FDF79D
:10B7C00019F82046BDE8104000F038B8016851F87B
:10B7D0000C1C08440830FDF70DB810B5016851F88D
:10B7E0000C1C4418201DFDF705F82046BDE810404C
:10B7F00000F024B8016851F80C1C08440430FCF730
:10B80000F9BF10B5016851F80C1C4418201DFCF755
:10B81000F1FF2046BDE8104000F010B8016851F873
:10B820000C1C08440430FCF7E5BF00000021002890
:10B83000C8BF012108467047AFF30080E7F73DBE5F
:10B8400010B50446002808BF012400BF2046E7F7D2
:10B8500005FE002818BF10BDFFF774FF08B1804730
:10B86000F4E7002010BD000080B5017811B94178DF
:10B87000012901D1002080BD89075FBF02214170ED
:10B88000012080BD01A000F015FA00BF5F5F637862
:10B89000615F67756172645F61637175697265206C
:10B8A0006465746563746564207265637572736939
:10B8B000766520696E697469616C697A6174696F13
:10B8C0006E000000012101704170704701A000F07E
:10B8D000F1F900BF50757265207669727475616CFC
:10B8E0002066756E6374696F6E2063616C6C65644D
:10B8F00021000000B0B540F66C250024C2F202051C
:10B90000281990F89C10C90703D0D0F8A400FFF7BD
:10B9100095FF0C3C14F1A80008BFB0BDF0E7000093
:10B92000B0B540F6F4454FF49074C2F2020500BF82
:10B93000281910F80C1CC90703D050F8040CFFF7A5
:10B940007DFF0C3C08BFB0BDF2E70000B0B540F68B
:10B9500054250024C2F202052819017BC90702D030
:10B960004069FFF76BFF0C3C14F1180008BFB0BD35
:10B97000F2E70000B0B540F634450024C2F20205FB
:10B980002819017BC90702D04069FFF757FF0C3C1B
:10B9900014F1180008BFB0BDF2E70000B0B540F6E2
:10B9A0004C450024C2F20205281990F89C10C907E2
:10B9B00003D0D0F8A400FFF741FF0C3C14F1A8001D
:10B9C00008BFB0BDF0E70000B0B540F614354FF445
:10B9D0009074C2F2020500BF281910F80C1CC907A8
:10B9E00003D050F8040CFFF729FF0C3C08BFB0BD92
:10B9F000F2E7000010B540F2B454C2F2020420464F
:10BA0000FCF7A6FE48F2AD7040F20002C1F2010060
:10BA1000C1F200022146E6F7FCFE10BD10B540F26F
:10BA2000B554C2F202042046FCF792FE48F2AD7013
:10BA300040F20002C1F20100C1F200022146E6F725
:10BA4000E8FE10BD10B540F2B654C2F20204204622
:10BA5000FCF77EFE48F2AD7040F20002C1F2010038
:10BA6000C1F200022146E6F7D4FE10BD10B540F247
:10BA7000B754C2F202042046FCF76AFE48F2AD70E9
:10BA800040F20002C1F20100C1F200022146E6F7D5
:10BA9000C0FE10BD10B540F2B854C2F202042046F8
:10BAA000FCF756FE48F2AD7040F20002C1F2010010
:10BAB000C1F200022146E6F7ACFE10BD10B540F21F
:10BAC000B954C2F202042046FCF742FE48F2AD70BF
:10BAD00040F20002C1F20100C1F200022146E6F785
:10BAE00098FE10BD10B540F2BA54C2F202042046CE
:10BAF000FCF72EFE48F2AD7040F20002C1F20100E8
:10BB0000C1F200022146E6F784FE10BD10B540F2F6
:10BB1000BB54C2F202042046FCF71AFE48F2AD7094
:10BB200040F20002C1F20100C1F200022146E6F734
:10BB300070FE10BD10B540F2BC54C2F202042046A3
:10BB4000FCF706FE48F2AD7040F20002C1F20100BF
:10BB5000C1F200022146E6F75CFE10BD10B540F2CE
:10BB6000BD54C2F202042046FCF7F2FD48F2AD706B
:10BB700040F20002C1F20100C1F200022146E6F7E4
:10BB800048FE10BD10B540F2BE54C2F20204204679
:10BB9000FCF7DEFD48F2AD7040F20002C1F2010098
:10BBA000C1F200022146E6F734FE10BD10B540F2A6
:10BBB000BF54C2F202042046FCF7CAFD48F2AD7041
:10BBC00040F20002C1F20100C1F200022146E6F794
:10BBD00020FE10BD10B540F2C054C2F2020420464F
:10BBE000FCF7B6FD48F2AD7040F20002C1F2010070
:10BBF000C1F200022146E6F70CFE10BD80B54FF2FF
:10BC0000D010C2F20100EFF7A5FB80BDF0B591B0F6
:10BC10001446026852E90256CDE90340054403A8E0
:10BC2000CDE9051310302721E6F72CFF7068616815
:10BC300088421BD030680024876903A930462A4611
:10BC400001230094B8470C98012821D078BB0D99A6
:10BC5000DDE90A0281F0010180F00100089C82F018
:10BC600001020843104318BF002420E001200F9078
:10BC7000316800274C69009003A930462A462B46BC
:10BC80000197A0470998012818BF3D462C460EE0B1
:10BC90000998012801D1079C09E00D98002430B9CA
:10BCA0000A98012803D10B98012808BF079C204659
:10BCB00011B0F0BDE6F7A2FD80B5B2F1C04F0BD0D8
:10BCC00040F6000CC6F2000C624505D040F2004C74
:10BCD000C6F2000C624538D14BF2800E40F0800C69
:10BCE000C6F2040EF44530D1DDF808C040F61C6EF3
:10BCF000C2F2020EBCF1000FCEF800C00DD040F62B
:10BD00002A6CC2F2020C4FF0000EACF800E040F6D4
:10BD1000286CC2F2020CACF800E040F6246CC2F2CF
:10BD2000020CCCF8002040F62062C2F20202106041
:10BD300040F62C60C2F20200016040F63060C2F2B0
:10BD40000200036000F032F880BD102080BD0000CA
:10BD5000F0B581B040F61C64C2F20204206818B34A
:10BD600040F62A6540F62866C2F20205C2F20206D3
:10BD700028883188884217D040F62467C2F202072B
:10BD8000216882B209683868895C01F097F92888CF
:10BD90002168013082B289888A4228BF002081B29E
:10BDA000328828809142EBD101B0F0BDF0B583B06C
:10BDB00040F62465C2F202052868B0F1C04F0AD0EF
:10BDC00040F20041C6F20001884219BF0C242D2028
:10BDD00008242C2001E004242B2001F074F940F603
:10BDE000206640F62C67C2F20206C2F202073068F3
:10BDF0003968224601F06CF908B103B0F0BD306833
:10BE00003968022201F069F90028F6D140F6306065
:10BE1000C2F20200006843F221010190C0F2011158
:10BE20002868029101A901F05DF903B0F0BD00009E
:10BE300040F2E8004CF23D11C2F20000C1F20101F3
:10BE4000016040F2EC004CF2F921C2F20000C1F2B4
:10BE5000010101607047000010B582B040F61C611E
:10BE6000C2F202010968044671B140F62862C2F2CA
:10BE7000020208681388C454581C83B289888B4214
:10BE800028BF002010800BE040F62460C2F20200C0
:10BE900000680DF1070101228DF8074001F027F934
:10BEA000204602B010BD000080B5FFF77FFF4120A3
:10BEB000E6F788FC80BD000001207047B0B582B075
:10BEC0000DF1070102200122012501F015F99DF86D
:10BED0000700C0F34110032813D002287DD14BF294
:10BEE0000004C6F2040420464FF45041012201F040
:10BEF000F4F820464FF44831022201F0EEF802B087
:10BF0000B0BD0DF101013A20062201F0F5F89DF8CF
:10BF100001104BF20000C6F2040000F18004202959
:10BF200001F01F01204605FA01F13CBF4BF2000071
:10BF3000C6F20400012201F0D0F89DF8021020465C
:10BF400020293CBF4BF20000C6F2040001F01F01A3
:10BF500005FA01F1022201F0C0F89DF80310204615
:10BF600020293CBF4BF20000C6F2040001F01F0183
:10BF700005FA01F1012201F0B0F89DF80410204605
:10BF800020293CBF4BF20000C6F2040001F01F0163
:10BF900005FA01F1012201F0A0F89DF805102046F4
:10BFA00020293CBF4BF20000C6F2040001F01F0143
:10BFB00005FA01F1022201F090F89DF80600022234
:10BFC00020283CBF4BF20004C6F2040400F01F001E
:10BFD00005FA00F1204601F080F802B0B0BD000083
:10BFE0008020C4F20000D0F80011C90704BF00206F
:10BFF00070474FF20412C6F204020168D0F86801DB
:10C000001268081A92B202FB00F0800A7047000022
:10C0100010B5044640F61860C2F20200047040F603
:10C020003860C2F20200016040F63460C2F20200E1
:10C030000260FFF743FF204600F008F801200321CB
:10C040000B22092301F05DF810BD0000042884BF15
:10C050001020704780B5011FB1FA81F149094900EC
:10C06000032808BF0121084601F050F8002080BDD8
:10C0700082B04EF20000C6F2040001F04CF86420D9
:10C0800001F04EF800F08AF900F0E8F800F0A2F8AC
:10C0900000F074F900F010F90DA0E6F799FB00F03C
:10C0A000EDFA70B900209FED130A019001A800F08D
:10C0B00089F9019802F0D0FA02460FA00B46E6F784
:10C0C000DBF917A0E6F784FB01F02FF8FCE700BFCF
:10C0D0000D0A3D3D3D3D2054464C4D2048656C6C5D
:10C0E0006F20576F726C642074657374203D3D3D02
:10C0F0003D0D0000C3F5C83F5B54464C4D5D2069C3
:10C100006E6665722870692F32293D252E336620B0
:10C1100028657870656374207E312E30290D0A0001
:10C120003D3D3D3D2054464C4D2074657374206464
:10C130006F6E65203D3D3D3D0D0000000C460546FF
:10C14000FFF734FE07A0E6F743FB0AA02946E6F70F
:10C1500093F90DA02146E6F78FF9FFF7F9FD00BF2F
:10C16000FEE700BF6F7320657272206F63637572A4
:10C1700073000000636F646520202020203A203087
:10C1800078253038580A00006F626A6563745F6909
:10C19000643A203078253038580A0000B0F5807FA6
:10C1A00084BF1020704710B581090122830618BF93
:10C1B00002EB90114FF0FF308840C4434FF6FF7000
:10C1C000C0F20F0000F0B6FF204600F0B8FF0020DC
:10C1D00010BD000010B582B0012000210022002413
:10C1E00000F0B2FF4BF28000C6F204004FF4805121
:10C1F0004FF0C0424FF4E1230094FFF75DFD04A02F
:10C2000010A113A2E6F738F9FFF712FE02B010BD35
:10C210005B257320542025735D626C652070657208
:10C220006970686572616C2070726F6A65637428EA
:10C230006D702920737461727420746F20776F722F
:10C240006B2E0A00417567203230203230323600C2
:10C2500031353A31383A35360000000080B582B0C9
:10C2600000208DF807000DF107010F20012200F0DA
:10C2700043FF9DF80700002804BF562000F069FF27
:10C280000DF107011020012200F036FF9DF8070094
:10C29000002808BFA92000F061FF002000F063FF24
:10C2A00003200321642200F063FF012040F6C41143
:10C2B00000F063FF02B080BD80B5202000F062FF77
:10C2C0004FF480304FF4806100F061FF002818BF08
:10C2D00080BD43F20400C2F200000168002000F0BB
:10C2E0005BFF292000F0EFFE2A2000F0ECFE20206A
:10C2F00000F057FF80BD00001C4615460E4607465D
:10C30000FFF754FD08A0E6F763FA0CA03946324661
:10C31000E6F7B2F811A029462246E6F7ADF8FFF796
:10C3200017FD00BFFEE700BF73797374656D20656C
:10C3300072726F72206F6363757273007531364568
:10C3400072724D6F64756C653A257520753136458E
:10C3500072724C696E653A25750A00007533324574
:10C360007272496E666F313A2575207533324572A7
:10C3700072496E666F323A25750A000080B59C20BE
:10C38000FFF70CFF4BF6B9614BF6A962C1F2010150
:10C390000220C1F20102FFF73BFE80BD80B5022002
:10C3A00000F004FF00F007FF032000F009FF002069
:10C3B00000F00BFF002000F00DFF002000F00FFF49
:10C3C00080BD000070B52DED028B40F22021C2F23D
:10C3D00002010978B0EE408A044639B900F058F8F5
:10C3E00020B14FF0FF30BDEC028B70BD40F218253C
:10C3F000C2F20205286890ED020AC66888EE000ABB
:10C4000001F04AF8304410F1800FD8BF6FF07F0080
:10C4100029687F280969A8BF7F2008704FF2002093
:10C42000C2F201000068ECF795FD38B112A0E6F702
:10C43000CFF96FF00100BDEC028B70BDBCB140F2D2
:10C440002420C2F202000068016990ED031A91F9FC
:10C450000010B8EEC11A00EE101A90ED022AB8EEE4
:10C46000C00A30EE410A22EE000A84ED000A0020E4
:10C47000BDEC028B70BD00BF5B54464C4D5D204946
:10C480006E766F6B65206661696C65640D000000F7
:10C4900070B58CB040F22025C2F20205287810B1A8
:10C4A00000200CB070BDE5F713FF40F65050C1F20C
:10C4B0000200EFF7C3FD40F21C26C2F20206306014
:10C4C000F0F73AFE032812D105AC2046EFF7B6F894
:10C4D0004FF2D010C2F201002146EEF731FF90B1C9
:10C4E00052A0E6F775F96FF001000CB070BD30682E
:10C4F000F0F722FE014641A00322E5F7BDFF4FF011
:10C50000FF300CB070BD4FF26C10C2F20100D0E8E9
:10C510008F0FC00741D04FF2002440F22470C2F2C6
:10C520000104C2F202002060ECF7CAF940B148A051
:10C530004FF48051E5F7A0FF6FF002000CB070BD22
:10C5400020680021ECF7DCFC40F218262168C2F2DA
:10C550000206306008460021ECF72EFD40F224214F
:10C56000C2F20201086070B1306860B12068012138
:10C570002970F0F7E5FC014642F69D70C1F2020019
:10C58000E5F77AFF8CE742F6DF70C1F20200E6F7CA
:10C590001FF96FF003000CB070BD4FF26C10C2F2C7
:10C5A0000100FFF761F90028B5D040F2247431682A
:10C5B00000264FF48050C2F202044FF2D0124FF224
:10C5C0001023CDE900062046C2F20102C2F20103A7
:10C5D00002960396ECF71AFD49F2910040F2000230
:10C5E000C1F20000C1F200022146E6F712F94FF253
:10C5F0006C10C2F20100FFF765F98CE75B54464C02
:10C600004D5D20736368656D61206D69736D617444
:10C610006368206D6F64656C3D256C75206578706E
:10C620006563743D25640D0A000000005B54464CB0
:10C630004D5D2041646446756C6C79436F6E6E6528
:10C6400063746564206661696C65640D00000000B8
:10C650005B54464C4D5D20416C6C6F636174655456
:10C66000656E736F7273206661696C656420286102
:10C6700072656E613D2564290D0A00002DE9F04FB9
:10C6800081B02DED0A8B88B0FFF702FF10B14FF09B
:10C69000FF308FE09FED58AA43F2590B43F25C0A3A
:10C6A000002447A6C1F2020B0FF25018C1F2020A91
:10C6B000002500BF40F21820C2F20200006844A129
:10C6C000495D006901704FF20020C2F2010000686C
:10C6D000ECF740FC00285FD140F22420C2F20200B7
:10C6E000006896ED008A016990ED031A91F9001037
:10C6F000B8EEC11A00EE101A90ED022AB8EEC00A88
:10C7000030EE410A22EE00BAB0EE480A00F098FF7F
:10C71000B0EE409A30EE4B0A18EE100AB0EEC0CAE6
:10C7200001F09AFF074619EE100A894601F094FFBE
:10C7300041EC180B1BEE100A01F08EFF41EC190BB7
:10C740001CEE100A01F088FFB4EE4ACA41EC100B4F
:10C750005046F1EE10FAD8BF5846069040468DED8F
:10C76000008B3A468DED029B4B468DED040BE5F7B1
:10C7700083FEB4EE4ACA0135F1EE10FAC8BF0134A7
:10C78000042D06F1040695D16CB128A02146E5F7E9
:10C7900073FE6FF002000DE00EA02946E5F76CFE77
:10C7A0006FF0010006E042F6C370C1F20200E6F746
:10C7B0000FF8002008B0BDEC0A8B01B0BDE8F08F87
:10C7C000B81E453FC3F5C83F33331340C3F5484057
:10C7D000A0C1DE005B54464C4D5D2073656C6674F1
:10C7E00065737420496E766F6B65206661696C2095
:10C7F000693D25640D0A0000CDCC4C3D5B54464C90
:10C800004D5D20783D252E32662073696E3D252EC4
:10C81000336620707265643D252E33662065727222
:10C820003D252E33662025730D0A00005B54464CCF
:10C830004D5D2068656C6C6F2073656C6674657304
:10C8400074204641494C20636F756E743D25640D1C
:10C850000A0000005FEA400C08BF91F0000F4FEAA9
:10C860008C234FEAC12243EA51514FEA1C5018BFB2
:10C8700000F5F0404FEA300018BF41F000415FEA98
:10C880006C5C00F02980BCF1FF3F08BF40F08040A5
:10C890007047130C06BF12044FF0100C4FF0000C41
:10C8A000130E04BF12020CF1080C130F04BF120187
:10C8B0000CF1040C930F04BF92000CF1020CD30F87
:10C8C00004BF52000CF1010C11464FF00002A0F120
:10C8D0001F00A0EB0C00704711F0004F08BF70471D
:10C8E00031F000413FF4D5AF0B0C06BF09044FF007
:10C8F000100C4FF0000C0B0E04BF09020CF1080CD9
:10C900000B0F04BF09010CF1040C8B0F04BF89004D
:10C910000CF1020CCB0F04BF49000CF1010CCCF15F
:10C92000200322FA03F341EA030102FA0CF2A0EB1E
:10C930000C0000F10100704723F07F4720F07F4C8E
:10C9400080EA030000F00040ACEB070303F57C53E2
:10C9500003F1FF032DE9804909B44FEA144324EAA7
:10C9600003484FEA154B25EA0B4E0FF2042606EB5F
:10C9700013273E7803FB0667C7F5000707FB06F69B
:10C980004FEAD64606F102064FEA543707FB066C1B
:10C99000CCF1005C4FEA1C472CEA074C0CFB06F577
:10C9A00007FB06F404EB15464FEA961649085FEAC2
:10C9B000320234BF00204FF000404FEAD13706FB6F
:10C9C00007FC4FEA1C4C0CFB0BF7D21B03FB0CF7CC
:10C9D00061EB07010CFB0EF7B0EB074072EB17425F
:10C9E0000CFB08F734BFA2EB0742B2EB074261EB46
:10C9F00017414FEA0C444FEA910706FB07FC4FEA48
:10CA00001C4C0CFB0BF7B0EBC74072EB573203FB2F
:10CA10000CF734BFA2EBC742B2EBC74261EB573110
:10CA20000CFB0EF7B0EBC70072EB57720CFB08F76C
:10CA300034BFA2EBC702B2EBC70261EB57714FEAFA
:10CA4000816141EA92114FEA826242EA90124FEA12
:10CA5000806004EBCC04039F4FEAD13706FB07FC50
:10CA60004FEA1C4C0CFB0BF7D21B03FB0CF761EBE2
:10CA700007010CFB0EF7B0EB074072EB17420CFB03
:10CA800008F734BFA2EB0742B2EB074261EB174154
:10CA90004FEA8C5504EB9C244FEA910706FB07FCF8
:10CAA0004FEA1C4C0CFB0BF7B0EBC74072EB573254
:10CAB00003FB0CF734BFA2EBC742B2EBC74261EBFA
:10CAC00057310CFB0EF7B0EBC70072EB57720CFB43
:10CAD00008F734BFA2EBC702B2EBC70261EB577194
:10CAE0004FEA816141EA92114FEA826242EA901272
:10CAF0004FEA806015EB4C2544F100044FEAD13732
:10CB000006FB07FC4FEA1C4C0CFB0BF7D21B03FB8C
:10CB10000CF761EB07010CFB0EF7B0EB074072EB73
:10CB200017420CFB08F734BFA2EB0742B2EB0742F7
:10CB300061EB17414FEA813141EA92414FEA82327B
:10CB400042EA90424FEA80304FEA0C7615EB1C1512
:10CB500044F1000448EA03434EEA0B484FF0000E4C
:10CB6000B2EB080C71EB030724BF624639464EEB6B
:10CB70000E0E4FF0000B0018524149414BEB0B0BCE
:10CB8000B2EB080C71EB03077BF1000B24BF62468C
:10CB900039464EEB0E0E4FF0000B00185241494142
:10CBA0004BEB0B0BB2EB080C71EB03077BF1000BAB
:10CBB00024BF624639464EEB0E0E51EA020718BFFB
:10CBC00046F0010616EB0E7655F1000254F1000115
:10CBD00003D5BDE88901BDE80088BDE88901BDE84D
:10CBE0000048B619524141EB0101A3F1010370471E
:10CBF00080807F7E7D7C7B7A79787776767574739A
:10CC0000727171706F6E6E6D6C6C6B6A6A69686858
:10CC1000676666656464636362616160605F5F5EEE
:10CC20005E5D5D5C5C5B5B5A5A5959585857575664
:10CC300056555555545453535252525151505050C9
:10CC40004F4F4F4E4E4D4D4D4C4C4C4B4B4B4A4A1B
:10CC50004A4949494848484747474746464645455F
:10CC60004544444444434343434242424241414198
:10CC700010B546EA06464FEA164646EA42564FEADD
:10CC8000D22242EA41524FEAD121A3F57053A3F1D7
:10CC9000010300F02FF820F0004000F0004700F101
:10CCA000020CBCF5006F01EB0050114640EA070092
:10CCB00000D210BDBAF1000F0AD01CB503B44FF07A
:10CCC00004004FF004014FF000000FBCBDE810401D
:10CCD0004FF00001BBF1010FB9BF04484FF0FF3125
:10CCE0000348002140EA070010BD00BFFFFFEF7FAF
:10CCF0000000F07F9C46002B30D477002BD04FEA09
:10CD000037071CB503B44FF010004FF01001BAF113
:10CD1000000F06D0BCF1000FDCBF40F0080040F06F
:10CD200008014FF000000FBCBDE810400BF1010BF3
:10CD3000BBF1010F08BF5FEA170722BF12F1010222
:10CD400011F101014FF0004143F1000300F00040F8
:10CD500043EA00007047F9D35708D0E746EA064691
:10CD60004FEA164613F1400F1FDD13F1200FDFBF0E
:10CD700016430A46002120335B42BED0C3F1200790
:10CD800046EA06464FEA164602FA07F746EA07065B
:10CD900022FA03F2C3F1200701FA07F742EA070279
:10CDA00021FA03F14FF00003A7E746EA020646EA3C
:10CDB00006464FEA164646EA0106BCBF46EA064664
:10CDC000360C4FF000034FF000024FF0000194E7E3
:10CDD0002DE9804C70B49A46934691E8380007C814
:10CDE00031EA400C48BF34EA430C03D5FFF7A4FDF9
:10CDF000FFF780FFF0BCBDE8008C2DE9804C70B4DB
:10CE00009A46934691E8380007C831EA400C48BF7B
:10CE100034EA430C03D5FFF78FFDFFF729FFF0BC81
:10CE2000BDE8008C2DE9804C70B49A46934691E899
:10CE3000380007C810F0804F08BF13F0804F03D1AF
:10CE400000F01AF8FFF756FFF0BCBDE8008C2DE9A2
:10CE5000804C70B49A46934691E8380007C810F0A9
:10CE6000804F08BF13F0804F03D100F005F8FFF7A3
:10CE7000FFFEF0BCBDE8008C20F07F4723F07F4C24
:10CE800080EA030000F0004007EB0C03A3F57C539D
:10CE9000A3F1FE0392F0000F00F0B38095F0000FB5
:10CEA00000F077802DE901494FEA114021EA00485E
:10CEB0004FEA144624EA064700FB06FC08FB06F688
:10CEC00007FB08F818EB06484CEB164C00FB07F77D
:10CED00018EB07484CEB17404FEA124B22EA0B4E77
:10CEE0004FEA154625EA06470BFB06FC0EFB06F645
:10CEF00007FB0EFE1EEB064E4CEB164C0BFB07F72A
:10CF00001EEB074E4CEB174B18EB0B0840F10000E3
:10CF100018EB0E0B58EB000840F100008F1A4FF091
:10CF200000014FF000063CBFC943661B14BFB5EBC0
:10CF3000040C00213CBFC943F61B4FEA174427EA03
:10CF400004454FEA1C472CEA074C04FB076205FB2B
:10CF500007F70CFB05F616EB074642EB174204FBFE
:10CF60000CFC16EB0C4642EB1C421BEB060658EB86
:10CF7000020241414EEA8E0E46EA9E0601D5BDE808
:10CF80000189B619524141EB0101A3F10103BDE84A
:10CF900001894FEA144524EA05464FEA114721EA80
:10CFA000074C05FB07F406FB07F70CFB06F111EB3A
:10CFB000074144EB174405FB0CFC11EB0C4144EB1F
:10CFC0001C444FEA124722EA074C05FB07F206FB16
:10CFD00007F70CFB06F616EB074642EB174205FB7C
:10CFE0000CFC16EB0C4642EB1C456A1854F1000190
:10CFF00048BF7047B619524141EB0101A3F101034B
:10D00000704795F0000F37D04FEA114221EA0246EF
:10D010004FEA144724EA074C02FB07F106FB07F727
:10D020000CFB06F414EB074441EB174102FB0CFC2C
:10D0300014EB0C4441EB1C414FEA154725EA074C21
:10D0400002FB07F506FB07F70CFB06F616EB074697
:10D0500045EB174502FB0CFC16EB0C4645EB1C425E
:10D06000121951F1000148BF7047B619524141EB06
:10D070000101A3F1010370474FEA144524EA054674
:10D080004FEA114721EA074C05FB07F106FB07F7BA
:10D090000CFB06F212EB074241EB174105FB0CFCBF
:10D0A00012EB0C4251EB1C414FF0000648BF704799
:10D0B000921841EB0101A3F1010370474DF67D7C0D
:10D0C000C0F2000C604747F67D1CC0F2000C6047C0
:10D0D00049F6210CC0F2000C604749F69D0CC0F2E5
:10D0E000000C60474DF6656CC0F2000C60474EF2D4
:10D0F000CD1CC0F2000C604748F20D7CC0F2000C61
:10D1000060474AF68D6CC0F2000C60474AF6256C09
:10D11000C0F2000C60474FF6310CC0F2000C6047C3
:10D1200044F2717CC0F2000C604747F2012CC2F25D
:10D13000010C60474AF6510CC0F2000C60474AF6F9
:10D14000796CC0F2000C60474CF2113CC0F2000C4C
:10D1500060474AF6596CC0F2000C60474AF6696CA9
:10D16000C0F2000C60474AF6B13CC0F2000C6047C8
:10D1700045F6651CC0F2000C604745F6295CC0F21C
:10D18000000C604747F6852CC0F2000C60474CF25B
:10D19000791CC0F2000C60474CF2B93CC0F2000CA4
:10D1A000604747F6D12CC0F2000C60474AF67D5C20
:10D1B000C0F2000C60474AF66D0CC0F2000C6047EC
:10D1C0004AF6E93CC0F2000C60474AF6A95CC0F29E
:10D1D000000C60474AF6FD5CC0F2000C604745F663
:10D1E000214CC0F2000C604703B401984100009844
:10D1F00050EAC12018BF04204A0D18BF40F00100BA
:10D2000040F2FF72B2EB515F08BF40F0020001280C
:10D2100008BF052002B070474100080218BF042073
:10D220000A0E18BF40F001004FF07F4232EA0101C0
:10D2300008BF40F00200012808BF05207047000029
:10D2400030B52DED048B81B0B0EE408AF0EE608AEF
:10D250006A4651EC180B00F0C3FB00989FED329B1F
:10D260007E300090002821DC53EC192B51EC180B78
:10D2700000F0C6FE1AD0002140F608004FF0000072
:10D28000044651EC180B00F075FC08EE100A40F64D
:10D29000080004EA00014FF00000B5EEC08AF1EE8C
:10D2A00010FA04BF0220E5F77AFC2DE00098FF2871
:10D2B00030DB002108464FF0000000F4400553EC3D
:10D2C000192B51EC180B01F04DF88CBF00240124F0
:10D2D0000220E5F764FC9FED168A4DB1002C0CBFCF
:10D2E0004FF400004FF48000A84218BF9FED118A50
:10D2F000042108464FF00000002C01BFB1EE480A9F
:10D3000001B0BDEC048B30BDB0EE480A01B0BDECFD
:10D31000048B30BD51EC180B00F02CFC01B000EE7A
:10D32000100ABDEC048B30BD0000000000000000BE
:10D330000000807FFFFF7F7F31B504462DED020B9B
:10D340000023019A00982360194B22F00041994272
:10D3500028DA084326D0B1F5801FA8BF206811DA6B
:10D360009FED150B53EC102B9DED000B51EC100BAA
:10D3700000F0FAFECDE900010A466FF0350021F019
:10D38000004120600E4B6FF31E5203EB2151084405
:10D39000206042F0FF5040F0005001909DED000BE6
:10D3A00003B030BD9DED000B03B030BD00000000A8
:10D3B0000000F07F0000000000000000000050436B
:10D3C00002FCFFFF0000000030B540F2FF742DEDBD
:10D3D000048BF0EE608A18EE901A85B0B0EE408AA9
:10D3E0009FED2B9B05468DED008B34EA115147D004
:10D3F00053EC192B51EC180B00F002FE40D02A46DA
:10D4000051EC180B01F0A7FA41EC180B18EE900A3A
:10D410008DED008B34EA10501CD053EC192B51ECDD
:10D42000180B00F0EDFD2BD10220E5F7B8FB00F062
:10D43000DFF910EE901A18EE900A8DED020B8DEDCB
:10D44000008B61F31E0003909DED020B05B0BDEC57
:10D45000048B30BD0220E5F7A2FB00F0B9F910EE15
:10D46000901A18EE900A8DED020B8DED008B61F392
:10D470001E0003909DED020B05B0BDEC048B30BD8A
:10D4800005B0B0EE480AF0EE680ABDEC048B30BD82
:10D49000000000000000000010B52DED028BF0EE42
:10D4A000408A18EE900A01F08BF908EE100A18EE87
:10D4B000900AB7EE000A78EEC80A10F0004F4FF05D
:10D4C0007F4010EE901A12D0B1F13F4F24BF10EE02
:10D4D000901AB0EB410F12D210EE901AB1F17C5FAE
:10D4E0001CDD10EE901AB0EB410F17D314E0B1F130
:10D4F0003F4F07D910EE901AB0EB410F02D338EE30
:10D50000408A0BE010EE901AB1F17C5F06DB10EE62
:10D51000901AB0EB410F01D338EE008A18EE101AC2
:10D52000B1F19E4F04DD18EE101AB0EB410F09D295
:10D5300018EE101AB1F14F4F07D918EE101AB0EBD0
:10D54000410F02D30120E5F72AFB18EE100ABDECCB
:10D55000028BBDE8104001F0D4B8000000000000CC
:10D5600010B52DED020B2DED088B84B09DED0C0B4D
:10D5700051EC100B00F02CFF41EC180B9DED0C0B47
:10D5800053EC182B51EC100B00F07CFF41EC190B05
:10D590000D989FED290B10F0004F53EC102B51EC20
:10D5A000190B9FED21AB9FED22BB0ED000F0A0FD2B
:10D5B0000ED953EC1B2B51EC190B00F0D3FE1CD2EF
:10D5C00014E000BF41EC180B17E000F091FD06D20B
:10D5D00053EC1A2B51EC180B00F054FFF2E753EC0C
:10D5E0001B2B51EC190B00F0BDFE06D853EC1A2B87
:10D5F00051EC180B00F0F0FAE4E78DED028B9DED95
:10D600000C0B18EE901A10EE900A8DED000B61F3E2
:10D610001E0003909DED020B04B0BDEC088B02B020
:10D6200010BD000000000000000000000000F03FFE
:10D63000000000000000E03F000000000000E0BF2C
:10D6400000B510EE101A2DED028B81B0524A6846DB
:10D65000B2EB410F2ED94FF0E640B0EB410F94BF33
:10D6600000204FF0FF3000900098B0EE408A002874
:10D670006ADB10F0010F4BD068EE080A9FED471AE5
:10D680009FED470A00EE810A9FED461A10F0020F47
:10D6900000EE801AB7EE000A00EE810A02BF01B068
:10D6A000BDEC028B00BD00BF01B0B1EE400ABDEC85
:10D6B000028B00BD3C4B21F00042934241D911F056
:10D6C000004FDFED3A0A20EE201ADFED390A19BFCC
:10D6D00031EE601A71EE200A31EE201A71EE600A06
:10D6E000BDEEE01A11EE100A9FED321A00F00300B1
:10D6F00000EEC10A9FED301A009000EEC10A9FEDC6
:10D700002F1A00EEC10A9FED2E1A00EEC10AABE7F8
:10D7100028EE080A9FED2B1ADFED2B0A10F0020FFE
:10D7200040EE010A9FED291A00EE201A61EE000A70
:10D73000B0EE480A08EE200AB6D101B0BDEC028B6B
:10D7400000BD00F083F88FE718EE100A4000B0F13A
:10D750007F4F0DD218EE100AFFF75EFD042808BFB8
:10D7600000F062F8B0EE480A01B0BDEC028B00BDDB
:10D7700009D10120E5F713FA01B0BDEC028B5DF889
:10D7800004EB00F049B801B0B0EE480ABDEC028BE2
:10D790005DF804EB00F03CB8B61F927EB93AB2BA1D
:10D7A000CA9F2A3DDDFFFFBE490E494683F9223F4D
:10D7B0000000004B0000C93F00A0FD390020A2334B
:10D7C0001A61342C336D4CB9DA82083CA0AA2ABE07
:10D7D0009FED050B10B553EC102B51EC100B00F026
:10D7E000C3FC41EC100B10BD0000000000000070F5
:10D7F0009FED050B10B553EC102B51EC100B00F006
:10D80000B3FC41EC100B10BD000000000000001044
:10D8100030EE000A70470000DFED020A80EEA00A39
:10D8200070470000000000009FED020A20EE000A91
:10D83000704700000000001010B5044691ED000B89
:10D84000FFF7FEFC84ED000A10BD00002DE9F00199
:10D850004FF07F42B2EB410F9FBF4FF0FF310160AD
:10D86000BDE8F00170474FF0004242EA0123C1F3E6
:10D87000C752783A551112F01F0C434CCCF12006D8
:10D880007C44C1F3C752A2F178024FEA621204EB62
:10D89000820254F8254008BFD2E9015612D05568DB
:10D8A00004FA0CF425FA06F73C43976805FA0CF5E0
:10D8B00027FA06F8D26807FA0CFCF24045EA080598
:10D8C0004CEA0206A4FB034CA5FB0352A6FB036330
:10D8D0001D449D4234BF012600261319334416B15E
:10D8E000934202D903E0934201D2012200E00022D8
:10D8F000624402F1200C9206DC0C42EA443200EE53
:10D90000102A5B03DFED210AF8EEC01A00EE103A90
:10D910004FEA9C1C11F0004FB8EE400AC0F800C05E
:10D9200020EE201A00EE105ADFED190AB8EE400A78
:10D9300020EE200A71EE810A70EE800A10EE902A25
:10D9400002F500626FF30B0200EE902A70EEE11A0E
:10D9500031EEC11ADFED101A30EE411A9FED0D0ABB
:10D9600020EE800A01EE210A9FED0C1A00EE810ADA
:10D9700004BFBDE8F0017047CCF180510160BDE803
:10D98000F001B1EE400A7047AC1100000000003613
:10D990000000802C22AAFD29DB0FC92F0000C92F0F
:10D9A00010B5044690ED000B0846FFF70DFD84ED21
:10D9B000000B10BD30380A2801D20120704700202A
:10D9C00070470168002901DCE7F763BE491E01606A
:10D9D00041684A1C4260087870470000000000005F
:10D9E00010B582B01446CDE900010023009A2360EF
:10D9F000194B21F0004098422ADA024328D0B0F5B2
:10DA0000801FA8BF226810DA9FED150B53EC102B76
:10DA10009DED000B51EC100B00F0A6FBCDE90001D1
:10DA20006FF0350221F0004022600F4B6FF31E5162
:10DA300003EB20501044206041F0FF5040F00050B4
:10DA400001909DED000B00BF02B051EC100B10BD1A
:10DA50009DED000BF8E700000000F07F00000000E3
:10DA6000000000000000504302FCFFFF0000000027
:10DA700000B583B00A469FED080B01468DED000B03
:10DA800001236846E7F7B0FB9DED000B03B051ECB6
:10DA9000100B00BD000000000000000000000000AE
:10DAA00008B50A469FED040A01468DED000A684656
:10DAB000E7F7D0FB009808BD000000000000000060
:10DAC00000B583B00A469FED080B01468DED000BB3
:10DAD00001236846E7F788FB9DED000B03B051EC8E
:10DAE000100B00BD0000000000000000000000005E
:10DAF00010B500290AD00878002807D005487844D6
:10DB0000E4F7EAFF002801D0002010BD0248784465
:10DB100010BD0000CE560000C656000010B500290A
:10DB20000AD00878002807D005487844E4F7D4FFE5
:10DB3000002801D0002010BD0248784410BD00002C
:10DB4000B2570000AA57000010B500290AD0087883
:10DB5000002807D005487844E4F7BEFF002801D02C
:10DB6000002010BD0248784410BD0000A2570000FC
:10DB70009A57000021F0004201F00043A2F16052E8
:10DB8000B2F5801F28BFD2F17F6C0BD95FEA001C71
:10DB900043EAC20242EB507018BF704728BF20F022
:10DBA00001007047B2F5801FBCBF184670474FEAAE
:10DBB000410C1CF5001F02D2084600F0FCBD70B5F8
:10DBC00000F07CFB00000089FFF7F6BF4FF000403B
:10DBD000A0F580007047000010B591EA030F48BF20
:10DBE00083F0004300F15684841A71EB030C05D2D4
:10DBF000121943EB0C03001B61EB0C014FEA1154AB
:10DC0000A4EB135CDFF81CE11EEA430F18BF9EEA89
:10DC1000445F73D021EA045123EA0E0343F48013D6
:10DC2000DCF1200E32D322FA0CFE10EB0E0023FAA8
:10DC30000CFE41EB0E01CCF1200E03FA0EFE10EBB0
:10DC40000E00CCF1200E51F10001B1F5801F32D24F
:10DC500001EB045112FA0EF2BDE8104058BF7047B4
:10DC6000401C38BF5FEA420218BF7047002814BF4B
:10DC700020F0010041F100014FEA410313F5001FBC
:10DC800038BF7047A1F1C04100F066BB012A43EBE9
:10DC90000302ACF1200CDCF11F0E32BF4FF0000E7E
:10DCA00023FA0CF310EB030041EB0451B4EB115FCA
:10DCB000D0D0A1EB045101F58011490801EB0451CA
:10DCC0005FEA30000ED350F1000038BF12FA0EFEAA
:10DCD00008D1BDE81040C9E7401C38BF5FEA4202E6
:10DCE000CAD1C3E7BDE810404FEA410313F5001F56
:10DCF00038BF7047A1F1C04100F02EBB9EEA445FDF
:10DD000008D011EA5E0FBDE8104004BF01F00041E9
:10DD100000207047BDE8104070B500F0CFFA00BF9A
:10DD200064FBBE3E0000E0FF02494FF0000000F03F
:10DD3000E0BD00BF0000F87F491058BFC1F140416D
:10DD40005B1058BFC3F140438B42EFF30080704734
:10DD50002DE9C04130B4DFF8A0C23CEA111418BF6D
:10DD60003CEA131400F0EC801CEA111481EA03056C
:10DD700044EAD57418BF1CEA131500F0C780A4EB61
:10DD8000050404F17F7404F500344FF0004545EAC2
:10DD9000C12145EAC32341EA505143EA52534FEAB5
:10DDA000C0204FEAC222994208BF904200F09C80F6
:10DDB0004FEA13650FF24016765D4FEA134506FBF6
:10DDC00005F7C7F1807706FB07F74FEAD737A7FBC0
:10DDD00003687642A7FB06CEC8F5803838BFA8F1A5
:10DDE000010807FB08E6A6FB028C4FF0000EE6FBDD
:10DDF00003CEDCF1000CCEF1004E38BFAEF1010EC7
:10DE0000A6FB0C584FF00007E6FB0E87A1FB08C6E7
:10DE1000A0FB07CE16EB0E064FF0000545F10005FE
:10DE2000E1FB076515F1E04E7EBFA4F580345FEAA3
:10DE300046066D4116F1800745F100054FEA1727A8
:10DE400047EA05674FEA15254FEA0666A6F1DE4662
:10DE5000B6F1805F1FD9384605EBC47124F0010C80
:10DE600001EB0C11BCF1FE6F02D8F0BCBDE80081E3
:10DE700024425CBF01F5801E9EEAC47F02D4F0BC40
:10DE8000BDE80081244238D4A1F1C041F0BCBDE816
:10DE9000004100F061BA4FEAD02040EA41504FEA19
:10DEA000D1214FEAD22242EA43524FEAD323A7FBC1
:10DEB000028607FB036605FB02661EEA0E0F58BFCB
:10DEC000A6EB0056B6EB00564FEA520E4EEAC37E62
:10DED00018EB0E0E56EB530EBDD518EB02085E4143
:10DEE0007F1C55F10005B6E74FF480154FF0000791
:10DEF0004FF000064FF00008ADE701F1C04101F01E
:10DF000000414FF00000F0BCBDE800810CEA1315A1
:10DF100011EA0C1F00D00CE013EA0C1F00F0258062
:10DF20004FF0000081EA030101F00041F0BCBDE8C0
:10DF30000081F0BCBDE8004181EA030100F00CBAA9
:10DF4000F0BCBDE8004170B500F0B8F9097EFC3EB8
:10DF500000F007B84FF0000081EA030101F0004132
:10DF6000704781EA030100F0F7B9F0BCBDE8004159
:10DF700022494FF000007047FFFDFBF9F7F5F4F27E
:10DF8000F0EEEDEBE9E8E6E4E3E1E0DEDDDBDAD854
:10DF9000D7D5D4D3D1D0CFCDCCCBCAC8C7C6C5C4B2
:10DFA000C2C1C0BFBEBDBCBBBAB9B8B7B6B5B4B3C9
:10DFB000B2B1B0AFAEADACABAAA9A8A8A7A6A5A4B4
:10DFC000A3A3A2A1A09F9F9E9D9C9C9B9A99999878
:10DFD0009797969595949393929191908F8F8E8E1B
:10DFE0008D8C8C8B8B8A89898888878786858584A8
:10DFF00084838382828181800000FF070000F87F94
:10E0000051EA030C17D41CF5801F58BFBCF5801FC4
:10E0100000F10680994218BF704708BF90427047D0
:10E0200007D711F5801F58BF13F5801F19D49942E7
:10E030007047894270471CF5801F08D5BCF5801FCA
:10E04000F7D58B4218BF704708BF824270474FF424
:10E05000001C1CEB410F38BF1CEB430F01D28B425D
:10E06000704770B500F02AF9922449004FF0005132
:10E070004FF08053FFF760BE51EA030C17D41CF534
:10E08000801F58BFBCF5801F00F10680994218BF61
:10E09000704708BF9042704707D711F5801F58BFDF
:10E0A00013F5801F19D499427047894270471CF5B7
:10E0B000801F08D5BCF5801FF7D58B4218BF70476D
:10E0C00008BF824270474FF4001C1CEB410F38BF61
:10E0D0001CEB430F01D28B42704770B500F0EEF895
:10E0E000922449004FF080514FF00053FFF724BEB7
:10E0F00051EA030C17D41CF5801F58BFBCF5801FD4
:10E1000000F10680994218BF704708BF90427047DF
:10E1100007D711F5801F58BF13F5801F19D49942F6
:10E120007047894270471CF5801F08D5BCF5801FD9
:10E13000F7D58B4218BF704708BF824270474FF433
:10E14000001C1CEB410F38BF1CEB430F01D28B426C
:10E15000704770B500F0B2F8922449004FF00051BA
:10E160004FF08053FFF7E8BD70B5DFF848C11CEAF7
:10E17000111E1EBF1CEA13159EEA0C0F95EA0C0F28
:10E1800000F06F8081EA03044EEAD47EAE4421EAB7
:10E190004C1123EA4C1341F4801143F48013AEF187
:10E1A0007F7EA1FB024CA0FB0365361955EB0C05E5
:10E1B000A1FB034C4CF10003A0FB021C16EB0C0668
:10E1C000654153F10003094218BF46F0010613F4FC
:10E1D000007F0BD14FEA03314FEA053041EA155178
:10E1E00040EA165034036FF003020AE04FEAC321FD
:10E1F0004FEAC52041EA555140EA5650F4026FF00B
:10E20000020202EB2E4201EB025585EACE710AD0E2
:10E210005FEA440C18BF24F0004450F1000041F1C3
:10E22000000120EAD47040F2FE7C624500D270BD4D
:10E23000A84214BF4FF080444FF04044002E08BF66
:10E240000024BEF1806FA8BFA1F1C041BDE87040BD
:10E2500080F2828001F1C04101F000414FF00000E6
:10E2600070470CEA13159EEA0C0F18BF95EA0C0FC5
:10E2700006D081EA030E4FF000000EF0004170BDA1
:10E2800000F01CF88900013E00F007B800F009B862
:10E290004FEA430C5FEA5C5C08D081EA030100F0BE
:10E2A0005BB84FEA410C5FEA5C5CF6D102494FF083
:10E2B000000070470000FF070000F87F0EF1020E1B
:10E2C0002EF0030E5EF8046B364205D4012A43EBB0
:10E2D000030515F5001F12D8012841EB010C1CF5B0
:10E2E000001F0CD80ED14FEAD17C0CEB4C0C0CF17A
:10E2F000020C15F5001F08BF4CEBD37C04E04FF077
:10E30000080C01E04FEAD37C0CEB4C0526FA05F62D
:10E3100006F00706B6F1040C06D20EEB860CBDE83B
:10E3200070404CF0010C6047DFE80CF0090B020272
:10E330004FF00041A1F500214FF0000070BD1946DB
:10E340001046012851EB010418BFD4F5001484BF16
:10E35000002001F0004170BD0808A0F500114FEA4F
:10E360003101704753EA010C17D41CF5801F58BFC8
:10E37000BCF5801F00F106808B4218BF704708BFB4
:10E380008242704707D713F5801F58BF11F5801FD1
:10E3900019D48B4270479B4270471CF5801F08D5EB
:10E3A000BCF5801FF7D5994218BF704708BF90424F
:10E3B00070474FF4001C1CEB430F38BF1CEB410FA0
:10E3C00001D2994270470FB40CBC03BCFFF7C1BE29
:10E3D0005FEA410C5FEA5C5CACF580635B1C39D49E
:10E3E000D3F1340240F34580B2F1200314DA4FF048
:10E3F000010C0CFA02FCACF10103034020EA03001B
:10E40000B3EB5C0208BF10EA0C0F98BF704710EB2B
:10E410000C0041F1000170470AD0C3F1200201FA5B
:10E4200002FC01284CF1000021FA03F101FA03F18A
:10E430004FF0010C0CFA03FCACF1010321EA0301DB
:10E44000B0F1004F08BF11EA0C0F4FF0000088BF79
:10E4500061447047B3F1FF3F28BF50EAC12C01F07F
:10E4600000414FF0000084BF41F07C5141F4700145
:10E470007047B3F5806FB8BF704770B5FFF71EFFE8
:10E4800040DBB6BE10B591EA030F48BF83F00043EE
:10E490003FF5AAAB841A71EB030C07D28CF0004C49
:10E4A000121943EB0C03001B61EB0C014FEA1154F2
:10E4B000A4EB135CDFF89CE11EEA430F18BF9EEA51
:10E4C000445F00F0B08021EA045123EA6E03524217
:10E4D000C3EB6E0338BF5B1EDCF1200E25D322FA9E
:10E4E0000CFE10EB0E0043FA0CFE41EB0E01CCF1DA
:10E4F000200E03FA0EFE10EB0E00CCF1200E51F1AF
:10E50000000129D401EB045112FA0EF2BDE81040CB
:10E5100058BF7047401C1CBFB2F1004F7047002825
:10E520000CBF491C20F00100704712EB020E43EBB8
:10E53000030218BF4FF0010E4EEA4202ACF1200C6C
:10E54000DCF11E0E54D943FA0CFE10EB0E00CCF198
:10E550001E0E51F1FF31D5D50EF1010E12FA0EFE4D
:10E56000404141EB010101EB445C5FEA5C5C10D986
:10E5700001EB045110EBDE7038BFBEF1004FBDE877
:10E58000104018BF704700280CBF491C20F0010044
:10E59000704730D24FEAD42C24F4006411F50011F6
:10E5A0001BD0B1FA81F20B3AA41AA41ED2F12003B7
:10E5B000914030FA03F31943904001EBCC7101EB29
:10E5C0000451002CBDE81040A8BF704701F1C041C4
:10E5D00001F000414FF000007047B0FA80F310FAEC
:10E5E00003F100D110BDE41A173C4805C90AE4E75D
:10E5F00001EB045110BD49104FEA300001EB04510A
:10E60000BDE8104002E04FF0000170474A0008BF2B
:10E610000042F8D0B2F5001F28BF704701F000415A
:10E620004FF0000070479EEA445F07D011EA5E0F8A
:10E63000BDE8104004BF002100207047BDE8104035
:10E6400070B5FFF73BFE00BF40DFF63E104683F09B
:10E65000004170470000E0FF43004FEAD30C4FEA4F
:10E660003C0C43401FBF40070CF1605113F0FE4FBC
:10E6700070471CF0006F03D10CF000410020704780
:10E680000CF0004343EA507040EACC0010B500F0B3
:10E690003FF800BF000000924FEA0001FFF75CBEA8
:10E6A0004FF00041A1F500214FF00000704710B578
:10E6B000FFF7A6FC0CBF0120002010BD10B5FFF72E
:10E6C0009FFC14BF0120002010BD10B5FFF7D4FC43
:10E6D0008CBF0120002010BD10B5FFF7CDFC2CBF72
:10E6E0000120002010BD10B5FFF702FD94BF0120EE
:10E6F000002010BD10B5FFF7FBFC34BF0120002047
:10E7000010BD00EE100ABDEE401A11EE100A70475F
:10E710000EF1020E2EF0030E5EF8044B244204D4D8
:10E720004FEA4102B2F17F4F11D84FEA4003B3F1F3
:10E730007F4F0CD80ED14FEAD07C0CEB4C0C0CF177
:10E74000020CB2F17F4F08BF4CEBD17C04E04FF0DC
:10E75000080C01E04FEAD17C0CEB4C0324FA03F4E3
:10E7600004F00704B4F1040C06D20EEB840CBDE8EF
:10E7700010404CF0010C6047DFE80CF00708020283
:10E780004FF00040A0F5800010BD0846420018BFC1
:10E79000D2F1807288BF00F0004010BDF1EE100A87
:10E7A0004FF6FF71C0F2C03120EA010040F0407026
:10E7B000E1EE100A7047FF2141EAD050C0057047D2
:10E7C0005FEA400C5FEA1C6CBCF17F0314D4D3F108
:10E7D000170240F31C804FF0010C0CFA02FCACF164
:10E7E0000103034020EA0300B3EB5C0208BF10EA18
:10E7F0000C0F88BF60447047B3F1FF3F28BF5FEA4A
:10E80000002C00F0004088BF40F07E507047BCF103
:10E81000FF0FB8BF704710B5FFF77AFF40DBB6BEF9
:10E820004FF00000704700000A154FEAC12343EA89
:10E8300050534FEAC02C18BF43F000431BD4A2F240
:10E840004E02D2F57C7240F34280502AA8BF50227B
:10E8500023FA02F12CFA02F0D2F1200260B403FA9A
:10E8600002F588BF2843C2F1000223FA02F598BFDF
:10E87000284360BC704702F57C7212F5826F08BFB6
:10E8800023F00043D2F12E0221DB1AD0502AA8BF78
:10E89000502223FA02F12CFA02F0D2F1200260B4E5
:10E8A00003FA02F588BF2843C2F1000223FA02F5F9
:10E8B00098BF284360BC4042C1F1000138BF491EE7
:10E8C00070479CF0000F08BF93F0004FDED070B58A
:10E8D000FFF7F4FC922449804FF0000000217047BC
:10E8E0006FEAE17080F000417047E4F7B5BAE4F7F1
:10E8F0000BBF0CF00F03092B08BF082000F05F804E
:10E900000A2B0BD0082B18BF704708BF1CF0400F14
:10E910000AD04FF000004FF0000170471CF0400F8C
:10E9200018BF4FF0004070471CF0100F08D000F0E7
:10E930007F4220F0704342EAD3014FEA43707047B0
:10E9400000F0604021F07F4242EA000201F07F4087
:10E9500040EA727070474FF0FF0C4CF4E06C1CEA18
:10E9600011531CBF9CEA030C9445C2BFDA4201EB71
:10E9700002517047002B0DD0BCF1000F0FD001F0F9
:10E980000041002AA4BF41F0E04141F07F614FF017
:10E990000000704701F000414FF00000704750EA5E
:10E9A00001334FF09B0C18BF4CF0806C7FF4BCA976
:10E9B0007047E6F76BBAE7F79FBBE7F72DBD1CF48E
:10E9C000801F11D01CF4E02F03D06FEACC31490036
:10E9D00070474FF04050EFF3008222F0704242EA5D
:10E9E000000282F3008870474FF00000704730311A
:10E9F0003233343536373839414243444546403066
:10EA00005800303132333435363738396162636417
:10EA10006566403078000400000800000000000037
:10EA200000020001000010000000000000000000D3
:10EA3000000000006E83F9A22915444ED15727FC2F
:10EA4000C0DD34F5999562DB4190433CAB6351FEE8
:10EA50003031323334353637383961626364656654
:10EA600078700030313233343536373839414243EB
:10EA7000444546585000000002400000000000A03D
:10EA80000000000005400000000000C80000000079
:10EA90000C4000000000409C0000000019400000F5
:10EAA0000020BCBE0000000034400000BFC91B8E27
:10EAB00000000004B5400000504BCFD06607E2CF05
:10EAC000010000006C4100003E8251AADFEEA73435
:10EAD00001000000D9420000DCB5A0E23A301F97E7
:10EAE000FFFFFFFFB4450000FD25A0C8E9A3C14F0B
:10EAF000FFFFFFFFFF3F000000000080000000005C
:10EB0000FF3F000000000080000000003A74740025
:10EB10003A7474003A747400250049003A002500E4
:10EB20004D003A0025005300200025007000000031
:10EB3000250048003A0025004D000000C72B0210B8
:10EB40005E2B0210672B0210B82B0210872B0210CD
:10EB5000CE2B0210D52B0210A72B02108D2B0210EA
:10EB6000B92B02109E2B02107E2B0210AD2B02102F
:10EB7000862B0210BE2B0210E82B0210662B02100F
:10EB8000A62B0210982B02109D2B0210792B02103D
:10EB9000972B0210DA2B02106D2B021004000000DC
:10EBA0000400000001000000080000000200000056
:10EBB0000100000002000000080000000100000049
:10EBC0000200000008000000100000000800000023
:10EBD0000400000002000000040000000200000029
:10EBE0000100000002000000000000004F66666C9B
:10EBF000696E654D656D6F7279416C6C6F636174A0
:10EC0000696F6E00020000000000000000000000BC
:10EC10000100000030313233343536373839616223
:10EC20006364656641424344454678582B2D7050D5
:10EC300069496E4E00000000E8FA011060F1011011
:10EC400058F10110E8FA011081F1011038EC0110BF
:10EC5000E8FA0110A3F1011044EC0110E8FA0110E8
:10EC6000C8F1011044EC0110E8FA0110EEF10110B6
:10EC7000D8ED0110E8FA011006F20110E0ED0110E4
:10EC8000C0FA01101EF20110C0FA011033F2011097
:10EC9000C0FA011048F2011010FB01105DF20110E2
:10ECA000000000000200000044EE0110020000001D
:10ECB00090EC01100200000010FB011079F201102D
:10ECC000000000000200000044EE011002000000FD
:10ECD00090EC01100200000010FB011095F20110F1
:10ECE000000000000200000044EE011002000000DD
:10ECF00090EC01100200000010FB0110B1F20110B5
:10ED0000000000000200000044EE011002000000BC
:10ED100090EC011002000000C0FA0110CDF20110C9
:10ED2000C0FA0110E6F20110C0FA0110FFF2011062
:10ED3000C0FA011018F30110E8FA011031F30110C4
:10ED4000D8ED0110E8FA01104AF30110E0ED0110CE
:10ED5000C0FA011063F3011010FB01107AF30110E7
:10ED60000000000001000000B8F0011003F4FFFFF4
:10ED700010FB0110A9F301100000000001000000C9
:10ED8000C4F0011003F4FFFF10FB0110D8F30110D1
:10ED90000000000001000000B8F0011003F4FFFFC4
:10EDA00010FB011007F4011000000000010000003A
:10EDB000C4F0011003F4FFFFC0FA011036F4011093
:10EDC000C0FA01104EF40110C0FA011067F40110EE
:10EDD000C0FA011080F40110C0FA011099F401107A
:10EDE000C0FA0110CAF40110C0FA0110FBF40110BE
:10EDF000C0FA01101DF5011010FB01103FF50110C4
:10EE0000000000000200000044EE011002000000BB
:10EE100088EC01100200000010FB011051F50110F8
:10EE2000000000000200000044EE0110020000009B
:10EE300088EC011002000000E8FA011063F50110EF
:10EE400044EE0110E8FA011079F50110D0ED01103F
:10EE500010FB01108FF501100000000002000000FF
:10EE600044EE01100200000050ED0110020000000D
:10EE700010FB0110B4F501100000000002000000BA
:10EE800044EE01100200000050ED011002000000ED
:10EE900010FB0110D9F50110000000000200000075
:10EEA00044EE01100200000050ED011002000000CD
:10EEB00010FB0110FDF50110000000000200000031
:10EEC00044EE01100200000050ED011002000000AD
:10EED000E8FA011021F6011044EE0110E8FA0110E1
:10EEE00035F6011044EE011010FB011049F6011037
:10EEF000000000000200000044EE011002000000CB
:10EF000058F001100000000010FB01108DF60110F8
:10EF1000000000000200000044EE011002000000AA
:10EF200070F001100000000010FB0110D1F601107C
:10EF3000000000000200000044EE0110020000008A
:10EF400088F001100000000010FB011015F70110FF
:10EF5000000000000200000044EE0110020000006A
:10EF6000A0F0011000000000C0FA011059F70110D4
:10EF700010FB01106BF70110000000000200000000
:10EF800044EE011002000000B8ED01100200000084
:10EF900010FB011080F701100000000002000000CB
:10EFA00044EE011002000000B8ED01100200000064
:10EFB000E8FA011095F7011044EE0110E8FA01108B
:10EFC000AAF7011044EE011010FB0110BFF7011069
:10EFD000000000000300000044EE011002000000E9
:10EFE00050F1011002000000E8ED011000080000DF
:10EFF00010FB011004F801100000000003000000E5
:10F0000044EE01100200000050F101100200000067
:10F01000F0ED01100008000010FB011049F801108C
:10F02000000000000200000044EE01100200000099
:10F0300080EC01100008000010FB01108EF8011098
:10F04000000000000200000044EE01100200000079
:10F0500080EC01100008000010FB0110D3F8011033
:10F060000000000001000000C0ED011000000000E1
:10F0700010FB0110E9F80110000000000100000081
:10F08000C0ED01100000000010FB0110FFF801109E
:10F090000000000001000000C8ED011000000000A9
:10F0A00010FB011015F90110000000000100000024
:10F0B000C8ED011000000000E8FA01102BF9011062
:10F0C00068EF0110E8FA011055F9011068EF01101E
:10F0D00010FB01107FF90110000000000200000089
:10F0E00044EE01100200000018ED011000000000C5
:10F0F00010FB0110C5F90110000000000200000023
:10F1000044EE01100200000020ED0110000000009C
:10F1100010FB01100BFA01100000000002000000BB
:10F1200044EE01100200000028ED01100000000074
:10F1300010FB011051FA0110000000000200000055
:10F1400044EE01100200000030ED0110000000004C
:10F15000C0FA011097FA0110C0FA0110AAFA0110C2
:10F160004E31305F5F637878616269763131365F46
:10F170005F7368696D5F747970655F696E666F450E
:10F18000004E31305F5F6378786162697631313784
:10F190005F5F636C6173735F747970655F696E66DE
:10F1A0006F45004E31305F5F637878616269763118
:10F1B00032305F5F73695F636C6173735F74797022
:10F1C000655F696E666F45004E31305F5F637878CA
:10F1D000616269763132315F5F766D695F636C6160
:10F1E00073735F747970655F696E666F45004E5327
:10F1F00074335F5F3131305F5F737464696E627561
:10F200006649634545004E5374335F5F3131305F6B
:10F210005F737464696E62756649774545004E5345
:10F2200074335F5F3131305F5F74696D655F707536
:10F230007445004E5374335F5F31313063747970BD
:10F24000655F6261736545004E5374335F5F3131B2
:10F25000306D6F6E65795F6261736545004E537402
:10F26000335F5F3131306D6F6E657970756E6374C9
:10F2700049634C6230454545004E5374335F5F31FE
:10F2800031306D6F6E657970756E637449634C6271
:10F2900031454545004E5374335F5F3131306D6FFA
:10F2A0006E657970756E637449774C62304545457B
:10F2B000004E5374335F5F3131306D6F6E6579701E
:10F2C000756E637449774C6231454545004E537401
:10F2D000335F5F3131315F5F6D6F6E65795F676599
:10F2E0007449634545004E5374335F5F3131315F7C
:10F2F0005F6D6F6E65795F67657449774545004E50
:10F300005374335F5F3131315F5F6D6F6E65795F6D
:10F3100070757449634545004E5374335F5F3131F6
:10F32000315F5F6D6F6E65795F70757449774545C4
:10F33000004E5374335F5F3131315F5F7374646FBC
:10F34000757462756649634545004E5374335F5F5B
:10F350003131315F5F7374646F75746275664977BC
:10F360004545004E5374335F5F313132636F6465DE
:10F370006376745F6261736545004E5374335F5FFB
:10F3800031313362617369635F6973747265616D92
:10F3900049634E535F3131636861725F74726169B2
:10F3A0007473496345454545004E5374335F5F317F
:10F3B000313362617369635F6973747265616D494A
:10F3C000774E535F3131636861725F747261697443
:10F3D00073497745454545004E5374335F5F31317E
:10F3E0003362617369635F6F73747265616D4963E2
:10F3F0004E535F3131636861725F74726169747317
:10F40000496345454545004E5374335F5F313133A1
:10F4100062617369635F6F73747265616D49774E82
:10F42000535F3131636861725F74726169747349EB
:10F430007745454545004E5374335F5F3131336D39
:10F44000657373616765735F6261736545004E53F1
:10F4500074335F5F3131345F5F6E756D5F67657404
:10F460005F6261736545004E5374335F5F313134C1
:10F470005F5F6E756D5F7075745F62617365450087
:10F480004E5374335F5F3131345F5F73686172650F
:10F49000645F636F756E7445004E5374335F5F3104
:10F4A000313562617369635F73747265616D627532
:10F4B0006649634E535F3131636861725F74726194
:10F4C000697473496345454545004E5374335F5F26
:10F4D00031313562617369635F73747265616D6246
:10F4E000756649774E535F3131636861725F74723C
:10F4F00061697473497745454545004E5374335FE0
:10F500005F3132305F5F74696D655F6765745F633B
:10F510005F73746F7261676549634545004E53744C
:10F52000335F5F3132305F5F74696D655F6765744B
:10F530005F635F73746F7261676549774545004E1D
:10F540005374335F5F313563747970654963454542
:10F55000004E5374335F5F3135637479706549775A
:10F560004545004E5374335F5F31366C6F63616C99
:10F5700065355F5F696D7045004E5374335F5F3171
:10F58000366C6F63616C6535666163657445004E0A
:10F590005374335F5F3137636F64656376744944D6
:10F5A0006963537431315F5F6D6273746174655F59
:10F5B000744545004E5374335F5F3137636F646544
:10F5C00063767449447363537431315F5F6D627362
:10F5D000746174655F744545004E5374335F5F31E9
:10F5E00037636F6465637674496363537431315F65
:10F5F0005F6D6273746174655F744545004E53744A
:10F60000335F5F3137636F64656376744977635343
:10F610007431315F5F6D6273746174655F74454509
:10F62000004E5374335F5F3137636F6C6C61746588
:10F6300049634545004E5374335F5F3137636F6CE8
:10F640006C61746549774545004E5374335F5F3193
:10F65000376E756D5F67657449634E535F31396905
:10F6600073747265616D6275665F697465726174E9
:10F670006F7249634E535F3131636861725F7472B8
:10F68000616974734963454545454545004E53746A
:10F69000335F5F31376E756D5F67657449774E53C1
:10F6A0005F31396973747265616D6275665F697423
:10F6B000657261746F7249774E535F31316368616F
:10F6C000725F747261697473497745454545454574
:10F6D000004E5374335F5F31376E756D5F707574B4
:10F6E00049634E535F31396F73747265616D627532
:10F6F000665F6974657261746F7249634E535F31FE
:10F7000031636861725F74726169747349634545FE
:10F7100045454545004E5374335F5F31376E756D17
:10F720005F70757449774E535F31396F73747265CA
:10F73000616D6275665F6974657261746F72497735
:10F740004E535F3131636861725F747261697473C3
:10F750004977454545454545004E5374335F5F3114
:10F7600038696F735F6261736545004E5374335F30
:10F770005F31386D65737361676573496345450033
:10F780004E5374335F5F31386D65737361676573B2
:10F7900049774545004E5374335F5F31386E756D60
:10F7A00070756E637449634545004E5374335F5FF3
:10F7B00031386E756D70756E637449774545004ECE
:10F7C0005374335F5F313874696D655F6765744981
:10F7D000634E535F31396973747265616D6275662A
:10F7E0005F6974657261746F7249634E535F313142
:10F7F000636861725F7472616974734963454545FA
:10F80000454545004E5374335F5F313874696D650B
:10F810005F67657449774E535F31396973747265F8
:10F82000616D6275665F6974657261746F72497744
:10F830004E535F3131636861725F747261697473D2
:10F840004977454545454545004E5374335F5F3123
:10F850003874696D655F70757449634E535F3139F3
:10F860006F73747265616D6275665F6974657261EC
:10F87000746F7249634E535F3131636861725F74B4
:10F8800072616974734963454545454545004E536A
:10F8900074335F5F313874696D655F707574497773
:10F8A0004E535F31396F73747265616D6275665F57
:10F8B0006974657261746F7249774E535F31316359
:10F8C0006861725F74726169747349774545454533
:10F8D0004545004E5374335F5F31395F5F6E756D20
:10F8E0005F67657449634545004E5374335F5F310C
:10F8F000395F5F6E756D5F67657449774545004E8A
:10F900005374335F5F31395F5F6E756D5F7075740F
:10F9100049634545004E5374335F5F31395F5F6E15
:10F92000756D5F70757449774545004E5374335F4C
:10F930005F313962617369635F696F7349634E5305
:10F940005F3131636861725F7472616974734963B6
:10F9500045454545004E5374335F5F3139626173ED
:10F9600069635F696F7349774E535F3131636861D3
:10F97000725F747261697473497745454545004EFD
:10F980005374335F5F31396D6F6E65795F6765748E
:10F9900049634E535F31396973747265616D627585
:10F9A000665F6974657261746F7249634E535F314B
:10F9B00031636861725F747261697473496345454C
:10F9C00045454545004E5374335F5F31396D6F6E69
:10F9D00065795F67657449774E535F313969737430
:10F9E0007265616D6275665F6974657261746F726C
:10F9F00049774E535F3131636861725F7472616938
:10FA000074734977454545454545004E5374335F0A
:10FA10005F31396D6F6E65795F70757449634E53F0
:10FA20005F31396F73747265616D6275665F697499
:10FA3000657261746F7249634E535F3131636861FF
:10FA4000725F747261697473496345454545454504
:10FA5000004E5374335F5F31396D6F6E65795F703F
:10FA6000757449774E535F31396F73747265616D88
:10FA70006275665F6974657261746F7249774E531F
:10FA80005F3131636861725F747261697473497761
:10FA9000454545454545004E5374335F5F313974E4
:10FAA000696D655F6261736545005374397479707F
:10FAB000655F696E666F00000000000044EC011095
:10FAC000416A0010456A0010EBC20010EDC2001040
:10FAD0006BC40010EFC2001025C30010C5C3001096
:10FAE0000000000050EC0110416A0010536A001041
:10FAF000EBC20010EDC200106BC40010DFC4001098
:10FB000035C5001017C60010000000005CEC0110A5
:10FB1000416A0010616A0010EBC20010EDC20010D3
:10FB20006BC4001069C60010A1C700100DCA0010F8
:10FB300000000000000000004D6D0010496D001035
:10FB4000CDB80110CDB80110CDB80110CDB801105D
:10FB5000CDB80110CDB80110CDB8011000000000E3
:10FB600000000000F56E0010F16E0010CDB801101D
:10FB7000CDB80110CDB80110CDB80110CDB801102D
:10FB8000CDB80110CDB80110CDB80110CDB801101D
:10FB9000CDB80110CDB80110B16D00102D6E001060
:10FBA000B56E0010AD6D00105DCE001000000000BD
:10FBB000000000002D7A0010297A0010159B00101B
:10FBC000517A00100000000000000000917C00103D
:10FBD0008D7C0010CDB80110000000000000000076
:10FBE0008D8600101582001069840010C97E0010F7
:10FBF000D57E0010ED7E0010E17E0010FD8100102A
:10FC0000498800104188001061850010F5820010BD
:10FC1000D57D0010A1870010558700102D800010A1
:10FC20001D8600100000000000000000CDB801108B
:10FC3000CDB80110CDB80110B1880010AD8800100A
:10FC40000000000000000000917C0010E591001011
:10FC5000C19100100000000000000000159200108B
:10FC600011920010CDB80110FD910010CDB8011017
:10FC7000CDB80110CDB80110F9910010CDB8011028
:10FC8000F59100100000000000000000B99800107D
:10FC9000AD98001015980010799800105D9500102F
:10FCA0003193001001950010D597001075CF00100A
:10FCB000359300100000000000000000B59900100E
:10FCC000A99900102D990010FD91001025990010A0
:10FCD000C5980010CD980010F991001099CF001030
:10FCE000F59100100000000000000000CDB80110E8
:10FCF000CDB80110159B0010119B001000000000F2
:10FD00000000000011AA001005AA00101DA4001098
:10FD100065A7001005A6001081A7001035A70010E8
:10FD200009A30010D9A8001091A3001035A6001057
:10FD300015A5001019A30010DDA80010B5A700102C
:10FD4000000000000000000025D0001065D0001069
:10FD5000F1CF0010B188001071B300100000000056
:10FD600000000000B1B50010A5B50010DDB4001012
:10FD70004DB500100DB40010F5B400102DB50010F5
:10FD800025B4001041B40010E5B3001061B40010B8
:10FD900021B4001075B50010C9B4001039B50010B9
:10FDA000B56E001059B40010E1D000100000000042
:10FDB00000000000E1B70010DDB70010CDB8011061
:10FDC000CDB80110000000000000000041BA001092
:10FDD00035BA0010E5B7001081B8001091B80010D6
:10FDE000B9B80010E1B8001021B8001041B90010F6
:10FDF00009D1001051B900100DD10010E5D000104C
:10FE000011B9001001D10010FCFFFFFF000000003D
:10FE100079B7011071B7011069B7011081B70110EE
:10FE2000000000000000000075BD001071BD001052
:10FE3000CDB80110CDB80110CDB80110CDB801106A
:10FE4000CDB80110CDB80110CDB80110CDB801105A
:10FE5000CDB80110CDB80110CDB8011000000000E0
:10FE600068EC0110F9700110674C01104B4A011049
:10FE7000BD6F01107970011089700110976F01102A
:10FE8000A5700110C16F0110174C01108B4A0110B1
:10FE9000894B01101D7001109970011000000000C5
:10FEA00074EC011081720110934E0110754C011019
:10FEB0003B710110017201101172011017710110D4
:10FEC0002D7201103D710110434E0110B54C01100F
:10FED000B54D0110A1710110217201100000000048
:10FEE00098EC0110AF4E0110A14E01108F8401104B
:10FEF0004BD3001065D300101FD300103DD300106A
:10FF00005BD300104FD3001047D3001033D3001041
:10FF100029D3001000000000B8EC0110C14E011000
:10FF2000B34E01108F84011095D30010AFD3001091
:10FF300069D3001087D30010A5D3001099D3001007
:10FF400091D300107DD3001073D300100000000087
:10FF5000D8EC0110D34E0110C54E01108F84011052
:10FF6000DFD3001009D40010B3D30010D1D3001098
:10FF7000FFD30010E5D30010DBD30010C7D300106F
:10FF8000BDD3001000000000F8EC0110E54E011098
:10FF9000D74E01108F8401103BD4001065D400109F
:10FFA0000FD400102DD400105BD4001041D40010E9
:10FFB00037D4001023D4001019D400100000000022
:10FFC00038ED0110F9700110735A01100B5901102E
:10FFD000BD6F01107970011089700110AD580110CA
:10FFE000A5700110C16F0110A97001109D6F011063
:10FFF0009F7001103559011079590110000000005F
:020000041002E8
:1000000044ED0110817201104D5C0110DF5A0110A6
:100010003B7101100172011011720110815A01101F
:100020002D7201103D710110317201101D7101100E
:1000300027720110095B0110515B011008000000DC
:100040000000000058ED01101D6601100966011046
:10005000F8FFFFFFF8FFFFFF58ED0110A3B70110F5
:1000600087B70110080000000000000070ED0110CB
:100070003F6601102B660110F8FFFFFFF8FFFFFF3E
:1000800070ED0110CDB70110B1B7011004000000F0
:100090000000000088ED011039670110256701108C
:1000A000FCFFFFFFFCFFFFFF88ED0110F5B701101B
:1000B000DBB701100400000000000000A0ED0110FB
:1000C000336801101F680110FCFFFFFFFCFFFFFFFA
:1000D000A0ED01101DB8011003B8011000000000D0
:1000E000D8ED0110F9700110D57001109B6F01104F
:1000F000BD6F01107970011089700110976F0110A8
:10010000A5700110C16F0110A97001109D6F011041
:100110009F7001101D700110997001100000000007
:10012000E0ED0110817201105D7201101B71011070
:100130003B71011001720110117201101771011051
:100140002D7201103D710110317201101D710110ED
:1001500027720110A171011021720110000000002E
:10016000F8ED0110BB7D0110AD7D01108F840110F1
:1001700043E200100DE20010E7E10010B1E10010D1
:1001800081E2001069E20010A9E2001085E200108F
:100190000000000018EE0110A7840110E17D01109D
:1001A0008F840110E7E30010BDE30010B9E20010F6
:1001B00091E3001071E300103DE3001019E300101B
:1001C000E5E200101DE4001005E4001043E4001017
:1001D00021E400100000000038EE01102584011019
:1001E000158401108F8401100000000044EE0110FE
:1001F000A7840110998401108F8401100000000071
:1002000050EE0110A78401107B8601108F8401102D
:10021000C3E4001083E400106FE4001077E40010E2
:100220007FE4001003E500107BE4001000000000F4
:1002300070EE0110A7840110898601108F840110CF
:100240007DE500103DE5001029E5001031E50010C6
:1002500039E50010BDE5001035E500100000000094
:1002600090EE0110A7840110978601108F84011071
:1002700005E60010F7E50010E3E50010EBE50010DF
:10028000F3E5001013E60010EFE500100000000099
:10029000B0EE0110C7860110A58601108F840110F1
:1002A000D1E70010B9E6001021E600107BE600104F
:1002B000B5E6001005E90010A7E6001000000000F8
:1002C000D0EE0110F3860110E58601108F84011035
:1002D00059E9001095E90010F5E900100000000050
:1002E000DCEE011005870110F78601108F840110E4
:1002F00019EA001055EA0010CDEA001000000000D5
:10030000E8EE011017870110098701108F84011092
:10031000450001104D010110590101105501011056
:1003200061010110510101105D010110490101102D
:10033000410101104501011025FE001000000000E0
:1003400008EF0110298701101B8701108F8401100D
:10035000A5160110AD170110B9170110B51701103E
:10036000C1170110B1170110BD170110A917011015
:10037000A1170110A51701108D1401100000000035
:1003800028EF01103B8701102D8701108F84011089
:10039000611801107F1B01102F1D01105D1C011041
:1003A000071E01100F190110471A0110C51701107F
:1003B0000000000048EF01104D8701103F87011039
:1003C0008F8401107D1F0110972201104724011016
:1003D00075230110292501102F2001106321011020
:1003E000DF1E01100000000068EF0110F58701100A
:1003F000E78701100000000070EF0110578801101E
:10040000498801108F84011023260110192601103C
:10041000292601100000000090EF011069880110EA
:100420005B8801108F840110352601102B260110E6
:100430003B26011000000000B0EF01107B88011086
:100440006D8801108F84011081260110852601100E
:100450003D260110472601105D2601100000000016
:10046000BCEF0110AF880110A18801108F8401102A
:10047000E5260110E92601108926011093260110B6
:10048000B526011000000000C8EF0110E38801103C
:10049000D58801108F84011053290110F127011014
:1004A000A327011057290110132A01102328011036
:1004B000412E0110F8FFFFFFC8EF011031D70010E7
:1004C000B9D8001079D60010E9D4001079D5001001
:1004D000FDD500106BD4001000000000F0EF0110FB
:1004E000F5880110E78801108F8401103F34011056
:1004F000DB3201108B32011043340110FF34011044
:100500000F33011001390110F8FFFFFFF0EF011068
:10051000A9DD001049DF0010EFDC001063DB0010E4
:10052000E1DB001071DC0010E5DA001000000000D3
:1005300018F001100F890110F98801108F84011043
:10054000853C01100000000038F0011037890110CF
:10055000218901108F840110F93C01100000000076
:10056000D0F001108FA4011081A401108F8401101C
:10057000913E0110593D011000000000F0F0011003
:10058000F7AD0110E9AD01108F8401105541011044
:10059000294001100000000010F1011009AE011007
:1005A000FBAD01108F8401109B440110EB42011040
:1005B0000000000030F101101BAE01100DAE011063
:1005C0008F84011049480110974601105D210210E7
:1005D000042102106F2602102A210210202102108D
:1005E0000522021024240210042702109A27021068
:1005F00061210210F32602107D260210F92002105C
:100600008E260210E9200210AB260210BD25021032
:10061000142102104A25021025290210622002101E
:10062000C62002102D230210192702106B2602107B
:100630006B290210842402102F240210742402104B
:100640001B2802104E2502102C25021073250210C3
:10065000992302104F21021053260210472702103F
:10066000A0210210B22102108F23021002260210D4
:10067000DB2002103029021003240210A5250210ED
:100680002C22021038260210152702108620021094
:100690009628021067290210B12302108925021042
:1006A0000F29021019290210DE2502107E290210DE
:1006B000CC2502104C28021058240210752002107C
:1006C0004E270210F3240210012502106E2802109A
:1006D0006322021034260210342902106323021010
:1006E0000D2302103C280210102502100C250210C8
:1006F00066240210FE2502100729021006290210A6
:100700002F23021063290210172602109C280210C2
:10071000E32102107329021095240210C827021049
:10072000A728021071210210AF2802109324021092
:100730000C2602102A290210B629021047230210A3
:10074000BF2202103C250210D9210210B92202104A
:10075000782702101F290210692202104821021076
:10076000F627021043290210FC230210162502105E
:100770007B200210D0260210C4210210482802104B
:100780004E2302109A240210262902107C22021005
:100790004724021026240210372402109A21021046
:1007A000792402103424021007230210982002102A
:1007B000AF200210CE2102108E2002109B290210C1
:1007C000F625021041250210FA270210E625021034
:1007D0008D220210D6260210F220021032210210C1
:1007E000532402109F240210EE270210E822021068
:1007F0008B210210DC2802100B240210312502107C
:1008000073230210F2220210CA220210D822021010
:100810002D280210C62402101A2402107A25021074
:10082000A42402101429021044220210562002109F
:10083000EF21021086290210ED2502106F20021010
:100840001F260210072602100C290210BC270210D6
:100850008A280210DF20021053210210A822021061
:10086000A3290210D425021023230210E32602102C
:10087000D223021058250210BA2602105922021063
:100880001B25021097220210E02702107D21021082
:1008900012230210B0240210902702105C240210D0
:1008A000C2250210BA230210D327021068270210B3
:1008B00029270210FC280210642802105128021077
:1008C0006A2402105627021035230210CA2802108B
:1008D000142202103A2202103A210210CC200210F7
:1008E000DD2402104B290210ED280210FD22021017
:1008F0003D27021085230210CB230210A0270210EF
:1009000055290210E823021075280210BB28021096
:100910005423021000000000040000000400000046
:1009200004000000040000000400000004000000B7
:1009300004000000040000000400000005020000A4
:100940000500000005000000050000000500000093
:100950000400000004000000040000000400000087
:100960000400000004000000040000000400000077
:100970000400000004000000040000000400000067
:100980000400000004000000040000000400000057
:1009900004000000040000000302000082000000C8
:1009A000820000008200000082000000820000003F
:1009B000820000008200000082000000820000002F
:1009C000820000008200000082000000820000001F
:1009D000820000008200000042010000420100008D
:1009E00042010000420100004201000042010000FB
:1009F00042010000420100004201000042010000EB
:100A000082000000820000008200000082000000DE
:100A10008200000082000000820000002A01000025
:100A20002A0100002A0100002A0100002A0100001A
:100A30002A0100002A0000002A0000002A0000000D
:100A40002A0000002A0000002A0000002A000000FE
:100A50002A0000002A0000002A0000002A000000EE
:100A60002A0000002A0000002A0000002A000000DE
:100A70002A0000002A0000002A0000002A000000CE
:100A80002A000000820000008200000082000000B6
:100A9000820000008200000082000000320100009D
:100AA000320100003201000032010000320100007A
:100AB000320100003200000032000000320000006D
:100AC000320000003200000032000000320000005E
:100AD000320000003200000032000000320000004E
:100AE000320000003200000032000000320000003E
:100AF000320000003200000032000000320000002E
:100B0000320000008200000082000000820000002D
:100B1000820000000400000000000000000000004F
:100B200000000000000000000000000000000000C5
:100B300000000000000000000000000000000000B5
:100B400000000000000000000000000000000000A5
:100B50000000000000000000000000000000000095
:100B60000000000000000000000000000000000085
:100B70000000000000000000000000000000000075
:100B80000000000000000000000000000000000065
:100B90000000000000000000000000000000000055
:100BA0000000000000000000000000000000000045
:100BB0000000000000000000000000000000000035
:100BC0000000000000000000000000000000000025
:100BD0000000000000000000000000000000000015
:100BE0000000000000000000000000000000000005
:100BF00000000000000000000000000000000000F5
:100C000000000000000000000000000000000000E4
:100C100000000000000000000000000000000000D4
:100C200000000000000000000000000000000000C4
:100C300000000000000000000000000000000000B4
:100C400000000000000000000000000000000000A4
:100C50000000000000000000000000000000000094
:100C60000000000000000000000000000000000084
:100C70000000000000000000000000000000000074
:100C80000000000000000000000000000000000064
:100C90000000000000000000000000000000000054
:100CA0000000000000000000000000000000000044
:100CB0000000000000000000000000000000000034
:100CC0000000000000000000000000000000000024
:100CD0000000000000000000000000000000000014
:100CE0000000000000000000000000000000000004
:100CF00000000000000000000000000000000000F4
:100D000000000000000000000000000000000000E3
:100D1000000000000000000025006D002F002500ED
:100D200064002F0025007900250059002D002500C2
:100D30006D002D0025006400250048003A002500C4
:100D40004D003A00250053000000000000000000A4
:100D50002800000054464C33000000000000000052
:100D60000000000014002000040008000C00100027
:100D70001400000018001C00140000000300000014
:100D80003C0A0000F0030000D8030000E00000006F
:100D900080000000040000000100000010000000BE
:100DA00000000A001000040008000C000A00000007
:100DB000400000001C000000040000000F000000C4
:100DC00073657276696E675F64656661756C7400E1
:100DD000010000000400000098FFFFFF0800000071
:100DE000090000000700000064656E73655F320053
:100DF0000100000004000000BAFCFFFF0400000036
:100E00000B00000064656E73655F696E7075740039
:100E1000020000003400000004000000DCFFFFFFBF
:100E2000080000000C00000013000000434F4E5665
:100E3000455253494F4E5F4D455441444154410042
:100E400008000C0004000800080000000800000072
:100E50000B000000130000006D696E5F72756E7408
:100E6000696D655F76657273696F6E000D000000D5
:100E7000EC020000E4020000CC0200009802000036
:100E80004402000030010000DC000000B800000057
:100E9000B0000000A8000000A000000078000000E2
:100EA0000400000066FDFFFF040000005800000081
:100EB0000C00000008000E000800040008000000FC
:100EC00010000000280000000000060008000400D8
:100ED000060000000400000001000000EB03000019
:100EE00000000A0010000C00080004000A000000C6
:100EF00002000000020000000400000006000000E4
:100F0000322E31312E3000000000000000000000C1
:100F100000000000D6FDFFFF0400000010000000EC
:100F2000312E31342E30000000000000000000009F
:100F3000000000000000000064FDFFFF68FDFFFFEF
:100F40006CFDFFFF06FEFFFF040000001000000024
:100F5000F7CA39476873626340E67F19AE445F564B
:100F60000000000026FEFFFF04000000400000001B
:100F70000000000000000000C2EAFFFF75EAFFFF6A
:100F8000B8FAFFFF24FAFFFFC8EFFFFFACFFFFFF37
:100F9000440D000000000000BD07000033EAFFFF21
:100FA00000000000CCE4FFFF4F0D0000CFE3FFFF87
:100FB0000000000076FEFFFF0400000000010000BA
:100FC000F41AED091921F424E021EFBCF7F5FA1920
:100FD00003DCD20206F9F402FFFAEFF1EFD327E1C6
:100FE000FB27DDEBDBE4051A17FC241215EF1EE4EA
:100FF00010FE14DA1CF8F3F1EFE2F309E3E9EDE394
:10100000E415070B041B1AFEEB01DE21E60BEC03D3
:10101000230A22241E2703E60324FFC011F8FCF153
:10102000110CF5E0F30717E5E8EDFADCE823FB0720
:10103000DDFBFD0014261117E7F111EA0226040476
:1010400025211D0ADB1DDC2001FAE3370BF11A16FE
:10105000EF1CE703E01602032118092ED9E5140B53
:10106000EA1AFCD81300C4D8ECD9FE0D1920D8D642
:10107000E21FE9D7CAE2DDC613E7043E000114C748
:10108000DBE71515F506D61ADC0922FE080213EF78
:10109000191EE209FDF314DDDA20D90FE3F9F7EEAA
:1010A000E924E629000716E21E0D23D3DDF714FA22
:1010B0000822262109080F0BE012F47FDC58E526F0
:1010C0000000000086FFFFFF040000004000000059
:1010D00027FDFFFFA20700006202000000000000E1
:1010E000F100000029FEFFFFDDFFFFFF9DFCFFFF79
:1010F0003B02000045020000A4100000670F000042
:101100004F0200000000000087FCFFFF11ECFFFF12
:1011100000000000D6FFFFFF0400000010000000E8
:10112000D93B27151CE0DEDD0F1BC5D712DDF97F8B
:1011300000000000000000000000000000000600A9
:101140000800040006000000040000000400000085
:10115000AD0100000000000084FFFFFF88FFFFFFDB
:101160000F0000004D4C495220436F6E766572743B
:1011700065642E00010000001400000000000E0055
:101180001800040008000C00100014000E000000FD
:1011900004010000F8000000EC0000001400000052
:1011A00004000000040000006D61696E0000000092
:1011B00003000000940000004C0000000400000048
:1011C000CAFFFFFF000000081C0000001000000024
:1011D00008000000040004000400000001000000FA
:1011E00009000000030000000800000002000000E9
:1011F0000100000000000E001400000008000C00B8
:10120000070010000E000000000000081C00000095
:101210001000000004000000BAFFFFFF0000000102
:1012200001000000080000000300000007000000AB
:10123000040000000300000000000E001600000083
:1012400008000C00070010000E000000000000085D
:1012500024000000180000000C0000000000060040
:101260000800070006000000000000010100000067
:10127000070000000300000000000000060000005E
:10128000050000000100000009000000010000004E
:10129000000000000A0000009C0400000C04000094
:1012A0008803000014030000A802000034020000BC
:1012B000D00100002C0100008000000004000000AC
:1012C000A2FBFFFF00000901640000000A0000000B
:1012D0003C000000140000000400000002000000B8
:1012E000FFFFFFFF010000008CFBFFFF1800000064
:1012F00004000000010000000500000000000000E4
:101300000000000001000000CBD6073C19000000DF
:10131000537461746566756C506172746974696F39
:101320006E656443616C6C3A30000000020000009E
:1013300001000000010000001AFCFFFF000009018D
:1013400094000000090000003800000014000000B4
:101350000400000002000000FFFFFFFF100000007B
:1013600004FCFFFF14000000040000000100000066
:1013700080FFFFFFFFFFFFFF010000005D4F513CBA
:101380004C00000073657175656E7469616C2F6443
:10139000656E73655F312F4D61744D756C3B736580
:1013A0007175656E7469616C2F64656E73655F310C
:1013B0002F52656C753B73657175656E7469616CF0
:1013C0002F64656E73655F312F4269617341646498
:1013D00000000000020000000100000010000000FA
:1013E000C2FCFFFF000009018C00000008000000A3
:1013F000380000001400000004000000020000009B
:10140000FFFFFFFF10000000ACFCFFFF1400000016
:10141000040000000100000080FFFFFFFFFFFFFF4E
:10142000010000009F515A3C460000007365717531
:10143000656E7469616C2F64656E73652F4D6174A0
:101440004D756C3B73657175656E7469616C2F6465
:10145000656E73652F52656C753B73657175656E4E
:101460007469616C2F64656E73652F4269617341A5
:101470006464000002000000010000001000000091
:10148000EEFDFFFF000009014C0000000700000016
:1014900028000000040000003CFDFFFF14000000D5
:1014A0000400000001000000000000000000000037
:1014B00001000000AA59843B170000007365717594
:1014C000656E7469616C2F64656E73652F4D617410
:1014D0004D756C00020000001000000001000000CB
:1014E0004EFEFFFF00000201600000000600000049
:1014F0002C000000040000009CFDFFFF180000000D
:1015000004000000010000000000000000000000D6
:101510000000000001000000555BCF3827000000EC
:1015200073657175656E7469616C2F64656E736542
:101530002F426961734164642F5265616456617220
:101540006961626C654F70000100000010000000CE
:10155000BEFEFFFF0000090154000000050000006E
:101560002C000000040000000CFEFFFF180000002B
:101570000400000001000000000000000000000066
:1015800000000000010000007F7F323C19000000D5
:1015900073657175656E7469616C2F64656E7365D2
:1015A0005F312F4D61744D756C000000020000002A
:1015B000100000001000000026FFFFFF00000201E5
:1015C000600000000400000028000000040000008B
:1015D00074FEFFFF14000000040000000100000082
:1015E0000000000000000000010000007B391839F5
:1015F0002900000073657175656E7469616C2F64F4
:10160000656E73655F312F426961734164642F5267
:101610006561645661726961626C654F70000000BB
:10162000010000001000000096FFFFFF000009010C
:1016300054000000030000002C0000000400000023
:10164000E4FEFFFF1800000004000000010000009D
:101650000000000000000000000000000100000089
:1016600017447C3C1900000073657175656E7469E0
:10167000616C2F64656E73655F322F4D61744D75BB
:101680006C000000020000000100000010000000DB
:10169000000016001800080006000C0010001400DE
:1016A000000000000000070016000000000002011A
:1016B00064000000020000002C0000000400000094
:1016C00064FFFFFF1800000004000000010000009C
:1016D0000000000000000000000000000100000009
:1016E000CB414E392900000073657175656E7469D0
:1016F000616C2F64656E73655F322F42696173415F
:1017000064642F526561645661726961626C654FF1
:101710007000000001000000010000000000160041
:101720001C00080006000C0010001400000000005F
:1017300018000700160000000000090174000000F6
:10174000010000004800000020000000040000002C
:1017500002000000FFFFFFFF010000000C000C0072
:1017600000000000040008000C0000001800000049
:10177000040000000100000080FFFFFFFFFFFFFFEB
:101780000000000001000000868AC83C1D00000027
:1017900073657276696E675F64656661756C745FA8
:1017A00064656E73655F696E7075743A3000000031
:1017B0000200000001000000010000000100000024
:1017C000100000000C0010000700000008000C00D2
:1017D0000C000000000000090400000009000000E7
:1017E0005B5052454349534552525D2064617461D8
:1017F00020627573206572726F7220686173206F4A
:10180000636375727265642C205043203A203078EF
:10181000253038780D0A005B4441434356494F4C0C
:101820005D205468652070726F636573736F7220FA
:10183000617474656D707465642061206C6F61649F
:10184000206F722073746F72652061742061206C48
:101850006F636174696F6E207468617420646F6572
:1018600073206E6F74207065726D69742074686582
:10187000206F7065726174696F6E2C205043203A3E
:10188000203078253038780D0A005B4941434356B3
:10189000494F4C5D5468652070726F636573736F58
:1018A0007220617474656D7074656420616E206966
:1018B0006E737472756374696F6E206665746368A5
:1018C0002066726F6D2061206C6F636174696F6E4A
:1018D000207468617420646F6573206E6F7420706B
:1018E00065726D697420657865637574696F6E2CB7
:1018F000205043203A203078253038780D0A0041B6
:1019000054203A3078253038780D0A005B486172EF
:10191000644661756C745F48616E646C65725D43AA
:10192000757272656E74206D73703A203078253050
:1019300038580A005B494E5650435D616E20696E0F
:101940007465677269747920636865636B2065727A
:10195000726F7220686173206F6363757272656461
:101960000D005B554E444546494E5354525D616EE1
:1019700020756E646566696E656420696E73747245
:10198000756374696F6E206572726F72206861731F
:10199000206F636375727265640D005B4449564243
:1019A000595A45524F5D616E20696E746567657264
:1019B000206469766973696F6E206279207A657236
:1019C0006F206572726F7220686173206F63637538
:1019D000727265640D005B494D5052454349534551
:1019E00052525D496D7072656369736520646174FC
:1019F0006120616363657373206572726F72206822
:101A00006173206F636375727265640D005B554E80
:101A1000414C49474E45445D616E20756E616C696D
:101A2000676E656420616363657373206572726FAE
:101A30007220686173206F636375727265640D0054
:101A40005B494255534552525D696E7374727563BA
:101A500074696F6E20627573206572726F72206890
:101A60006173206F636375727265640D005B4E4F26
:101A700043505D6120636F70726F636573736F7243
:101A80002064697361626C6564206F72206E6F748C
:101A90002070726573656E74206572726F72206853
:101AA0006173206F636375727265640D005B5354DC
:101AB0004B4F465D6120737461636B206F76657276
:101AC000666C6F77206572726F7220686173206F29
:101AD000636375727265640D005B494E56535441E1
:101AE00054455D20616E20455053522E54206F7234
:101AF00020455053522E49542076616C69646974B4
:101B000079206572726F7220686173206F636375EC
:101B1000727265640D005B4D4C53504552525D41ED
:101B2000204D656D4D616E616765206661756C74F1
:101B3000206F6363757272656420647572696E6785
:101B400020666C6F6174696E672D706F696E7420AA
:101B50006C617A7920737461746520707265736545
:101B600072766174696F6E0D005B4C535045525232
:101B70005D4120627573206661756C74206F6363CC
:101B8000757272656420647572696E6720666C6F29
:101B90006174696E672D706F696E74206C617A79FB
:101BA00020737461746520707265736572766174F8
:101BB000696F6E0D005B4D554E53544B4552525D4F
:101BC000556E737461636B20666F7220616E206561
:101BD0007863657074696F6E2072657475726E20BB
:101BE00068617320636175736564206F6E65206F33
:101BF00072206D6F7265206163636573732076690F
:101C00006F6C6174696F6E730D005B4D53544B457F
:101C100052525D537461636B696E6720666F722008
:101C2000616E20657863657074696F6E20656E748F
:101C300072792068617320636175736564206F6ECB
:101C400065206F72206D6F726520616363657373C9
:101C50002076696F6C6174696F6E730D005B554E11
:101C600053544B4552525D556E737461636B2066DD
:101C70006F7220616E20657863657074696F6E2085
:101C800072657475726E2068617320636175736527
:101C900064206F6E65206F72206D6F7265204275D3
:101CA000734661756C74730D005B53544B4552520F
:101CB0005D537461636B696E6720666F7220616E3D
:101CC00020657863657074696F6E20656E747279D3
:101CD0002068617320636175736564206F6E652091
:101CE0006F72206D6F7265204275734661756C74FA
:101CF000730D004D656D4D616E61676520466175C0
:101D00006C740D005573616765204661756C740DC8
:101D100000436F6E666967757261626C652046612B
:101D2000756C740D00566563746F72204661756C36
:101D3000740D00427573204661756C740D00446526
:101D4000627567204576656E74204661756C740D0A
:101D5000004F63637572656420696E207461736BF4
:101D60002E005573696E67207533324D73702E00E7
:101D70004F63637572656420696E20696E74657265
:101D8000727570742E004E6272206F66206F6666E8
:101D90006C696E6520627566666572206F66667333
:101DA000657473202825642920696E206D6574612F
:101DB00064617461206E6F7420657175616C206E52
:101DC00062722074656E736F727320282564290A0D
:101DD0000069203C2073697A652829004661696C96
:101DE000656420746F20616C6C6F63617465206D35
:101DF000656D6F727920666F72206D656D6F727997
:101E000020706C616E6E696E672C2025642062798B
:101E1000746573207265717569726564002E2E2F6A
:101E20002E2E2F2E2E2F2E2E2F2E2E2F2E2E2F7487
:101E3000686972645F70617274792F74666C6D2D5D
:101E4000747265652F74686972645F706172747909
:101E50002F666C6174627566666572732F696E6356
:101E60006C7564655C666C617462756666657273D8
:101E70002F766563746F722E68004661696C6564C5
:101E800020746F20706F70756C61746520612074B0
:101E9000656D702054664C69746554656E736F721D
:101EA000207374727563742066726F6D20666C6146
:101EB00074627566666572206461746121004661B2
:101EC000696C656420746F20706F70756C617465E7
:101ED00020612070657273697374656E7420546636
:101EE0004C69746554656E736F7220737472756398
:101EF000742066726F6D20666C61746275666665CB
:101F000072206461746121004661696C65642074AB
:101F10006F20616C6C6F63617465206D656D6F72AD
:101F20007920666F7220636F6E746578742D3E65DC
:101F300076616C5F74656E736F72732C20256420FC
:101F40006279746573207265717569726564004D9C
:101F50006963726F416C6C6F6361746F723A204D8C
:101F60006F64656C20616C6C6F636174696F6E2067
:101F700073746172746564206265666F7265206651
:101F8000696E697368696E672070726576696F75CE
:101F9000736C7920616C6C6F6361746564206D6F24
:101FA00064656C004D6963726F416C6C6F63617442
:101FB0006F723A204D6F64656C20616C6C6F636169
:101FC00074696F6E2066696E697368656420626506
:101FD000666F7265207374617274696E6720616CDC
:101FE0006C6F636174696E67206D6F64656C00551A
:101FF0006E737570706F7274656420626568617667
:10200000696F723A20666F756E64206275696C74D0
:10201000696E206F70657261746F7220257320770E
:1020200069746820637573746F6D206F7074696F65
:102030006E732E0A00536B697070696E67206F7043
:1020400020666F72206F70636F64655F696E646590
:10205000782025640A0052454C555F305F544F5F2D
:10206000310052454C555F4E315F544F5F31004156
:1020700054414E320050414456320052455645526A
:1020800053455F563200544F504B5F563200534514
:102090004C4543545F5632004E4F4E5F4D41585FA2
:1020A0005355505052455353494F4E5F5634004E8E
:1020B0004F4E5F4D41585F53555050524553534911
:1020C0004F4E5F56350052454C55360053544142F1
:1020D0004C45484C4F5F494F5441005355420053C3
:1020E0005441424C45484C4F5F4C4F47495354492B
:1020F0004300524646543244004C325F504F4F4CDE
:102100005F324400415645524147455F504F4F4C66
:102110005F3244004D41585F504F4F4C5F32440096
:102120004445505448574953455F434F4E565F32DC
:102130004400434F4E565F334400535441424C4594
:10214000484C4F5F504144004D4952524F525F50EE
:10215000414400535441424C45484C4F5F41444434
:102160000046554C4C595F434F4E4E4543544544F1
:10217000004C4F474943414C5F414E44005354414A
:10218000424C45484C4F5F414E44004841534854EF
:1021900041424C455F46494E4400524F554E440023
:1021A00042415443485F544F5F53504143455F4E53
:1021B000440053504143455F544F5F4241544348AC
:1021C0005F4E44004741544845525F4E44005343DC
:1021D00041545445525F4E4400464C4F4F525F4D60
:1021E0004F44005245445543455F50524F440055BB
:1021F0004E534F525445445F5345474D454E545FEF
:1022000050524F440044455054485F544F5F535020
:1022100041434500535441424C45484C4F5F44595B
:102220004E414D49435F534C494345005354524935
:102230004445445F534C49434500535441424C4547
:10224000484C4F5F44594E414D49435F55504441BE
:1022500054455F534C49434500535441424C454813
:102260004C4F5F534C4943450053515541524544EF
:102270005F444946464552454E4345005245564502
:102280005253455F53455155454E43450043414CDC
:102290004C5F4F4E434500535441424C45484C4FD0
:1022A0005F52454455434500535441424C45484CC8
:1022B0004F5F4449564944450052414E4745005AF4
:1022C00045524F535F4C494B4500524541445F5680
:1022D00041524941424C450041535349474E5F5694
:1022E00041524941424C4500484153485441424CB7
:1022F00045005641525F48414E444C4500535441BD
:10230000424C45484C4F5F5748494C450054494C56
:102310004500535441424C45484C4F5F434F53494D
:102320004E4500535441424C45484C4F5F52455333
:102330004841504500535441424C45484C4F5F433F
:102340004F4D504152450053515541524500574859
:1023500045524500535441424C45484C4F5F434120
:102360005345005350415253455F544F5F44454ECF
:10237000534500434F4E565F33445F5452414E53D2
:10238000504F534500535441424C45484C4F5F54C5
:1023900052414E53504F534500454D4245444449E8
:1023A0004E475F4C4F4F4B55505F53504152534532
:1023B0000044454C454741544500535441424C4527
:1023C000484C4F5F4E45474154450044494C4154A9
:1023D0004500535441424C45484C4F5F434F4E4398
:1023E0004154454E41544500535441424C45484C9C
:1023F0004F5F434F4D504F5349544500554E49513F
:1024000055450053515545455A4500484153485498
:1024100041424C455F53495A45004255434B455450
:10242000495A450044455155414E54495A45005377
:10243000564446004946004D41545249585F534561
:10244000545F44494147004D41545249585F444903
:10245000414700494D4147004E45470053544142D2
:102460004C45484C4F5F4C4F4700535441424C45FC
:10247000484C4F5F54414E4800484152445F5357C7
:102480004953480053504143455F544F5F444550C2
:10249000544800554E5041434B0052414E4B005260
:1024A00045414C004D554C54494E4F4D49414C000F
:1024B000535441424C45484C4F5F4558504F4E4550
:1024C0004E5449414C0052414E444F4D5F5354418C
:1024D0004E444152445F4E4F524D414C0053544183
:1024E000424C45484C4F5F444F545F47454E455220
:1024F000414C00475245415445525F455155414C6E
:10250000004C4553535F455155414C004E4F545F6D
:10251000455155414C004345494C00535441424CB0
:1025200045484C4F5F435553544F4D5F43414C4CCE
:10253000005245445543455F414C4C0046494C4C84
:102540000042415443485F4D41544D554C00534B5C
:1025500049505F4752414D00535441424C45484C0D
:102560004F5F42524F4144434153545F494E5F4491
:10257000494D00435553544F4D0052414E444F4D29
:102580005F554E49464F524D0042494449524543DA
:1025900054494F4E414C5F53455155454E43455F5D
:1025A0004C53544D00554E49444952454354494FAC
:1025B0004E414C5F53455155454E43455F4C535436
:1025C0004D00535441424C45484C4F5F4D494E4994
:1025D0004D554D00535441424C45484C4F5F4D4181
:1025E00058494D554D0043554D53554D00554E538B
:1025F0004F525445445F5345474D454E545F5355E4
:102600004D004D45414E005349474E0052454455FB
:1026100043455F4D494E004152475F4D494E00557D
:102620004E534F525445445F5345474D454E545FBA
:102630004D494E0053494E00424944495245435486
:10264000494F4E414C5F53455155454E43455F52AE
:102650004E4E00554E49444952454354494F4E4110
:102660004C5F53455155454E43455F524E4E0043D6
:102670004F4E434154454E4154494F4E004C325FFA
:102680004E4F524D414C495A4154494F4E004C4FC8
:1026900043414C5F524553504F4E53455F4E4F524E
:1026A0004D414C495A4154494F4E004C53485F509C
:1026B000524F4A454354494F4E00535441424C45B2
:1026C000484C4F5F434F4E564F4C5554494F4E0068
:1026D0004144445F4E0042524F4144434153545F92
:1026E000544F00535441424C45484C4F5F434C417A
:1026F0004D5000484153485441424C455F4C4F4F68
:102700004B555000454D42454444494E475F4C4F60
:102710004F4B55500045585000524553495A455F5C
:1027200042494C494E45415200535441424C454860
:102730004C4F5F52454D41494E4445520053544120
:10274000424C45484C4F5F47415448455200475220
:10275000454154455200535441424C45484C4F5F0B
:102760005343415454455200535441424C45484C04
:102770004F5F504F57455200524553495A455F4E9F
:102780004541524553545F4E45494748424F5200D8
:10279000535441424C45484C4F5F464C4F4F5200BA
:1027A000535441424C45484C4F5F524E475F42495B
:1027B000545F47454E455241544F52004249545789
:1027C0004953455F584F52004C4F474943414C5F76
:1027D0004F5200535441424C45484C4F5F4F5200BA
:1027E000535441424C45484C4F5F41425300434F84
:1027F0004D504C45585F41425300504C4143454871
:102800004F4C4445525F464F525F475245415445F5
:10281000525F4F505F434F44455300434F4E434137
:10282000545F454D42454444494E47530042524F40
:102830004144434153545F4152475300455850412E
:102840004E445F44494D5300434F53004C4553534E
:1028500000535441424C45484C4F5F5355425452EB
:1028600041435400535441424C45484C4F5F5345FB
:102870004C45435400535441424C45484C4F5F53E0
:10288000484946545F4C4546540052494748545FB6
:1028900053484946540053504C49540046414B4517
:1028A0005F5155414E54004F4E455F484F54004CC8
:1028B0004F474943414C5F4E4F5400535441424CA3
:1028C00045484C4F5F4342525400535441424C459B
:1028D000484C4F5F434F4E56455254004841534871
:1028E0005441424C455F494D504F5254005354415E
:1028F000424C45484C4F5F534F5254005354414251
:102900004C45484C4F5F5253515254004249544336
:102910004153540047454C55005052454C55004CCE
:1029200045414B595F52454C5500464C4F4F525F05
:10293000444956005452414E53504F53455F434F04
:102940004E560053504C49545F5600535441424C2C
:1029500045484C4F5F5245445543455F57494E44A7
:102960004F5700504F57004C4F475F534F46544D01
:102970004158005245445543455F4D41580041522E
:10298000475F4D415800554E534F525445445F5395
:1029900045474D454E545F4D41580044454E5349BF
:1029A000465900535441424C45484C4F5F4D554C9D
:1029B0005449504C59005245445543455F414E5986
:1029C000004661696C656420746F20616C6C6F6394
:1029D000617465206D656D6F727920666F7220631A
:1029E0006F6E746578742D3E696E7075745F746572
:1029F0006E736F72735F2C20256420627974657327
:102A0000207265717569726564004661696C656400
:102A100020746F20616C6C6F63617465206D656DEF
:102A20006F727920666F7220636F6E746578742D93
:102A30003E6F75747075745F74656E736F72735FDB
:102A40002C20256420627974657320726571756924
:102A5000726564004F702325752028257329206F27
:102A600066207375626772617068202575206861E1
:102A7000732064796E616D69632074656E736F7223
:102A8000202325640A44796E616D69632074656E44
:102A9000736F727320617265206E6F74207375702E
:102AA000706F7274656400416363657373696E6708
:102AB0002073756267726170682025642062757486
:102AC000206F6E6C79202564207375626772617067
:102AD000687320666F756E640025733A256420253F
:102AE0007320776173206E6F7420747275652E0089
:102AF0002E2E2F2E2E2F2E2E2F2E2E2F2E2E2F2EF1
:102B00002E2F74686972645F70617274792F7466B5
:102B10006C6D2D747265652F2F74656E736F7266A0
:102B20006C6F772F6C6974652F636F72652F61709E
:102B3000692F666C61746275666665725F636F6E3D
:102B400076657273696F6E732E6363007061726174
:102B50006D7320213D206E756C6C70747200464C54
:102B60004F415433320055494E54333200464C4F96
:102B70004154385F45354D3200494E543200464C81
:102B80004F415436340055494E54363400434F4D6E
:102B9000504C455836340055494E54340042464C4A
:102BA0004F415431360055494E54313600434F4D54
:102BB000504C45583132380055494E543800524532
:102BC000534F55524345004E4F54595045005354AE
:102BD00052494E4700424F4F4C00464C4F415438EB
:102BE0005F45344D33464E0056415249414E5400E4
:102BF0002E2E2F2E2E2F2E2E2F2E2E2F2E2E2F2EF0
:102C00002E2F74686972645F70617274792F7466B4
:102C10006C6D2D747265652F2F74656E736F72669F
:102C20006C6F772F6C6974652F6B65726E656C7352
:102C30002F696E7465726E616C2F7175616E746947
:102C40007A6174696F6E5F7574696C2E636300419D
:102C50006C6C2074656D7020627566666572732099
:102C60006D757374206265206672656564206265A7
:102C7000666F72652063616C6C696E672052657364
:102C8000657454656D70416C6C6F636174696F6ECF
:102C900073282900496E7465726E616C20657272CA
:102CA0006F723A2065697468657220627566666540
:102CB00072206973206E6F7420726573697A616225
:102CC0006C65206F7220526573657454656D704138
:102CD0006C6C6F636174696F6E732829206973204F
:102CE0006E6F742063616C6C6564206265666F72E0
:102CF0006520526573697A65427566666572282932
:102D00002E004E756D626572206F6620616C6C6F6F
:102D100063617465642074656D70206275666665B4
:102D200072733A2025642E20436865636B73756D5A
:102D30002070617373696E67207374617475733A80
:102D4000202564004661696C656420746F2072659B
:102D500073697A65206275666665722E20526571A8
:102D60007565737465643A2025752C2061766169F8
:102D70006C61626C652025752C206D697373696EBA
:102D8000673A202575004661696C656420746F2080
:102D9000616C6C6F63617465207461696C206D6532
:102DA0006D6F72792E205265717565737465643A22
:102DB0002025752C20617661696C61626C65202527
:102DC000752C206D697373696E673A20257500460E
:102DD00061696C656420746F20616C6C6F636174F1
:102DE000652074656D70206D656D6F72792E20524F
:102DF00065717565737465643A2025752C2061765C
:102E000061696C61626C652025752C206D69737336
:102E1000696E673A2025750046696C746572207486
:102E20007970652025732028256429206E6F742011
:102E3000737570706F727465642E002E2E2F2E2E97
:102E40002F2E2E2F2E2E2F2E2E2F2E2E2F746869E2
:102E500072645F70617274792F74666C6D2D747218
:102E600065652F2F74656E736F72666C6F772F6C4C
:102E70006974652F6D6963726F2F6B65726E656C17
:102E8000732F66756C6C795F636F6E6E65637465C6
:102E9000642E636300696E70757420213D206E7529
:102EA0006C6C7074720028696E7075742D3E747944
:102EB0007065203D3D206B54664C697465496E74A5
:102EC000382026262066696C7465722D3E747970F0
:102ED0006520213D206B54664C697465496E7434DD
:102EE00029207C7C2028696E7075742D3E74797061
:102EF00065203D3D206B54664C697465496E7431A4
:102F0000362026262066696C7465722D3E747970B1
:102F10006520213D206B54664C697465496E74349C
:102F2000290025733A256420257320213D2025732F
:102F30002028256420213D20256429002E2E2F2EB7
:102F40002E2F2E2E2F2E2E2F2E2E2F2E2E2F74681C
:102F50006972645F70617274792F74666C6D2D7420
:102F60007265652F2F74656E736F72666C6F772F45
:102F70006C6974652F6D6963726F2F6B65726E6516
:102F80006C732F66756C6C795F636F6E6E656374BE
:102F900065645F636F6D6D6F6E2E6363005B544697
:102FA0004C4D5D2068656C6C6F20696E6974206F94
:102FB0006B206172656E615F757365643D256C752C
:102FC0000D0A005B54464C4D5D2068656C6C6F20AB
:102FD00073656C667465737420504153530D005BC8
:102FE00054464C4D5D206E756C6C20494F207465C5
:102FF0006E736F72730D00496E76616C6964207038
:103000006172616D65746572204275696C74696E78
:103010004F70657261746F725F435553544F4D200A
:10302000746F207468652000436F756C646E27743C
:10303000207265676973746572206275696C746962
:103040006E206F70202325642C207265736F6C7660
:1030500065722073697A6520004F4B004641494CE8
:1030600000756E737570706F72746564206C6F6339
:10307000616C6520666F72207374616E6461726446
:1030800020696E70757400254C6600252E304C66E4
:10309000006C6C002570004D6179000030313233D6
:1030A000343536373839000041004D0000005000FB
:1030B0004D000000250048003A0025004D003A0070
:1030C000250053000000250061002000250062005B
:1030D0002000250064002000250048003A0025005B
:1030E0004D003A0025005300200025005900000043
:1030F0004A0075006E0065000000740072007500E3
:103100006500000044006500630065006D0062001A
:103110006500720000004E006F00760065006D00D3
:1031200062006500720000004100750067007500D4
:1031300073007400000025006D002F00250064005E
:103140002F002500790000004D006100790000008B
:1031500046007200690064006100790000004D00C3
:103160006F006E006400610079000000530075007C
:103170006E0064006100790000005300610074007B
:10318000750072006400610079000000540068005E
:1031900075007200730064006100790000004A004D
:1031A00075006C0079000000460065006200720046
:1031B000750061007200790000000000000000004E
:1031C0000000F07FFFFFFFFFFFFFEF7F1001000017
:1031D00043000000F8FFFFFF0040404040404040F7
:1031E00040404141414141404040404040404040DA
:1031F000404040404040404040050202020202027E
:1032000002020202020202020220202020202020CC
:1032100020202002020202020202909090909090E0
:10322000101010101010101010101010101010109E
:103230001010101002020202020288888888888812
:1032400008080808080808080808080808080808FE
:103250000808080802020202400000000000000006
:10326000000000000000000000000000000000005E
:10327000000000000000000000000000000000004E
:10328000000000000000000000000000000000003E
:10329000000000000000000000000000000000002E
:1032A000000000000000000000000000000000001E
:1032B000000000000000000000000000000000000E
:1032C00000000000000000000000000000000000FE
:1032D0000000000000000000000000001C000000D2
:1032E00043000000F8FFFFFF0C0000000E0000008C
:1032F0000F0000002E0000008001000043000000CD
:10330000F8FFFFFF380000005400000099000000A3
:10331000C900000040010000430100004601000018
:10332000550100005E010000040000000A000000DA
:10333000040000000A0000006701000053756E00E1
:103340004D6F6E00547565005765640054687500D4
:10335000467269005361740053756E6461790000B0
:1033600000004D6F6E646179000000005475657354
:103370006461790000005765646E6573646179006B
:10338000546875727364617900004672696461798A
:10339000000000005361747572646179004A616EC7
:1033A00000466562004D617200417072004D6179A6
:1033B000004A756E004A756C004175670053657070
:1033C000004F6374004E6F7600446563004A616E7F
:1033D00075617279000000466562727561727900EC
:1033E000004D617263680000000000417072696CFA
:1033F00000000000004D6179000000000000004A5C
:10340000756E650000000000004A756C79000000D0
:10341000000000417567757374000000005365700B
:1034200074656D626572004F63746F62657200004F
:10343000004E6F76656D6265720000446563656D70
:1034400062657200414D00504D00256120256220CB
:10345000256520255420255900256D2F25642F250D
:10346000790025483A254D3A25530025493A254DFE
:103470003A25532025700000CD34FEFF4D35FEFF68
:103480005135FEFF5535FEFF5935FEFF5D35FEFF18
:103490006135FEFF6535FEFF6935FEFFB134FEFF85
:1034A000B534FEFFF134FEFF6135FEFFDB34FEFF75
:1034B000AD34FEFFE934FEFF00700120B131002081
:1034C000B9310020C93100200000000000000000D8
:1034D00000000000000000000000000000000000EC
:1034E00000000000190501000000000000000000BD
:1034F0009D050100A9050100D9310020DB31002024
:1035000091340020DF310020E1310020E331002040
:10351000E5310020E7310020E9310020EB310020C7
:10352000ED310020EF310020F1310020F331002097
:10353000F5310020F7310020F9310020FB31002067
:10354000FD310020FF310020013200200332002035
:1035500005320020D5340020093200200B32002033
:103560000D3200200F3200201132002013320020D3
:1035700015320020F53400200348854600F006F897
:10358000004800473549002000700120064C012505
:10359000064E05E0E36807CC2B430C3C98471034FB
:1035A000B442F7D3FFF7ECFF183100202831002098
:1035B00002E008C8121F08C1002AFAD170477047FC
:1035C000002001E001C1121F002AFBD1704700005A
:1035D000207D0020207D0020BC64000008310020F8
:1035E00070B51D4E3078002834D0EFF31085EFF31E
:1035F000108072B619480068002802D08047002861
:1036000013D03078811E032912D20124204621468E
:1036100003F062FC1248016804220A43026030BFD2
:103620000021204603F058FC0AE085F3108870BDA5
:10363000012805D10A48016804229143016030BF86
:1036400008480068002803D03178022900D180475B
:1036500085F3108870BDC0465CBA0020D8E1002018
:1036600010ED00E0D4E100201948804719480047D8
:103670007046EFF30881EFF30982174B9847FEE796
:103680007046EFF30881EFF30982144B9847FEE789
:10369000FEE7FEE7FEE7FEE7FEE7FEE7FEE7FEE702
:1036A000FEE7FEE7FEE7FEE7FEE7FEE7FEE7FEE7F2
:1036B000FEE7FEE7FEE7FEE7FEE7FEE7FEE7FEE7E2
:1036C000FEE7FEE7FEE7FEE7FEE7FEE7FEE7FEE7D2
:1036D000D9350020C1300020993400205D3300200E
:1036E000F0B51FB40646002082B005464024019183
:1036F00000901BE0019922460F46304600F079F811
:10370000049A059B801A994110D310461946224607
:1037100000F05FF8361A8F41019722460120002100
:10372000009F00F056F838184D4100902046641E66
:103730000028DFDC019B00982946324607B0F0BD27
:1037400030B5434351435C18010C130C0D465D43E7
:103750002C1980B292B20546554351430A0C090414
:103760004D1962415843010C00044019514130BDCC
:1037700003460B439B0703D009E008C9121F08C08A
:10378000042AFAD203E00B780370401C491C521E35
:10379000F9D2704770B50446002903D000202022DA
:1037A000012310E0002801D00020C043C046C046DD
:1037B0000DE02546D5408D4205D30D469540641B4E
:1037C0001D46954040191546521E002DF1DC21463C
:1037D00070BD10B5202A04DB0146203A914000203C
:1037E00010BD914020239C1A0346E34019439040AA
:1037F00010BD10B5202A04DB0846203AD040002135
:1038000010BD0B46D340D0402024A21A914008435B
:10381000194610BD15460C46064600F011FAEFF3A6
:1038200008811D4804F032F8300701D51C4800E03B
:103830001A4804F075FA0420064001D01AA000E0EE
:10384000184804F06DFA1CA004F06AFA002E00D0AB
:103850002C4621681CA004F019F861681EA004F031
:1038600015F8A16820A004F011F8E16822A004F086
:103870000DF8216924A004F009F8616926A004F07C
:1038800005F8A16928A004F001F8E1692AA003F075
:10389000FDFF00F0A9F9FEE7327A0020797A0020D6
:1038A0005A7A00206B7A00205573696E6720753351
:1038B000325073702E000000537461636B20667287
:1038C000616D653A00000000523020203A203078C7
:1038D000253038580A000000523120203A20307834
:1038E000253038580A000000523220203A20307823
:1038F000253038580A000000523320203A20307812
:10390000253038580A000000523132203A203078F1
:10391000253038580A0000004C5220203A203078D8
:10392000253038580A000000504320203A203078D3
:10393000253038580A000000785053523A20307829
:10394000253038580A00000080B503F0CBFA80BD5E
:1039500014460D46064600F073F904A031462A4687
:10396000234603F093FF00F03FF9FEE74E4D495F19
:1039700048616E646C65723A20253038582C2025D9
:103980003038582C20253038580A000010B582B045
:1039900001AC204603F0ACFA019803F0AFFA60786E
:1039A000000601D500F020FF02B010BDF0B583B0D5
:1039B00000250195354C02AE2046314603F0A4FAAD
:1039C00030880821014007D0204603F0A3FA642084
:1039D00003F0A6FA03F07CFA032101AA204603F0C3
:1039E000A5FAD64F3C6804E0304603F0E3F903F053
:1039F0006FFA002C22D02646A46A307D0028F3D12D
:103A0000707D0028F0D1B07D0228F2D16946E948E6
:103A100003F092FAB168F2680098914204D28842A9
:103A2000E7D3904204D3E4E7904201D38842E0D345
:103A3000F1690029D8D0306A8847D5E7396800296C
:103A400015D00027009A3D46DA4804E001271D46BC
:103A5000896A00290DD08B7D022BF9D18B68FC0778
:103A6000F4D0AC1A9E1AA642F1D32B46EFE72F46AC
:103A7000DF4801998D4207D0F90705D003212A4676
:103A800003F060FA03F024FA03B0F0BD00300560E3
:103A9000014802490160704708ED00E00030002055
:103AA0000120C007064908607047C0460448042149
:103AB000016070470120C005014908607047C04699
:103AC00080E200E00120C007064908607047C04658
:103AD00004480421016070470120C00501490860C5
:103AE0007047C04600E100E00120C00701490860BE
:103AF0007047C04600E200E0FF20000603490A6864
:103B00008243032080071018086070471CE400E01F
:103B1000FF20000402490A6882430A607047C046D9
:103B200000E400E0FF20000602490A6882430A60C0
:103B30007047C04614E400E070B55D4D29685B4EE7
:103B400030680024224603F003FA306829682246D0
:103B500003F004FA534801685348814201D02D20F4
:103B600000E02C2003225207914200D12B2003F0C9
:103B7000FBF970BD70B5032465071024AA4205D077
:103B8000104DAA4202D0484DAA4219D180250543C2
:103B90000D4EB54214D1049C264D2C60002C04D04F
:103BA000264C00252580244C2580404C20603D4833
:103BB00002603F4801604048036000F041F804465D
:103BC000204670BD0008006080B004601B4800887B
:103BD00019490988081A4142414116480268504271
:103BE000504108437047C046F0B581B0114C206881
:103BF000002805D0104D2888104E3188884201D108
:103C000001B0F0BD274F04E0288081B23288914294
:103C1000F6D080B221680968095C386803F0AAF917
:103C2000206881882888401C82B28A42ECD3002018
:103C3000EAE7C04668BA00200ABB002008BB0020A3
:103C4000F0B583B0174D286803214907884205D095
:103C50001549884205D108242C2004E004242B2097
:103C600001E00C242D2003F08BF9104E3068104F2A
:103C70003968224603F08AF9002801D003B0F0BD6C
:103C800039683068022203F069F90028F6D1094842
:103C90000290094800680190286801A903F07CF9A6
:103CA00003B0F0BD70BA0020000400606CBA0020C0
:103CB00010BB00202130010114BB002080B502F0B0
:103CC000F1FF02F0A3FD00F047FD00F091FC00F0D1
:103CD00019FE00F08DFE01F01FF803F047F803F025
:103CE00061F903F065F980BDB0B503461020002BE3
:103CF00022D0012920D8EFF31084EFF3108572B69B
:103D00009D7D002D02D084F31088B0BD0020986204
:103D1000DA6119760121997527490A68002A02D1CA
:103D20000B600021D96225490A68002A01D09362FC
:103D3000DA620B6084F31088B0BDC046FCBA002084
:103D400010B51024002808D0817D002905D001215C
:103D500041750024C47503F0BBF8204610BD000077
:103D6000B0B5052003F00CF9214D0024284621466A
:103D700003F024F9FFF794FEFFF7BEFEFFF7A2FE63
:103D80001F21204603F020F901204102284603F0BC
:103D900021F90821284603F023F9FF21284603F0E2
:103DA00025F9284603F028F9034804600348046015
:103DB0002046B0BD00300560FCBA002000BB0020EA
:103DC00010B504461020002C11D0A37D002B0ED07E
:103DD0006262616021461031054803F0ADF80220AF
:103DE000E075FF200230A08203F072F8002010BDC1
:103DF0000030056080B501461020002908D08A7D7A
:103E0000002A05D001204875C87503F061F800202C
:103E100080BD0000B0B590B01A480AAC21462CC84D
:103E20002CC12CC82CC100F05FF840200C21224688
:103E300003F0E8F82B490860002818D0124801AABE
:103E4000114638C838C138C838C138C838C10F48D9
:103E5000002103F0DDF804460D480460002C08D072
:103E6000802003F0DBF80B4803F0DEF804E00024C8
:103E700004E0094803F0DEF8601E8441204610B0DB
:103E8000B0BDC04688780020A0780020E539002029
:103E9000647D0020A16600200960000084B0104C01
:103EA000104D04E0621C81B2104603F0C9F8286886
:103EB0000022D34301A903F0C9F80028F2D101A8D8
:103EC00003F0CAF802990029F1D00398002802D023
:103ED00003F0C8F8EBE7204603F0ACF8E7E7C0468C
:103EE000026000009C7D0020B0B58CB0144806AA8A
:103EF000114638C838C138C838C11020242103F011
:103F0000B7F810490860002810D00F486A461146DB
:103F100038C838C138C838C10820802103F0A8F853
:103F20000A490860002804D00CB0B0BD032040034B
:103F300002E003204003401C03F07CF80CB0B0BD4D
:103F4000DC78002064BA0020C478002060BA002029
:103F500080B50A460021FFF7C7FE4142484180BDB7
:103F600080B5FFF7EDFE4142484180BD80B5FFF7C7
:103F700027FF4142484180BD80B5FFF73BFF4142EA
:103F8000484180BD10B5002400F04AFD002810D043
:103F900000F03AFE00280CD003F070F87D24A00059
:103FA00003F072F86001044903F074F803F078F844
:103FB0000124204610BDC046AC0D00006A480088B0
:103FC000401A41424141C8007047C046F0B583B035
:103FD00043490025434B28462A4601F0ABF9002807
:103FE00067D000950195812043003F4C284621462B
:103FF0002A4601F033F9002860D03C4908800D20A2
:1040000001903B480090611C00200223024601F011
:1040100025F9002857D00E26019636480090A11C9D
:104020000025022328462A4601F018F900284FD01F
:104030001227019730480090E11C0296022628467C
:104040002A46334601F00AF901972C480090211DB9
:1040500028462A46334601F001F901972848009086
:10406000611D28462A46334601F0F8F80197254895
:104070000090A11D28462A46334601F0EFF8029829
:10408000019021480090E11D28462A46334601F060
:10409000E5F8072001901D4800902D342846214660
:1040A0002A46334601F0DAF801F00AF902F0FEFF81
:1040B00012E017A003F034FE01250DE014A003F078
:1040C0002FFE012508E012A003F02AFE012503E0DF
:1040D0000FA003F025FE0125284603B0F0BDC04621
:1040E0000A1800009C790020232A00000EBB002043
:1040F000007A0020107A0020C4790020D8790020AE
:10410000207A0020EC790020B4790020147D002072
:1041100044657620696E666F2073657276696365A3
:1041200020696E6974206661696C7572652E000085
:1041300010B50D480088884214D10820002B10D0FB
:104140000A490A68496819711A700C0EDC710C0C66
:104150009C71090A5971110ED970110C9970110ACC
:10416000597010BD002010BD0EBB002040E10020A2
:10417000B0B5401E622800D9B6E10C464D1C400087
:104180007844808840008744620077008B00A1005B
:10419000C500D200E200F50003011201AF01AF013A
:1041A000AF01AF01AF01AF01AF01AF01AF01AF018F
:1041B000AF01AF01AF01AF01AF01AF01AF01AF017F
:1041C000AF01AF01AF0129012E013B014801AF0151
:1041D0004D0155015B01AF01AF01AF01AF01AF016F
:1041E000AF01AF01AF01AF01AF01AF01AF01AF014F
:1041F000AF01AF01AF01AF01AF01AF01AF01AF013F
:10420000AF01AF01AF016701AF01AF016F017401F1
:1042100079017E01830188018D0192019701AF012F
:104220009C01AF01AF01AF01AF01AF01AF01AF0121
:10423000AF01AF01AF01AF01A101AF01AF01AF010C
:10424000AF01AF01AF01AF01AF01A601AB01A07893
:10425000E17809020918E44802F0F2FEA078E1785A
:1042600009020918E14803F011FBA078E17809027E
:104270000818DC490880B0BDE2782978D74802F0F8
:104280001BFF2878697809020918E278D44803F0FE
:10429000FDFAD44900200880012102F013FFB0BDCF
:1042A0002079617909020918E3782A78C54802F073
:1042B0000FFF207961790902091828786A781202BB
:1042C0001218E378C04803F0E1FAB0BD20796179B3
:1042D00009020918AE4802F0B3FE211DAD480822BC
:1042E00002F0FCFE2079617909020818A179E279CF
:1042F0001202511809040A18207A617A0902081872
:10430000A17AE37A1B02591809040B18A2A003F042
:10431000BDFAB0BD2389E288A1889B4802F0E4FE83
:104320002389E288A188994803F0B0FAB0BD2878C3
:10433000697809020918A878EA7812021218A8798F
:10434000EB791B021B188F4802F0CEFEB0BDA0789F
:10435000E1780902091863792279884802F0B8FEE9
:10436000A078E1780902091863792279844803F07A
:104370008DFAB0BDE2782978964802F09DFE287843
:10438000697809020918E278934803F07FFAB0BD12
:1043900028786978090209188C4802F051FE2878BB
:1043A0006978090209188A4803F070FAB0BD2078CC
:1043B000617809020918A078E278120212186048A0
:1043C00002F098FE2078617809020918A078E27856
:1043D000120212185BA003F059FAB0BD21885648AA
:1043E00002F02EFEB0BDA01C002102F089FE0146A5
:1043F00020786278120212184E4802F087FEB0BD93
:10440000A01C002102F07CFE014620786278120296
:104410001218474802F07AFEB0BD2188434802F0E6
:104420000FFEB0BD20786178090209183E4802F0FD
:1044300007FEB0BDA27821783A4802F03DFEB0BD3B
:104440002078617809020918A07AE27A120212181B
:10445000334802F04FFEB0BD2178E0784042C2B24E
:104460002E4802F029FEB0BD2178294802F0E8FD6F
:10447000B0BD2178254802F0E3FDB0BD2178224887
:1044800002F0DEFDB0BD21781E4802F0D9FDB0BDBE
:1044900021781B4802F0D4FDB0BD2178174802F006
:1044A000CFFDB0BD2178144802F0CAFDB0BD21781F
:1044B000104802F0C5FDB0BD21780D4802F0C0FDE6
:1044C000B0BD2178094802F0BBFDB0BD217811488C
:1044D00002F0B6FDB0BD21780F4802F0B1FDB0BDCD
:1044E0002178164802F0ACFDB0BDC0462BA00000FC
:1044F0002AA0000029A0000028A0000027A000009A
:1045000026A0000025A0000024A0000023A0000099
:1045100022A000002CA0000033A0000021A0000079
:1045200016A0000015A0000014A0000013A00000B9
:1045300012A0000011A0000010A0000034A0000094
:104540000FA000005B4D53475F424C455F4D5455F3
:104550005F45584348414E4745445F494E445D20BE
:1045600048616E646C65203D20307825582C206DA4
:104570007475203D2025640A000000000EA0000094
:10458000007B00200DA000000CA00000537C002048
:104590000AA000000BA000005B4D53475F424C4552
:1045A0005F4C4C5F464541545255455F494E445D12
:1045B0002048616E646C65203D203078254C580A97
:1045C0000000000009A00000C87B002008A0000037
:1045D000997B002007A000004F7B002005A0000071
:1045E0001A7C002006BB002003A00000C27C002033
:1045F00080B5024802F090FD80BDC046B93C002065
:104600002F480088411A4842484170472C4800888A
:10461000884205D10120002B01D00021197070477C
:1046200000207047F0B583B014460D460146202D9A
:1046300000D320251F4F38462A46FFF799F8200A55
:104640001D4E707034700320C10200201B4B0246C7
:1046500000F070FE0124002828D000970195152055
:10466000450200200227294602463B4600F0F6FD9F
:1046700000281BD000960197691C00263046324660
:104680003B4600F0EBFD002810D000960196A635C1
:104690008120430030462946324600F0DFFD0028E5
:1046A00004D00749088000F00BFE3446204603B0D2
:1046B000F0BDC0463CBA002038BA0020A8790020DE
:1046C00004BB00200020704770B582B00125A9020C
:1046D0001848194A102300F08BFEFFF79BFB044695
:1046E000002824D02E0200961021282208232846D4
:1046F00002F018FD68361148314602F019FD3320EA
:1047000081010F4802F01AFD0E480221302202F00A
:104710001BFD02F01FFD0C4802F022FD0B4802F0C9
:1047200025FD0B4802F028FD0A4802F02BFD20462B
:1047300002B070BD80D000207CBA002018BF0020DD
:1047400080D40020A08B0020993A0020B53A0020A8
:10475000C13A0020A93A002010B502F0A9F80024BF
:104760000221204602F030FCFFF7A0F9FFF7D0F954
:10477000FFF7AEF90F2003210422072302F008FD02
:1047800000F036F8FFF7FEFB002807D0FFF79CFF8C
:10479000002805D000F010FD204610BD03A000E069
:1047A00009A003F0BDFA012010BDC046626C655F30
:1047B000636F6E74726F6C6C65725F696E69742082
:1047C0006572726F722E0000626C655F686F737441
:1047D0005F696E6974206572726F722E000000004E
:1047E00080B502F0DBFC80BD80B502F0DDFC80BD51
:1047F00010B52B4802F0DEFC2A4802F0E1FC2A4802
:1048000002F0E4FC294802F0E7FC294802F0EAFC47
:10481000284802F0EDFC284802F0F0FC274802F09E
:10482000F3FC274802F0F6FC264802F0F9FC264883
:1048300002F0FCFC254802F0FFFC254802F002FDD6
:10484000244802F005FD244802F008FD234802F048
:104850000BFD234802F00EFD224802F011FD224814
:1048600002F014FD214802F017FD214802F01AFD64
:10487000204802F01DFD204802F020FD1F4802F0F4
:1048800023FD1F4802F026FD0020C4432046214698
:1048900002F026FD2046214602F028FD10BDC0464C
:1048A000D3BC0200B3BC0200BBBC0200CBBC020004
:1048B000C3BC0200B955010069560100612702001E
:1048C0000127020015270200710B02005D2402007F
:1048D000312602009D2502008D260200F9250200E6
:1048E000C52602007D270200752702007D0B02000D
:1048F000D9E9030001E803003DE70300C5EA03002E
:104900009DEA030070B58EB0022002F0F5FC0CACFD
:10491000204600F03DF8204602F0F4FC1A4808A9B1
:104920000A4638C838C20388138080789070002403
:10493000204602F0EDFC07A9062088708120400087
:104940000880032520462A4602F0E8FC6E4609202E
:1049500070701A203070B01C0C491922FEF708FF45
:104960001B222046314602F0DFFC204602F0E2FC2A
:1049700005211022284602F0E3FC0121204602F026
:10498000A1FB0EB070BDC046F4780020F47C00207E
:10499000B0B582B000281FD0044609206D4606221B
:1049A000294602F0D3FC2878002803D169464978CB
:1049B000002913D069464A7962714A78E2708A7890
:1049C000A2700209000180182071C8783F221040AF
:1049D000607008791040207002B0B0BD0349062213
:1049E0002046FEF7C5FE02B0B0BDC04603790020E8
:1049F00080B504A019210022FFF714FEFFF7E6FAA4
:104A000080BDC046485433324636373578355F422C
:104A10004C455F5045524950484552414C000000BA
:104A2000F0B58FB05E48012102F096FC002400280A
:104A300000D1B1E05B4802F095FC002800D1ABE06A
:104A4000594802F095FC002800D1A5E057480125FF
:104A5000294602F093FC002800D19DE0042000903C
:104A60005348544A10210B4602F08EFC002800D116
:104A700092E05148062102F08DFC002800D18BE025
:104A80004E48022102F08CFC002800D184E02C0268
:104A900000204B494B4A131859601C8109191C30DE
:104AA0007028F8D100204849484A13185960282531
:104AB0001D8128311C307028F7D145480EC8006888
:104AC0000E900BA80EC00BA802F070FC00285ED060
:104AD0000020404A404B1918CA600C8241218900CD
:104AE000521830306028F6D10294BF20C4433B4EA8
:104AF00020463B4A1718CC22BE50D023FD522C36FC
:104B00003030F6D101920026364F37488019C76001
:104B10000A46029901821146BF183036602EF4D140
:104B20003249334E019A30198150C5522C313034FC
:104B3000F9D1304903A8024678C978C278C978C249
:104B400002F03AFC002824D000202B492B4A029C7A
:104B500013189C819960091920304028F8D1274802
:104B60000222214602F02EFC002814D00020244905
:104B7000244A115013189C80091910302028F8D1AC
:104B800020480222214602F023FC044604E00024CF
:104B900002E0002400E0002420460FB0F0BDC04633
:104BA000D0900020A093002068920020408C00202C
:104BB000189600202896002028980020B8950020FC
:104BC000589C00208894002068A40020389600207B
:104BD0000C79002060A2002058950020B8A5002084
:104BE0006897002058A00020F894002008A5002015
:104BF000A89600201C79002058980020008C0020E6
:104C0000589A0020B0900020B0B590B018480AAA79
:104C1000114638C838C138C838C14020082102F0D0
:104C2000F1F914490860002815D0134801AA11466B
:104C300038C838C138C838C138C838C10F48002111
:104C400002F0E6F904460E480460002C08D00D4836
:104C500002F0C4FB07E010A003F062F8002404E0B7
:104C600009A003F05DF8601E8441204610B0B0BD7D
:104C700060790020F4A600203C79002085480020BF
:104C8000BCA60020856700206C6C635461736B497F
:104C900064204E554C4C00006C6C635461736B4D3A
:104CA000736751756575654964204E554C4C00001D
:104CB0000348044901600448044901607047C04644
:104CC000300B0020356800202C0B002065490020A7
:104CD00010B582B004460D48016800290BD00C487D
:104CE00002880B689C548B88511C8AB29A4200D36C
:104CF0000021018006E001A90C700648006801222D
:104D000002F072FB204602B010BDC04668BA002017
:104D100008BB002070BA00200148024901607047BA
:104D2000280B00207148002080B5FEF75DFF7D2034
:104D3000800002F0F5F8FEF753FC80BD82B00A4D0A
:104D40000AA403E00146204602F0A0FD28680022E4
:104D5000D343694602F07AF90028F3D1019900980B
:104D600002F048FBF2E7C046F4A600206C6C635FDB
:104D70007461736B20676574206D73672066616969
:104D80006C65643A25750A0080B5FEF759FF02F09C
:104D900037FB80BD10B50024FFF722FD002808D0A6
:104DA000FEF714FF002804D0FEF7C6FE02F02EFB2B
:104DB0000124204610BD000010B5094B19600949B7
:104DC00008700948026001200024214602F084F89E
:104DD00003210A220523204602F0DAF910BDC0465D
:104DE000D8E100205CBA0020D4E100208AB0094854
:104DF00001AC21462CC82CC12CC82CC12CC82CC1FC
:104E000002F00AFB04480021224602F001F902F0F8
:104E100009FBFEE778790020053800200C4605469E
:104E2000FEF70EFF06A002F07BFF09A0294602F064
:104E30002DFD0CA0214602F029FDFEF7D5FEFEE770
:104E40006F7320657272206F636375727300000068
:104E5000636F646520202020203A20307825303888
:104E6000580A00006F626A6563745F69643A2030B3
:104E700078253038580A0000F0B583B01C46164635
:104E80000F46029009891348089D2A4602F032F91C
:104E9000F888C00513D402943C8A0E48401C214671
:104EA000324602F027F9A01B81B2A94200D805467C
:104EB000AAB2786981190298FEF75AFC07E039898D
:104EC000009502983246234600F0E4FD0546A8B25C
:104ED00003B0F0BD15510000F0B585B01D46164673
:104EE0000F46012101701478384602F0A1FA00281B
:104EF00000D16EE0009701950746C8379D490546E9
:104F0000481C214602F09CF8D8350295601E5128B5
:104F100000D9D9E04000C0467844808840008744EA
:104F200051005D006F0095009A00A100A700AE003F
:104F3000B400BB00C000C700CC00D300D300D90030
:104F4000DF00E600EC00D300D300F300F90000011D
:104F50000501D3000C01D30013011A01D300D300C3
:104F6000D300D300D300D300D300D300D300D300A9
:104F7000D300D300D300D300D300D300D300D30099
:104F8000D300D300D300D300D300D300D300D30089
:104F9000D300D300D300D300D300D300D300D30079
:104FA000D300D300D300D300D300D300D300D30069
:104FB000D300D300D300D300D300D300D300D30059
:104FC000D3001E01029C20463146019A02F036FAB7
:104FD000CBE0684802F02EF805B0F0BD3846314607
:104FE00002F032FA0028029C00D0BEE004A900982A
:104FF0000880388848800A20042202F02BFAB4E0A6
:105000000121304602F02CFA7A889042014600D302
:1050100011463A88914202D2172900D339803A7852
:1050200054498B1CC1B2184602F046F80220B871F0
:105030003988009C204602F019FA03A90C803888B0
:1050400048800A20042202F005FA8DE038463146F5
:1050500002F012FA88E0029C20463146019A02F0E2
:1050600011FA82E038463146019A02F011FA7BE0EB
:10507000029C20463146019A02F010FA75E038464B
:105080003146019A00F0ECFA6EE0029C204631466F
:10509000019A02F009FA68E03846314600F0D6FB82
:1050A00062E0029C20463146019A02F003FA5CE07D
:1050B0003846314600F066FA56E0029C20463146FA
:1050C000019A02F0FDF950E006223846214602F02E
:1050D000FDF949E038463146019A02F0FDF943E016
:1050E000029C20463146019A02F0FCF93DE0384628
:1050F0003146019A00F042FC36E0029C20463146DF
:10510000019A02F0F5F930E038463146019A00F094
:10511000D1F929E0029C20463146019A02F0EEF9CD
:1051200023E03846314600F093F91DE0029C20460A
:105130003146019A02F0E8F917E0029C2046314618
:10514000019A02F0E7F910E0029C20463146019AEC
:1051500002F0E6F909E0384600F0D4FB04E03846F6
:105160003146019A00F0DDFB029C204602F0DEF998
:1051700005B0F0BD1452000001480249416070477B
:10518000BC0A0020214A002010B50C46C988C90578
:1051900003D5218900F066FC208210BD0148024938
:1051A0000161704764090020F54C00200121017065
:1051B00000487047FFFF000080B5114802F03CF83E
:1051C000104802F03FF8104802F042F80F4802F091
:1051D00045F80F4802F048F801F01AFA01F04AF8D1
:1051E00001F032F800F09CFC01F034F801F012F804
:1051F00000F09CFCFFF7D2FFFFF7BEFF80BDC0466A
:10520000716100203D620020A961002099620020A8
:1052100005620020B0B501468B4A1088002810D0E6
:1052200013888A4A1468002204E00834521C9A4207
:10523000184608D225888D42F7D865888D42F4D368
:1052400002E0002200E01846D100804B1B6859188C
:105250004968002900D01046B0BDC046F0B581B005
:105260001C4617460D461549079B069A00280DD087
:105270000D46002F1BD03846214602F05DF9064648
:10528000681C1022394601F029FF0AE028460F4623
:10529000214602F057F90646B81C294601F0D0FE17
:1052A0003D46E81C3146224601F024FF03E0284633
:1052B00001F0C0FE0026304601B0F0BDA55200004E
:1052C000F0B581B060480188002912D002885F489B
:1052D0000368002004E00833401C9042114606D2C7
:1052E0005C88002CF7D11C88002CF4D002E0114619
:1052F00000E000200E4C884206D181B2204601F029
:105300009FFE002001B0F0BDC60002F021F9054665
:105310004E4F38688019458002F020F90246601C23
:10532000294601F0E7FE38688019408801B0F0BDD9
:10533000A3520000F0B583B001920E46424D298879
:105340000024002902930FD0404A12681788002FCA
:105350000AD02988083201231C468B4204D2631CE0
:1053600017880832002FF7D18C4205D1A1B21F480F
:1053700001F066FE002735E01C4D002813D02E46B4
:10538000019D002D2AD00520C102284602F0ECF82C
:105390000746B01C10222946354601F09FFE002F1B
:1053A0000DD100271EE00520C102304602F0E2F8D0
:1053B0000746E81C314601F043FE002FF1D0E00023
:1053C000224909680F520818029941600021418062
:1053D000281DA2B2394601F08DFE03E0701C01F0D9
:1053E00029FE0027384603B0F0BDC04699520000A0
:1053F000F0B581B0134D00281FD0002A1DD00C46F7
:1054000000291AD0002B18D00F490B800F490A60D1
:1054100000210F460E46FF00D151761CF7B29F4285
:10542000F9D3002200922146134602F0A9F8681C25
:10543000214601F005FE01B0F0BD284601F0FAFD5D
:1054400001B0F0BD9752000068A600206CA60020B5
:1054500070B582B00E460446102002F097F800287E
:105460000AD005466189A0887278002300930193D1
:10547000012A06D0032205E00D4801F0DBFD02B051
:1054800070BD022200F026FB010607D0C3B218212E
:105490000022284602F080F8024602E01920287017
:1054A0000122A088294602F07DF802B070BDC046F6
:1054B00023510000F0B58BB004920C460546012143
:1054C000204601F0CDFF07460321204601F0C8FF2A
:1054D00003902E462888001D80B202F057F800285D
:1054E00013D0054605A8394602F062F8002811D00D
:1054F00005A8C088010701D5C00512D41621284689
:105500003A4602F05BF8024628E01D4801F092FDA1
:105510000BB0F0BD162128463A4602F055F8024677
:105520001CE005A9304602F055F8002801D00346DA
:105530000EE0B0880499491F89B2621D0092019162
:1055400001223946039B00F0C5FA01060CD0C3B214
:10555000162128463A4602F01FF80246B08829462E
:1055600002F020F80BB0F0BD28462146049C2246EC
:10557000FEF7FEF81720287077812246EEE7C04636
:1055800022510000F0B589B00D460446012128469D
:1055900001F066FF06460321284601F061FF0290F4
:1055A00003A8314602F004F807462088001D80B2A7
:1055B00001F0ECFF00280CD00546002F0ED003A808
:1055C000C088800710D40C212846324602F008F823
:1055D0003BE0224801F02EFD09B0F0BD0C21284629
:1055E000324601F0F1FF30E003A9204601F0F2FF5E
:1055F000002806D003460C212846324601F0CCFF95
:1056000023E0A08803AF3946FFF7BEFD388A029A2F
:10561000824205D90C212846324601F0E7FF14E00A
:10562000801A411C2088814203DD1018401E03A906
:1056300008820798801A81B2A08800916B1C03A988
:10564000FFF71AFC0D212970401CA18882B2084680
:10565000294601F0A7FF09B0F0BDC0461F51000068
:10566000F0B591B014460E46074601213046099127
:1056700001F0F6FE05460321304601F0F1FE024638
:1056800071480A9529460546089201F033FD727962
:10569000681C214601F02EFD07973888001D80B256
:1056A00001F074FF002804D00746082C06D3102010
:1056B00005E0A81C01F0BEFC11B0F0BD0220069070
:1056C0000A9A0899501E80B288420AD2701D05902D
:1056D0000BA801F091FF002603960296099804900A
:1056E0000FE00821384601F06FFF9EE00BA9079CF0
:1056F000204601F06FFF002834D00390099C002C55
:1057000075D10BA801F07EFF002870D00BAC2046AD
:1057100001F07EFF2289A188E81C01F0EBFC0E98C5
:10572000017840780002401882B2E188281D01F01B
:10573000E1FC20890028E1D000240A998842DED3C8
:1057400008998842DAD80BA80599069A01F066FFF5
:105750000028D4D00BA8C0888007C7D43004CED18D
:105760000D9ECCE7A0880BA9FFF70EFD0F98801CBB
:10577000049989B200220392022904D382B2029BC7
:105780009BB29342BAD1012903D17870049B5B1C70
:1057900001E0049B0298029080B299B20A18208816
:1057A0008242049306D90229A8D8001F0BAA1082AE
:1057B000801C78700BAC2289384601F035FF0798C1
:1057C0008088218A00910499891C049189B27B18F0
:1057D000002203922146FFF74FFB0446681D214635
:1057E00001F02EFC049820180490039C87E704998C
:1057F00088B2022802D30920387017E003990806FE
:1058000006D0CBB2082138460A9A01F0C5FE0CE05A
:10581000300405D0B2B20821384601F0E1FE04E0C0
:10582000082138460A9A01F005FF0146A81D8CB2EE
:10583000214601F005FC079880883946224601F090
:10584000B1FE11B0F0BDC04617510000F0B587B0F1
:105850000A4604460121104601F002FE064601A850
:10586000314601F0A5FE07462088001D80B201F0F8
:105870008DFE00280CD00546002F0ED001A8C08850
:10588000800710D40A212846324601F0A9FE2EE0F6
:105890001B4801F0CFFB07B0F0BD0A212846324675
:1058A00001F092FE23E001A9204601F093FE0028BA
:1058B00006D003460A212846324601F06DFE16E066
:1058C000A08801AE3146FFF75FFC2088318A814213
:1058D00002D3401E01A90882A08801A90A8A009269
:1058E0006B1C0022FFF7C8FA0B212970401CA1880D
:1058F00082B20846294601F055FE07B0F0BDC04609
:105900001E51000080B582B00189002907D0002314
:105910000381808800930193042200F0DBF802B039
:1059200080BDF0B589B015460C46074601212046DA
:1059300001F096FD064603A8314601F039FE002825
:105940000CD04120800003A9C9880140814205D1C3
:1059500003A9384601F03EFE002801D009B0F0BD91
:10596000B888E91E89B2E21C0092019100223146FA
:10597000134600F0AFF809B0F0BD0000F0B58BB0F1
:1059800003920C46074601260846314601F068FDA1
:10599000014605A8049101F00BFE0546102001F018
:1059A000F5FD00280CD0002D0FD005A9CA881107DD
:1059B0003D4613D412210446049A01F0FFFD1AE07B
:1059C000274801F037FB0BB0F0BD12210446049AC2
:1059D00001F0FAFD214606463D460EE005A9D20536
:1059E00011D4098AC91C039B99420CD21221044686
:1059F000049A01F025FE21460646A888324601F0A9
:105A0000D1FD0BB0F0BD002AD4D5074605A9284624
:105A100001F0E0FD002805D0034612213C4638463F
:105A2000049A13E0A8880399C91E89B2E21C009267
:105A300001910022049C2146134600F04BF8010618
:105A400009D0C3B2122122463C46384601F0A4FDDB
:105A500039460646D1E7132039463870CDE7C046AF
:105A600021510000B0B50C4605460846FFF7D2FBB1
:105A7000014629480288002091420AD0C900274ADD
:105A80001268511849680A68002A02D0284621463F
:105A90009047B0BDF0B581B01C4615460E4607468E
:105AA0000846FFF7B7FB01461B48028800209142D9
:105AB0000ED02346C900194A1268511849684C682B
:105AC000002C05D006980090384631462A46A0475B
:105AD00001B0F0BDF0B583B01C4615460E46074632
:105AE0000846FFF797FB01460B48028800209142C9
:105AF00010D02346C900094A1268511849688C68B9
:105B0000002C07D009980899009101903846314639
:105B10002A46A04703B0F0BD68A600206CA600206E
:105B200008480149C1647047995A00200920400182
:105B30000449054A0A50E2480021044A02604160D3
:105B40007047C046500B0020D5620020ED49000090
:105B5000F0B587B00546D8482E1845200001281812
:105B60000290F8482B5C0391497B9768D0682C46DB
:105B700050340278002B45D0002965D0092A00D086
:105B8000B1E0FF2109020F40092109028F4200D034
:105B9000FCE0027A04A90A72027943791B029A187E
:105BA0008379C5792D02EB181B049A1805920278A7
:105BB00043781B029A188378C0780002C01800044A
:105BC00080180490481C01F041FD07460D46012055
:105BD00030700026039A967210208143B9482F3006
:105BE0003840029B03C3517BB448401C01F028FAA3
:105BF000B64A3A4051208543218830462B4601F071
:105C00002BFD55E1002970D0092A00D1CAE0072AEE
:105C100000D008E1FF231B021F40012673029F42B0
:105C200000D015E140780E2800D041E1002603980D
:105C30008672A248401D01F003FA21881A203246DC
:105C4000334601F009FD33E10E2A00D09CE0FF212C
:105C50000902394009231B02994200D0E7E0027A89
:105C600004A90A72027943791B029A188379C479CC
:105C70002402E3181B049A180592027843781B0249
:105C80009A188378C0780002C01800048018049025
:105C9000481C01F0DBFC0191894A0ACA894A00903C
:105CA000084011402F2404400A191027BB432846FE
:105CB00001F0D8FC002800D1F7E00246F8430121AA
:105CC0003170814991610399D161019B0340009832
:105CD0007C4E30400443029804604360284601F043
:105CE000C7FC0026E4E00126E2E0082A00D09CE0A0
:105CF000FF210902394009231B02994200D0C1E06B
:105D0000027A04A90A72027943791B029A188379EC
:105D1000C4792402E3181B049A1805920278437888
:105D20001B029A188378C0780002C01800048018FB
:105D30000490481C01F08AFC0191614A0ACA614A38
:105D40000090084011402F2404400A191027BB433B
:105D5000284601F087FC002800D1A8E00246F8435D
:105D600001213170584991610399D161019B034030
:105D70000098544E30400443029804604360284623
:105D800001F076FC002693E0012691E02846039C72
:105D9000214601F073FC0026A672617B474801F0A2
:105DA0004FF985E0FF2109020F4009210902434B09
:105DB0008F425AD1027A04A90A72027943791B02EE
:105DC0009A188379C5792D02EB181B049A1805924D
:105DD000027843781B029A188378C0780002C018B2
:105DE000000480180490481C01F030FC07460D4662
:105DF000012030700026039A9672102081433148AA
:105E00002F303840029B03C3517B2C48C01D01F04A
:105E100017F92E4A3A4051208543218830462B46B7
:105E200001F01AFC44E0012642E0012640E0284649
:105E3000039D294601F022FC204CA01C394601F0AC
:105E400023FC0026AE72697BE01C01F0F9F82FE01C
:105E50002846039C214601F011FC0026A672617BB6
:105E60001648001D01F0ECF822E02846039C21466C
:105E70001D4601F003FC0026A672617BA81D01F0FF
:105E8000DFF815E02846039C214601F0F7FB0B4D97
:105E900028460830394601F0F7FB0026A672617BE0
:105EA0000935284601F0CCF802E0022600E002267F
:105EB000304607B0F0BDC04649040000CE360000B1
:105EC00070A6002000CF87F7A98002002FCF87F7A8
:105ED00070B5002810D00D4600290DD0002A0BD037
:105EE000D168097800240E290FD0082927D1154937
:105EF000405C002823D10CE01620492100242246D2
:105F0000234601F0C7FB204670BD0E49405C0028C7
:105F100015D001242C730026EE72FF200430288156
:105F2000304601F0BDFB03C50748EE806E716E611F
:105F3000AE61E861AC700548314601F081F8204659
:105F400070BDC0465103000099560020CD360000B8
:105F500010B5044600F078FD002802D00C21012085
:105F600006E000F04BFD002801D1014600E00C21C5
:105F70002070084610BD000010B50A46002911D057
:105F80000446906B00280DD0107C072811D00628FD
:105F900016D005281DD110480068D060104600F0CA
:105FA00075FD13E08520C1001C20002301F072FB69
:105FB00010BD09480068D060104600F06BFD05E098
:105FC00005480068D060104600F06AFD012020708E
:105FD00010BD0020207010BD50080020B0B50D4647
:105FE00000290FD00446A86B00280BD0287C072876
:105FF0000FD0062812D0052817D12846114600F0E8
:1060000046FD0FE01C200A4900232A4601F042FB0E
:10601000B0BD2846114600F040FD03E02846114679
:1060200000F048FD01202070B0BD00202070B0BD00
:106030008D04000010B50A46002918D00446906B64
:10604000002814D0107C072817D0062823D0052854
:1060500031D140480178D0684843184909688842DE
:1060600000D80146D160104600F012FD20E01C204F
:106070001349002301F00EFB10BD36480178D068AB
:1060800048430E490968884200D80146D16010464D
:1060900000F004FD0CE02F480178D0684843074920
:1060A0000968884200D80146D160104600F021FD01
:1060B0000120207010BD0020207010BD5408002069
:1060C00053040000B0B50D46002919D00446A86B52
:1060D000002815D0287C072819D0062826D00528A6
:1060E00035D1E8681B490978FDF754FB1A4909685E
:1060F000884200D30146E960284600F0CAFC23E04C
:106100001C20164900232A4601F0C4FAB0BDE868F5
:1061100010490978FDF73EFB0F490968884200D312
:106120000146E960284600F0BAFC0DE0E86809493C
:106130000978FDF72FFB08490968884200D301461A
:10614000E960284600F0E8FC01202070B0BD002086
:106150002070B0BD5C08002058080020B504000085
:10616000B0B50446012500F0D7FB002801D0284631
:1061700008E000F069FC002801D0012002E000F0F6
:106180003DFC054620702846B0BD70B504460C267F
:10619000012500F0F5FB00280BD100F062FC00287F
:1061A00007D100F038FC0546002801D12E4600E05A
:1061B0000C262570304670BD70B504460C260125AE
:1061C00000F0DEFB00280BD100F04BFC002807D1CB
:1061D00000F021FC0546002801D12E4600E00C26E7
:1061E0002570304670BD10B5044600F0C9FB00288C
:1061F00003D100F036FC002803D0002020700C20D2
:1062000010BD00F008FC00212170002800D00C20F7
:1062100010BD0000152000011249074A0A50532002
:106220008000064A0A502920C000054A0A50512021
:106230008000044A0A5070470D5C0020255B002056
:106240007D5B0020C15A0020064801490166704765
:10625000A95C002003480449044A054B8363C263D8
:1062600001647047500B00202F5D0020D35C00209C
:10627000015D002070470000B0B584B0002808D050
:1062800004468168022001F011FA002804D004B00D
:10629000B0BD042004B0B0BDE389A289607C014692
:1062A00001F00AFA0028F2D16269A369217C607CBE
:1062B00001250095019002900025284601F002FA80
:1062C0000028E4D1206A01F003FA0028DFD1A18B75
:1062D000606A01F003FA0028D9D106480570627C93
:1062E00003CC01F001FA0028D1D101F003FA2846CD
:1062F00004B0B0BD0C0D002070B501260670274813
:1063000000780024002801D0204670BDEFF31085EE
:10631000EFF3108072B601F0F3F900280CD0344C82
:106320002078002804D11F4801F0F0F901202070E6
:1063300085F31088012070BD2F4908466838006831
:106340002B4A1278002A1DD030401BD00522086845
:106350000B68984204D0531E12061A46F7D1FF224A
:10636000110613D023490968814213D90C4A1288B7
:1063700085F31088081A5109884200D8002634464F
:10638000204670BD85F31088204670BD85F31088C7
:10639000204670BD85F31088204670BD5F0900203F
:1063A00022080020FFFFFF1FB0B501210170EFF3AD
:1063B0001084EFF3108072B60D4D2878002813D0AA
:1063C0000C4800680C490968814205D2491D814288
:1063D00004D201F0A1F905E0642001E04B20800027
:1063E00000F09EFD0020287084F31088B0BDC046E8
:1063F0005B09002080000040E8010040B0B584B097
:10640000002808D004468168042001F04FF90028D4
:1064100004D004B0B0BD042004B0B0BDE389A289AB
:10642000607C014601F048F90028F2D16269A36955
:10643000217C607C01250095019002900025284672
:1064400001F040F90028E4D1206A01F041F9002868
:10645000DFD1A18B606A01F041F90028D9D103CCCA
:10646000627A01F05FF90028D3D10348057001F08A
:106470005FF9284604B0B0BD9C0D002070B584B013
:10648000002808D004468168062001F00FF9002892
:1064900004D004B070BD042004B070BDE389A289AB
:1064A000A17C607C01F008F90028F2D16269A3693F
:1064B000217C607CA57C0126009601900295002538
:1064C000284601F0FFF80028E3D1206A01F000F926
:1064D0000028DED1A18B606A01F000F90028D8D134
:1064E00003CC627A01F000F90028D2D1034805708C
:1064F00001F024F9284604B070BDC0469D0D00206F
:10650000B0B584B0002808D004468168032001F0AB
:10651000CDF8002804D004B0B0BD042004B0B0BD54
:10652000E389A289607C014601F0C6F80028F2D117
:106530006269A369217C607C01250095019002902D
:106540000025284601F0BEF80028E4D1206A01F0B9
:10655000BFF80028DFD1A18B606A01F0BFF80028E6
:10656000D9D103CC627A01F0DDF80028D3D10348F9
:10657000057001F0E9F8284604B0B0BDBC0D00205C
:1065800070B584B0002808D004468168052001F069
:106590008DF8002804D004B070BD042004B070BD94
:1065A000638A228AA17D607D01F086F80028F2D1FD
:1065B000A17DE06801F0CEF80028ECD1A269E36982
:1065C000217D607DA57D0126009601900295002524
:1065D000284601F077F80028DDD1606A01F078F8EC
:1065E0000028D8D1218CA06A01F078F80028D2D1F7
:1065F00003CCA27B01F096F80028CCD103480570AB
:1066000001F0AEF8284604B070BDC046BD0D0020B4
:10661000024803498164034941657047200D002009
:10662000F15E0020415E002070B50546554E306891
:10663000002801D0012070BD01F098F82846FFF72E
:106640001BFE0446002801D0204670BD0348306080
:1066500003CD01F091F8204670BDC04684270200AA
:10666000F0B581B00446474F3868002801D00126B4
:106670001EE001F07BF803CC637A00252A46083C33
:1066800001F080F803C42068627A2946083C01F0D2
:106690007FF8A0602046FFF7B1FE0646284601F0CD
:1066A0007DF8002E04D10448386003CC01F064F872
:1066B000304601B0F0BDC046D427020070B5054693
:1066C000304E3068002801D0012070BD01F04EF836
:1066D0002846FFF7D3FE0446002801D0204670BDAF
:1066E0000348306003CD01F047F8204670BDC04636
:1066F000E4270200F0B581B00446224F3868002834
:1067000001D001261EE001F031F803CC637A0025A8
:106710002A46083C01F036F803C42068627A29460C
:10672000083C01F035F8A0602046FFF7E9FE064678
:10673000284601F033F8002E04D10448386003CC19
:1067400001F01AF8304601B0F0BDC046F42702004F
:1067500070B505460B4E3068002801D0012070BD91
:1067600001F004F82846FFF70BFF0446002801D08B
:10677000204670BD0448306003CD00F0FDFF204688
:1067800070BDC046C00D002004280200B0B5012332
:106790000370D06804780020162C35D87123DB00F4
:1067A000CB18C0467C4424796400A744151A2D0BED
:1067B0002D2D2D2D102D0B2D1F2D102D2D2D2D2D73
:1067C000242D29000846194600F0EEFFB0BD08460A
:1067D0001946FFF77DFBB0BD0846194600F0EAFFF9
:1067E000B0BD0846194600F0EBFFB0BD084619469B
:1067F00000F0ECFFB0BD0846194600F0EDFFB0BD5B
:106800000846194600F0EEFFB0BD000080B582B02A
:1068100000200146024600F0EBFF00F0EFFF00F021
:10682000F3FFFDF79DFA012001030A4881800A4A1F
:1068300002600090E120C3020848094AFDF79AF976
:1068400008A015A117A201F021F8FEF731FA02B055
:1068500080BDC04674BA002080C0002080B00460B3
:10686000000400605B257320542025735D626C6515
:10687000207065726970686572616C2070726F6AF1
:106880006563742863702920737461727420746F57
:1068900020776F726B2E0A004175672031392032E4
:1068A0003032360030383A35313A313700000000A6
:1068B00080B500F0AFFF00F0B3FF00F0B7FF002895
:1068C00000D080BD00F0B8FF054800F0BBFF0220FB
:1068D00000F012FD0B2000F0BBFF002080BDC04681
:1068E00020F50100084909680A4A1278824203D853
:1068F0000020002907D105E03522D2004243881844
:10690000002900D108467047909300200148007884
:106910007047C0466AA60020F0B581B0FFF7F6FFC9
:10692000002827D0044600250126E8B2FFF7DAFF49
:1069300000280FD099300178002907D0407800282E
:1069400004D00020374600280FD114E0304600283C
:106950000BD110E0912001011E202A46234600F0B1
:1069600099FE00273846002805D06D1CAC42DCD1CA
:10697000002700E000270120384001B0F0BD0000F2
:10698000F0B581B0FFF7C2FF002828D004460025EB
:106990000126E8B2FFF7A6FF00280DD08D30017B5D
:1069A000002905D0417B002902D00078002811D0B1
:1069B000304600280AD115E01E200C492A462346FD
:1069C00000F068FE0027384600280BD06D1CAC4252
:1069D000DFD106E0002037460028F7D102E000278B
:1069E00000E000270120384001B0F0BD260900007A
:1069F000014800687047C0469493002080B5FFF7B7
:106A0000F7FF002805D03321C900405C411E8841B2
:106A100080BD002080BD80B5FFF7EAFF0146002061
:106A200000290AD03322D2008A181278002A04D012
:106A300091310878411E4842484180BD01480068B4
:106A40007047C0469893002080B5FFF7F7FF0028F5
:106A500005D047218900405C411E884180BD00204F
:106A600080BD80B5FFF7EAFF0146002000290CD069
:106A7000472292008A181278002A06D0A531097898
:106A800002220A43032A00D1012080BD70477047CB
:106A9000704770471721817470477047704770477F
:106AA000FF217431826B642353548374501819216D
:106AB0004170704770B50A460446FF2108462030F1
:106AC000A36B1E18B92040001D18185C002807D0C1
:106AD000FF2A00D8D1B268781A2200F036F8687020
:106AE0003078002801D0012000E00220285CA0744A
:106AF00070BDB0B50446FF20A16B024620328A5C0F
:106B0000002A08D074300D18287801211A2200F0CC
:106B10001CF82870A074B0BDB0B50446FF20A16B6E
:106B2000024620328A5C002A08D074300D1828787A
:106B30003221642200F003F82870A074B0BD401820
:106B4000904200D80246D0B270475318834200D218
:106B5000421AD0B270470000F0B585B0164605461F
:106B6000EFF3058002AA95701180D670002403947B
:106B7000002800D1E443002E2DD0242E18D80193F4
:106B80002C4800900068002100F068FE0390002867
:106B900009D12748009000680027394600F05EFEC2
:106BA000039000283BD000980068049003980EE002
:106BB000802E28D801931E4800680027394600F02F
:106BC0004DFE0390002825D01949096804910199C8
:106BD0003246FCF7CDFD154EF01C294600F030FA88
:106BE0001548006802A900252A46234600F03CFE0D
:106BF00047424741002815D0321D81B2104600F0AF
:106C00001FFA2F460EE00948801C314600F018FAA2
:106C1000002707E00548401C00F00CFA02E003489A
:106C200000F008FA384605B0F0BDC0460460000028
:106C300060BA002064BA00209C7D002010B582B0AC
:106C4000019100900022EFF30580002801D0134647
:106C500000E0D34307480068694600F005FE04469B
:106C6000002803D004A0214600F010FE60426041DD
:106C700002B010BDF4A60020626C655F7461736B96
:106C80005F73656E645F6D73675F746F5F6C6C6379
:106C90005F7461736B206661696C65643A25750A7F
:106CA0000000000080B5282000F06AF90A2000F0FA
:106CB00067F90B2000F064F90C2000F061F90D2059
:106CC00000F05EF90E2000F05BF90F2000F058F99B
:106CD000102000F055F9352000F052F9112000F095
:106CE0004FF9122000F04CF980BD00001C461546FB
:106CF0000E460746FCF7A4FF07A001F011F80BA011
:106D00003946324600F0C2FD10A02946224600F066
:106D1000BDFDFCF769FFFEE773797374656D20654F
:106D200072726F72206F63637572730075313645CE
:106D300072724D6F64756C653A25752075313645F4
:106D400072724C696E653A25750A000075333245DA
:106D50007272496E666F313A25752075333245720D
:106D600072496E666F323A25750A000080B50020C0
:106D7000172100F029F9FCF79DFEFCF7D3FEFCF784
:106D8000ABFE02200249034AFEF716F880BDC0465A
:106D9000DD480020D1480020B0B582B00C46054641
:106DA00001A9104600F06AF801980019A860EC608B
:106DB00002B0B0BD10B582B00446407D217D0029EF
:106DC0000CD0EFF31081EFF3108272B6002222751F
:106DD00062682260626A226281F3108800280AD009
:106DE000EFF31081EFF3108272B600226275E27D3C
:106DF000A27581F31088A17D02291ED0002934D10B
:106E0000EFF31080EFF3108172B6E16A002901D030
:106E1000A26A8A6217490A68A24201D1A26A0A607C
:106E200015490A68A24201D1E26A0A6080F310881B
:106E30000020A062E06202B010BD002803D02169EA
:106E4000019122680AE0207E01280CD100200190E7
:106E5000074801A900F070F8226801992046FFF761
:106E60009BFF02B010BD0120A07502B010BDC0464E
:106E700000300560FCBA002000BB0020F0B583B0F4
:106E80000191064602A800F0F5FC0298012801D104
:106E90000D4D02E000F0F4FC05460C480488058026
:106EA0007D2042030027304639463B46FCF748FC2C
:106EB000002C01D0621955082A463B46FCF710FC0D
:106EC0000199086003B0F0BD127A00000CBB0020ED
:106ED00080B5FCF709FE80BD03B40148019001BDF7
:106EE00039C4010003B40148019001BD610E0200E4
:106EF00003B40148019001BD45A3010003B401485A
:106F0000019001BDADA0010003B40148019001BD95
:106F100065BF010003B40148019001BDBDBD010082
:106F200003B40148019001BD51F8020003B40148C7
:106F3000019001BD1DBF010003B40148019001BDD6
:106F400045BF010003B40148019001BDCDBF010060
:106F500003B40148019001BD698D010003B40148EB
:106F6000019001BD058F010003B40148019001BDEE
:106F7000E971010003B40148019001BD79DC010011
:106F800003B40148019001BD5572010003B40148EA
:106F9000019001BD858E010003B40148019001BD3F
:106FA00089DB010003B40148019001BD0922010001
:106FB00003B40148019001BDD123010003B401488D
:106FC000019001BD79C0010003B40148019001BDE9
:106FD00089C2010003B40148019001BDBDBE01009A
:106FE00003B40148019001BD81BE010003B4014812
:106FF000019001BDF9BD010003B40148019001BD3C
:10700000D9C0010003B40148019001BD0114010081
:1070100003B40148019001BD1D23010003B40148E0
:10702000019001BD51EC030003B40148019001BD82
:10703000E105030003B40148019001BDE9F6020037
:1070400003B40148019001BDFDF6020003B40148FC
:10705000019001BDF912010003B40148019001BD86
:10706000B9A0030003B40148019001BDA5110100BE
:1070700003B40148019001BD9D12010003B4014811
:10708000019001BD6118020003B40148019001BDE7
:107090002D20020003B40148019001BDFD23020030
:1070A00003B40148019001BD6982020003B40148A4
:1070B000019001BDB13C030003B40148019001BD42
:1070C000C5F7020003B40148019001BDC9230300C4
:1070D00003B40148019001BD39F7020003B401482F
:1070E000019001BDD9F7020003B40148019001BD30
:1070F00025F7020003B40148019001BD11F7020019
:1071000003B40148019001BD03F9020003B4014832
:10711000019001BD61F7020003B40148019001BD77
:10712000D505030003B40148019001BD6D180300AB
:1071300003B40148019001BDB95A030003B40148EA
:10714000019001BDDD59030003B40148019001BD68
:107150008518030003B40148019001BDAF28030066
:1071600003B40148019001BDFD05030003B40148CB
:10717000019001BD0506030003B40148019001BD63
:10718000F505030003B40148019001BDED050300BE
:1071900003B40148019001BD89A6010003B4014870
:1071A000019001BDF11A020003B40148019001BD34
:1071B0007923020003B40148019001BD752002004B
:1071C00003B40148019001BD3920020003B4014815
:1071D000019001BD4520020003B40148019001BDAA
:1071E0008120020003B40148019001BD6920020022
:1071F00003B40148019001BD5120020003B40148CD
:10720000019001BD5D20020003B40148019001BD61
:1072100031E0020003B40148019001BD19E0020011
:1072200003B40148019001BD25E0020003B4014808
:10723000019001BDB9DF020003B40148019001BD16
:10724000D1DF020003B40148019001BDF5DF020067
:1072500003B40148019001BDDDDF020003B4014821
:10726000019001BD01E0020003B40148019001BD9D
:10727000E9DF020003B40148019001BD0DE0020006
:1072800003B40148019001BD49E0020003B4014884
:10729000019001BD3DE0020003B40148019001BD31
:1072A000ADDF020003B40148019001BD5DE90300B8
:1072B00003B40148019001BD75E9030003B401481E
:1072C000019001BD69E9030003B40148019001BDCB
:1072D00051E9030003B40148019001BD45E90300F1
:1072E00003B40148019001BD49E2030003B4014821
:1072F000019001BD55E2030003B40148019001BDB6
:107300000559010003B40148019001BD792703002C
:1073100003B40148019001BDE523030003B4014813
:10732000019001BD8D23030003B40148019001BD0C
:107330005D28030003B40148019001BD9F280300AC
:1073400003B40148019001BDEB28030003B40148D8
:10735000019001BDF57E010003B40148019001BD1B
:107360003594020003B40148019001BD25AA020032
:1073700003B40148019001BD49A0020003B40148D3
:10738000019001BDCD39020003B40148019001BD57
:107390007DDC020003B40148019001BD11F402003C
:1073A00003B40148019001BD15D0020003B40148A7
:1073B000019001BD192C020003B40148019001BDE8
:1073C0001959020003B40148019001BD512902007E
:1073D00003B40148019001BD2982020003B40148B1
:1073E000019001BDC5DF020003B40148019001BD59
:1073F0007DDE010003B40148019001BDA5BC02007F
:1074000003B40148019001BD7D08010003B40148A7
:10741000019001BD6108010003B40148019001BD64
:107420004D10010003B40148019001BDE1100100BD
:1074300003B40148019001BDD952030003B40148CF
:10744000019001BD3930030003B40148019001BD32
:107450002944030003B40148019001BDB1050300B4
:1074600003B40148019001BD99A7030003B401488A
:10747000019001BDA530030003B40148019001BD96
:107480004946030003B40148019001BD893103005E
:1074900003B40148019001BDED44030003B4014869
:1074A000019001BD0931030003B40148019001BD01
:1074B000E132030003B40148019001BDA934030087
:1074C00003B40148019001BD3532030003B4014803
:1074D000019001BD814E030003B40148019001BD3C
:1074E0003549030003B40148019001BD693203002E
:1074F00003B40148019001BDB135030003B4014854
:10750000019001BDC331030003B40148019001BDE6
:10751000DD30030003B40148019001BD8D35030047
:1075200003B40148019001BD5935030003B401487B
:10753000019001BD0936030003B40148019001BD6B
:10754000F50B030003B40148019001BD410C030099
:1075500003B40148019001BDE10C030003B40148EC
:10756000019001BDF10C030003B40148019001BD7D
:10757000910C030003B40148019001BDA30C03006A
:1075800003B40148019001BD110D030003B401488B
:10759000019001BDC15D030003B40148019001BD2C
:1075A0003166030003B40148019001BDED160300EC
:1075B00003B40148019001BD190F030003B4014851
:1075C000019001BD8766030003B40148019001BD2D
:1075D0005766030003B40148019001BD4D17030035
:1075E00003B40148019001BD7B66030003B4014868
:1075F000019001BD6366030003B40148019001BD21
:107600001D10030003B40148019001BD15100300D3
:1076100003B40148019001BDAF0F030003B401485A
:10762000019001BD2910030003B40148019001BD80
:10763000D1A7030003B40148019001BD4B660300CC
:1076400003B40148019001BD6F66030003B4014813
:10765000019001BD57EF020003B40148019001BD44
:10766000DDE0030003B40148019001BDFD7A020092
:1076700003B40148019001BDCD52020003B401489A
:10768000019001BD0552020003B40148019001BD03
:107690004DF7020003B40148019001BD69420100A9
:1076A00003B40148019001BD31EE020003B401486A
:1076B000019001BDA117020003B40148019001BD72
:1076C000DD10020003B40148019001BDF115020074
:1076D00003B40148019001BD4917020003B40148F9
:1076E000019001BD4913020003B40148019001BD9E
:1076F0007115020003B40148019001BD9D0F020005
:1077000003B40148019001BDE11A020003B401482D
:10771000019001BD1D18020003B40148019001BD94
:107720004D18020003B40148019001BD91120200FE
:1077300003B40148019001BDF111020003B40148F6
:10774000019001BD3512020003B40148019001BD52
:10775000D513020003B40148019001BD6114020079
:1077600003B40148019001BD1514020003B401489F
:10777000019001BD1124020003B40148019001BD34
:10778000E922020003B40148019001BD3D1E020040
:1077900003B40148019001BD751E020003B4014805
:1077A000019001BDC91D020003B40148019001BD53
:1077B0002178020003B40148019001BD8543020015
:1077C00003B40148019001BDB12D020003B401488A
:1077D000019001BD11F1020003B40148019001BD07
:1077E000C961020003B40148019001BDE9C0020073
:1077F00003B40148019001BDADC3010003B40148C9
:10780000019001BD43D7010003B40148019001BDBF
:1078100041F9020003B40148019001BD5D5201002D
:1078200003B40148019001BD5D58010003B4014853
:10783000019001BDD953010003B40148019001BD7D
:10784000E955010003B40148019001BD195A010036
:1078500003B40148019001BD91B2010003B4014895
:10786000019001BD4D11010003B40148019001BD1B
:107870003514010003B40148019001BDED7201000F
:1078800003B40148019001BDBD7201000FB410B5F1
:1078900003A9044B044A029800F008F810BC08BC85
:1078A00004B0184719480020107D0020FFB591B0A2
:1078B0000F460546002606E025280AD0149A13999B
:1078C00090476D1C761C28780028F5D1304615B0FD
:1078D000F0BD002400940121F34A029400E0044327
:1078E0006D1C2B780846203B98401042F7D1287831
:1078F0002A280ED0022128780246303A092A15D8C3
:10790000009A0A235A43303A80180C436D1C0090A9
:10791000F1E701CF0090002805DA0120400304437D
:10792000009840420090022004436D1C28782E28C5
:1079300015D10420044368786D1C2A280AD101CF90
:107940006D1C02900BE002990A2251433039401815
:107950006D1C02902878014630390929F3D928781E
:107960006C2810D006DC4C281AD068280ED06A2863
:1079700017D104E0742813D07A2812D110E0012026
:10798000400504430CE00121090501E0032109053C
:107990000C436978814203D10120000524186D1C35
:1079A0006D1C287803906E281ED00CDC632831D023
:1079B00004DC00288AD0582811D1B2E064287BD09A
:1079C00069280CD178E073282DD004DC6F2870D0A2
:1079D000702804D1A7E075286CD078286BD0149A51
:1079E00013999047761C62E06002400F022807D08E
:1079F00003280AD0042838680AD006603F1D56E0E4
:107A00003868F11706604160F8E738680680F5E7E6
:107A10000670F3E73878694608740020487404A8B3
:107A20000390012003E0386803900020C0433F1D0D
:107A300061070FD5002101E00199491C029A0191CB
:107A4000914213DA8142F7DB019A0399895C00299C
:107A5000F2D10BE0002101E00199491C0191814222
:107A6000FADB019A0399895C0029F5D10199009804
:107A7000139A401A00902146149B00F03BF901999B
:107A80008019461807E0039803990078491C039170
:107A9000149A139990470198401E0190401CF2D10E
:107AA0002146149B139A009800F014F986196D1C56
:107AB00009E741E033E034E00A2000210490059119
:107AC0006002410F022905D001CFC2179446032955
:107AD00005D007E0FF1DFF08FF0003CF06E000B25E
:107AE000C2179446042902D140B2C1178C46002225
:107AF0006146944506DA0A460021404291418C468F
:107B00002D2102E0210504D52B216A4611760121A1
:107B100003E0E10701D02021F7E7019154E00A20BA
:107B20000BE0102009E01020049000210420044301
:107B300008200591029003E008200021059104909F
:107B40006002410F022905D001CF0022944603298B
:107B500006D006E0FF1DFF08FF0003CF8C4603E0C0
:107B600080B2042900D1C0B20021019121072BD598
:107B70000399702906D0049A1021059B4A401A43A4
:107B800005D00EE040216A461176012108E06146E9
:107B9000014306D030216A461176039951760221BD
:107BA0000191049A0821059B4A401A430CD1614671
:107BB000014301D1610707D530216A4611760121C1
:107BC00001910299491E02910399582904D037A1C5
:107BD00003910FA90F910DE039A1F9E76146059BCB
:107BE000049AFBF77DFD039B8C469B5C0F9A521E0B
:107BF0000F92137061460143F0D10F9807A9081A3C
:107C000020300390600704D50120000484430298CB
:107C100001E0012002900399884201DD401A00E052
:107C2000002041180290019809180098401A00900D
:107C3000E00306D42146149B139A009800F05AF8EA
:107C400086190020049008E006A9085C149A13998C
:107C500090470498401C761C049001998842F3DBFD
:107C6000E0030CD52146149B139A009800F042F8CB
:107C7000861904E0149A302013999047761C0299D3
:107C8000481E02900029F5DC08E00F980F99007853
:107C9000491C0F91149A13999047761C0399481E1A
:107CA00003900029F1DCFBE6092801003031323372
:107CB0003435363738396162636465660000000028
:107CC0003031323334353637383941424344454612
:107CD00000000000F8B5044600251E46174688043B
:107CE00004D405E039462020B0476D1C641EF9D548
:107CF0002846F8BDFFB50446002581B01E46C803DE
:107D000001D5302700E02027880404D505E0384657
:107D10000399B0476D1C641EF9D5284605B0F0BD27
:107D200010B5044601E0FCF7D3FF2078641C03493A
:107D30000028F8D10A20FCF7CBFF10BD107D0020F1
:107D4000AB7A002000000000687D002034000000B5
:107D5000A07D002000060000D87A0020010000006D
:107D6000207D002044000000A083002000080000C7
:107D7000200000000000000000000000BE7A00208B
:107D8000000000006CE1002024000000F8B3002097
:107D900000040000E57A00200000000048E1002017
:107DA00024000000F8B7002040020000A000A0005E
:107DB000000200000000000000070055404D0303D2
:107DC000BA000000889400200001040038960020CA
:107DD0002800040058950020000102006897002048
:107DE00028000400F894002000010200A89600205A
:107DF00028000400A27A00200100000078A60020DC
:107E000044000000F8AB0020000800002000000043
:107E100000000000000000008F7A00200000000039
:107E2000C0A6002034000000F8A6002000050000D5
:107E3000EA7C00200100000090E1002044000000E6
:107E400018BB002000040000180000000000000023
:107E500000000000053B0020793C002000000000ED
:107E600049410020554100200D420020FE00657868
:107E7000706572696D656E74616C00004669726D43
:107E800077617265205265766973696F6E000000D4
:107E90004861726477617265205265766973696FB3
:107EA0006E0000004D616E75666163747572657277
:107EB000204E616D650000004D6F64656C204E754D
:107EC0006D6265720000000053657269616C204E3E
:107ED000756D626572000000536F6674776172653C
:107EE000205265766973696F6E005B486172644603
:107EF00061756C745F48616E646C65725D43757228
:107F000072656E74206D73703A2030782530385861
:107F10000A004F63637572656420696E2074617333
:107F20006B2E005573696E67207533324D73702E5A
:107F3000004F63637572656420696E20696E7465B5
:107F400072727570742E006C6C635F7461736B5F1A
:107F50006D73675F7175657565006C6C635F7461E7
:107F6000736B00626C65537461636B5F6D73675F05
:107F7000717565756500626C65537461636B5461FE
:107F8000736B5F4D656D506F6F6C5F6C6F6E6700EC
:107F9000626C65537461636B5461736B00626C65F2
:107FA000537461636B5461736B5F4D656D506F6F9C
:107FB0006C5F73686F7274005B4D53475F424C4552
:107FC0005F5048595F5550444154455F434F4D50B1
:107FD0004C4554455F494E445D2048616E646C6574
:107FE000203D20307825582C2054585F5048592087
:107FF0003D20307825582C2052585F504859203D5C
:1080000020307825580A005B4D53475F424C455F4E
:10801000454E435259505445445F4348414E4745AD
:10802000445F494E445D2048616E646C65203D208C
:10803000307825582C20456E6372797074696F6EA4
:108040005F456E61626C6564203D20307825580A7A
:10805000005B4D53475F424C455F454E435259507C
:108060005445445F524546524553485F494E445D2E
:108070002048616E646C65203D20307825580A00E8
:108080005B4D53475F424C455F4C4C5F56455253E6
:10809000494F4E5F494E445D204D616E7566616388
:1080A00074757265725F4E616D65203D2030782574
:1080B000582C2048616E646C65203D20307825582E
:1080C0002C2056657273696F6E203D2030782558DC
:1080D0000A005B4D53475F424C455F444953434F51
:1080E0004E4E45435445445F494E445D2048616EC1
:1080F000646C65203D20307825582C2072656173B2
:108100006F6E203D20307825580A005B4D53475F45
:10811000424C455F434F4E4E454354494F4E5F5589
:1081200050444154455F434F4D504C4554455F4981
:108130004E445D20436F6E6E5F496E74657276616A
:108140006C203D20307825582C20436F6E6E5F4C9C
:108150006174656E6379203D20307825582C20535A
:1081600075706572766973696F6E5F54696D656F5E
:1081700075203D20307825580A005B4D53475F42FB
:108180004C455F434F4E4E45435445445F494E4432
:108190005D48616E646C65203D2030782530345830
:1081A0000A006170705F6D61696E0000485433327F
:1081B0004636373578355F424C455F504552495019
:1081C000484552414C000000000000000100000042
:1081D000001001000000000070B584B040F6186681
:1081E000C2F202063178002000290390029067D085
:1081F00040F63860EFF31085C2F20200EFF3108111
:1082000072B6006810B1804700283ED03078811ED9
:1082100003293ED203A800F063FB01A9002000F06F
:1082200064FB0398012813D1019860B100F062FB50
:10823000044602A9012000F058FB40F6C510844214
:1082400032D3029880B301204FF4FA6100F057FB5B
:10825000019828B102A9012000F047FB029818B349
:108260004FF0A04000F000F94EF61050CEF20000A2
:10827000016841F0040101604FF0A04030BF00F000
:10828000FFF8012000F040FB0EE085F3108804B0F9
:1082900070BD012808D14EF61050CEF200000168E2
:1082A00021F00401016030BF40F63460C2F20200E8
:1082B000006818B13178022908BF804785F310881B
:1082C00004B070BD70B541F20001044640F4805026
:1082D000C5F2000188421CBF012070BD40F200754C
:1082E0000226C0F2010500BF300604BF002070BDA9
:1082F0002046FF212A46013E00F00BFB002818BF54
:1083000070BDF1E7B0B50C460546FFF7DBFF00286E
:1083100018BFB0BD2846214600F000FBB0BD00BF2D
:10832000B0B50C460546FFF7CDFF002818BFB0BD1D
:108330002846214600F0F7FAB0BD00BFB0B50C46A4
:108340000546FFF7BFFF002818BFB0BD28462146ED
:1083500000F0EEFAB0BD00BFB0B50C460546FFF721
:10836000B1FF002818BFB0BD2846214600F0E5FA4D
:10837000B0BD00BFB0B50C460546FFF7A3FF00280F
:1083800018BFB0BD2846214600F0DCFAB0BD00BFE2
:1083900010B50446FFF796FF002804BF204600F002
:1083A000D6FA10BDB0B50C460546FFF78BFF002886
:1083B00018BFB0BD2846214600F0CEFAB0BD00BFC0
:1083C0002DE9F04381B00D46044600F130406FF4D2
:1083D000805108424FF0010004D11DB12046FFF743
:1083E00071FF10B101B0BDE8F0834B2140F21F7264
:1083F000C0F280312046C0F20F0200F08AFA002855
:10840000F0D100274FF0100841F28739102600BF45
:10841000A068C00614D5B0B2216800230022042849
:1084200028BF0420DB00013221FA03F793B205F8DC
:10843000017B9842A6F10106F4DC0027C4F8108005
:1084400001374F450CD8012000F08BFA3004DFD102
:10845000204641F2883100F089FA01B0BDE8F0838E
:10846000032001B0BDE8F08310B50446FFF72AFFF2
:10847000002818BF10BD2046032100F07CFA10BD73
:1084800010B50446FFF71EFF002804BF204600F089
:1084900077FA10BDB0B582B0044641F200020D4635
:1084A00044F48051C5F2000200209142ADF806006C
:1084B00007D10DF106012046FFF724FF20B102B0DD
:1084C000B0BD012002B0B0BDBDF806004BF683710F
:1084D000084005F01F0140EA81000621ADF80600C2
:1084E00020464FF4E06200F014FA0028E7D1BDF80E
:1084F0000600012140F200726060C0F20051204687
:10850000C0F2010200F005FA0028D8D1204643F657
:10851000982100F02BFA02B0B0BD00BFF0B581B0D9
:108520001C4615460E460746FFF7CCFE08B101B0C3
:10853000F0BD384631462A46234600F026FA01B0FF
:10854000F0BD00BFB0B50C460546FFF7BBFE0028E6
:1085500018BFB0BD2846214600F01CFAB0BD00BFD0
:10856000F0B583B01C4615460E460746FFF7AAFE37
:1085700008B103B0F0BDDDE9080C31460090384683
:108580002A462346CDF804C000F009FA03B0F0BD36
:10859000F0B581B01C4615460E460746FFF792FE21
:1085A00008B101B0F0BDDDF818C0384631462A46A2
:1085B0002346CDF800C000F0F7F901B0F0BD00BFD0
:1085C0002DE9F0470C4641F20001054640F4805089
:1085D000C5F2000188424FF001063DD1EFF3108A49
:1085E000EFF3108072B640F6A000C0F6C84068668F
:1085F0002020C0F2C800E86505202866284603212F
:108600009846914600F0D5F90746284606214FF4D2
:10861000E06200F07EF9A96D032C41F00101A9652B
:10862000AE6684BF1020BDE8F08740EA070660B25E
:1086300013A151F8202016A151F8201009FA02F0D8
:1086400040F21772E8642846C0F2020200F061F9B5
:108650008AF31088064303D03046BDE8F08700BF98
:10866000286FC007FCD1A86D414620F00100A86525
:10867000284600F07BF906463046BDE8F08700BF8B
:10868000080000000C0000000F00000010000000B7
:10869000810000032000000352000003D800000303
:1086A0002DE9F04F81B0164641F20002824640F4B7
:1086B0008050C5F20002904242D1002E4FF0010BD3
:1086C0001CBF1D46002B3DD055FA81F08846B0F501
:1086D000807F4FF0010B35D8EFF310800090EFF35F
:1086E000108072B60A9F40F6A000C0F6C840CAF8D3
:1086F000640040F24010C0F2C800CAF85C000520D7
:10870000CAF86000504606214FF4E06200F001F91B
:10871000DAF85810814641F00100032FCAF85800DA
:10872000CAF868B012D0022F1AD01FBB40F21770DF
:10873000CFF6FF70022100EB0542C0F240311BE092
:108740004FF0010B584601B0BDE8F08F40F21770B2
:10875000CFF6FF7000EB05423221C0F243310BE04F
:1087600040F21770CFF6FF70A22100EB0542C0F275
:10877000423101E000210022042DAC4628BF4FF019
:10878000040CBCF1010F0FDB00240020002700BF08
:1087900016F8013BE4000137A340BCB21843A445DE
:1087A000A5F10105F4DC00E00020CAF84C80CAF80D
:1087B0000400504600F0ADF8290440EA090B2BD024
:1087C00000274FF0020841F2873900BFCAF8108035
:1087D000DAF80800800714D4A8B200230021002290
:1087E000042828BF042000BF16F8014BDB0001322B
:1087F0009C4093B221439842A5F10105F4DCCAF8EC
:1088000004104F4506D00120013700F0AAF82804D3
:10881000DCD101E04BF0030B009880F31088BBF132
:10882000000F8FD10B9D00BFDAF87000C007FBD19D
:10883000DAF8580020F00100CAF85800DAF8A4006D
:10884000C0070AD041F28834013C0CD0012000F06E
:1088500088F8DAF8A400C007F6D15046294600F09F
:1088600085F883466EE74FF0030B6BE72DE9F04F79
:1088700083B04FF0010A52B19CB244B10C9D0E4638
:1088800029469046074600F094F8824618B15046B3
:1088900003B0BDE8F08F04B3029700BFF0B2C0F59B
:1088A000807B5C4538BFA3461FFA8BF7A94600952D
:1088B00002980D9D314642463B460195FFF7F0FE7A
:1088C000BAF1000FE3D116FA8BF618FA8BF8E41B15
:1088D0004D46E3D14FF0000AD9E74FF0000AD6E742
:1088E00047F6692CC0F2000C60474CF23D3CC0F2E8
:1088F000000C60474BF6E17CC1F2010C604745F685
:10890000295CC0F2000C604747F21D3CC0F2000C2D
:10891000604748F6456CC0F2000C604748F6813C61
:10892000C0F2000C604749F2992CC0F2000C60477D
:1089300048F6754CC0F2000C604748F60D5CC0F27A
:10894000000C604748F6F57CC0F2000C604748F622
:108950003D1CC0F2000C604748F6751CC0F2000CCC
:10896000604744F2817CC0F2000C604749F2990CE8
:10897000C0F2000C604748F6790CC0F2000C60476A
:1089800048F6A55CC0F2000C604748F6A10CC0F2A6
:10899000000C604748F6010CC0F2000C604749F239
:1089A000D90CC0F2000C604748F69D2CC0F2000CB8
:1089B000604748F6C15CC0F2000C60470000000050
:1089C00000000000000000000000000000000000A7
:04000005100021B511
:00000001FF
