:020000041000EA
:100000004B2A110200000000A4030000EEC3A6E981
:100010007EEEE78880B500F087F90020002100F02F
:100020000DF8292000F00FF8202000F011F800F062
:1000300033F900F013F800F025F980BD4CF2B93C1B
:10004000C0F2000C604747F67D1CC0F2000C604710
:1000500047F6D12CC0F2000C6047000080B54FF08D
:10006000A040012100F075F900060BD1032000F03B
:1000700075F9000606D1012000F075F9000604BFED
:10008000002080BD00F074F94FF47A7000F075F92B
:10009000012080BD2DE9F04381B019B343F2B83897
:1000A0000F4606464FF0FF344FF00009C2F2000839
:1000B0003D46B7F5807F28BF4FF480754FF0A040D4
:1000C000314642462B46CDF8009000F05BF960B90E
:1000D00040462946224600F05AF904467F1B2E442A
:1000E000E6D103E04FF0FF3400E00124204601B0E8
:1000F000BDE8F08310B582B004464FF0000C4FF01D
:10010000A0404FF4805122462023CDF800C000F0DB
:1001100039F9000622D120461C214FF0FF3200F0B1
:1001200036F9E169814219D1E078112816D1A07819
:10013000022813D1E168B1F5002F0FD8606846F2AC
:100140007872C4F26A72904208D1A068FFF7A2FFE9
:100150002169401A18BF012002B010BD012002B071
:1001600010BD00002DE9F0410C4605460E184FF079
:100170000008B4F5803F07D3A8B228B94FF4803700
:100180000321102021E000BFB4F5004F08D328461A
:100190006FF3DF3020B94FF4004702210F2014E045
:1001A00029466FF31F31200BB1FA81F1B8EB143FF0
:1001B00018BF0120490901404FF008004FF4807733
:1001C00018BF0C2018BF4FF4805725FA00F082B2F8
:1001D0004FF0A04047F2305300F0DEF800060BD19C
:1001E0003D44B542A4EB070424BF0020BDE8F081E4
:1001F000B4F5803FC0D2C7E700F0BAF84FF47A7088
:1002000000F0BBF80120BDE8F08100002DE9F047C7
:1002100082B04FF000098AB343F2B83814460E4654
:100220000746C2F2000840F6B83A00BF2546B4F5CA
:10023000807F28BF4FF480754FF0A040394642467A
:100240002B46CDF8009000F09DF890B94FF0A040FB
:10025000314642462B46CDF80090CDF804A000F080
:10026000A0F848B92F44641B2E44DFD14FF0000999
:1002700004E04FF0010901E04FF00109484602B0E7
:10028000BDE8F08780B542F20400C1F200000068CA
:1002900000F08CF880BD0000B0B588B06846FFF76C
:1002A00029FF08B101243CE0DDE90501FFF75AFF11
:1002B00038B100F05DF84FF47A7000F05EF8012478
:1002C0002FE0DDE902020599FFF7A0FF38B100F049
:1002D0004FF84FF47A7000F050F8012421E00399B0
:1002E0000598FFF7D7FE0499884213D14FF0A0403C
:1002F0000021102247F23053002400F04DF805464B
:1003000000F036F828060CD04FF47A7000F035F87B
:10031000012406E000F02CF84FF47A7000F02DF87C
:100320000124204608B0B0BDEC20C6F205000168EB
:100330007F2221F002010160016821F004010160C7
:100340006FF0030143180431342943F8D82CF9D154
:10035000704748F6F57CC0F2000C604747F2613CFC
:10036000C0F2000C604747F21D3CC0F2000C604731
:1003700047F6717CC0F2000C604744F2717CC0F219
:10038000000C604748F69D2CC0F2000C604744F218
:10039000C17CC0F2000C604748F6A10CC0F2000C12
:1003A000604749F2D90CC0F2000C604744F62D0CAE
:1003B000C0F2000C604700000000000000000000D8
:1003C000000000000000000000000000000000002D
:1003D000000000000000000000000000000000001D
:1003E000000000000000000000000000000000000D
:1003F00000000000000000000000000000000000FD
:1004000000000000000000000000000000000000EC
:1004100000000000000000000000000000000000DC
:1004200000000000000000000000000000000000CC
:1004300000000000000000000000000000000000BC
:1004400000000000000000000000000000000000AC
:10045000000000000000000000000000000000009C
:10046000000000000000000000000000000000008C
:10047000000000000000000000000000000000007C
:10048000000000000000000000000000000000006C
:10049000000000000000000000000000000000005C
:1004A000000000000000000000000000000000004C
:1004B000000000000000000000000000000000003C
:1004C000000000000000000000000000000000002C
:1004D000000000000000000000000000000000001C
:1004E000000000000000000000000000000000000C
:1004F00000000000000000000000000000000000FC
:1005000000000000000000000000000000000000EB
:1005100000000000000000000000000000000000DB
:1005200000000000000000000000000000000000CB
:1005300000000000000000000000000000000000BB
:1005400000000000000000000000000000000000AB
:10055000000000000000000000000000000000009B
:10056000000000000000000000000000000000008B
:10057000000000000000000000000000000000007B
:10058000000000000000000000000000000000006B
:10059000000000000000000000000000000000005B
:1005A000000000000000000000000000000000004B
:1005B000000000000000000000000000000000003B
:1005C000000000000000000000000000000000002B
:1005D000000000000000000000000000000000001B
:1005E000000000000000000000000000000000000B
:1005F00000000000000000000000000000000000FB
:1006000000000000000000000000000000000000EA
:1006100000000000000000000000000000000000DA
:1006200000000000000000000000000000000000CA
:1006300000000000000000000000000000000000BA
:1006400000000000000000000000000000000000AA
:10065000000000000000000000000000000000009A
:10066000000000000000000000000000000000008A
:10067000000000000000000000000000000000007A
:10068000000000000000000000000000000000006A
:10069000000000000000000000000000000000005A
:1006A000000000000000000000000000000000004A
:1006B000000000000000000000000000000000003A
:1006C000000000000000000000000000000000002A
:1006D000000000000000000000000000000000001A
:1006E000000000000000000000000000000000000A
:1006F00000000000000000000000000000000000FA
:1007000000000000000000000000000000000000E9
:1007100000000000000000000000000000000000D9
:1007200000000000000000000000000000000000C9
:1007300000000000000000000000000000000000B9
:1007400000000000000000000000000000000000A9
:100750000000000000000000000000000000000099
:100760000000000000000000000000000000000089
:100770000000000000000000000000000000000079
:100780000000000000000000000000000000000069
:100790000000000000000000000000000000000059
:1007A0000000000000000000000000000000000049
:1007B0000000000000000000000000000000000039
:1007C0000000000000000000000000000000000029
:1007D0000000000000000000000000000000000019
:1007E0000000000000000000000000000000000009
:1007F00000000000000000000000000000000000F9
:1008000000000000000000000000000000000000E8
:1008100000000000000000000000000000000000D8
:1008200000000000000000000000000000000000C8
:1008300000000000000000000000000000000000B8
:1008400000000000000000000000000000000000A8
:100850000000000000000000000000000000000098
:100860000000000000000000000000000000000088
:100870000000000000000000000000000000000078
:100880000000000000000000000000000000000068
:100890000000000000000000000000000000000058
:1008A0000000000000000000000000000000000048
:1008B0000000000000000000000000000000000038
:1008C0000000000000000000000000000000000028
:1008D0000000000000000000000000000000000018
:1008E0000000000000000000000000000000000008
:1008F00000000000000000000000000000000000F8
:1009000000000000000000000000000000000000E7
:1009100000000000000000000000000000000000D7
:1009200000000000000000000000000000000000C7
:1009300000000000000000000000000000000000B7
:1009400000000000000000000000000000000000A7
:100950000000000000000000000000000000000097
:100960000000000000000000000000000000000087
:100970000000000000000000000000000000000077
:100980000000000000000000000000000000000067
:100990000000000000000000000000000000000057
:1009A0000000000000000000000000000000000047
:1009B0000000000000000000000000000000000037
:1009C0000000000000000000000000000000000027
:1009D0000000000000000000000000000000000017
:1009E0000000000000000000000000000000000007
:1009F00000000000000000000000000000000000F7
:100A000000000000000000000000000000000000E6
:100A100000000000000000000000000000000000D6
:100A200000000000000000000000000000000000C6
:100A300000000000000000000000000000000000B6
:100A400000000000000000000000000000000000A6
:100A50000000000000000000000000000000000096
:100A60000000000000000000000000000000000086
:100A70000000000000000000000000000000000076
:100A80000000000000000000000000000000000066
:100A90000000000000000000000000000000000056
:100AA0000000000000000000000000000000000046
:100AB0000000000000000000000000000000000036
:100AC0000000000000000000000000000000000026
:100AD0000000000000000000000000000000000016
:100AE0000000000000000000000000000000000006
:100AF00000000000000000000000000000000000F6
:100B000000000000000000000000000000000000E5
:100B100000000000000000000000000000000000D5
:100B200000000000000000000000000000000000C5
:100B300000000000000000000000000000000000B5
:100B400000000000000000000000000000000000A5
:100B50000000000000000000000000000000000095
:100B60000000000000000000000000000000000085
:100B70000000000000000000000000000000000075
:100B80000000000000000000000000000000000065
:100B90000000000000000000000000000000000055
:100BA0000000000000000000000000000000000045
:100BB0000000000000000000000000000000000035
:100BC0000000000000000000000000000000000025
:100BD0000000000000000000000000000000000015
:100BE0000000000000000000000000000000000005
:100BF00000000000000000000000000000000000F5
:100C000000000000000000000000000000000000E4
:100C100000000000000000000000000000000000D4
:100C200000000000000000000000000000000000C4
:100C300000000000000000000000000000000000B4
:100C400000000000000000000000000000000000A4
:100C50000000000000000000000000000000000094
:100C60000000000000000000000000000000000084
:100C70000000000000000000000000000000000074
:100C80000000000000000000000000000000000064
:100C90000000000000000000000000000000000054
:100CA0000000000000000000000000000000000044
:100CB0000000000000000000000000000000000034
:100CC0000000000000000000000000000000000024
:100CD0000000000000000000000000000000000014
:100CE0000000000000000000000000000000000004
:100CF00000000000000000000000000000000000F4
:100D000000000000000000000000000000000000E3
:100D100000000000000000000000000000000000D3
:100D200000000000000000000000000000000000C3
:100D300000000000000000000000000000000000B3
:100D400000000000000000000000000000000000A3
:100D50000000000000000000000000000000000093
:100D60000000000000000000000000000000000083
:100D70000000000000000000000000000000000073
:100D80000000000000000000000000000000000063
:100D90000000000000000000000000000000000053
:100DA0000000000000000000000000000000000043
:100DB0000000000000000000000000000000000033
:100DC0000000000000000000000000000000000023
:100DD0000000000000000000000000000000000013
:100DE0000000000000000000000000000000000003
:100DF00000000000000000000000000000000000F3
:100E000000000000000000000000000000000000E2
:100E100000000000000000000000000000000000D2
:100E200000000000000000000000000000000000C2
:100E300000000000000000000000000000000000B2
:100E400000000000000000000000000000000000A2
:100E50000000000000000000000000000000000092
:100E60000000000000000000000000000000000082
:100E70000000000000000000000000000000000072
:100E80000000000000000000000000000000000062
:100E90000000000000000000000000000000000052
:100EA0000000000000000000000000000000000042
:100EB0000000000000000000000000000000000032
:100EC0000000000000000000000000000000000022
:100ED0000000000000000000000000000000000012
:100EE0000000000000000000000000000000000002
:100EF00000000000000000000000000000000000F2
:100F000000000000000000000000000000000000E1
:100F100000000000000000000000000000000000D1
:100F200000000000000000000000000000000000C1
:100F300000000000000000000000000000000000B1
:100F400000000000000000000000000000000000A1
:100F50000000000000000000000000000000000091
:100F60000000000000000000000000000000000081
:100F70000000000000000000000000000000000071
:100F80000000000000000000000000000000000061
:100F90000000000000000000000000000000000051
:100FA0000000000000000000000000000000000041
:100FB0000000000000000000000000000000000031
:100FC0000000000000000000000000000000000021
:100FD0000000000000000000000000000000000011
:100FE0000000000000000000000000000000000001
:100FF00000000000000000000000000000000000F1
:020000041000EA
:101000004B2A040002111100000000000000000043
:020000041000EA
:102000000010032055210010692100107B210010D1
:102010008D2100108F210010912100100000000080
:10202000000000000000000000000000D1020000DD
:1020300095210010000000007503000081030000DE
:102040009B2100109D2100109F210010A121001054
:10205000A3210010A5210010A7210010A921001024
:10206000AB210010AD210010AF210010B1210010F4
:10207000B3210010B5210010B7210010B9210010C4
:10208000BB210010BD210010BF210010C121001094
:10209000C3210010C5210010C7210010C921001064
:1020A000CB210010CD210010CF210010D121001034
:1020B000D3210010D5210010D7210010D921001004
:1020C000DB210010DD210010DF210010E1210010D4
:1020D000E3210010E5210010E7210010E9210010A4
:1020E000EB210010ED210010EF210010F121001074
:1020F000F3210010F5210010F7210010F921001044
:10210000FB210010FD210010FF2100100122001012
:1021100003220010052200100722001009220010DF
:102120000B2200100D2200100F22001000000000F2
:10213000000000000000000000000000000000009F
:10214000DFF80CD000F070F800480047C12A0010FA
:10215000001003202E4880F308882E4880F30A8858
:102160002D4880472D4800475FEA0E00EFF30881B5
:10217000EFF309822A4B9847FEE75FEA0E00EFF380
:102180000881EFF30982274B9847FEE7FEE7FEE759
:10219000FEE7FEE7FEE7FEE7FEE7FEE7FEE7FEE717
:1021A000FEE7FEE7FEE7FEE7FEE7FEE7FEE7FEE707
:1021B000FEE7FEE7FEE7FEE7FEE7FEE7FEE7FEE7F7
:1021C000FEE7FEE7FEE7FEE7FEE7FEE7FEE7FEE7E7
:1021D000FEE7FEE7FEE7FEE7FEE7FEE7FEE7FEE7D7
:1021E000FEE7FEE7FEE7FEE7FEE7FEE7FEE7FEE7C7
:1021F000FEE7FEE7FEE7FEE7FEE7FEE7FEE7FEE7B7
:10220000FEE7FEE7FEE7FEE7FEE7FEE7FEE7FEE7A6
:1022100000100320000003204D2200104121001077
:10222000C526001095230010064C074D06E0E06817
:1022300040F0010394E8070098471034AC42F6D30D
:10224000FFF782FFB4220010F422001042F20002D5
:1022500041F200010020C1F20002C2F2020100BFFF
:1022600052F8203041F8203001304B28F8D14EF69A
:102270001450CEF2000040F80C1C416F41F4700184
:102280004167016841F010010160016841F480710B
:102290000160704702E008C8121F08C1002AFAD185
:1022A00070477047002001E001C1121F002AFBD1D6
:1022B00070470000203900100030002000010100AC
:1022C00094220010203A011000120220040800009D
:1022D000942200102442011000900220040000000B
:1022E00094220010284201100490022024000000D3
:1022F000A42200102DE9F05F0546002092469B467F
:1023000088460646814640241BE02846414647460B
:10231000224600F02FF853465A46C01A914110D376
:1023200011461846224600F016F82D1A67EB0108F0
:102330004F4622460120002100F00DF817EB00095E
:102340004E41201EA4F10104DFDC484631462A46F6
:102350004346BDE8F09F202A04DB203A00FA02F150
:10236000002070479140C2F1200320FA03F3194383
:1023700090407047202A04DB203A21FA02F0002125
:10238000704721FA02F3D040C2F120029140084385
:102390001946704782B04EF6285715460C46064639
:1023A000CEF2000700F050FA43F2A440EFF30881A8
:1023B000C1F2000000F086FD300743F6E90043F665
:1023C0000811C1F20000C1F2000158BF084600F038
:1023D000C1FF16F0040043F6FA0192A0C1F2000119
:1023E0000CBF08462C4600F0B5FF92A000F0B2FFEB
:1023F000216894A000F066FD616896A000F062FD7F
:10240000A16898A000F05EFDE1689AA000F05AFD76
:1024100021699CA000F056FD61699EA000F052FD6C
:10242000A169A0A000F04EFDE169A2A000F04AFD64
:10243000A06901907868800705D543F6BD00C1F218
:10244000000000F087FF7868B0F1FF3F05DC43F63D
:10245000D600C1F2000000F07DFF7868400040F136
:10246000DC8043F6A900C1F2000000F073FF386879
:1024700000063ED043F68B00C1F2000000F06AFF78
:102480003868C00706D0019943F22240C1F200002B
:1024900000F018FD3868800710D5019943F2AF307D
:1024A000C1F2000000F00EFD3868000606D5F9689C
:1024B00043F29740C1F2000000F004FD38680007C5
:1024C00005D543F24D70C1F2000000F043FF3868BB
:1024D000C00605D543F2A270C1F2000000F03AFF39
:1024E0003868800605D543F2AE60C1F2000000F006
:1024F00031FF386810F47F4F46D043F6CB00C1F26D
:10250000000000F027FF3868C00505D543F2D85019
:10251000C1F2000000F01EFF3868800510D5019957
:1025200043F27830C1F2000000F0CCFC38680004BF
:1025300006D5396943F29740C1F2000000F0C2FCB1
:102540003868400505D543F26E50C1F2000000F036
:1025500001FF3868000505D543F2F570C1F20000AF
:1025600000F0F8FE3868C00405D543F64100C1F21A
:10257000000000F0EFFE3868800405D543F20170DA
:10258000C1F2000000F0E6FE3868B0F5803F44D3A9
:1025900043F69C00C1F2000000F0DCFE3868C00386
:1025A00005D543F2FA40C1F2000000F0D3FE3868CE
:1025B000800305D543F27160C1F2000000F0CAFE4D
:1025C0003868400305D543F2CC40C1F2000000F06A
:1025D000C1FE3868000305D543F20560C1F2000072
:1025E00000F0B8FE3868C00205D543F24560C1F27C
:1025F000000000F0AFFE3868C00105D543F2A550D9
:10260000C1F2000000F0A6FE3868800105D543F253
:102610003350C1F2000000F09DFE00F0E7F800BF6B
:10262000FEE700BF5573696E6720753332507370D3
:102630002E000000537461636B206672616D653A11
:1026400000000000523020203A20307825303858E1
:102650000A000000523120203A20307825303858C6
:102660000A000000523220203A20307825303858B5
:102670000A000000523320203A20307825303858A4
:102680000A000000523132203A2030782530385884
:102690000A0000004C5220203A203078253038586B
:1026A0000A000000504320203A2030782530385866
:1026B0000A000000785053523A20307825303858BC
:1026C0000A00000014460D46064600F0BDF805A0BD
:1026D00031462A46234600F0F5FB00F087F800BF9C
:1026E000FEE700BF4E4D495F48616E646C65723A0B
:1026F00020253038582C20253038582C20253038CB
:10270000580A0000B0B549F20C0449F21805C2F2AB
:102710000204C2F2020520682968002200F022FBB0
:1027200020682968002200F022FB49F21000C2F262
:102730000200016840F20042C6F200022D209142E0
:1027400008BF2C20B1F1C04F08BF2B20BDE8B0401E
:1027500000F012BB10B5DDF808C0B2F1C04F0BD0CD
:1027600040F6000EC6F2000E724505D040F2004E53
:10277000C6F2000E724536D14BF2800440F0800E56
:10278000C6F20404A6452ED149F20804C2F202049E
:10279000BCF1000FC4F800C00DD049F2160C49F28C
:1027A0001404C2F2020C4FF0000EC2F20204ACF8A4
:1027B00000E0A4F800E049F21004C2F20204226032
:1027C00049F20C02C2F20202106049F21800C2F291
:1027D0000200016049F21C00C2F202000360BDE881
:1027E000104000F031B8102010BD0000F0B581B0ED
:1027F00049F20804C2F20204206818B349F216052F
:1028000049F21406C2F20205C2F202062888318893
:10281000884217D049F21007C2F20207216882B23B
:1028200009683868895C00F0ACFA288821680130B2
:1028300082B289888A4228BF002081B232882880EB
:102840009142EBD101B0F0BDF0B583B049F2100573
:10285000C2F202052868B0F1C04F0AD040F2004130
:10286000C6F20001884219BF0C242D2008242C2018
:1028700001E004242B2000F089FA49F20C0649F209
:102880001807C2F20206C2F202073068396822460F
:1028900000F081FA08B103B0F0BD30683968022257
:1028A00000F065FA0028F6D149F21C00C2F20200DD
:1028B000006843F221010190C0F2011128680291E1
:1028C00001A900F06DFA03B0F0BD000040F2E8008D
:1028D00042F64941C2F20000C1F20001016040F23B
:1028E000EC0042F6E141C2F20000C1F200010160D9
:1028F0007047000010B582B049F20801C2F202012F
:102900000968044671B149F21402C2F20202086871
:102910001388C454581C83B289888B4228BF002076
:1029200010800BE049F21000C2F2020000680DF1C5
:10293000070101228DF8074000F037FA204602B067
:1029400010BD000080B5FFF77FFF4120BDE880404B
:1029500000F0FABC80B5FFF7D5FE012080BD000075
:1029600070B582B0044649F20400C2F2020004705D
:1029700049F22400C2F20200016049F22000C2F2D2
:10298000020002600DF1070102200122012600F081
:1029900011FA9DF80700C0F3411003280FD0022858
:1029A00079D14BF20005C6F2040528464FF4504198
:1029B000012200F0DCF928464FF4483168E00DF1BF
:1029C00001013A20062200F0F5F99DF801104BF2C2
:1029D0000000C6F2040000F18005202901F01F016B
:1029E000284606FA01F13CBF4BF20000C6F2040093
:1029F000012200F0BCF99DF80210284620293CBFB6
:102A00004BF20000C6F2040001F01F0106FA01F1CA
:102A1000022200F0ACF99DF80310284620293CBFA3
:102A20004BF20000C6F2040001F01F0106FA01F1AA
:102A3000012200F09CF99DF80410284620293CBF93
:102A40004BF20000C6F2040001F01F0106FA01F18A
:102A5000012200F08CF99DF80510284620293CBF82
:102A60004BF20000C6F2040001F01F0106FA01F16A
:102A7000022200F07CF99DF8060020283CBF4BF2B2
:102A80000005C6F2040500F01F0006FA00F1284612
:102A9000022200F06CF9042C09D8201FB0FA80F053
:102AA00040094000032C08BF012000F088F90120F4
:102AB00003210B22092300F087F902B070BD00004A
:102AC00082B04BF20004C6F2040404F5405000F05A
:102AD00080F9642000F082F900F085F90F2000F001
:102AE00087F9022000F089F9012000F08BF9052018
:102AF00000F08DF900F090F9012000F092F9002526
:102B00000DF107010F2001228DF8075000F052F956
:102B10009DF80700002804BF562000F087F90DF14A
:102B200007011020012200F045F99DF80700002858
:102B300008BFA92000F07FF9012000F081F90520ED
:102B40000321B42200F081F901204FF4FA6100F072
:102B500081F9062000F01AF9072000F017F9032088
:102B6000032103224A2300F07AF901204FF4FA717D
:102B700000F07AF901200021002200F07AF92046C5
:102B80004FF000714FF0C0424FF461230095FFF702
:102B9000E1FD1AA026A129A200F094F9FFF796FE04
:102BA000C42000F081F842F6551142F64512C1F2F8
:102BB00000010220C1F20002FFF7D2FE202000F047
:102BC0005DF94FF480304FF4806100F05CF988B912
:102BD00043F20400C2F200000168002000F058F93E
:102BE000292000F0D3F82A2000F0D0F8202000F0AF
:102BF00054F900BF00F056F9FCE700BF5B257320D5
:102C0000542025735D626C6520706572697068651B
:102C100072616C2070726F6A656374286D70292010
:102C2000737461727420746F20776F726B2E0A0058
:102C30004D617920313520323032350031333A342C
:102C4000343A3134000000000C460546FFF7FCFD25
:102C500007A000F07FFB0AA0294600F033F90DA081
:102C6000214600F02FF9FFF7C1FD00BFFEE700BFCE
:102C70006F7320657272206F63637572730000005A
:102C8000636F646520202020203A2030782530387A
:102C9000580A00006F626A6563745F69643A2030A5
:102CA00078253038580A0000B0F5807F84BF1020A6
:102CB000704710B581090122830618BF02EB9011FD
:102CC0004FF0FF308840C4434FF6FF70C0F20F0052
:102CD00000F0EDF8204600F0EFF8002010BD0000F5
:102CE0001C4615460E460746FFF7AEFD08A000F04D
:102CF00031FB0CA03946324600F0E4F811A0294619
:102D0000224600F0DFF8FFF771FD00BFFEE700BFCD
:102D100073797374656D206572726F72206F63636F
:102D2000757273007531364572724D6F64756C65DE
:102D30003A2575207531364572724C696E653A25B3
:102D4000750A0000753332457272496E666F313A0A
:102D5000257520753332457272496E666F323A2599
:102D6000750A000049F2F16CC0F2000C604749F6A8
:102D70009D0CC0F2000C604747F6F10CC0F2000C4D
:102D800060474DF67D7CC0F2000C604747F67D1C25
:102D9000C0F2000C604749F6210CC0F2000C6047FD
:102DA0004DF6656CC0F2000C60474EF2CD1CC0F2CF
:102DB000000C604748F20D7CC0F2000C60474AF6F8
:102DC000256CC0F2000C60474AF68D6CC0F2000C16
:102DD00060474FF6310CC0F2000C604744F2717C42
:102DE000C0F2000C60474AF66D0CC0F2000C604760
:102DF0004AF6E93CC0F2000C60474AF6A95CC0F212
:102E0000000C60474AF6354CC0F2000C60474AF6A9
:102E1000194CC0F2000C60474AF6B12CC0F2000C0D
:102E2000604745F6214CC0F2000C60474AF6596CE9
:102E3000C0F2000C60474AF6696CC0F2000C6047B3
:102E40004AF6B13CC0F2000C604745F6651CC0F282
:102E5000000C604745F6295CC0F2000C604745F65F
:102E6000951CC0F2000C604745F6794CC0F2000C8E
:102E700060474CF2113CC0F2000C604747F6852CCD
:102E8000C0F2000C60474CF2791CC0F2000C6047A5
:102E90004CF2B93CC0F2000C604747F6D12CC0F2AE
:102EA000000C604741F2012CC2F2020C60474AF666
:102EB000510CC0F2000C60474AF6796CC0F2000C6D
:102EC000604700000FB4054B10B503A9044A0298EF
:102ED00000F008F810BC5DF814FB0000F5280010A5
:102EE000009002202DE9FF4F8DB00F4605460026C9
:102EF00006E025280BD0DDE90F1290476D1C761CEB
:102F000028780028F5D111B03046BDE8F08F0024B4
:102F1000A246A1460122EC4900E0044315F8013F16
:102F2000203B02FA03F00842F7D128782A2810D073
:102F30006FF02F022878A0F13001092914D80AEB8C
:102F40008A0102EB410144F0020400EB010A6D1C0E
:102F5000F0E701CF5FEA000A03D544F40054CAF158
:102F6000000A44F002046D1C28782E2817D115F8A9
:102F7000010F44F004042A280ED06FF02F022878A5
:102F8000A0F1300109290AD809EB890102EB4101BE
:102F900000EB01096D1CF2E757F8049B6D1C2878C3
:102FA0006C280FD006DC4C2817D068280DD06A2872
:102FB00014D104E0742810D07A280FD10DE044F425
:102FC00000140AE044F4801401E044F440146978E9
:102FD000814202D104F580146D1C6D1C2A786E2A82
:102FE0001FD00CDC632A31D004DC002A8BD0582A95
:102FF00011D1A3E0642A68D0692A0CD165E0732A54
:103000002ED004DC6F2A73D0702A04D19BE0752A7D
:103010006FD0782A6ED01046DDE90F129047761CEB
:1030200050E1C4F30250022806D0032809D0042836
:1030300001CF09D0066045E101CFF117C0E9006179
:1030400040E101CF06803DE106703BE117F8040B3B
:103050008DF8000000208DF80100EB46012003E010
:1030600057F804BB4FF0FF3061074FF0000102D466
:103070000DE008F10101884649450FDA8045F8DB8B
:103080001BF808100029F4D108E008F10101884676
:103090008142FADB1BF808100029F6D1DDE90F2385
:1030A000AAEB08008146214600F036F9304400EBD7
:1030B000080604E0DDE90F121BF8010B9047B8F198
:1030C0000108F7D221464846F7E00A21C4F302532B
:1030D0004FF0000B0891022B04D001CFC117032B36
:1030E00009D00AE0FF1D27F00707F7E8020108E012
:1030F00032E01FE020E000B2C117042B01D140B242
:10310000C117031E71F1000307DA4FF0000CD0EB7A
:103110000C006CEB01012D2302E0230504D52B23C9
:103120008DF82430012303E0E30701D02023F7E7E3
:10313000984658E00A2110E010210EE010204FF0D0
:10314000000B08900CE010214FF0000B44F0040439
:103150004FF00809089103E008214FF0000B089197
:10316000C4F30253022B04D001CF0021032B06D05D
:1031700006E0FF1D27F00707F7E8020103E080B231
:10318000042B00D1C0B24FF0000823072BD5702AC2
:1031900007D0DDF820C08CF0100C5CEA0B0C05D0D9
:1031A0000EE040238DF82430012308E050EA0103AB
:1031B00006D030238DF824308DF825200223984640
:1031C000DDF820C08CF0080C5CEA0B0C0BD150EA47
:1031D000010301D1630706D530238DF824304FF069
:1031E0000108A9F10109582A04D038A20B9208AAB3
:1031F0000A920BE03AA2F9E75B46089AFFF77AF8E1
:103200000B9B9B5C0A9A521E0A92137050EA0102B1
:10321000F2D10A98ADEB000000F1200B600702D557
:1032200024F4803401E04FF00109D94502DDA9EB17
:103230000B0000E0002000EB0B0141440890AAEBDA
:10324000010AE00306D4DDE90F232146504600F0D1
:1032500063F806444FF0000908E009A911F80900D5
:10326000DDE90F12904709F10109761CC145F4DB35
:10327000E0030CD5DDE90F232146504600F04CF861
:10328000064404E0DDE90F1230209047761C0899CF
:10329000481E08900029F5DC08E00A980A99007891
:1032A000491C0A91DDE90F129047761CBBF1000121
:1032B000ABF1010BF1DC21465046DDE90F2300F0B4
:1032C00019F806446D1C1BE6092801003031323321
:1032D0003435363738396162636465660000000052
:1032E000303132333435363738394142434445463C
:1032F000000000002DE9F041044600251E46174657
:10330000880404D405E039462020B0476D1C641EB3
:10331000F9D52846BDE8F0812DE9F04104460025A5
:103320001E469046C80301D5302700E020278804B8
:1033300004D505E041463846B0476D1C641EF9D5FA
:103340002846BDE8F08100000149FFF7D3BA00002C
:103350000090022010B5044601E0FFF7CBFA14F804
:10336000010B04490028F8D1BDE810400A20FFF7FE
:10337000C1BA0000009002205B50524543495345BA
:1033800052525D20646174612062757320657272AF
:103390006F7220686173206F636375727265642C4D
:1033A000205043203A203078253038780D0A005BD1
:1033B0004441434356494F4C5D2054686520707228
:1033C0006F636573736F7220617474656D7074657B
:1033D000642061206C6F6164206F722073746F725F
:1033E000652061742061206C6F636174696F6E2069
:1033F0007468617420646F6573206E6F74207065EB
:10340000726D697420746865206F7065726174698B
:103410006F6E2C205043203A203078253038780DBC
:103420000A005B4941434356494F4C5D546865204F
:1034300070726F636573736F7220617474656D7001
:1034400074656420616E20696E737472756374694B
:103450006F6E2066657463682066726F6D206120F0
:103460006C6F636174696F6E207468617420646F3F
:103470006573206E6F74207065726D697420657855
:1034800065637574696F6E2C205043203A20307844
:10349000253038780D0A004154203A3078253038EC
:1034A000780D0A005B486172644661756C745F4810
:1034B000616E646C65725D43757272656E74206DC9
:1034C00073703A203078253038580A005B494E56E0
:1034D00050435D616E20696E74656772697479200E
:1034E000636865636B206572726F72206861732018
:1034F0006F636375727265640D005B554E4445469B
:10350000494E5354525D616E20756E646566696EF6
:10351000656420696E737472756374696F6E20657B
:1035200072726F7220686173206F63637572726567
:10353000640D005B44495642595A45524F5D616ED5
:1035400020696E7465676572206469766973696F56
:103550006E206279207A65726F206572726F7220B8
:10356000686173206F636375727265640D005B49F7
:103570004D5052454349534552525D496D707265F5
:10358000636973652064617461206163636573734B
:10359000206572726F7220686173206F6363757249
:1035A0007265640D005B554E414C49474E45445D84
:1035B000616E20756E616C69676E6564206163631E
:1035C000657373206572726F7220686173206F6318
:1035D0006375727265640D005B49425553455252E2
:1035E0005D696E737472756374696F6E2062757352
:1035F000206572726F7220686173206F63637572E9
:103600007265640D005B4E4F43505D6120636F70C7
:10361000726F636573736F722064697361626C6546
:1036200064206F72206E6F742070726573656E74A3
:10363000206572726F7220686173206F63637572A8
:103640007265640D005B53544B4F465D612073748B
:1036500061636B206F766572666C6F77206572723E
:103660006F7220686173206F636375727265640D99
:10367000005B494E5653544154455D20616E2045D0
:103680005053522E54206F7220455053522E49549D
:103690002076616C6964697479206572726F72203A
:1036A000686173206F636375727265640D005B4DB2
:1036B0004C53504552525D41204D656D4D616E61D8
:1036C0006765206661756C74206F636375727265DF
:1036D0006420647572696E6720666C6F6174696ED0
:1036E000672D706F696E74206C617A7920737461D4
:1036F000746520707265736572766174696F6E0DA2
:10370000005B4C53504552525D41206275732066F8
:1037100061756C74206F6363757272656420647583
:1037200072696E6720666C6F6174696E672D706F69
:10373000696E74206C617A7920737461746520708D
:103740007265736572766174696F6E0D005B4D55BD
:103750004E53544B4552525D556E737461636B20EA
:10376000666F7220616E20657863657074696F6E34
:103770002072657475726E20686173206361757361
:103780006564206F6E65206F72206D6F72652061B9
:1037900063636573732076696F6C6174696F6E73B0
:1037A0000D005B4D53544B4552525D537461636B36
:1037B000696E6720666F7220616E20657863657040
:1037C00074696F6E20656E7472792068617320630E
:1037D0006175736564206F6E65206F72206D6F7206
:1037E00065206163636573732076696F6C617469CA
:1037F0006F6E730D005B554E53544B4552525D55E1
:103800006E737461636B20666F7220616E206578E1
:1038100063657074696F6E2072657475726E20686E
:10382000617320636175736564206F6E65206F72CC
:10383000206D6F7265204275734661756C74730DEF
:10384000005B53544B4552525D537461636B696E18
:103850006720666F7220616E206578636570746999
:103860006F6E20656E747279206861732063617574
:10387000736564206F6E65206F72206D6F726520B6
:103880004275734661756C74730D004D656D4D61C5
:103890006E616765204661756C740D0055736167D4
:1038A00065204661756C740D00436F6E66696775BF
:1038B0007261626C65204661756C740D00566563BB
:1038C000746F72204661756C740D004275732046EA
:1038D00061756C740D004465627567204576656E90
:1038E00074204661756C740D004F63637572656476
:1038F00020696E207461736B2E005573696E6720AA
:103900007533324D73702E004F636375726564209A
:10391000696E20696E746572727570742E00000095
:1039200000100220313800203938002049380020AA
:103930000000000000000000000000000000000087
:103940000000000000000000000000001905010058
:1039500000000000000000009D050100A905010015
:10396000593800205B380020A14500205F38002036
:103970006138002063380020653800206738002057
:10398000693800206B3800206D3800206F38002027
:103990007138002073380020E5310020773800208E
:1039A000793800207B380020BD4300207F3800207C
:1039B000813800208338002015440020054900206C
:1039C000893800208B3800208D3800208F38002067
:1039D0005D4A0020933800209538002039490020A6
:1039E0000348854600F006F80048004731AC002047
:1039F00000100220064C0125064E05E0E36807CCC6
:103A00002B430C3C98471034B442F7D3FFF7ECFF3C
:103A1000183100204831002002E008C8121F08C1F8
:103A2000002AFAD170477047002001E001C1121F3F
:103A3000002AFBD17047000080300120F8400120AF
:103A400080000000F8300020F84001208030012084
:103A5000781000008043002000310120F840012050
:103A6000048D000008310020F0B581B0214F387876
:103A700000283DD0EFF31086EFF3108072B61E4899
:103A80000068002802D0804700281BD03878811EAB
:103A900003291BD20124204621460CF091F8052071
:103AA0000507284600F02CF91448016804220A434F
:103AB000026030BF284600F02FF9002120460CF0AC
:103AC0007FF80BE086F3108801B0F0BD012805D126
:103AD0000A48016804229143016030BF0848006829
:103AE000002803D03978022900D1804786F3108856
:103AF00001B0F0BDCC990120A0AD012010ED00E097
:103B00009CAD012070B582B0134C01AD2046294612
:103B10000CF05CF8297820460CF05EF828788007D5
:103B20000AD50E4800900E48022164220D4B0CF07D
:103B300059F80D4801210170084DC8260BA42988A9
:103B400020460CF0A9FE761EAD1C002EF7D10848C9
:103B50000DF0B0FB02B070BD00810050B08B0120B1
:103B6000E8990120448D01202B7E0120256420004E
:103B7000562E012070B50446012001032143094A55
:103B800091420BD10226084D300608D0FF21204675
:103B90002A460CF02DF8761E0028F5D070BD0020C6
:103BA00070BDC0460010005000070100B0B50C46C3
:103BB0000546FFF7DFFF002800D0B0BD28462146AC
:103BC0000CF01CF8B0BDB0B50C460546FFF7D2FFAF
:103BD000002800D0B0BD284621460CF015F8B0BD35
:103BE000B0B50C460546FFF7C5FF002800D0B0BDB4
:103BF000284621460CF00EF8B0BDB0B50C4605467F
:103C0000FFF7B8FF002800D0B0BD284621460CF0D1
:103C100007F8B0BDB0B50C460546FFF7ABFF00286E
:103C200000D0B0BD284621460CF000F8B0BD10B55C
:103C30000446FFF79FFF002800D010BD20460BF080
:103C4000FBFF10BDB0B50C460546FFF793FF0028FB
:103C500000D0B0BD284621460BF0F4FFB0BDC046F1
:103C6000F0B581B00D4604460B2000072118012055
:103C70001F4A114206D1002D04D02046FFF77AFFDB
:103C8000002801D001B0F0BD1A491B4A20460BF0B4
:103C9000AFFF0028F6D100261027A068C00613D574
:103CA000B8B2042800D30420216800231A46DB00A0
:103CB0000E46DE402E707F1E6D1C521C93B2984241
:103CC000F5DC102020610026761C0C4886420BD8BB
:103CD00001200BF0BDFF3804DFD10848411C20460D
:103CE0000BF0BCFF01B0F0BD032001B0F0BDC04639
:103CF000FFEFFFFF4B0080031F070F00871300003B
:103D000010B50446FFF736FF002800D010BD032190
:103D100020460BF0A9FF10BD10B50446FFF72AFF9F
:103D2000002800D010BD20460BF0A4FF10BDC046F7
:103D3000B0B582B00D46044601A8002101800120E3
:103D400001032143154A914205D101A92046FFF7FD
:103D50002DFF002801D002B0B0BD01A80188104A93
:103D60000A40E906490E5118018007200202062187
:103D700020460BF03DFF0028EDD101A800886060CF
:103D80000849094A20460BF033FF0028E3D10749D0
:103D900020460BF063FF02B0B0BDC04600100050DB
:103DA00083BF00000100000500070100983A0000F1
:103DB000F0B581B01C4615460E460746FFF7DAFE01
:103DC000002801D001B0F0BD384631462A462346CE
:103DD0000BF056FF01B0F0BDB0B50C460546FFF73D
:103DE000C9FE002800D0B0BD284621460BF04EFF8A
:103DF000B0BDF0B583B01C4615460E460746FFF72A
:103E0000B9FE002801D003B0F0BD099808990091CF
:103E10000190384631462A4623460BF03DFF03B059
:103E2000F0BDF0B581B01C4615460E460746FFF7BB
:103E3000A1FE002801D001B0F0BD069800903846E0
:103E400031462A4623460BF02DFF01B0F0BDC04697
:103E5000F0B585B00C4605460127380328432449B0
:103E6000884241D103920493EFF310800290EFF364
:103E7000108072B61F4868661F48E86505202866EE
:103E8000032128460BF014FF0190072002020621AF
:103E900028460BF0ADFE0746A86D01263043A86505
:103EA000AE66032C1FD860B2800014A10958039A93
:103EB0008A40EA6415A10958184A28460BF098FE72
:103EC000029981F3108801990F43074304990BD19C
:103ED000286FC007FCD1A86DB043A86528460BF039
:103EE000BDFE074600E01027384605B0F0BDC046CD
:103EF00000100050A008C80C2000C80008000000F6
:103F00000C0000000F000000100000008100000302
:103F10002000000352000003D8000003170702002E
:103F2000F0B587B01D46164604460120030323431F
:103F30005F4A934200D097E0002E00D194E0002D1C
:103F400000D191E0C8B2431901200202934200D986
:103F50008AE005910C9FEFF310800390EFF310803F
:103F600072B6544860665448E06505202066534A9E
:103F7000173A062120460BF03BFEA26D01210A43B1
:103F8000A2650191A166032F04900BD0022F11D0DE
:103F9000002F17D128044949401849494018029078
:103FA0004A4911E028044549401845494018029003
:103FB000444909E028044149401841494018029009
:103FC000414901E000210291042D2A4600D3042238
:103FD000012A06940DDB00231C461F46DB003078C7
:103FE000984004436D1E761C7F1CBBB29A42F5DCE0
:103FF00000E000240698059AC26444600446029AD0
:104000000BF0F6FD04990843290428D005900027F9
:1040100002202061A068800712D4A8B2042800D32F
:104020000420002319461A46DB0034789C402143C3
:104030006D1E761C521C93B29842F5DC069C6160A2
:104040002348874208D001200BF002FE7F1C280481
:10405000DED10399059803E00321059808430399ED
:1040600081F31088002801D007B0F0BD0D9D206FAE
:10407000C007FCD1A06D01998843A065A4202058F9
:10408000C0070BD0069CA4341148461C761E0BD0EA
:1040900001200BF0DDFD2068C007F7D10698294606
:1040A0000BF0DCFD07B0F0BD032007B0F0BDC0464B
:1040B00000100050A008C80C4001C80017070000FD
:1040C0000000FFFF32004303A2004203020040034E
:1040D00087130000F0B587B00E4601460120002A84
:1040E0000BD09CB2002C08D015460C9F08460691B8
:1040F00039460BF0DDFD002801D007B0F0BD059773
:104100000021002C20D002910D9903910490059874
:10411000009003980190F0B201210902081A84422C
:10412000214600D301468FB2069831462A463B46C7
:10413000FFF7F6FE04980028DFD1ED19F619E41B0D
:10414000E5D1029807B0F0BD084607B0F0BD000009
:1041500019488047194800477046EFF30881EFF38C
:104160000982174B9847FEE77046EFF30881EFF39B
:104170000982144B9847FEE7FEE7FEE7FEE7FEE7FD
:10418000FEE7FEE7FEE7FEE7FEE7FEE7FEE7FEE707
:10419000FEE7FEE7FEE7FEE7FEE7FEE7FEE7FEE7F7
:1041A000FEE7FEE7FEE7FEE7FEE7FEE7FEE7FEE7E7
:1041B000FEE7FEE7FEE7FEE75D4B0020C130002092
:1041C000A94500206D440020F0B51FB4064600202C
:1041D00082B005464024019100901BE001992246DF
:1041E0000F46304600F062FC049A059B801A994104
:1041F00010D310461946224600F048FC361A8F416B
:104200000197224601200021009F00F03FFC381852
:104210004D4100902046641E0028DFDC019B009881
:104220002946324607B0F0BD30B5434351435C18D0
:10423000010C130C0D465D432C1980B292B2054659
:10424000554351430A0C09044D1962415843010C6E
:1042500000044019514130BD38B50446C0681821EA
:10426000401E4843A16840183C21484361684018FB
:104270003C2148432168451860690C214843216965
:1042800040186921C900401A302100F0D7FB114ABB
:1042900050434219084600921A2902DB0E49511870
:1042A00000910C2100F0CAFB0C4A5043009A801880
:1042B00000900B4806E0491E425C074B5A43009BA6
:1042C000D21800920029F6DC2146684600F01AFC5C
:1042D000009838BD801F8607805101008033E101BE
:1042E000B409012003460B439B0703D009E008C92A
:1042F000121F08C0042AFAD203E00B780370401C96
:10430000491C521EF9D27047D2B201E00270401C23
:10431000491EFBD270470022F6E710B513460A4645
:1043200004461946FFF7F0FF204610BD421C0178F5
:10433000401C0029FBD1801A7047F8B502464A405C
:10434000D40F42004B0052085B089A4202D2024648
:10435000084611464A0023D0C30D4A00DDB2120EB2
:10436000AD1A202D35DA49020126490AF6058A19C7
:10437000002C00D0524220214F1B1146B9402A4147
:104380001018C20D9A4221D0002C17D0012D08DC44
:10439000DA05801AD20F8019D207DBB20BF08EFC3F
:1043A000F8BDDA05801A012340001B06C0188018EA
:1043B0005A428018CA0F1043490007E04908C20753
:1043C0001143DA05801A8019400880180BF07CFC34
:1043D000F8BD61000122511A001BF7E70122D20744
:1043E0005140AAE70122D2075040A6E7024670B525
:1043F0004A40D30FDB0740002DD04A002AD0010EDF
:10440000140E000212020919400A520A8418E5012A
:1044100004465443000A120A2E045043A4194219B8
:10442000200CC543AA18120C0125AD03521C5219C9
:1044300012047F39240400D0521C104301D44000E0
:10444000491EC2B20C06C0092018401C4008802A30
:1044500002D003E0002070BD40084000002900DACF
:104460000020184370BD70B502464A40D50F400089
:104470004A00ED0740085208002814D0002A12D044
:10448000C40DD30D41020120C0055202490A520A4F
:10449000E41A091812187D34914201D3641C00E01B
:1044A0004900002C01DA002070BD0023914201D3A5
:1044B000891A0343400849000028F7D100290AD08F
:1044C000914202D10121C90705E0914201D20121A7
:1044D00001E00121C943E005C01840190BF0F4FBCD
:1044E00070BD0000F0B507460846584087B0C00FC1
:1044F000049048000E46590040084908BC1A8841FB
:1045000005D2384631461E4617460B46024658002D
:10451000400810434CD0300D039040055900400D29
:10452000490D0590401A0290402872DA18030121C3
:10453000000B09050843019004980092002805D05B
:104540000199524200208841009201900298402136
:104550000A1A0199009800F099FA05460C466B4634
:1045600007CB00F0B4FAC0197141039A0E0D002375
:10457000D71756401A467A40164344D0049A002A68
:104580002DD0029A012A039A15DC1205C01A914116
:1045900001263605001C7141D20F059ED2070093FB
:1045A000019202962A46234600F0F3FA07B0F0BDC6
:1045B00038463146FAE71605224A0F46B218C01AA5
:1045C000B74101210905001C4F4100187F411146E8
:1045D00018187941E20F10436D19644113E0E207A6
:1045E0006D0815436408C2071443039A0126120597
:1045F000C01A91413605001C7141CE074008304376
:104600004908C01851412A46234600F0B5FACDE7C3
:10461000FFE7049801224000C117121A00238B41C2
:1046200004983146C417381AA141EEE730B401248A
:10463000E407634030BC55E730B40124E40761402F
:1046400030BC4FE70000E0FFF0B51FB488B00B9915
:104650000998002448400999C00F49004908099168
:10466000C0070B990090490049080B9109990898D7
:10467000A64608431CD00B990A98084318D00998FD
:1046800001244000420D4800410D09982405000313
:10469000000B204309900B980003000B20430B9064
:1046A00050181C494018002201901446104605E09D
:1046B000002001460DB0F0BD032801DA034600E0FA
:1046C00003239C46C11A0AAE0AE05F0008ADED5B09
:1046D0004F00F75B7D430027AA187C41491C5B1EF5
:1046E0006145F2DD410004AB5A522104120C0A4329
:1046F000240C401C0828DFDB0198029000997046CA
:1047000001910090059B049A0799069800F041FAE0
:10471000D0E700000DFCFFFFF0B50C465C4085B013
:10472000E40FE40703944C00002664085900944603
:10473000490802460296224321D062460A431ED00F
:104740006200570D4A000E032303550D0124024653
:104750002C492405781B1B0B360B4018234326439A
:10476000614600901C46501AB44103D30098401C87
:10477000009002E0921800985B41002803DA0020C4
:10478000014605B0F0BD0020012109050746864617
:1047900011E064461D46141BB54106D36546521B05
:1047A000B341744607430C43A646CD074008490869
:1047B000284392185B4105460D43EAD11046184341
:1047C00013D06046194650407140084306D06046F9
:1047D000101AB34106D20122002306E00022012371
:1047E000DB0702E00122D243531000987446010512
:1047F000381C6141029C039D0019694100F0BCF91D
:10480000BFE70000FD0300000122D207002800DB03
:10481000101A002900DB511A814201D8012070478B
:10482000002070470122D207002800DB101A00295F
:1048300000DB511A814201D20120704700207047ED
:104840000122D207002800DB101A002900DB511AD0
:10485000814201D301207047002070470122D20716
:10486000002800DB101A002900DB511A814201D90F
:10487000012070470020704710B5002904DB0C466A
:104880000121C9074042A141002B04DB1C46012342
:10489000DB075242A341101A8B4101D2012010BD07
:1048A000002010BD10B5002904DB0C460121C9070A
:1048B0004042A141002B04DB1C460123DB0752428E
:1048C000A341101A8B4101D3012010BD002010BD5F
:1048D00010B5002904DB0C460121C9074042A14163
:1048E000002B04DB1C460123DB075242A341801A44
:1048F000994101D2012010BD002010BDC217C10F87
:10490000504010B54018CA07962300210BF0D6F985
:1049100010BD00000EB5C217C10F5040CA074018A5
:104920000021054B0293019200910A460B4600F0CC
:1049300030F903B000BD0000330400000EB5054996
:104940000291002100910A460B46019100F021F9E5
:1049500003B000BD33040000C20F41004002012338
:10496000400ADB05D207090EC0187F2901DA0020B2
:104970007047962903DC9623591AC84001E09639FE
:104980008840002AF4D040427047000070B5CD0F37
:104990004A0009030123090B1B0519430B4BED07C3
:1049A0000024520D9A4201DA002070BD074B3433C7
:1049B0009A4203DC9A1A00F079F802E0044951188F
:1049C00088402C43F1D0404270BD0000FF0300003E
:1049D000CDFBFFFFC20FD207400040080BD0C10D36
:1049E0000723DB01C91840020905400A1143C20828
:1049F00040071143704700200146704770B50446D8
:104A0000002903D000202022012310E0002801D03B
:104A10000020C043C046C0460DE02546D5408D422B
:104A200005D30D469540641B1D469540401915461B
:104A3000521E002DF1DC214670BD000070B500252E
:104A400004462E46002911D0002C01DA01254442EB
:104A5000002901DA012649422046FFF7CFFFB5427F
:104A600000D04042002D00D0494270BD002C02DA37
:104A70000121C90702E0002C00DD03490846C046B9
:104A8000C046214670BD0000FFFFFF7F10B5202A01
:104A900004DB0146203A9140002010BD91402023C4
:104AA0009C1A0346E3401943904010BD10B5202ADC
:104AB00004DB0846203AD040002110BD0B46D3400D
:104AC000D0402024A21A91400843194610BD10B5C9
:104AD000202A06DBCB170846203A1041C1170B43AA
:104AE00006E00B461341D0402024A21A914008430F
:104AF000194610BD10B5024900F004F810BD0000C1
:104B0000F840012070B50C4600683C21FFF776FFA5
:104B100021603C21FFF772FF61601821FFF76EFFF3
:104B20000546A1600721001DFFF768FFA1610F483E
:104B3000A90008180E49FFF761FF024644328808B1
:104B40006261E0613B2802D3910700D0401C002144
:104B5000084B0A462161995C814203D8401A521CD5
:104B60002261F8E7401CE060204670BD6C0B00003D
:104B7000B5050000C009012010B5002B08DA00249B
:104B8000401C614192185B411A4301D1400840002A
:104B900010BDF0B51FB482B005460C0003D0084626
:104BA0000BF0A6FE02E00BF0A3FE203002460090C0
:104BB00021462846FFF76AFF049B059A04460F46E4
:104BC00018431143084314D0184610431BD00098D3
:104BD00040210A1A18460599FFF768FF05460E4658
:104BE000009A05990498FFF751FF084305D001206A
:104BF00004E02046394607B0F0BD0020C117054348
:104C00000E432C43374300990E986305401A7905EB
:104C1000E40A00220C43FD0A0A3002D500200146B6
:104C2000E9E70105101969410C9C0D9D00196941C6
:104C3000FFF7A2FFDFE700004A0009030123090B89
:104C40001B0519430A4B10B5520D9A4202DA002097
:104C5000014610BD064B34339A4203DC9A1AFFF723
:104C600025FF10BD034BD218FFF710FF10BD000049
:104C7000FF030000CDFBFFFF10B5002904DB01247A
:104C8000E40740428C412146002B04DB1C460123F3
:104C9000DB075242A341994200D1904210BD00006F
:104CA00030B58C180278401C13071B0F01D1037814
:104CB000401C120906D10278401C03E005780D70F3
:104CC000401C491C5B1EF9D101E00B70491C521EAF
:104CD000FBD1A142E6D3002030BD000070B582B008
:104CE000114C20460AF0F6FF01AD204629460AF095
:104CF0006DFF297820460AF06FFF2878800611D0D2
:104D00006D46204629460AF0EBFF084802682988CC
:104D1000074E3046904729883046FFF7FCFA204678
:104D20000AF0E4FF02B070BDC0810050F44F0120D2
:104D3000287C012070B582B00020019000900120F5
:104D400044020D4D01AE2846214632460AF0D4FFFA
:104D5000284621460AF0D6FF7078800709D56A46B2
:104D6000284621460AF0D4FF0098414241410348B9
:104D7000017002B070BDC04680B00460C66A0120F8
:104D8000014800787047C0462841012015460C466E
:104D9000064601F059FCEFF308811D480BF07CFD3D
:104DA000300701D51C4800E01A480CF083FA0420B3
:104DB000064001D01AA000E018480CF07BFA1CA0B5
:104DC0000CF078FA002E00D02C4621681CA00BF0C5
:104DD00063FD61681EA00BF05FFDA16820A00BF0D1
:104DE0005BFDE16822A00BF057FD216924A00BF0C8
:104DF00053FD616926A00BF04FFDA16928A00BF0BF
:104E00004BFDE1692AA00BF047FD01F0F1FBFEE745
:104E1000A20B0120E90B0120CA0B0120DB0B0120B2
:104E20005573696E67207533325073702E00000021
:104E3000537461636B206672616D653A0000000017
:104E4000523020203A203078253038580A000000AF
:104E5000523120203A203078253038580A0000009E
:104E6000523220203A203078253038580A0000008D
:104E7000523320203A203078253038580A0000007C
:104E8000523132203A203078253038580A0000005C
:104E90004C5220203A203078253038580A00000043
:104EA000504320203A203078253038580A0000003E
:104EB000785053523A203078253038580A00000094
:104EC00080B50AF02BFF80BD14460D46064601F062
:104ED000BBFB04A031462A4623460BF0DDFC01F063
:104EE00087FBFEE74E4D495F48616E646C65723A20
:104EF00020253038582C20253038582C20253038A3
:104F0000580A0000F0B58DB0002630460AF00CFFBC
:104F1000984F0125384629462A460AF00BFF3846A5
:104F2000294632460AF00CFF6C04384621463246C8
:104F30000AF000FF38460494214632460AF006FF84
:104F40006C053846214632460AF0F4FE38462146C2
:104F500032460AF0FBFE07A803900680864F3E7299
:104F60008820F8800C2038718448386006A80290A8
:104F7000068017200AF0F0FE0E2130460AF0F2FEFD
:104F8000A8037F490860FF2109047E4A13688B4308
:104F900003218905591811607B4908607BA008A985
:104FA0000A4628C828C238C838C27D4D28460AF0AB
:104FB000DFFE042128460AF0E1FE022128460AF01D
:104FC000E3FE28460AF092FE4221384607F0CCFC68
:104FD00008213846039A07F043FC80213846029A9C
:104FE00007F03EFC6F4F387800280AD103E0701CB0
:104FF000132E064605D264200AF02AFE38780028CF
:10500000F5D002200AF090FE01250024594E3046CA
:10501000294622460AF08EFE3046294622460AF0EC
:1050200095FE3046049D294622460AF083FE30460E
:10503000294622460AF08AFE07A8008841424141DB
:105040003878424242410A4306A800884142414121
:10505000114308D053208200714855490BF01CFCC5
:1050600000200DB0F0BD504E2046315B4018A41C0E
:10507000C82CFAD16421FFF7C1FC054607A80580BA
:10508000002108467218C823D25A8018891CC829E2
:10509000F8D16421FFF7B2FC06A908800E460491FE
:1050A000ABB253208400224608324048404D294686
:1050B0000BF0F2FB3388224609323E4829460BF0BA
:1050C000EBFB08AF00263E8005AD2E8007A80288C6
:1050D000294808213B4607F05BFC049802888021A0
:1050E00025482B4607F054FC3B88224611323248B3
:1050F0002F490BF0D1FB2B88049412342FA02C499C
:1051000022460BF0C9FB3F882888C01BFFF702FC32
:10511000354B3246FFF798FA04460D463846FFF7FE
:105120000DFC02460B4620462946FFF7F5FA0746D6
:105130000C4632463346FFF79FFB0028354600D128
:105140003D460028374600D12746284B2846394699
:105150003246FFF7E1FA00900191049A1A3224A036
:1051600013490BF099FB28463946FFF70FFC0DB0A9
:10517000F0BDC04680B00460E899012000040260E0
:1051800080E200E00CE400E000E100E000040260E6
:10519000448D0120E8030000080169012900000096
:1051A000008100502B7E0120B08B012017270120A9
:1051B0009229012054270120B91B01205B25735D32
:1051C0005B25645D203A204869676820566F6C74DF
:1051D000616765205265666572656E63653A202574
:1051E00075206D560A00000000607D4000002440DC
:1051F0005B25735D5B25645D203A2043616C6375BC
:105200006C6174656420526573697374616E636563
:105210003A20252E3166204F686D730D0A0000007C
:10522000EC1A012010B582B001AC20460AF0B2FDA4
:1052300001980AF0B5FD6078000601D502F066FC21
:1052400001A84078400602D502480AF0AFFD02B03E
:1052500010BDC046CC800000F0B585B00025039598
:10526000434C04AE204631460AF0A6FD30880821A2
:10527000014001200190C707002907D020460AF00D
:10528000A1FD64200AF0E4FC3A480760032103AA68
:1052900020460AF09DFD3848046804E0304609F0D5
:1052A000B3F834480760002C22D02646A46A307D2B
:1052B0000028F3D1707D0028F0D1B07D0228F2D112
:1052C00002A92B480AF08AFDB168F268029891425F
:1052D00004D28842E7D3904204D3E4E7904201D35A
:1052E0008842E0D3F1690029D8D0306A8847D5E7F1
:1052F00021480168002923D00020039A054603E0D5
:105300003546896A00291CD08B7D022BF9D18B6828
:10531000C4070AD0CC6895420AD2AB421E4600D3DD
:105320002E46A342ECD31E46EAE71D460198E8E765
:10533000AB421E4600D32E46A342E1D22E46DFE703
:10534000284603996A1A51425141C007084803D0C0
:10535000002904D005B0F0BD01990029FAD103213C
:105360002A460AF041FD0348076005B0F0BDC0467B
:105370000030056000E200E0889A012070B582B03C
:1053800000246D46204629460AF034FD297820463F
:105390000AF036FD2878002840D0022001A90AF042
:1053A00035FD019D002D36D0204C214E13E0052007
:1053B00029460AF005FC02200AF02EFD00200AF022
:1053C0002BFD01200AF044FC022001A90AF01EFD79
:1053D000019D002D1FD000200AF024FD0028F0D1EF
:1053E000284606F029FA00281AD12846214606F058
:1053F0002DFA0228E5D13268002ADFD02168201D6D
:105400009047054602200AF00DFD0028CFD001206C
:105410000AF01EFCF6E707A00BF04CFF02B070BDCF
:1054200000200AF0F9FC02B070BDC046C897012008
:10543000D89901205468652072782071756575656A
:10544000206964206973204E554C4C0080B5064895
:1054500001210A460AF074FCE3204200034804A13B
:105460000BF01AFA80BDC04600B00460E92A0120A2
:10547000536C656570416665000000000148024993
:105480000160704708ED00E00030002080B582B078
:105490000F4803880F481818A02804D81EA00BF046
:1054A00009FF02B080BD0CA013A1184A0BF0F4F95B
:1054B00005F01EFB4B21C904019115490091694675
:1054C0000AF0B6FC13480BF0F5FE02B080BDC046F2
:1054D000BE72012030FDFFFF5B25735D5B25645DBF
:1054E000203A20436F6E6E496E74762054696D6564
:1054F000722025640A000000557064617465436F72
:105500006E6E496E747654696D6572009508000080
:1055100020032003AA28012054686520636F6E6E63
:10552000656374696F6E20696E74657276616C2054
:1055300069732077697468696E2074686520726188
:105540006E6765206F66203930306D7320746F2070
:10555000313130306D73000010B582B00020019001
:10556000104C012101AA20460AF068FC019800288D
:1055700007D1012120460A460AF0E2FB64200AF026
:1055800063FC0121002220460AF0DAFB32200AF0F7
:105590005FFBFF22C03204A013A10BF07DF902B023
:1055A00010BDC04600B004605B25735D5B25645D83
:1055B000203A20494F204353206F75747075742032
:1055C0006C6F772C2077616B657570206166652C38
:1055D0002064656C6179207761697420616665205B
:1055E00072656164790D0A0057616B65557041669B
:1055F00065000000F0B583B002AC284D2580FF2483
:105600002403002814D0019119461346A41C002538
:10561000234A57193E79864207D0FE88A419A41C54
:105620002D1D242DF5D10022D4431A460B46019995
:10563000651C11D06118CD18AE1C8000184D2818BB
:1056400040882018801CB0420DD220A01E4988221C
:105650000BF022F901251DE028481B4981220BF09F
:105660001BF9012516E0881C002511461A462B4619
:1056700004F070FE002806D005460AA012498F22C9
:105680000BF00AF906E0089B02A90222204604F06A
:1056900061FE0546284603B0F0BDC0465A5A0000D8
:1056A0007A0B01205B25735D5B25645D203A204DFC
:1056B0004D552057726974652044617461204661BC
:1056C000696C65640A0000005C0C01205B25735D59
:1056D0005B25645D203A204D4D55205772697465F5
:1056E0002044617461204265796F6E6420456E6468
:1056F00020416464726573730A000000220C01206B
:1057000070B5184C0020E072A07260722072E071D7
:10571000A071607120710421E170D121A1700D216F
:105720006170552121700146225C5118401C0C28E3
:10573000FAD1484220730D21204609F06BFE0AA0E1
:1057400010A19A220BF0A8F80026124DA15D284660
:105750000BF0A2F8761C0D2EF8D10FA00BF0AAFDCD
:1057600070BDC046D2CD01205B25735D5B25645DB5
:10577000203A205374617274204D656173757265AF
:105780003A20000073746172745F6D6561737572A5
:10579000650000008B1101200D000000F0B5C5B0C0
:1057A0008B2002010E921F32CDA0DD490BF074F860
:1057B000DCA014AA114638C838C138C838C1052041
:1057C00010210AF047FBDD490860002802D1DCA067
:1057D0000BF070FD05F09CFDDF49086000280E9A73
:1057E00004D12532DD48CE490BF056F8DC4EDD48B9
:1057F0007080DD483080FF2108463830F0800D9100
:1058000008460A30B08000250F9508F06DFC304640
:1058100002F08CFAD54F0A243C873D850FAA04205C
:105820002946034605F0BCFE0125EA0200280A9538
:105830000C920B9424D00F32CD48CE490BF02CF8AB
:105840003088F88570883886B088788638462E305B
:10585000B17981710FAC3046214602F0BBFC009556
:10586000002104202246034605F06EFF00283D4635
:105870001BD00C9A1632C048BE490BF00DF814E04C
:10588000D21DBE48BB490BF007F80F9814AC214657
:1058900002F0BEFB1498F8856088388615987886E3
:1058A00038462E30A17981713D462F462E370D980E
:1058B00038728020F8713388B078F1783279747951
:1058C000B679009001910292039404960C9C2246B2
:1058D0001F32AB48A7490AF0DFFFEB8DB878F978A3
:1058E0003A797D790997BE7900AF67C72234A54818
:1058F000A04922460AF0D0FF02F0C6FD072000268C
:10590000A14D042331462A4605F04AFE002812D054
:105910000346222824D12E600A9F1497009707205F
:1059200014AA0423314605F00FFF00280E9C21D055
:10593000224632320FE02868401C14900A9F0097DC
:105940000720002114AA042305F0FEFE00280E9C67
:1059500010D0224642328D4871490AF09DFF09E07D
:10596000F04328600E9C2246383289486C490AF080
:1059700093FF0A9F2B6822464532864868490AF001
:105980008BFF08200021844D04232A4605F008FEE1
:10599000002810D00B9828600097082000210423CD
:1059A0002A4605F0D1FE002805D022464E327B481B
:1059B0005B490AF071FF2B682246513278485849FA
:1059C0000AF06AFF09200025764E04232946324654
:1059D00005F0E6FD002810D03C203060009709203B
:1059E00000210423324605F0AFFE002805D02246F0
:1059F0005A326D484A490AF04FFF336822465D32F9
:105A00006A4847490AF048FF05F000F902F02CF80F
:105A1000674801F087FE1995189517951695159505
:105A20001495052014AA1723294605F0B9FD00286E
:105A300005D061485F4922460AF02EFF0AE0221D88
:105A4000FA48F94914AC23460AF026FF20460E9C7A
:105A500002F04EF9454D062000260FAA02230690BB
:105A6000314605F09DFD002806D022460A32F7484F
:105A7000ED490AF011FF13E00FAC2088FEF75EFF3E
:105A80000022F34BFEF7E0FD009001910E9A0F32D9
:105A9000F048E5490AF000FF20880E9C02F014F956
:105AA00002F0E0F801F0EEFAEB4801F03DF8EB48C7
:105AB00009F0C6F9EA4806F0A5FBEA48EA49EB4ACC
:105AC0000260416001F048FA2E62E949284602F07E
:105AD0000BFC002872D0E7A00BF0ECFB45B0F0BD4A
:105AE0005B25735D5B25645D203A202D2D2D2D2DCA
:105AF0002D2D2D2D2D2D2D2D2D2D43474D2050722B
:105B00006F66696C65204578616D706C652D2D2D13
:105B10002D2D2D2D2D2D2D2D2D2D2D2D2D0A000032
:105B2000682901209728012000000000D072012080
:105B3000340000000473012018010000C86A01202D
:105B4000637265617465204170704D7367496420AC
:105B50006661696C65640000D46A0120D720012069
:105B60008E710120031F0000E907000098710120D9
:105B700053220120072A01201C1701207E22012028
:105B8000F91801203D190120E43001202A200120CC
:105B9000DC1B0120E827012024410120F61F012001
:105BA000C02701205C410120292301205B24012022
:105BB000E9680020C7280120AC220120B24809F082
:105BC000C5F9002805D07F34B048B14922460AF013
:105BD00063FEB0481621079109F01CFC08F074FB25
:105BE000AD48AE4A394600F0A1FEAD48AD4A314657
:105BF00000F09CFE7D02AC4802240B94294622460C
:105C00000AF098F8A848294622460AF09FF830463C
:105C100007990AF0A7F80423A348294622460AF068
:105C20001FF9204631460AF021F99F4C204608957D
:105C300029463A460AF020F90E20072339462A461B
:105C40000AF020F9204629460AF05CF82046294649
:105C50000AF01EF9B805F54908600D990904F44ADF
:105C600013688B430321890559181160F8490860AE
:105C70002546803C204639463A460AF05BF82046E5
:105C8000394632460AF00AF9204639463A460AF0C1
:105C900057F82846394632460AF04CF82846394625
:105CA00032460AF053F87C042846214632460AF070
:105CB00041F8284621460E9C32460AF047F828460D
:105CC0000C9D29463A460AF035F87748294632466F
:105CD0000AF0E4F8744829463A460AF031F804F02C
:105CE00087FF30460AF020F86F480B9932460AF0D9
:105CF0002DF8384614AF31460596BE723E81050236
:105D0000FD800C2038710FAE3180E44814902120C2
:105D10000101384606F028FE38462946324606F08C
:105D20000BFE3388089A483ADD48DE490AF0B4FD94
:105D30000B9809F0F9FF3188DB480180DB480AF055
:105D4000ABFDDB48808BFFF7DDF804F089FDD94916
:105D5000088081B2D8480AF09FFD7D20C0000790DE
:105D60000598C743D54D0B9705E02246AE32D4487F
:105D700047490AF091FD28680FA9002632463B46A4
:105D80000AF092F80028F0D10FA800780228CD4937
:105D900017D0012839D00028EDD10FA84078052868
:105DA00000D19DE0022800D1ACE00128E3D104F04D
:105DB0009FFEC549888000223948C44900F02EFE64
:105DC000D9E7EFF31086EFF3108072B6C04C20686D
:105DD00005F003FB0546206814AC21462A4605F071
:105DE000D9FA86F3108804F083FE21462A46B94B7F
:105DF00005F0F4FD002805D00C9AA43AB648B7493E
:105E00000AF04AFD0E9CAD4DB5E70FA84078421E42
:105E1000062A00D97DE0119F3D46303538463B309B
:105E2000930003A2D2589746C72801208B24012053
:105E30008D55002001560020AF560020D15600207D
:105E400015570020575700201B580020D82201204A
:105E50000000E43F9F260120E5A00020FDDB00209C
:105E60001DB7002068720120CD660020AD650020BE
:105E70005D7E002043474D5320496E697420466182
:105E8000696C65640000000035E7002057170120A9
:105E900068290120A1170120EC7101202180002038
:105EA0001C7201206D4B002080B00460AB7A8C4ADC
:105EB0001E328C480AF0F0FC8348007F00287F4D9A
:105EC0000B9F00D157E7884E304600F0CDFD874844
:105ED0000168079841430022304600F09FFD4AE7E1
:105EE0001198808882490880282800D043E704F070
:105EF00073FE002800D13EE7002008F0ADF900F065
:105F0000A9FD38E77A4806806F48868008F0DCF9FA
:105F100031E70C9ABF3A774877490AF0BDFC2AE787
:105F2000A87A002800D142E1744E30460C4601F0B8
:105F300037FF3088F885274670882880B0886880C9
:105F4000B079287114AC3046214602F043F90A9822
:105F50000090002104202246034605F0F5FB0028AE
:105F60005F4E04D06648394632460AF095FC02F08E
:105F7000B5FB04F035FE5C4C204600F075FD5B4837
:105F80000168079841430022204600F047FD0A3689
:105F90005C48394632460AF07FFC4B48C38D099E67
:105FA000B078F17832797479B679009001910292E3
:105FB000039404964A4C22460D32534839460AF05F
:105FC0006BFCAB7A22460E3250483946EBE0444D2A
:105FD0002A4616324E480E460AF05EFC00203885EE
:105FE000414800F041FD2A4619324A483146E1E075
:105FF0000D9702784078401E0528089200D9DEE00F
:106000004000C04678448088400087440500E00096
:10601000F400080124012E01314A3E323E483F4936
:106020000AF03AFC0D9802F0D9FE27E180E200E088
:1060300014E400E00D97407814A90E80401E052856
:1060400000D938E103A14000085A40008744C04607
:1060500000E100E008003E01530168018501900164
:106060001F4A80322E482D490AF016FC14A90D98BB
:1060700003F068FA86E10D974178491E052900D999
:106080009BE10278089249007944898849008F444D
:1060900049009E01B101C401E101EC010000026070
:1060A000AB1601205C290120B07201208F2701204E
:1060B00028410120BC720120A4270120C86A0120C8
:1060C00088190120C429012098710120B80B000013
:1060D000D46A0120C9AF0020B12001209A290120F3
:1060E00015060000FD250120EC710120244101204E
:1060F000BE720120F8260120DC2901208E710120CA
:1061000077200120E22301203D190120562601209D
:10611000BF230120E8170120D2250120AC2901204E
:106120009D250120EF4ABC32F548F0490AF0B4FB46
:106130000D9C204602F004FEA1E1F98D14A8018017
:10614000298841806988818029798171139613ACEF
:10615000214602F03FF80A9800900420314622467A
:10616000034605F0F1FA00280C9EF54C05D03246A6
:10617000CA3ADA4821460AF08FFB3246C73AF1485C
:1061800021460AF089FBD448C38D099DA878EF7891
:106190002A7921466C79AD790090019702A834C024
:1061A0003246C43ACE480AF077FB0E9C04E0CD4A52
:1061B0001132E2480AF070FBC64D0B9FDBE5C94A7D
:1061C0006332D248C9490AF067FB334657E00D9D58
:1061D00028463E30002109F06DFE0446C14A453292
:1061E000D548C24923460AF057FB284621460E9C53
:1061F00003F020F942E00D9D28463E30002109F0D1
:1062000059FE0446B74A4C32CA48B84923460AF0F8
:1062100043FB284621460E9C02F05AFF2EE00D9DBE
:106220002C463E340021204609F044FE0746022158
:10623000204609F03FFE04460090AA4A5432BC486A
:10624000AA493B460AF028FB2846394622460E9CBE
:1062500003F0E4FB12E0A34A5932B448A3490AF020
:106260001BFB0D9802F060FE08E09E4A5E32AE48CD
:106270009E490AF011FB0D9802F0FCFF0346954D74
:106280000B9F222B07D0042B0D9800D117E1002B78
:106290000ED1012300E0062306210D98089A03F091
:1062A0004DFC00280D9800D109E18E4A7432FFE0C0
:1062B0008C4A6E3207E18B4AA53294488B490AF02A
:1062C000EBFA844D0B9F0D98467754E50D9D2846BB
:1062D0003E30002109F0EEFD0446824A87329048A4
:1062E000824923460AF0D8FA14AA284621460E9C71
:1062F00003F030FA46E00D9D28463E30002109F0BB
:10630000D9FD0446774A8E328448784923460AF0FC
:10631000C3FA14AA284621460E9C03F075F931E011
:106320000D9D2C463E340021204609F0C3FD074652
:106330000221204609F0BEFD04460090694A9632CB
:1063400075486A493B460AF0A7FA14AB2846394615
:1063500022460E9C03F06CFA14E0624A9B326D48B0
:1063600062490AF099FA14A90D9803F017F909E0A7
:106370005C4AA03266485D490AF08EFA14A90D986D
:1063800003F0B0F9534D0B9F042800D194E014ACF6
:106390002388544AAC32634854490AF07DFA208875
:1063A0000E9CC2B2030A05210D9803F0C7FB00281A
:1063B00000D181E04B4AB0327AE04A4AE132534898
:1063C0004A490AF069FA434D0D980B9F77E00D9DFD
:1063D00028463E30002109F06DFD0446414AC33293
:1063E0004648424923460AF057FA2846214602F019
:1063F00093FF2CE00D9D28463E30002109F05AFD08
:106400000446384ACA323C48384923460AF044FA1E
:106410002846214602F0D0FD19E00D9D2C463E3461
:106420000021204609F046FD07460221204609F0DA
:1064300041FD044600902B4AD2322E482B493B4660
:106440000AF02AFA28463946224603F059FA03464A
:10645000284616E0234AD732254824490AF01CFA78
:106460000D9C204602F01CFD09E01E4ADC321E484D
:106470001E490AF011FA0D9C204602F0B1FE0346B7
:106480002046144D0B9F222B069C05D0042B0E9CFE
:1064900015D0002B15D10A9C06210D98089A234689
:1064A00003F04CFB00280D980E9C08D00D4AF232E8
:1064B00014480E490AF0F0F90D9846775BE44677E8
:1064C00059E4084AED32104808490AF0E5F90D98F8
:1064D000467750E4C86A0120987101201C170120FA
:1064E0003D190120150600001D210120AC290120C5
:1064F000A8210120F11C0120E31D0120771D0120AE
:1065000072250120F6160120D4160120392401201D
:1065100048210120D42101202F1D0120141E01201B
:10652000A81D0120701801207D2101200A220120D0
:10653000D22401204125012010250120062401201C
:10654000DC2901207517012070B55B4D2968594E73
:1065500030680024224609F0EDFB306829682246A5
:1065600009F0F4FB514801685148814201D02D20C7
:1065700000E02C2003225207914200D12B2009F089
:106580009FFC70BD70B5032465071024AA4205D096
:10659000B44DAA4202D0464DAA4219D180250543E6
:1065A000AF4EB54214D1049C244D2C60002C04D075
:1065B000244C00252580224C25803E4C20603B4801
:1065C00002603D4801603E48036000F03DF804462B
:1065D000204670BD1B48008819490988081A4142A5
:1065E0004141164802685042504108437047C04636
:1065F000F0B581B0114C2068002805D0104D2888D6
:10660000104E3188884201D101B0F0BD274F04E01F
:10661000288081B232889142F6D080B22168096820
:10662000095C386809F052FC206881882888401C81
:1066300082B28A42ECD30020EAE7C046DC9901200E
:10664000949A0120929A0120F0B583B0174D2868E2
:1066500003214907884205D01549884205D10824FD
:106660002C2004E004242B2001E00C242D2009F030
:1066700073FB104E3068104F3968224609F02CFC2D
:10668000002801D003B0F0BD39683068022209F05B
:106690005DFB0028F6D10948029009480068019086
:1066A000286801A909F01EFC03B0F0BDE49901209F
:1066B00000040060E0990120A09A0120213001012E
:1066C000A49A012070B584B0282009F045FB0A2067
:1066D00009F042FB0B2009F03FFB0C2009F03CFBCA
:1066E0000D26304609F038FB0E2009F035FB0F204F
:1066F00009F032FB102009F02FFB352009F02CFBAC
:10670000112009F029FB122009F026FB0024204665
:106710002146224609F0ECFB09F0F0FB09F0F4FBFE
:1067200000F03EF90325142207233046294609F0DC
:10673000F1FB01263003494988800094B102E12031
:1067400003034748474AFFF71DFF47A053A156A23E
:106750000AF0A2F803F050FD04F0B6FD1721204620
:1067600009F000FBF00553490860FF210906524A71
:1067700013688B4313605149086002205049514A05
:1067800004F0CCFE50480AF095FD50A00AF092FDAE
:1067900001A8294603F022FD002805D05648574994
:1067A000F8220AF079F850E055A05449FC220AF08A
:1067B00073F8594D01A8015D28460AF06DF8641C74
:1067C000032CF7D10A200AF06DFD02A8062103F080
:1067D000F8FC41218C00002805D05048474922464A
:1067E0000AF05AF831E0221D4D4844490AF054F8A5
:1067F0000026494D02A8815D28460AF04DF8761C16
:10680000062EF7D10A200AF04DFD02A8062103F05A
:10681000CBFC002806D00C344248384922460AF006
:106820003BF812E010344048344922460AF034F86C
:106830000025394C02A8415D20460AF02DF86D1C58
:10684000062DF7D10A200AF02DFDFEF7A7FF09F06B
:1068500067FB09F06BFB04B070BDC046707201208D
:1068600080B00460000800605B257320542025730D
:106870005D626C65207065726970686572616C201C
:1068800070726F6A65637428637029207374617213
:106890007420746F20776F726B2E0A004D6179201F
:1068A000313520323032350031333A34343A3030F9
:1068B0000000000080E200E014E400E000E100E0FD
:1068C000D5AB0020C5AB0020911101202D2D2D2D21
:1068D0002D2D2D2D4265666F7265204465766963A6
:1068E0006520496E666F2057726974652D2D2D2DB8
:1068F0002D2D2D2D00000000D1100120DA110120D6
:106900005B25735D5B25645D203A20446576696391
:1069100065204944203A2000891101201F110120DF
:106920004C110120F31001206B110120B0B503467A
:106930001020002B22D0012920D8EFF31084EFF390
:10694000108572B69D7D002D02D084F31088B0BDF5
:1069500000209862DA611976012199752D490A683B
:10696000002A02D10B600021D9622B490A68002A53
:1069700001D09362DA620B6084F31088B0BDC04628
:1069800001461020002909D08A7D002A06D0012264
:106990004A750020C875D1073B4A11607047C04650
:1069A000F0B581B0052009F0D7F9294D002428461B
:1069B000214609F0C1FA0127F80713490860FF26AC
:1069C0003106124A13688B43032189075918116055
:1069D0000F4908601F21204609F0C4F979022846B2
:1069E00009F0B0FA0821284609F0B2FA28463146E3
:1069F00009F0B4FA284609F0B7FA064804600648D8
:106A00000460204601B0F0BD80E200E01CE400E03C
:106A100000E100E0889A01208C9A012010B504461C
:106A20001020002C13D0A37D002B10D06262616077
:106A300021461031064809F0D1F90220E075FF2007
:106A40000230A0820120C0070F490860002010BD5D
:106A50000030056080B54B20010102480022FFF79D
:106A6000DDFF80BD7872012001461020002909D089
:106A70008A7D002A06D001204875C875C0070249E2
:106A8000086000207047C04600E200E084B0104C6F
:106A9000104D04E0621C81B2104609F06BFA2868C0
:106AA0000022D34301A909F0FFF90028F2D101A87F
:106AB00009F066FA02990029F1D00398002802D063
:106AC00009F064FAEBE7204609F070F9E7E7C04601
:106AD00002600000DC41012080B50A460021FFF77A
:106AE00025FF4142484180BD80B5FFF749FF414243
:106AF000484180BD80B5FFF791FF4142484180BDCC
:106B000080B5FFF7B1FF4142484180BD3E48008853
:106B1000421A50425041354A12888A4201D0400000
:106B2000704701207047C046B0B582B000282ED013
:106B30002F49086018490025184B28462A4605F0B9
:106B400001FE0124002823D00095019589204300EF
:106B5000134928462A4605F089FD24490880002863
:106B600016D009F019FA28490880002810D00D48DD
:106B7000022100252A462B4609F014FA002807D0E6
:106B800005F0A6FD2148012101702C4600E01024EB
:106B9000204602B0B0BDC0460F1800008C30012066
:106BA000192A000008290000B0B51D460F480088CA
:106BB00088420BD10124002D14D00D480068804775
:106BC000642800D3642028702046B0BD0E48008899
:106BD000884209D10224002D04D0002068700B489F
:106BE000007828702046B0BD0020B0BD887101201B
:106BF0008071012004480088884203D10098007801
:106C000002490870002070478A7101208C710120B0
:106C1000F0B593B07F48012109F0CAF90026002899
:106C200000D1DBE07C4809F0C9F9002800D1D5E0AB
:106C30007A4809F0C9F9002800D1CFE0784801244A
:106C4000214609F0C7F9002800D1C7E004200090D0
:106C50007448754A10210B4609F0C2F9002800D18A
:106C6000BCE07248062109F0C1F9002800D1B5E066
:106C70006F48022109F0C0F9002800D1AEE02502DA
:106C800000206C496C4A131859601D8149191C3049
:106C90007028F8D100206949694A131859602826DC
:106CA0001E8128311C307028F7D166480D9065A0F0
:106CB00041688268C06810900F920E910DA809F08B
:106CC000A1F9002800D186E001940020614A624BBE
:106CD0001918CA600D82412189005218303060288D
:106CE000F6D10395BF20C5435C4F28465C4A141873
:106CF000CC22A750D023E6522C373030F6D1029266
:106D00000024584F58480019C7600A460399018269
:106D10001146BF183034602CF4D15449544C029AB7
:106D200060198150C6522C313035F9D151A104A8D7
:106D3000024678C978C278C978C209F069F9002892
:106D4000039C4AD000205349534A13189C819960F0
:106D5000091920304028F8D14F480222214609F075
:106D60005DF9002839D000204C494D4A11501318C4
:106D70009C80091910302028F8D149480222214668
:106D800009F052F90026002828D046480DAA1146DD
:106D900038C838C138C838C14020082109F05AF82D
:106DA0004149086000281CD0404804AA114638C850
:106DB00038C138C838C138C838C13D4800263146C6
:106DC00009F038F907463B480760002F0DD03A48D4
:106DD00009F036F90CE0002600E00026304613B03A
:106DE000F0BD39480AF066FAF8E734480AF062FA6A
:106DF000019C002FF2D009F029F90398F43009F032
:106E00002BF92F482F4909F02DF909F031F92646C1
:106E1000E4E7C04628550120F8570120C05601205C
:106E200098500120705A0120805A0120805C012076
:106E3000105A0120B0600120E0580120C0680120F4
:106E4000905A0120E058012000010400905A0120CE
:106E500028000400B8660120B0590120106A012002
:106E6000C05B0120B06401205059012060690120FD
:106E7000005B0120B059012000010200C05B01202D
:106E8000280004005059012000010200005B01208D
:106E900028000400B05C012058500120B05E0120A1
:106EA00008550120F0090120AC7E0120CC09012009
:106EB00079AB0020747E0120D1D800205E0E012025
:106EC000AC0D0000B80B0000470E0120F0B585B0F6
:106ED0000646144D284600F063FF002737722888C5
:106EE000308068887080A888B080E888F0800EA024
:106EF0001749184E324609F0CFFC2C88A878E9785B
:106F00002A796B79AD7900900191029203930495EF
:106F1000B21C57480E49234609F0BEFC384605B05E
:106F2000F0BDC0468E7101205B25735D5B25645DFD
:106F3000203A2043474D2043545320476574205343
:106F4000797374656D2054696D650D0A0000000049
:106F5000E02801203A080000B0B582B010240028D3
:106F60002ED0016800292BD0174A1160174901243F
:106F70000C7040681649086016490025164B2846D3
:106F80002A4605F0DFFB00281AD0009501958D20D8
:106F90004300124928462A4605F068FB104908803C
:106FA00000280DD008F0F8FF0E490880002807D00F
:106FB00005F08EFB0C48417A01220A4342722C46AE
:106FC000204602B0B0BDC046607201205E72012052
:106FD0006472012005180000A43001202B2A000053
:106FE000587201205C7201204C720120F0B585B00E
:106FF0000188124C2180418861808188A180C088ED
:10700000E080204601F0AEF80DA0174D174E29463E
:10701000324609F041FC2388A078E178227967792B
:10702000A47900900191029203970494B21C104835
:10703000294609F031FC002005B0F0BD8E71012019
:107040005B25735D5B25645D203A2043474D2043FB
:107050005453205365742053797374656D205469BB
:107060006D650D0A00000000FA2801205308000099
:10707000F918012062480088401A41424141C80085
:107080007047C046F0B583B043490025434B2846BE
:107090002A4605F057FB002867D00095019581200E
:1070A00043003F4C284621462A4605F0DFFA0028D7
:1070B00060D0534908800D2001903A480090611C2F
:1070C00000200223024605F0D1FA002857D00E26F0
:1070D000019635480090A11C0025022328462A4627
:1070E00005F0C4FA00284FD0122701972F480090CE
:1070F000E11C0296022628462A46334605F0B6FAD7
:1071000001972B480090211D28462A46334605F05A
:10711000ADFA019727480090611D28462A4633465C
:1071200005F0A4FA019724480090A11D28462A469C
:10713000334605F09BFA0298019020480090E11D2B
:1071400028462A46334605F091FA072001901C484C
:1071500000902D34284621462A46334605F086FA0B
:1071600005F0B6FA08F08AFF12E016480AF0A2F815
:1071700001250DE013480AF09DF8012508E01148AB
:107180000AF098F8012503E00E480AF093F801256B
:10719000284603B0F0BDC0460A1800000C0A0120C2
:1071A000232A0000880A0120980A01204C0A0120A5
:1071B000600A0120A80A0120740A0120300A012077
:1071C000DD300120280E012010B50D4800888842CE
:1071D00014D10820002B10D00A490A684968197197
:1071E0001A700C0EDC710C0C9C71090A5971110E8D
:1071F000D970110C9970110A597010BD002010BD82
:10720000989A012000AD0120B0B584B013460C4619
:10721000EFF305856946487000220A7002940193D5
:10722000002D01D0134600E0D3430A48006808F05F
:107230002BFF00280CD0034607480849084C22467B
:1072400009F02AFB113407A010A1224609F024FB03
:1072500004B0B0BDC86A01209D1E01204A2901204A
:10726000BB0200005B25735D5B25645D203A205303
:10727000656E6420426C65204D657373616765209F
:107280004661696C65640D0A00000000626C655F10
:107290006576656E745F63616C6C6261636B000040
:1072A00070B582B0401E622800D9B7E10C464E1C72
:1072B0004000C046784480884000874462007600E1
:1072C0008A009E00C300DB00EC0000011D012D01BF
:1072D000AF01AF01AF01AF01AF01AF01AF01AF012E
:1072E000AF01AF01AF01AF01AF01AF01AF01AF011E
:1072F000AF01AF01AF01AF01AF014501480153013B
:107300006101AF0164016A016E01AF01AF01AF011C
:10731000AF01AF01AF01AF01AF01AF01AF01AF01ED
:10732000AF01AF01AF01AF01AF01AF01AF01AF01DD
:10733000AF01AF01AF01AF01AF017B01AF01AF0101
:10734000840187018A018D019001930196019901C1
:107350009C01AF019F01AF01AF01AF01AF01AF01D0
:10736000AF01AF01AF01AF01AF01AF01A201AF01AA
:10737000AF01AF01AF01AF01AF01AF01AF01A50197
:10738000AB01A078E17809020918E54809F084FA10
:10739000A078E17809020818DF490880C948036825
:1073A000002B00D13AE1012010E030787178090219
:1073B0000918E278D94809F06FFAD748002101800E
:1073C000C0480368002B00D128E1022000210A46B2
:1073D0004DE02079617909020918E3783278C748CD
:1073E00008F058FE2079617909020918307872781E
:1073F00012021218E378C2485DE02079617909022F
:107400000918B14808F0B6FD211DB048082208F05F
:1074100047FE2079617909020818A179E279120200
:10742000511809040A18207A617A09020818A17A09
:10743000E37A1B02591809040B18A5A009F02CFACD
:1074400002B070BD15462389E288A1889B4808F0E8
:107450002DFE2389E288A188994809F01DFA9948F0
:107460000368002B00D1D9E0AAB205202146984735
:1074700002B070BD3078717809020918B078F278DE
:1074800012021218B079F3791B021B188A4808F00F
:107490000DFE02B070BDA078E17809020918637989
:1074A0002279834808F0F6FDA078E17809020918EE
:1074B000637922797F4809F0EFF902B070BDE27874
:1074C0003178924808F0F8FD30787178090209188F
:1074D000E2788F4809F0E0F94B20C00401908D4814
:1074E00000908D4C2088694608F0A2FC2088C821B5
:1074F00008F0E8FD02B070BD307871780902091813
:10750000804808F037FD30787178090209187E4804
:1075100009F0C2F902B070BD20786178090209183B
:10752000A078E27812021218524808F0D1FD2078B3
:10753000617809020918A078E278120212184EA0A8
:1075400009F0AAF902B070BD218848485EE0A01C8D
:10755000002108F0C3FD014620786278120212185B
:10756000414809E0A01C002108F0B8FD0146207840
:107570006278120212183B4808F0B6FD02B070BDE6
:107580002188374842E02078617809020918334899
:107590003CE0A2782178304811E020786178090237
:1075A0000918A07AE27A120212182A4808F090FD0F
:1075B00002B070BD2178E0784042C2B2244808F0A1
:1075C0007BFD02B070BD21781E481FE021781C4869
:1075D0001CE02178194819E02178174816E0217835
:1075E000144813E02178124810E021780F480DE08C
:1075F00021780D480AE021780A4807E021780848F8
:1076000004E02178104801E02178104808F0B2FC2D
:1076100002B070BD2178164808F0ACFC02B070BD15
:107620002BA000002AA0000029A0000028A0000034
:1076300027A0000026A0000025A0000024A0000034
:1076400023A0000022A000002CA0000033A0000016
:1076500021A0000016A0000015A0000014A000004A
:1076600013A0000012A0000011A0000010A0000054
:1076700034A000000FA000005B4D53475F424C4513
:107680005F4D54555F45584348414E4745445F4917
:107690004E445D2048616E646C65203D2030782545
:1076A000582C206D7475203D2025640A00000000D0
:1076B0000EA00000DE0E01200DA000000CA00000B6
:1076C00031100120F04F01200AA000000BA00000A3
:1076D0005B4D53475F424C455F4C4C5F46454154C0
:1076E0005255455F494E445D2048616E646C65208B
:1076F0003D203078254C580A0000000009A0000009
:10770000A60F012008A00000770F012007A00000AD
:107710002D0F012020032003B4720120F80F012057
:10772000A010012010B50446024808F0E3FC02480E
:10773000046010BD81690020F04F01202F480088AF
:10774000411A4842484170472C480088884205D178
:107750000120002B01D000211970704700207047D4
:10776000F0B583B014460D460146202D00D32025E8
:107770001F4F38462A46FCF7B5FD200A1D4E707093
:1077800034700320C10200201B4B024604F0DAFFD4
:107790000124002828D000970195152045020020DB
:1077A0000227294602463B4604F060FF00281BD012
:1077B00000960197691C0026304632463B4604F08D
:1077C00055FF002810D000960196A6358120430071
:1077D00030462946324604F049FF002804D00749C4
:1077E000088004F075FF3446204603B0F0BDC04663
:1077F000A8970120A4970120240A0120909A012033
:107800000020704725480088401A41424141480005
:107810007047C04621490988814208D10220002BC7
:1078200004D0002159701E49097819707047002052
:107830007047C046B0B582B010490024104B2046B6
:10784000224604F07FFF0125002813D00094019404
:10785000112003010B492046224604F007FF0028AF
:1078600008D008F099FB002804D00C49088004F0E7
:107870002FFF2546284602B0B0BDC04601180000C3
:10788000180A0120052A000004480088884203D114
:10789000009800780249087000207047408D012050
:1078A00030A00120F0B597B00124A1024448454A18
:1078B00010252B4604F0A4FF43A00BA94CC84CC1D3
:1078C0004CC84CC146A002AA1146C8C8C8C1C8C805
:1078D000C8C12421284608F013FC47490860002845
:1078E00012D046A011AA114668C868C168C868C10C
:1078F0000820802108F004FC46490860002807D1D0
:1079000003204003401C01E00320400308F04EFA2E
:1079100040200C210BAA08F09DFA3F49086000287E
:1079200018D03EA002AA114668C868C168C868C1DC
:1079300068C868C14248002108F07CFB0546414800
:107940000560002D0AD0802008F0E0FB3E4808F0DA
:10795000E3FB08E00025002D2ED008E003204003C3
:10796000093008F023FA681E8541002D24D0260234
:107970000096102128220823204608F0D3FB683601
:107980003248314608F0D4FB33208101304808F0FA
:10799000D5FB30480221302208F0D6FB08F0DAFB94
:1079A0002D4808F0DDFB2D4808F0E0FB2C4808F0DE
:1079B000E3FB2C4808F0E6FB284617B0F0BDC046B4
:1079C000309C0120089A0120890E0120000000004F
:1079D000A841012034000000E04101200006000021
:1079E000C30E01200000000008AD012024000000AB
:1079F0006495012040020000D49901209C0E0120D2
:107A0000000000002CAD0120240000006491012042
:107A100000040000D0990120DC410120B60E0120B5
:107A2000010000006041012044000000E047012007
:107A3000000800002000000000000000000000001E
:107A40006D610020A4410120EDD70020C89A0120DB
:107A500038A00120F84F0120B9610020D561002035
:107A6000E1610020C961002010B506F0E7F90024AB
:107A70000221204608F076F9124804220260FF2015
:107A8000000411490B6883430B60104802600F200B
:107A90000321072308F03EFA00F03CF8FFF7B8F89E
:107AA000002807D0FFF7FEFE002805D004F08CFD6B
:107AB000204610BD06A000E00CA009F0FBFB012051
:107AC00010BDC04680E200E000E400E000E100E01C
:107AD000626C655F636F6E74726F6C6C65725F6908
:107AE0006E6974206572726F722E0000626C655F41
:107AF000686F73745F696E6974206572726F722E3D
:107B00000000000080B508F043FB80BD80B508F0A0
:107B100045FB80BD10B52B4808F046FB2A4808F00D
:107B200049FB2A4808F04CFB294808F04FFB29483C
:107B300008F052FB284808F055FB284808F058FB8D
:107B4000274808F05BFB274808F05EFB264808F052
:107B500061FB264808F064FB254808F067FB2548D0
:107B600008F06AFB244808F06DFB244808F070FB1D
:107B7000234808F073FB234808F076FB224808F0FE
:107B800079FB224808F07CFB214808F07FFB214864
:107B900008F082FB204808F085FB204808F088FBAD
:107BA0001F4808F08BFB1F4808F08EFB0020C443E1
:107BB0002046214608F08EFB2046214608F090FB27
:107BC00010BDC046D3BC0200B3BC0200BBBC020067
:107BD000CBBC0200C3BC0200B955010069560100CC
:107BE000612702000127020015270200710B020025
:107BF0005D240200312602009D2502008D26020030
:107C0000F9250200C52602007D2702007527020023
:107C10007D0B0200D9E9030001E803003DE7030002
:107C2000C5EA03009DEA030003480088401A414268
:107C3000414148007047C046D0CD01200020704728
:107C400080B50298002807D0044A12888A4203D1DE
:107C50000399034A12689047002080BDCECD0120D1
:107C6000CC6A012010B584B068461549818015485A
:107C7000009002A8002484800294062102F0A1FA58
:107C8000204602A9095D4018641C062CF9D10004A5
:107C900004D068460399818002980090684608F0F5
:107CA00025FB214C2046FCF741FB0D210A02C1B205
:107CB0002046FFF755FDFFF7BDFD04B010BDC046DF
:107CC000AC0400001111114406494118203989B251
:107CD000054A914201D210207047044908800020D3
:107CE0007047C0461FC0FFFF1FC00000D8300120F2
:107CF00070B51024002814D00546FCF717FB172890
:107D00000FD8094E002434607460B460F4603461AC
:107D100074612846FCF70AFB024630462946FCF708
:107D2000E1FA204670BDC046B0300120F0B583B006
:107D3000002830D00746B54E002434607460B14846
:107D40000460B1480460AE4D2C60AA48047030460F
:107D500000F026F83888798809040818B988FA8864
:107D60001204511803C6083E3046294600F032FA84
:107D700001940094684608F0BFFA9D48046044608E
:107D80009A480199009A0260416028689E490860FB
:107D90009C49086000E01024204603B0F0BDC046B6
:107DA000F0B58FB0099008F0ADFA8F490A880A92B1
:107DB0000B90088000260D960C960CA808F09CFAF3
:107DC0008A4908680C9B0B604A680D9C4C60FF2137
:107DD0005F1E61411D1A2546954103D33546002D8E
:107DE00003D003E00125002D00D12146002D00D154
:107DF0001F46381A91410B9A0A9B9A18520833462B
:107E0000FCF712FA8A06800983188A09ED4C20686B
:107E100018182060616851416160764C2478002C0C
:107E200006D0754C2568EB18236063685341636086
:107E3000724A00242346FCF7C7F9E14909680F1884
:107E4000E3480760E1480068DC4AD1790A919679F5
:107E500055791379D1780B919178128887424BD953
:107E6000381A801986B23C2E089749D3079105929B
:107E700006933C2730463946FCF7C0FD394641435E
:107E8000761A2D18E8B23C283ED389214143480B8D
:107E90004743ED1B069BC318D8B2182837D300966A
:107EA00006930395AB2141430E0B18200490AC4878
:107EB00007990818401E007802900B9830180B9014
:107EC000C0B2019019200101059F3846FCF796FDCC
:107ED000002921D003223A40504250419F4A7A4320
:107EE0000223DA41F74B9A4200D90124039D049AF8
:107EF000019B029F044014E0099F002F69D171E0AB
:107F0000099F0646AD4C56E0099F069B00E0099F7D
:107F1000059A0799A94C4EE00124039D049A019B00
:107F2000029F72430A983618E019984210D200292D
:107F300011D013460320059A104041424141E048C8
:107F400050430222D041DF4A904206D8002005E08B
:107F5000099F9A4C1DE0012003E0012008401A46C9
:107F6000019B0799491C0791C9B20C29049202D9B7
:107F7000059A521C0592099F904C0C2901D90121A8
:107F80000791029941181846FCF738FD0B91039DA3
:107F9000049A069B9B1AF0B225214143080A311A24
:107FA000C9B249080818800807214143701A0A908D
:107FB000059A0799009E0A98E071A6716571237170
:107FC0000B98E070A17022800898804C2060002FF0
:107FD00008D00A98F871BE717D713B710B98F870EA
:107FE000B9703A800FB0F0BD969A0120B09A012086
:107FF000B89A0120F8AC0120C09A01200024F400B6
:10800000AC9A01209C9A0120A89A0120009A012094
:10801000F0B583B0002976D0012202928A700F4613
:10802000AB4C0C80E1210091C90145183C26284643
:108030003146FCF7E3FC01903146FCF7DFFC797137
:10804000009801012846FCF7D9FC1821FCF7D6FC62
:10805000397101984643A81BB871A1492846FCF71D
:10806000CDFC0546001D0721FCF7C8FC0197F971FE
:108070000AE00320074078427841641C01990C8093
:1080800040009649085A2D1AA7B219200101384616
:10809000FCF7B4FC0E460029029A10460CD0884822
:1080A00078430221C8418C49884204D303213940D6
:1080B0004842484100E0002040008849085A854273
:1080C0000BD3002E1046D8D07D4878430221C841FA
:1080D00081498842CDD20020CFE70320044060428E
:1080E0006041009064213846FCF788FC481E0A462F
:1080F0008241002E029802D00098024010461F2DA7
:1081000004D2019A24E0102003B0F0BD6242624123
:108110004B1E9941002E01D011400291019989789E
:1081200000221F261446029B1A40AD1BAD1AE6B270
:108130007242724117460740641CE6B20346634828
:10814000865D1846BF19491CBD42ECD2019A917058
:10815000681CD070002003B0F0BDC046295C8FC2FF
:108160003E0A0120B0B582B0002822D001884288A2
:10817000120451188288C38810481B049A1806C03C
:108180000F4D2946083800F025F80024019400948A
:10819000684608F0B1F80B48046044600A48019949
:1081A000009A026041602868084908600849086030
:1081B00000E01024204602B0B0BDC046009A012065
:1081C000AC9A0120B89A0120B09A0120A89A012007
:1081D0009C9A0120F0B583B002461020002A6DD091
:1081E00000296BD0108893780127022B029101920D
:1081F0000ED3032101404C424C41314D45430221F5
:108200002E46CE412F4900228E4203D8164602E068
:10821000002213E001260421CD412B498D423D4629
:1082200001D326403546294959188C1E217851180A
:108230004A19641E5B1ED9B20129F7D8244DA84201
:1082400020D9461E0CE003233340594259414900CE
:10825000224B595A8A18761E401E81B2A94211D962
:10826000174971431B4BCB1804211C46CC411649BE
:108270008C423946EBD30221CB4117498B42E2D2E3
:108280000021E4E7019DE8781018401E84B2201D0B
:108290000721FCF7B3FBE971E12000012979414393
:1082A0000F486043081869793C224A438018A9792D
:1082B00040180C49401802990860002003B0F0BD36
:1082C000295C8FC2285C8F020BD7A3003E0A0120D5
:1082D000B207000050B81E05295C8F02080A012071
:1082E00080510100808FFFFFF0B585B0002800D1DC
:1082F0009DE005462A30594F3D60594A11600024DF
:108300002C7701210291017056492960017C0029D6
:1083100001D10121017403A8848003945249534B75
:108320002046224604F00EFA3968C8800094019471
:108330004F4E314655314F4B0E332046224604F006
:1083400095F9002875D0288107F026FE002872D004
:108350003A68136A03A90B701C0C8C701B0A4B70D3
:1083600068812420105C24325278434B8B800F2389
:10837000034010011818C870062000910190314682
:10838000563100243D4B2046224604F06FF9002868
:1083900053D0A8810094019431465731204622469B
:1083A000344F3B4604F062F9002848D0E88100943D
:1083B0000194314658313B4608332046224604F0AA
:1083C00055F900283DD02882009401943146593156
:1083D000204622463B4604F049F9002833D0688203
:1083E0000094019426372046314622463B4604F04D
:1083F0003DF9002829D0A88207F0CEFD002826D01C
:10840000E882009401945A362046314622463B4683
:1084100004F02CF900281CD0288307F0BDFD0028AB
:10842000029917D0688304F053F9214612E0012124
:1084300010E002990EE002990CE002990AE002991C
:1084400008E0029906E0029904E0029902E002992C
:1084500000E00299084605B0F0BDC046D06A012090
:10846000EC4F0120619300201F180000983001207C
:10847000522A000002050000FFFF00000204000075
:10848000BB4800887047C046F0B581B0192085010F
:1084900001200024334A21462B4603F081F80028AE
:1084A00001D03F2214E000212F4E02203246034625
:1084B00003F076F8002801D0462209E003200027C7
:1084C0002A4A6423394603F06BF800283CD04D2239
:1084D00027A0334E314608F0DFF932A0572231464B
:1084E00008F0DAF9204804801E4F38462946FBF789
:1084F00012FF1E486421FF22FBF706FF00940126AD
:10850000304621463A462B4603F01EF9002812D188
:108510000094154A02202146034603F015F900286D
:1085200009D1012000900320104A6423214603F062
:108530000BF9002805D025A019496F2208F0ACF9E5
:108540003446204601B0F0BD2B48154C512221463F
:1085500008F0A2F9338829485222214608F09CF9F4
:108560003C46EEE7D86A0120BA7201201C71012056
:108570005B25735D5B25645D203A2043474D5320A6
:108580004461746162617365204E6F7420466F753B
:108590006E6420696E20466C6173680D0A000000ED
:1085A000A71201205B25735D5B25645D203A2043A3
:1085B000474D53204372656174652061204E657795
:1085C0002044617461626173650D0A005B25735D0F
:1085D0005B25645D203A2043474D5320446174611C
:1085E0006261736520437265617465204661696CE0
:1085F00065640D0A000000003F1201207512012081
:10860000F0B581B00646214F3888B04239D92048AC
:10861000805D01011F480024445400944218012544
:108620001023284603F090F8002823D11848821917
:108630003888411E3980881B89B2B14210D007D9D1
:10864000891B13465F781F70491E5B1C0029F9D1F6
:10865000009483B20320314603F076F8002809D154
:1086600001200090094A02202146034603F06CF8DD
:10867000002807D008A013A1F82208F00DF92C4615
:1086800000E02224204601B0F0BDC046BA720120AD
:108690001C710120D86A01205B25735D5B25645D38
:1086A000203A2043474D53204461746162617365F1
:1086B0002044656C657465204661696C65640D0ACB
:1086C0000000000063676D735F64625F7265636FD3
:1086D00072645F64656C657465000000F0B581B01C
:1086E00023480024048019208601234F3846314650
:1086F000FBF711FE1F486421FF22FBF705FE0094E3
:108700000125284621463A46334603F01DF8002845
:1087100012D10094164A02202146034603F014F8B1
:10872000002809D1012000900320124A6423214629
:1087300003F00AF8002800D02C46204601B0F0BD16
:1087400010B502460A480388222093420ED9094BED
:108750009A5C1201084B9C5C002C07D09818831C73
:108760000E2208461946FBF7BDFD002010BDC0468D
:10877000BA7201201C710120D86A012010B584B0A2
:108780000B46EFF305846946487001200870029398
:1087900001920022002C01D0134600E0D3430A4886
:1087A000006807F071FC00280CD003460748084910
:1087B000084C224608F070F8213407A010A1224688
:1087C00008F06AF804B010BDC86A01209D1E01209F
:1087D0004A290120BB0200005B25735D5B25645DB7
:1087E000203A2053656E642043474D204D657373D6
:1087F000616765204661696C65640D0A00000000D0
:1088000063676D735F6576656E745F63616C6C62E0
:1088100061636B000B480268538902208B420ED0C3
:10882000538B8B420BD0D38A8B4208D0D08988429D
:1088300001D106207047108A884201D0022070477B
:1088400009207047D06A01203C4800787047C04634
:10885000B0B50C460546FFF7F7FF002804D02846C0
:10886000214600F003F8B0BD0020B0BDF0B587B0E0
:108870000D46029003AE0020B08105900490039055
:108880004C784A8802213046019107F041FDAA88C0
:108890000421304607F03CFDA879002805D003A943
:1088A000887120200443072600E00626E879002886
:1088B000029B04D003A9885540200443761C287AE3
:1088C000002804D003A9885580200443761C012782
:1088D00020463840414241412120185C802202401C
:1088E00050425041084306D16A8903A8314607F037
:1088F0000FFD029BB61C01992140484248412221AC
:10890000595CC90700D00746002F05D1AA8903A8E2
:10891000314607F0FDFC029B03AA547016701989BA
:108920009888334607F0FAFC411E884107B0F0BD35
:1089300001210140014801707047C046DC30012030
:10894000F0B587B0404D2846FEF78EF87D20C00078
:108950003E4F39684143002428462246FEF75EF820
:108960003B4D2888401C2880396880B248433C2809
:108970004BD32C803C21FCF741F8364E318D081842
:1089800030853548808BFCF7BDFA01F069FF33492B
:10899000088081B2324807F07FFF308D3149414372
:1089A0000126F141304881422FD8204607F0BCF91A
:1089B0002E4802210291224607F0C8F904AFBC728A
:1089C0003C8130020190F8800C20387103AE348075
:1089D0002748049021200101384603F0C5FF38469E
:1089E0001A4F0199324603F0A7FF33883720C2009F
:1089F0002048214907F050FF029807F095F9318887
:108A00001E4801801E4807F047FF29883868484300
:108A10003C21FBF7F3FF0F48038D009119481A4CD6
:108A20001A4D21462A4607F037FF194808F042FC44
:108A30006A1D18A0214607F02FFFFCF78DFDFCF7FB
:108A40005FFE07B0F0BDC046EC710120244101205B
:108A5000E04F01209871012028410120BC720120C3
:108A6000A4270120CDCCCCCC9999991980B0046071
:108A700000000260AB1601205C290120B0720120C9
:108A80008F27012041180120162A01209605000099
:108A9000562E01205B25735D5B25645D203A2054D2
:108AA000696D654F7574205374617274204D6561F2
:108AB0007375726520414645205745310D0A000007
:108AC000F0B591B016460C4607463B30172103908F
:108AD000FBF721FC25783B203D54022E02D3607821
:108AE0000399487002973D37032E09D3162E00DBF9
:108AF0001626B01E3875C2B2A11C3846FBF7F2FB31
:108B000003984078009043208600644864493246C8
:108B10002B4607F0C1FE387D002809D0002561A44E
:108B2000795D204607F0B8FE6D1C387D8542F7D38D
:108B30005EA008F0BFFB039801780298407F0028F0
:108B400009D00020032901464AD103984078002823
:108B50001AD0032042E0491E03292BD80720C04623
:108B60007944097949008F44011439010398417807
:108B700006292DD80320C0467944097949008F443D
:108B80002D151B1B29151500387D00281ED101202D
:108B900024E00398417806291AD8032079440979FA
:108BA00049008F441B03090917030300387D00287F
:108BB00014D012E0022011E0387D03280DD139785D
:108BC00048424841022901D0C00007E0092005E0E1
:108BD000042003E0387D0528F1D0052041424141C1
:108BE00000290DD00120029C6077039800780428AA
:108BF00042D0022843D0012846D12168042040E019
:108C0000002831D037460021029E7177039A1478EC
:108C100004ADA9820223AB75049106222A80AC70B0
:108C2000E8700891079106910591002E17D0204811
:108C30000078002813D00AA84170027004A8847D2F
:108C4000002C07D00AA8801C04A9891C2246FBF727
:108C500049FBA31CB18AB0880AAA07F065FB3A4613
:108C60001A3214A00E4903E01F361CA00C493246EC
:108C700007F012FE11B0F0BD2168052001E0216867
:108C80000620884711B0F0BD11361EA004493246B7
:108C900007F002FE0020607711B0F0BDE81101205E
:108CA0002B12012030782530325820000D000000B2
:108CB000DB3001205B25735D5B25645D203A20433A
:108CC000474D53205241435020496E76616C696490
:108CD00020436F6D6D616E640A0000005B25735D5B
:108CE0005B25645D203A2043474D53205241435059
:108CF0002049676E6F726520436F6D6D616E640A07
:108D0000000000005B25735D5B25645D203A204315
:108D1000474D532052414350204552524F52203A22
:108D200020556E6B6E6F776E205374617475730A85
:108D300000000000014800787047C046DB30012089
:108D4000B0B500280DD00546FFF79AFB00280AD0E1
:108D50000446687F00280ED0FFF7C0FC002813D01F
:108D6000B0BD1020B0BD89208200D8481A4907F054
:108D700093FD2220B0BD89208000821DD148164974
:108D800007F08AFD0420B0BD892082000F3203A0C5
:108D90001149234607F080FD0020B0BD5B25735DBF
:108DA0005B25645D203A2043474D532044656C6544
:108DB000746520416C6C2053746F72656420526539
:108DC000636F726473205375636365737366756C48
:108DD000203A2025750D0A0022140120F0B589B033
:108DE000002832D00546FFF74BFB049000282ED018
:108DF00000263446687F00282BD0A0B205A9FFF7D3
:108E00009FFC00282DD105A92846FFF721FD002849
:108E10002CD105AF788806F081F805F023FAFBF72E
:108E2000D9FDBA8800AB07C3761C9222EA481B49D9
:108E3000334607F031FD0127384607F005F8641C7A
:108E40000498B042D6D139460DE0002022E07922C4
:108E50001BE0E2481149812207F01EFDB7B2042051
:108E60000BE0B7B20121002914D009E0D8480B4922
:108E70008C2207F011FDB7B201200021002909D092
:108E8000002F01D0002005E09822E848034907F0B0
:108E900003FD2220C0B209B0F0BDC046E914012094
:108EA00010B500280CD0407F00280BD00020FFF721
:108EB000A7FB04460A4A00280BD0D21D09480AE045
:108EC000102010BDEA480849054A07F0E5FC0420D7
:108ED00010BD0B3205A0044907F0DEFC204610BD92
:108EE000CF020000051301205B1401205B25735D98
:108EF0005B25645D203A2043474D532044656C65F3
:108F00007465642046697273742053746F7265646B
:108F1000205265636F726473205375636365737366
:108F200066756C0D0A00000070B588B0002812D07C
:108F30000646407F002810D0002004A9FFF700FC5F
:108F4000FF253E35002810D00446EA1DED4819499A
:108F500007F0A2FC2AE0102428E0FF223E32ED4870
:108F6000144907F099FC042420E004A93046FFF7D7
:108F70006FFC002807D00E35E4480E492A4607F05A
:108F80008BFC012412E0044604AE708805F0C6FF95
:108F900005F068F9FBF71EFDB28800AB07C3133577
:108FA000DB48044901232A4607F076FC204608B036
:108FB00070BDC04622150120F0B58DB00890002884
:108FC00056D00D469D208400FFF75AFA06900028DF
:108FD00050D00898407F41424141002801940791B8
:108FE0004FD0029500263046039685B20746FFF71C
:108FF00047FA85421BD2044605960497029EB8B2F2
:1090000009AD2946FFF79CFBA9880025B14201D391
:10901000294600E00121421E9041084301280CD15D
:109020007F1CB9B2A142EAD32225049A06E0222588
:1090300003983A46002806D12BE03A4601214840E1
:10904000059E002825D0174694B22046FFF7D8FA8F
:10905000054600281DD1761C0698844219D208982E
:10906000407F41424141079100283846BDD10AE086
:10907000102524E0EE481449224607F00DFC222575
:109080001DE000252E46019A0832E6480E4907F0F9
:1090900003FC0798C00701D0042510E0300408D075
:1090A000019A1932B3B2E148074907F0F5FB0025F0
:1090B00005E0019A1D32DE48034907F0EDFB284622
:1090C0000DB0F0BDDE120120D313012005130120E5
:1090D000F0B58DB00891002859D00746FFF7D0F9B8
:1090E0000590002855D000260120079034460497AB
:1090F000787F00284FD00696A5B2FFF7C1F98542C8
:1091000018D207462546A8B209AE3146FFF718FB2C
:10911000B188089A914201D3002100E00121002882
:10912000079800D10846012806D16D1CA9B2B942A2
:10913000E9D302E0002002E02C4601214840069ECF
:10914000049F00281FD009A93846FFF781FB00289B
:1091500028D109AD688805F0E1FE05F083F8FBF73A
:1091600039FCAA8800AB07C3761CB3B2F622F348D9
:10917000184907F091FB012006F066FE641CA0B2BE
:1091800005998842B4D3079900291ED013E0102016
:109190001BE0DD2214E0F7480E49E52207F07CFBD6
:1091A000042005E0E3480B49F02207F075FB01209D
:1091B0000021002909D0300401D0002005E0FC2264
:1091C000DF48044907F068FB2220C0B20DB0F0BDB3
:1091D000B41201209A14012068130120DE1201202C
:1091E00010B500280FD0407F00280ED0FFF748F9B7
:1091F000401E80B2FFF704FA04460B4A00280BD049
:10920000D21D0A480AE0102010BDF4480849064A59
:1092100007F042FB042010BD0B3206A0044907F002
:109220003BFB204610BDC046E902000005130120AB
:109230003E1401205B25735D5B25645D203A20436D
:10924000474D532044656C65746564204C617374AC
:109250002053746F726564205265636F726473206B
:109260005375636365737366756C0D0A00000000C7
:10927000DE12012070B588B0002815D00646407F68
:10928000002813D0FFF7FCF8401E80B204A9FFF7B6
:1092900057FAFF256035002810D00446EA1DA8487B
:1092A000194907F0F9FA2AE0102428E0FF22603279
:1092B000CA48154907F0F0FA042420E004A9304612
:1092C000FFF7C6FA002807D00E359A480E492A46FD
:1092D00007F0E2FA012412E0044604AE708805F0BB
:1092E0001DFE04F0BFFFFBF775FBB28800AB07C3A0
:1092F00013359248044901232A4607F0CDFA204647
:1093000008B070BD0513012005150120B41201201D
:1093100068130120DE120120F0B58BB00690002802
:1093200054D00D463E4CFFF7ABF8049000284FD0C8
:109330000698407F41424141002805914FD0009559
:1093400000263046019685B20746FFF799F8854218
:109350001BD2044603960297009EB8B207AD294679
:10936000FFF7EEF9A9880025B14201D8294600E0AF
:109370000121421E9041084301280CD17F1CB9B243
:10938000A142EAD32225029A06E0222501983A4614
:10939000002806D12BE03A4601214840039E0028D0
:1093A00025D0174694B22046FFF72AF90546002833
:1093B0001DD1761C0498844219D20698407F414200
:1093C0004141059100283846BDD10AE0102523E02F
:1093D0005B481549224607F05FFA22251CE000256C
:1093E0002E460F4A0832D0480F4907F055FA059823
:1093F000C00701D004250FE0094A300407D0193214
:10940000B3B20A48084907F047FA002504E01D32C4
:109410004B48054907F040FA28460BB0F0BDC0465E
:1094200045020000DE120120FC130120311301204F
:1094300005130120F0B58DB00891002859D00746DA
:10944000FFF71EF80590002855D000260120079050
:1094500034460497787F00284FD00696A5B2FFF7D0
:109460000FF8854218D207462546A8B209AE314604
:10947000FFF766F9B188089A914201D8002100E00F
:1094800001210028079800D10846012806D16D1C4B
:10949000A9B2B942E9D302E0002002E02C46012142
:1094A0004840069E049F00281FD009A93846FFF7B0
:1094B000CFF9002828D109AD688805F02FFD04F008
:1094C000D1FEFBF787FAAA8800AB07C3761CB3B2BC
:1094D000C4221A48184907F0DFF9012006F0B4FC4D
:1094E000641CA0B205998842B4D3079900291ED004
:1094F00013E010201BE0AB2214E0F6480E49B32223
:1095000007F0CAF9042005E00A480B49BE2207F01B
:10951000C3F901200021002909D0300401D0002026
:1095200005E0CA220648044907F0B6F92220C0B275
:109530000DB0F0BDB4120120C31401206813012046
:1095400005130120B0B500240C80002808D0407F0E
:10955000002807D00D46FEF793FF28802046B0BDB7
:109560001020B0BD0320C201024803A107F094F906
:109570000420B0BDDE12012063676D735F7261630A
:10958000705F7265636F72645F6E756D6265725F46
:109590006F665F616C6C5F6765740000B0B584B026
:1095A00000240C8000280CD0407F00280BD00D46F2
:1095B00069462046FFF7C4F800280BD10120288017
:1095C00008E0102406E0FF22F232044804A107F06C
:1095D00063F90424204604B0B0BDC046DE12012069
:1095E00063676D735F726163705F7265636F7264EE
:1095F0005F6E756D6265725F6F665F6669727374C8
:109600005F67657400000000F0B589B00491002127
:1096100001921180029000283BD00391FEF730FFA9
:109620000090002840D000250298407F002833D0C9
:10963000ACB2FEF725FF06460020B44203901BD2D1
:109640002F46B8B205AC2146FFF77AF8A188049AF4
:10965000914201D3002100E00121421E90410843C4
:10966000012804D17F1CB9B2B142EAD32F460121AF
:109670004840002803D117E02F46002814D0019954
:109680000888401C08807D1CA8B200998842CBD372
:109690000AE01020039007E03720C200044805A12B
:1096A00007F0FAF804200390039809B0F0BDC04613
:1096B000DE12012063676D735F726163705F7265B4
:1096C000636F72645F6E756D6265725F6F665F6710
:1096D0007265617465725F6F725F657175616C5FF1
:1096E00067657400B0B584B000240C8000280FD0EA
:1096F000407F00280ED00D46FEF7C2FE401E80B20D
:109700006946FFF71DF800280AD10120288007E0EC
:10971000102405E0044805A10D4A07F0BDF8042413
:10972000204604B0B0BDC046DE12012063676D73F1
:109730005F726163705F7265636F72645F6E756D97
:109740006265725F6F665F6C6173745F67657400FA
:109750000A020000F0B589B0049100210192118045
:10976000029000283BD00391FEF78AFE009000286B
:1097700040D000250298407F002833D0ACB2FEF7DD
:109780007FFE06460020B44203901BD22F46B8B29B
:1097900005AC2146FEF7D4FFA188049A914201D876
:1097A000002100E00121421E90410843012804D11C
:1097B0007F1CB9B2B142EAD32F46012148400028AC
:1097C00003D117E02F46002814D001990888401CC7
:1097D00008807D1CA8B200998842CBD30AE01020F3
:1097E000039007E0FF229A32044805A107F054F8DD
:1097F00004200390039809B0F0BDC046DE1201209A
:1098000063676D735F726163705F7265636F7264CB
:109810005F6E756D6265725F6F665F6C6573735FB7
:109820006F725F657175616C5F6765740000000041
:10983000F0B589B004920E4600210293198003907E
:1098400000283AD00C46FEF71BFE22460190002865
:109850003CD000270398407F002830D0BDB2FEF7EF
:109860000FFE0022854217D2044600923D4603E0D7
:109870006D1CA8B2A04211D2A8B205A9FEF760FFE4
:109880000028F5D105A88088B042F1D30499884218
:10989000EED80120009A04E03D4601E03D46009AE2
:1098A0001046002812D002990888401C08806F1CBE
:1098B000B8B201998842CDD308E0102206E0FF2219
:1098C000D832044804A106F0E7FF0422104609B08C
:1098D000F0BDC046DE12012063676D735F72616385
:1098E000705F7265636F72645F6E756D6265725FE3
:1098F0006F665F72616E67655F6765740000000088
:10990000F0B58DB007920891059000284CD0404CDE
:10991000FEF7B6FD0490002849D00598407F4742E5
:109920004741002500284AD02E4603950695B5B23A
:10993000FEF7A6FD222185421BD204460291019624
:10994000069D03E0761CB0B2A04217D2B0B209A9BE
:10995000FEF7F6FE0028F5D109A88088089988420C
:10996000F0D307998842EDD80021012000280AD1C0
:1099700036E00398069D002805D131E0039802994E
:10998000019E00282CD0B4B22046FEF739FE0028F4
:1099900020D16D1C04998C421CD20599497F4F42FD
:1099A0004F410029C2D10BE010200DB0F0BD62483C
:1099B0001849224606F070FF22200DB0F0BD28465F
:1099C0000446134A08325B48124906F065FFF8075F
:1099D00003D108E00446F80705D004200DB0F0BD1F
:1099E0000C46F807F9D10A4A280408D01932ABB25C
:1099F0000948084906F050FF00200DB0F0BD1D32A7
:109A00004D48044906F048FF20460DB0F0BDC04661
:109A1000A3020000B213012031130120F0B58FB072
:109A200009920A9100285BD00546872040000890E3
:109A3000FEF726FD079000286DD000260120049037
:109A400037460695687F00284CD0BDB2FEF718FD5A
:109A500004460020A54216D205903D4603E06D1C49
:109A6000A8B2A04213D2A8B20BA9FEF769FE002843
:109A7000F5D10BA880880A998842F0D309998842C9
:109A8000EDD82F460498069D002804D124E0069DB9
:109A90000598002820D00BA92846FEF7D9FE0028FB
:109AA00028D10BAC608805F039FA04F0DBFBFAF73B
:109AB00091FFA28800AB07C3089A1932761CB3B293
:109AC0001B481A4906F0E8FE012006F0BDF97F1C8C
:109AD000B8B207998842B5D30499002921D013E080
:109AE00010201EE0089A08321248104906F0D4FEF1
:109AF000042006E0089A13320B480C4906F0CCFE0D
:109B00000120002100290CD0300401D0002008E001
:109B100008981F30089008480449089A06F0BCFECF
:109B20002220C0B20FB0F0BDB41201207914012080
:109B300068130120DE1201200513012070B58EB0DC
:109B40001D46044601AE0020B0820223B375019089
:109B500070703170B270F5700590049003900290AF
:109B6000002C1CD0124A1278002A16D007A8002216
:109B70004270017001A8857D002D07D007A8801CC8
:109B800001A9891C2A46FAF7ADFBAB1CA18AA08863
:109B900007AA06F0C9FB411E88410EB070BD012026
:109BA0000EB070BD03210140014801707047C046EE
:109BB000DB300120B0B51C46674D2A6850898842C9
:109BC00002D1FEF741FE0AE0508B884202D100F03C
:109BD000EFF904E0D08A884206D1FFF7ABF8002104
:109BE000617020700220B0BD049BD089884214D1DE
:109BF0000020002C40D0062B3ED3128D00212046A1
:109C000006F086FB28682A21415CA1702A30417841
:109C1000E170807820710520B0BD108A88421CD187
:109C20000020002C28D0092B26D3D28D00212046DD
:109C300006F06EFB28683021415CA170303041781D
:109C4000E17081782171C17861710179A1714179E7
:109C5000E171807920720920B0BD508A02258842C6
:109C60000BD10020002C07D0022B05D3128F00212E
:109C7000204606F04DFB2846B0BD2846B0BDC04684
:109C800080B504490B68002B03D0F04909685422C1
:109C9000984780BDEC4F0120F0B58DB0012400281D
:109CA00055D0002953D0054602AE2C213046FAF794
:109CB00032FB00242846214606F0FCF80A94254988
:109CC00040180790A8780690E878059028790490C5
:109CD00068790390A87902903046FAF7BDFA3B21E3
:109CE000C943DA4A1268128D4A431018019001A83C
:109CF000FAF700FF0EC80EC68EC88EC68EC88EC676
:109D00000A98012804D100200A900498401E04906B
:109D100012480799081882B2CC4E30682E3021467E
:109D200006F0F6FA30683021069A42540146303186
:109D3000049A8A70059A4A70039ACA70029A0A7144
:109D4000EA794A712A7A8A71016807208847204691
:109D50000DB0F0BD94F8FFFFD06A01206C07000041
:109D6000F0B595B0044609A8002787820D970C9797
:109D70000B970A97099703AB9F820D780570079799
:109D80000697059704970397022A0AD3132A00DB44
:109D90001322501E09AB988282B2581C491CFAF754
:109DA000A1FA029462A06EA1C12201952B4606F091
:109DB00073FD09A8808A009000280AD009A8451CD4
:109DC0006C4E009C2978304606F066FD6D1C641EC2
:109DD000F8D169A007F06EFA03A8477502218170D7
:109DE000019C44701C210170611E1A29029E47D8F3
:109DF00030462A307944097949008F440D1B41418E
:109E00004141414141414141414141414141414142
:109E10004141414141252E0003A901228A70009948
:109E200000292AD009A94978002926D0017431686F
:109E300001201EE003A903220A7001224A75007C5A
:109E4000C870002E1ED156E0317F002955D003A8DE
:109E500004218170002E15D14DE003AA01219170DB
:109E6000327F002A0CD0377702780A4302703168BB
:109E700003208847002E05D13DE003A8032181700F
:109E8000002E38D03D480078002834D003A8007850
:109E90000FA90870182844D8012181403848014290
:109EA0003FD0012203A8407D00280AD003A9C91C85
:109EB000D3B20C780FADEC54491C401E521C002844
:109EC000F6D1318BB088D4B20FAA234606F02CFA13
:109ED0002CA033A1A42206F0DFFC002C08D00FAE8A
:109EE000244D3178284606F0D7FC761C641EF8D144
:109EF0000A2007F0D7F915B0F0BDF786B786778648
:109F00003786F78537850178FE220A40027031686E
:109F1000022088470120307703A98870002EB1D134
:109F2000E9E70FA8447003A9897881700322B9E793
:109F30005B25735D5B25645D203A2043474D2053CC
:109F40004F4350204F70636F6465203A203078256E
:109F500030325820204F706572616E64203A2000C4
:109F600063676D735F736F63705F636D645F706170
:109F700072736500891101200D000000DA300120A4
:109F8000489224015B25735D5B25645D203A205374
:109F90004F435020526573706F6E7365203A2000F6
:109FA00063676D735F736F63705F73656E640000EA
:109FB000044800787047C046032101400148017001
:109FC0007047C046DA30012010B50B461F480068C4
:109FD000428902999A4204D10878FEF7A9FC002030
:109FE00010BD428B9A4204D10878FFF7E5FF0020AC
:109FF00010BDC28A9A4204D10878FFF7D3FD002031
:10A0000010BD039A848A9C4207D100291CD0002AE3
:10A010001AD0FEF755FD002010BD048B9C4207D1DD
:10A02000002911D0002A0FD0FFF79AFE002010BDA2
:10A03000008A984208D108461146FFF72DFE0028F5
:10A0400002D003A007F036F9002010BDD06A01202D
:10A0500053657373696F6E20537461727420546911
:10A060006D6520466F726D6174204572726F72006B
:10A0700049480088884201D00A2070470220704772
:10A0800070B51C4644480088884207D1454800788E
:10A090002070022000210122A15470BD14480168E3
:10A0A0003F4D28468847002801D0002070BD6E7AB9
:10A0B0002A880021204606F02BF9A878A070E878BD
:10A0C000E0702879207168796071A879A071E879C9
:10A0D000E071287A2072F008B10801437008084343
:10A0E0003043012101400A200922A15470BDC0461D
:10A0F00060720120F0B585B00A9C002C49D026483A
:10A100000088884203D120782649087041E023481E
:10A11000006800283DD0224D00216972204605F0DC
:10A12000C9FE0490607A012108406A7A8A431018B7
:10A1300061790391A1790291E1790191217A0091EC
:10A140002679E378A278687202218843677A0F4003
:10A15000C019687204218843677A0F40C019687279
:10A1600004992980AA70EB702E71009929720199C7
:10A17000E9710299A97103996971F5210140607A29
:10A18000082202408818801C68720448016828462A
:10A190008847002005B0F0BD5C7201206472012088
:10A1A0004C7201205E72012080B503461020002B06
:10A1B00006D0062904D334200622194606F0BAF840
:10A1C00080BD80B503461020002B06D0062904D39D
:10A1D00009200622194606F0ADF880BD80B5034679
:10A1E0001020002B06D0032904D331200322194666
:10A1F00006F0A0F880BD000003480449016004484F
:10A20000044901607047C046300B002069DA002025
:10A210002C0B00206DAF0020F0B589B013460D4621
:10A220000446801830494018000B0590270B052084
:10A230000007029000200390B8B2049016E0434853
:10A2400000780090089EB3B2029821462A4605F095
:10A2500029FD0390002843D1B0B2069B1B1A0419B4
:10A260002D187F1CB8B2079EB04221D20F200003E8
:10A27000B9B248430019059A96B2049AB2421A46F6
:10A2800002D001221203121A08922E4A1288914219
:10A2900007960693D3D12C4909780129CFD180B2F2
:10A2A0002B490918089EB2B22846FAF71BF8D3E7E3
:10A2B00016D124480088B04209D1234800780128EB
:10A2C00005D1234928461A46FAF70CF808E0F84861
:10A2D00000780090029821462A4605F0E3FC03909E
:10A2E0000398C0B209B0F0BDFFFFFF0FF0B583B017
:10A2F000EC4801780020012910D1EB4F3978012971
:10A300000CD1E7480688052004070125E74B2046C5
:10A310002946324605F0B4FC002801D003B0F0BD58
:10A320003103E3480078E34A009001922B03E24AAC
:10A33000204605F0B1FC0028F0D10021397003B0AF
:10A34000F0BDC046B6720120C36A0120C8300120AA
:10A35000F4300120F0B58BB007930A9208910446BF
:10A36000CF480588260BB7B2BD422DD0CD4908781D
:10A37000012829D1CC48007801281ED105200007EA
:10A380000121CA4B099006912A4605F079FCC5497E
:10A39000002813D12903C6480078C64A00900192CC
:10A3A00006980303C44A099805F076FC002802D1F8
:10A3B0000021BD4A1170BB4900E00020002801D0F7
:10A3C0000BB0F0BD0020087001252B03591EB548C5
:10A3D00000780028099315D123460B400FD0059132
:10A3E000B6492140B2480078009005200007B24AE3
:10A3F00005F058FC0028E3D1AB4805700599A84842
:10A400000680099B06950A980019421E0592120BB8
:10A410003D4697B226460E400497BD42039031D187
:10A420000F4601200023089A002A10D00A9A92B2FF
:10A43000002A0CD09419099DAC4208D89E48801976
:10A440000899F9F74FFF9848012303700020002B6B
:10A45000B6D094490978012900D1F4E00F2109030D
:10A46000049A5143059A89188AB2BA4200D1EAE0A7
:10A470008F480078009090481018421CC8430999F2
:10A480004018D4E005910C42029216D09F1BBCB23A
:10A4900000220898002812D0A0199842069809D8DE
:10A4A0008548801908992246F9F71CFF7E48012249
:10A4B00002700020002A83D005E0069633E006985B
:10A4C000002A00D17CE701207649087076480078A0
:10A4D00001281CD172480288052006070121734B10
:10A4E0003046154605F0CCFB002811D129037048F1
:10A4F0000078704A009001926F4A3046099B05F03F
:10A50000CBFB002804D10021674A117000E0002035
:10A51000002800D054E706970A98001B0A90089874
:10A5200000190890099B5E4802881003C118002496
:10A530000A9F059887420B4620461EDD049405912C
:10A540005F4D5543561C052004070A9FB2B20121F6
:10A550002046564B05F094FB00281AD159498F42EA
:10A5600019DD57497F186D18099AB918761C564B92
:10A570009942EBDC531B0599049CFF2F00DD01245D
:10A58000DBB25A425A412240012A07D0FF2F05DD93
:10A59000FEE7069F17E04A497F180599BBB20A9A61
:10A5A000934210D042480078424A009001920A98A3
:10A5B000C31B05200007089A05F06EFB002802D196
:10A5C0000021384A1170411E02468A41BCB26142E4
:10A5D0006141114300D0F3E6314802990180012026
:10A5E00009998C42014600D800210126089A002AC8
:10A5F000354604D1002D05D0002D11D0E0E60D46E2
:10A60000002DF9D10A98001B089909182A482246FA
:10A61000F9F768FE244806700020002D00D0CFE630
:10A62000234800780090244802190998C01B83B27F
:10A6300005200007039905F035FB002800D0BFE690
:10A64000194901220A700121164A1170079900293F
:10A6500000D1B5E6144D287801281ED1104806888F
:10A66000052004070121114B2046324605F008FB66
:10A67000002800D0A4E631030D4800780D4A009070
:10A6800001920D4A2046099B05F006FB002800D0E8
:10A6900096E6002129700BB0F0BD00200BB0F0BD94
:10A6A000B6720120C36A0120C46A0120204E000056
:10A6B000C8300120B80B0000F430012000F0FF0F7B
:10A6C00000F0FFFFFF100000FF1F0000F0B581B099
:10A6D00004464649FAF7C2F80025002801D044484C
:10A6E00080E044492046FAF79DF8002801D042480E
:10A6F00078E02046FAF76EF905460E463F4A404B91
:10A70000FAF7D0F800280AD13C4A3E4B2846314699
:10A71000FAF7DEF8002802D00020054662E03A4948
:10A720002046FAF79BF8054638492046FAF77AF8AA
:10A73000284319D00127002602E0761C002814D0F7
:10A7400020463349F9F78FFE04463049FAF76AF894
:10A750000546401E854120462B49FAF77FF8002820
:10A760003846EAD12846E8E7002600212046FAF7D5
:10A7700067F8002819D127492046F9F737FE224902
:10A78000FAF75EF8002826D1224D1F4F20462049B7
:10A79000F9F72CFE04462946F9F728FE3946FAF760
:10A7A00041F8761E0028F1D115E000212046FAF785
:10A7B0002BF800280FD1144D314627463C460E4653
:10A7C00038461349F9F712FE07462946FAF72AF8E0
:10A7D000711E0028F2D10F2535402046FAF7BCF84B
:10A7E00000050009284301B0F0BDC046F9029550AC
:10A7F0000000FE07F90295D0000002082D431CEB73
:10A80000E2361A3FE2361ABF00E0FF4400E0FFC420
:10A8100000002041000020C110B582B004460D4860
:10A82000016800290BD00C4802880B689C548B8867
:10A83000511C8AB29A4200D30021018006E001A98E
:10A840000C7006480068012205F07AFD204602B02F
:10A8500010BDC046DC990120929A0120E4990120A4
:10A86000F0B589B00546BD2046002E2D07D84AA078
:10A8700048492F2532462B4606F00EF809E0394CA0
:10A88000A54206D9721D38A04249364B06F004F89D
:10A89000254608960920C6434A4803E0801C761CDA
:10A8A000552E54D00488AC42F8D34788AF42F5D235
:10A8B0003046FAF72FF806900791701CFAF72AF83D
:10A8C000059004912046FAF739F806460C463846BA
:10A8D000FAF734F803900291049905AB0DCBF9F720
:10A8E000A5FE059004912846FAF728F802460B4683
:10A8F00030462146F9F79AFE07460D463046214676
:10A90000039A029BF9F792FE02460B463846294607
:10A91000F9F702FF02460B4605980499F9F794FEF1
:10A92000069A079BF9F7DEFD04460D46009001915B
:10A93000089A183224A0174905F0AEFF00222E4BCA
:10A9400020462946F9F780FEFAF720F806E0089A33
:10A950001E322A480F4905F09FFF294800B209B06E
:10A96000F0BDC0464E0A00005B25735D5B25645D4B
:10A97000203A20526573697374616E636520636C5D
:10A98000616D70656420746F206D61783A20256474
:10A990000D0A0000732901205B25735D5B25645D52
:10A9A000203A20526573697374616E636520636C2D
:10A9B000616D70656420746F206D696E3A20256446
:10A9C0000D0A0000BA0A01205B25735D5B25645DFA
:10A9D000203A204E544347303634424634373346CB
:10A9E0005442582054656D70657261747572653A91
:10A9F00020252E31660D0A0000002440EF150120AD
:10AA0000FFFF0000F0B585B00024204605F08CF96A
:10AA1000214802210091224605F098F902ADAC725E
:10AA20002C8101200602EE800C20287101AF3C80B1
:10AA30001A48029021200101284601F095FF28467E
:10AA400031463A4601F078FF3B883720C50014486C
:10AA500014492A4605F020FF009805F065F938886A
:10AA60001149884201D964240BE01049884208D377
:10AA7000642141430E4808187D218900F9F7DEFF63
:10AA800004462035E4B20BA015A12A46234605F062
:10AA900003FF204605B0F0BD80B0046000000260F6
:10AAA000AB1601205C290120E40C00008C0A000098
:10AAB00050E1FBFF5B25735D5B25645D203A20431D
:10AAC000757272656E742042617474657279204C7F
:10AAD0006576656C203A20257525250D0A00000055
:10AAE000626174746572795F6C6576656C000000F4
:10AAF000014800887047C046B4720120F0B581B0AB
:10AB00000091044609982076089F277507992174BB
:10AB100006982073237222710C9EE670A026A67000
:10AB200024266670AA2525703D0EE5753D0CA57599
:10AB30003D0A65750D0EE5740D0CA574090A617466
:10AB4000010EE173010CA173000A6073180EE0722C
:10AB5000180CA072180A6072100EE071100CA0712F
:10AB6000100A6071204619300A21F9F7D4FB002041
:10AB7000024621460B781818531C491C212A1A46F4
:10AB8000F8D34042232160540098066008A005F0E5
:10AB900083FE00260F4DA15D284605F07DFE761C44
:10ABA000242EF8D10A2006F07DFB01B0F0BDC0468E
:10ABB000686973746F726963616C5F646174615F0B
:10ABC00075706C6F616420646174612069733A20F0
:10ABD000000000008B1101203C4800787047C046FF
:10ABE0002E48002101602C480160384801707047F0
:10ABF00080B536480021017002480121024AFBF766
:10AC000095FE80BD78720120F9A7002070470000F2
:10AC100070B5A8B0FF259E35FFF76AFF04461E48B1
:10AC200000681E490968814214D2264808907D2098
:10AC30008004099008A9204605F0FAF82235224838
:10AC40001F4932232A4605F027FE204801210170C2
:10AC500028B070BD12A01A492A4605F01DFE08ADA5
:10AC600080212846F9F757FB002207922220009204
:10AC700001920292039204920592069007AE284632
:10AC800031461346FFF73AFF32882046294604F042
:10AC900017F928B070BDC046F8CD0120A4BD012031
:10ACA0005B25735D5B25645D203A204E6F206869EB
:10ACB00073746F726963616C206461746100000079
:10ACC000BA2F012028002800DF2F01202C7E012030
:10ACD000F0B5B1B00446FFF70BFF0D90002825D06A
:10ACE0002D94D64D2C68D6480668D6A0314605F07E
:10ACF000D3FD2968D7A005F0CFFD7001050BD9A0C1
:10AD0000294605F0C9FD6001070BDBA0394605F0B7
:10AD1000C3FD7D1B6F1CDDA0394605F0BDFD002382
:10AD2000002D0ADA1846002D0AD563E1F948F149E9
:10AD3000EB2205F0B1FD01227DE10120002DF4D4CC
:10AD4000A51B2D998D4200D30D46FF21283111916D
:10AD500005E000200C9D4F1E022900DA4AE1802DFB
:10AD600008900A920B970AD3B54801687F200840E3
:10AD700008D08021081A2D1A4401D2A006E06C01E7
:10AD8000CCA003E001200403803DD248DA4F06F056
:10AD900091FAD1480C95294605F07EFDCF48214611
:10ADA00005F07AFDAF20C101A5480068F9F726FE3D
:10ADB0004D01CB48294605F06FFD052630042D18BE
:10ADC000C848294605F068FDC748294605F064FDD6
:10ADD0000320009030072946C44A234604F062FF4E
:10ADE0000346002800D0FBE01093C148C149119AE6
:10ADF000234605F051FD002C08D0BC4D264629788D
:10AE0000384605F049FD6D1C761EF8D1BBA006F052
:10AE100051FA8B4800680090119A0C326309B848C7
:10AE2000B449099305F038FD00273097002C00D174
:10AE3000CFE0099801280F9001D801200F90AB4D69
:10AE40001C350998401E0E902D970BE02D9882B26C
:10AE50000D98AC4904F034F820357F1C0F98B842A7
:10AE600000D1B6E02C972846183881782B91C1780C
:10AE70002A91017829914078289028461C388178B9
:10AE80002791C17826910178259140782490284611
:10AE9000143881782391C1782291017821914078EA
:10AEA00020902846103881781F91C1781E91017832
:10AEB0001D9140781C9028460C3881781B91C178F0
:10AEC0001A910178199140781890284608388178AD
:10AED0001791C178169101781591407814902F1F21
:10AEE000B8781390F87812903E787F78AB78EA784B
:10AEF00029786878109C0694000240181102C9183D
:10AF000009040818059038022C9F8019129909022B
:10AF1000139A8918090408180490149800021599C6
:10AF2000401816990902179A8918090408180390FD
:10AF300018980002199940181A9909021B9A891841
:10AF40000904081802901C9800021D9940181E99C7
:10AF500009021F9A89180904081801902098000214
:10AF60002199401822990902239A8918090408187E
:10AF70000090249800022599401826990902279AE2
:10AF8000891809040C1828980002299940182A9950
:10AF900009022B9A891809040B185A482D9E80190A
:10AFA00030A92246FFF7AAFD30982B900094119A01
:10AFB000183255484F493B4605F06EFC2B988619D0
:10AFC0002D96952E00D941E70E98B84200D043E760
:10AFD0003CE71B490868099A801808600A98109B8A
:10AFE0000246002B05D10B99012900DCB1E60120B6
:10AFF000B0E60898C0071ED11048006810490968DB
:10B00000814201D21A4616E04A481C46FBF72CFD45
:10B010004B20C0042F903D482E902EA90D9804F08F
:10B0200007FF7D20C300FF222832343238483149DF
:10B0300005F032FC2246D0B231B0F0BDF8CD01208F
:10B04000A4BD0120726561644E756D3A2025750AB4
:10B050000000000077726974654E756D3A202575A1
:10B060000A000000726561644E756D436163686536
:10B070003A2025750A00000077726974654E756D77
:10B0800043616368653A2025750A0000546F746156
:10B090006C20436163686520436F756E742028726D
:10B0A000656164427566436F756E74293A20256444
:10B0B0000A000000436F6E646974696F6E20333A52
:10B0C00000000000436F6E646974696F6E20313A4E
:10B0D00000000000962F0120622F0120452F012043
:10B0E000772F0120292F0120F82E0120A4AD012067
:10B0F0008D2E0120A32F01208B1101200D000000B7
:10B100003C300120CDBD012013300120200320035D
:10B11000DF2F0120CA2E012010B5064C2046FBF778
:10B12000A3FC3C2100222046FBF778FC0420FFF71B
:10B13000CFFD10BD78720120F0B58DB000240294CF
:10B14000047016980C9015980B9014980A90139808
:10B1500009901298089005A80EC03A4D2868AF21B2
:10B16000C9010391F9F74AFC0F464C0136482146C4
:10B1700005F092FB0526300424183448214605F0DA
:10B180008BFB294630070490287840061FD00868BA
:10B19000401C05AA9080086044480D460321009198
:10B1A00001901E230498214604F076FD04460028F1
:10B1B00045D12F4801682A68521A039B9A423DD90B
:10B1C000491C01603AA005F067FB029C37E0254668
:10B1D000FE093046503082B201211D4B049804F024
:10B1E0004FFD04461BA0314605F056FB002C26D12E
:10B1F000802F14492C46CAD81D4807683846039D3D
:10B200002946F9F7FBFB0F4906464543781B7F2883
:10B21000BDD808680399F9F7F1FB0A49B042B6D0E6
:10B220007F2087438037124807605F20820011A08B
:10B2300018A13B4605F030FB0249A8E7029C2046D6
:10B240000DB0F0BDF8CD0120772F0120292F01206E
:10B25000204E0000726F6D5F68775F666C61736887
:10B260005F6572617365203A25750D0A0000000064
:10B27000A4BD01205B25735D5B25645D203A2075CC
:10B28000706461746120726561644E756D206973CC
:10B290003A257500686973746F726963616C5F64E5
:10B2A0006174615F7772697465000000B80B00001B
:10B2B0005570646174656420726561644E756D3AA1
:10B2C0002025750A0000000001480249016070470E
:10B2D000280B0020B9A9002080B5FBF789F97D2053
:10B2E000800004F0B5FCF8F7BFFB80BD80B50648D0
:10B2F00001780020002905D104490978002901D1ED
:10B30000FCF700FC80BDC046C66A0120C76A012068
:10B31000B0B5082005F090FF002400280AD00546AB
:10B320000C2005F089FF002806D028606860002105
:10B3300081602C462046B0BD04A011A1402205F03A
:10B34000ABFA284605F04EFF2046B0BD5B25735D85
:10B350005B25645D203A204C696E6B2051756575E4
:10B36000652043726561746520416C6C6F63204D8C
:10B37000656D6F7279204661696C65640A00000032
:10B380006C696E6B5F71756575655F63726561741D
:10B390006500000070B50024002819D0054600683B
:10B3A0008668002E16D0B488944200D31446002933
:10B3B00005D03268084611462246F8F793FF3068F8
:10B3C00005F010FFB06829688860304605F00AFF74
:10B3D000204670BD6860204670BD014600200029EF
:10B3E00004D009688968002900D088887047000067
:10B3F000F0B583B0012500282AD0002928D01646B0
:10B40000002A25D0044602910C2005F015FF0225E4
:10B4100000281DD00746019500258560304605F0BF
:10B420000BFF386000280DD002993246F8F75AFF1A
:10B43000BE8020688168002900D1876060688760CD
:10B44000676005E004A010A1622205F025FA019DC5
:10B45000284603B0F0BDC0465B25735D5B25645D87
:10B46000203A204C696E6B205175657565205075CA
:10B470007420416C6C6F63204D656D6F727920464E
:10B4800061696C65640A00006C696E6B5F7175655B
:10B4900075655F707574000082B00A4D0AA403E000
:10B4A0000146204605F0F8F928680022D343694692
:10B4B00004F0FAFC0028F3D10199009804F046FF4B
:10B4C000F2E7C046AC7E01206C6C635F7461736B05
:10B4D00020676574206D7367206661696C65643AE6
:10B4E00025750A0080B503F08DFFFBF7ADF804F079
:10B4F00033FF80BD10B50024FFF7F8FE00280AD006
:10B50000FBF768F8002806D0FBF71EF803F00CFDE7
:10B5100004F028FF0124204610BD000010B5094B9F
:10B520001960094908700948026001200024214679
:10B5300004F046FB03210A220523204604F0EAFC1E
:10B5400010BDC046A0AD0120CC9901209CAD0120CA
:10B550008AB009A001AC21462CC82CC12CC82CC132
:10B560002CC82CC104F004FF0C480021224604F032
:10B5700061FD04F003FFFEE7C81001200100000098
:10B5800050AD01204400000020740120000800009C
:10B59000180000000000000000000000A55D002071
:10B5A000F0B583B0002A14D01C46002B11D01546EC
:10B5B00006460091FF20070302A902223846FEF743
:10B5C0002BFE00280DD0374837496E2205F064F96C
:10B5D00034E08720420054A03D4905F05DF9102673
:10B5E00034E002A800883149884227D1002E0ED0CD
:10B5F000BF1C002037490A181379B34207D0D288FC
:10B60000BA18971C001D2428F5D10020C743781CC8
:10B610001FD000983B181819801CB1002D4A5118F2
:10B6200049887918891C81421CD287204200163231
:10B6300030A0274905F030F9012607E087204000B7
:10B64000C21D1BA0224905F027F90126304603B090
:10B65000F0BD872042000E3232481D4905F01CF92A
:10B660000126F3E7009301A902223846FEF7D4FD34
:10B67000002808D00646872042001D3216A0144933
:10B6800005F00AF9E2E701A800880849884207D1D5
:10B690000098801C29462246FEF7BEFD0646D5E7E7
:10B6A0002226D3E7FF0B01204A0C01205A5A000042
:10B6B0005B25735D5B25645D203A204D4D5520442C
:10B6C00061746120496E76616C69640D0A00000046
:10B6D000410C01207A0B01205B25735D5B25645DC5
:10B6E000203A204D4D552052656164204661696CB9
:10B6F00065640A005B25735D5B25645D203A204D1F
:10B700004D55205265616420446174612042657921
:10B710006F6E6420456E6420416464726573730AC1
:10B7200000000000220C01205B25735D5B25645D39
:10B73000203A204D4D55204552525F504152415FB5
:10B740004552520D0A000000F0B587B01026002ABD
:10B7500044D01C460490002B40D015460F460C9850
:10B760000390FF20000306A90222FEF755FD1D4E9F
:10B77000002805D01C481D496E2205F08DF805E013
:10B7800006A80088B04201D1039816E0029705AAE6
:10B7900016800020009002230146F9F72BFF074690
:10B7A00001260028304605D011A01A49EC2205F0E8
:10B7B00073F80398002F029F10D100900498394627
:10B7C0002A462346F9F716FF002806D012A0114991
:10B7D000F52205F061F8012600E00646304607B084
:10B7E000F0BDC0465A5A0000FF0B01204A0C012050
:10B7F0005B25735D5B25645D203A204D4D552057D8
:10B800007269746520486561646572204661696C7F
:10B8100065640A005E0C01205B25735D5B25645D39
:10B82000203A204D4D552057726974652046616954
:10B830006C65640A00000000002805D0417800789B
:10B84000411A4842484170470120704780B50122A3
:10B85000002818D0002916D042780378934201D1ED
:10B86000032080BDC26803789A4201D8002200E01C
:10B870005A1C0270026953434068C31808461946AF
:10B88000F8F730FD0222104680BD00000C46054648
:10B89000FAF7DAFE06A005F00DFD09A0294604F02E
:10B8A000FBFF0CA0214604F0F7FFFAF7A1FEFEE72C
:10B8B0006F7320657272206F63637572730000008E
:10B8C000636F646520202020203A203078253038AE
:10B8D000580A00006F626A6563745F69643A2030D9
:10B8E00078253038580A000080B5401E05282CD82D
:10B8F0007844007940008744020B0F28131A294826
:10B900000121017034481C49104A04F0C5FF80BD74
:10B910000E48C21C2F4806E00C48821D22A002E0FF
:10B920000A4A0C320AA0144904F0B6FF80BD074A47
:10B930000F3212A0104904F0AFFF7D2081000120DA
:10B9400000F0E2FB17480021017080BD5D0500009A
:10B950005B25735D5B25645D203A205B454E5F4F40
:10B9600054415F4556545F555047524144455F46E8
:10B97000494E4953485D0A00802901205B25735DCB
:10B980005B25645D203A205B454E5F4F54415F4527
:10B9900056545F434849505F524553544152545D99
:10B9A0000A000000C76A01205B25735D5B25645DAA
:10B9B000203A205B454E5F4F54415F4556545F55DA
:10B9C0005047524144455F524551554553545D0AD5
:10B9D000000000004F1E0120721E0120F0B5CDB006
:10B9E0000126002800D188E20D460978012900D0FF
:10B9F00083E21F460B4B18806978491E052900D940
:10BA00007BE2890001A251588F46C04609B100204F
:10BA100081B10020ABB100200BB200202DB200207C
:10BA2000D1B50020B2720120EA490C917D21890430
:10BA30000D910CA904F0FCF90CAC069500252582AB
:10BA40000E950120000220810F950D950C9508AEF2
:10BA5000B580E1480D90E1480C900895304604F01F
:10BA600093FC20460A3006223146F8F73BFC1021B1
:10BA700020462A46069D04F08DFC2074000A60745E
:10BA8000D74800881222214600F0B2FB002800D1DE
:10BA90002EE20646D348D449D44A04F0FDFE2CE2F7
:10BAA0000CAC0022A280A2712271D1480C90052119
:10BAB00020461E4604F06EFC6071000AA0713088BA
:10BAC0000722214600F094FB12E20CAC0026A6727D
:10BAD0002681C8490E60C8490E80C8490E600D967F
:10BAE00001212171697AAA7A12025118EA7A1204A4
:10BAF00089182A7B12068918C14A1160697BAA7BC2
:10BB000012025118EA7B120489182A7C120689183D
:10BB1000BC4A1160BC490C9104F042FCF021217236
:10BB2000E671C42844D8093843E0A878E9780902C6
:10BB30000C18C52C059758D3012632025432B3484D
:10BB4000B349234604F0A8FE00271EE1059708A884
:10BB50000027877387810A9709970897FEF7C6FB26
:10BB60000028069500D18CE0044601263202B93245
:10BB7000FCA0F84904F090FE9E4807600CAD2F81B0
:10BB8000AF722F720D97EF806C7102202871A1485F
:10BB90000C90092128463A4604F0FCFB6872000A22
:10BBA000A872EF4800880B22294600F021FB94E19F
:10BBB000BB206071000AA07109212046324604F0C2
:10BBC000E9FB6072000AA072E54800880B2221465A
:10BBD00000F00EFB002800D18AE10646834A0F32AE
:10BBE000DD48814904F058FE87E128796979090226
:10BBF000091881480088814255D1211D685C62196D
:10BC0000527912021618002728463A4604F0C2FB61
:10BC1000864200D096E00B204003784E3168081829
:10BC2000CE4961188CB20695A91D002722463B46D5
:10BC3000FEF790FB002800D162E1D4490F600CAC04
:10BC40002781A77227720D97E7806071022020710B
:10BC5000CF480C90092120463A4604F09BFB6072C5
:10BC6000000AA072BE4800880B22214600F0C0FAEC
:10BC7000012632027232EE48EB4904F00DFE069DB9
:10BC800083E008A8C3490180C348066801210C026B
:10BC90000B204303FA43300A029103940492019368
:10BCA00022D138463BE0B94900270F600CACA7729F
:10BCB00027810D97010AA171607103202071D0487E
:10BCC0000C90072120463A4604F064FBE071000A1C
:10BCD0002072A34800880922214600F089FA012633
:10BCE00032025B32C7A04DE000271D4607920CA927
:10BCF00028462246FEF790FA002851D10CA821468A
:10BD0000079A04F053FB02462D1904988619FF3E4A
:10BD10007F1CA1480068000A87421046E6D3002E27
:10BD20004BD015460198801B9B49096840180CA907
:10BD30003246FEF771FA00283AD0039AA0329748AB
:10BD4000974931E091480760AC4800880CACA77275
:10BD500027810D97010AA171607101262671A848FB
:10BD60000C90072120463A4604F014FBE071000ACB
:10BD700020727B4800880922214600F039FA3202FD
:10BD80006732AA48A84904F087FD002F059F00D01C
:10BD9000AEE0974A1932A848974904F07DFDACE01F
:10BDA00091347E487E49224604F076FD002004E06E
:10BDB0000CA831462A4604F0F9FA7A4D2B689842CD
:10BDC0002AD1074608A8012141800524002004212A
:10BDD00040E0C046280028000402111103010C00B5
:10BDE000B27201205A0D0120FE0D0120490200000F
:10BDF00003020100CC720120B8720120C872012038
:10BE0000C4720120C072012003030500680C0120E8
:10BE1000E80D0120030405000090039AC432044693
:10BE200061A0594904F038FD08A80299017109215F
:10BE30004180210CC172210A8172447229684171CA
:10BE40000A0E02720A0CC271090A81712746200E7D
:10BE50000D240C2108AE70540025304621462A4698
:10BE600004F098FA3055000A311948700222224332
:10BE70003B480088314600F0BBF9064600282CD12B
:10BE80004848006887422E4627D101990E915549AE
:10BE90000D9155490C9100261396109005208003B2
:10BEA0001290029D680311903B4800680F900CAC03
:10BEB0001C212046049A04F079FA139028032022CA
:10BEC00021462B46FEF746FA002806D0039AF732A1
:10BED00046482D4904F0E0FC2E46002E069D059FA5
:10BEE00006D0434A23324348434904F0D5FC04E0DA
:10BEF0000026002F01D06878B84730464DB0F0BD1D
:10BF00003E490888401C08802048016809190160E2
:10BF1000326812193260090B01270F29069D17D3C9
:10BF2000002606600CACA67226810D96267141484B
:10BF30000C9005212046324604F02CFA6071000A6C
:10BF4000A071074800880722214600F051F91CE73C
:10BF500000261AE7110E0120830D0120FEFF0000CC
:10BF6000B27201205B25735D5B25645D203A204F32
:10BF7000544120466C6173682053796E632046619A
:10BF8000696C65640A000000110E0120CC7201206A
:10BF90000304050003050000C47201208B0C01207E
:10BFA000D50D0120C07201205B25735D5B25645DAA
:10BFB000203A20435243204552524F5220436F644F
:10BFC0006520435243203A203078253038582046A7
:10BFD0004C41534820435243203A20307825303892
:10BFE000580A000078676A474B2A0211D50C0120D5
:10BFF000490200002B0D0120FE0D0120B872012026
:10C00000030403005B25735D5B25645D203A204FCC
:10C010005441205061636B61676520496E646578A7
:10C02000204572726F720A00E80D0120B30D0120E5
:10C03000B20C012003040100FF0C012010B584B0F4
:10C040000A46014617480068FFF7D2F9002807D0D2
:10C05000154AED3215A01E4904F01EFC04B010BDB7
:10C06000EFF30580694602220A80002202920192C3
:10C07000002801D0134600E0D3431648006804F0BE
:10C0800003F800280CD0034613481449064C2246F6
:10C0900004F002FCF23412A00D49224604F0FCFB2D
:10C0A00004B010BDD46A0120BB0200005B25735DA3
:10C0B0005B25645D203A204C696E6B205175657577
:10C0C0006520507574204661696C65640A00000043
:10C0D00014290120C86A01209D1E01204A2901203F
:10C0E0005B25735D5B25645D203A2053656E64209B
:10C0F0004F5441204D657373616765204661696CDB
:10C1000065640D0A00000000F0B585B00D4602AF71
:10C1100000243C720394090AB9717D7101260190D3
:10C12000704038711448029007213846224604F0C6
:10C1300031F9F871000A387210480088092239462E
:10C1400000F056F8002805D00DA019A11C4A04F0F3
:10C15000A3FB0DE00198002809D01AA005F0AAF869
:10C16000284603F071FE04F027F9264600E0264633
:10C17000304605B0F0BDC04603060300B272012090
:10C180005B25735D5B25645D203A204F544120524E
:10C190006573706F6E7365204368697020526573B4
:10C1A00074617274204661696C65640A0000000065
:10C1B0006F74615F7273705F726573746172740023
:10C1C0001F0200002D2D2D2D2D2D2D2D2D2D2D2D32
:10C1D0002D2D2D4348495020524553544152542D42
:10C1E0002D2D2D2D2D2D2D2D2D2D2D2D2D2D2D00AC
:10C1F00080B513460A462349098804F08FF8411E8A
:10C20000884180BDF0B583B000282CD01849086063
:10C21000184D0024184B20462946224600F092FA79
:10C2200000940194412087001449204622463B4651
:10C2300000F01CFA124908800126002814D000944E
:10C2400001940C37A81C81B2204622463B4600F0E0
:10C250000DFA0C490880002806D003F09DFE00F07E
:10C2600037FA264600E01026304603B0F0BDC0463F
:10C27000CC6A012010FD0000CC30012011FD00002F
:10C28000CECD0120D0CD0120F0B583B01C4616469E
:10C290000F46029009891348089D2A4603F018FFAB
:10C2A000F888C00513D402943C8A0E48401C2146ED
:10C2B000324603F00DFFA01B81B2A94200D805460B
:10C2C000AAB2786981190298F8F70CF807E0398961
:10C2D000009502983246234600F0E2FE0546A8B2D9
:10C2E00003B0F0BD15510000F0B585B01D461646EF
:10C2F0000F46012101701478384604F063F80028D5
:10C3000000D16EE0009701950746C8379D49054664
:10C31000481C214603F02EFED8350295601E512898
:10C3200000D9D9E04000C046784480884000874466
:10C3300051005D006F0095009A00A100A700AE00BB
:10C34000B400BB00C000C700CC00D300D300D900AC
:10C35000DF00E600EC00D300D300F300F900000199
:10C360000501D3000C01D30013011A01D300D3003F
:10C37000D300D300D300D300D300D300D300D30025
:10C38000D300D300D300D300D300D300D300D30015
:10C39000D300D300D300D300D300D300D300D30005
:10C3A000D300D300D300D300D300D300D300D300F5
:10C3B000D300D300D300D300D300D300D300D300E5
:10C3C000D300D300D300D300D300D300D300D300D5
:10C3D000D3001E01029C20463146019A03F0F8FF6B
:10C3E000CBE0684803F0E2FC05B0F0BD38463146CA
:10C3F00003F0F4FF0028029C00D0BEE004A90098DE
:10C400000880388848800A20042203F0EDFFB4E059
:10C410000121304603F0EEFF7A889042014600D3B6
:10C4200011463A88914202D2172900D339803A78CE
:10C4300054498B1CC1B2184603F03EFE0220B8716D
:10C440003988009C204603F0DBFF03A90C80388864
:10C4500048800A20042203F0C7FF8DE038463146A9
:10C4600003F0D4FF88E0029C20463146019A03F095
:10C47000D3FF82E038463146019A03F0D3FF7BE0D8
:10C48000029C20463146019A03F0D2FF75E03846FF
:10C490003146019A00F0EAFB6EE0029C20463146EC
:10C4A000019A03F0CBFF68E03846314600F0D4FC37
:10C4B00062E0029C20463146019A03F0C5FF5CE031
:10C4C0003846314600F064FB56E0029C2046314677
:10C4D000019A03F0BFFF50E006223846214603F0E0
:10C4E000BFFF49E038463146019A03F0BFFF43E001
:10C4F000029C20463146019A03F0BEFF3DE03846DB
:10C500003146019A00F040FD36E0029C204631465B
:10C51000019A03F0B7FF30E038463146019A00F047
:10C52000CFFA29E0029C20463146019A03F0B0FF81
:10C5300023E03846314600F091FA1DE0029C204687
:10C540003146019A03F0AAFF17E0029C20463146CB
:10C55000019A03F0A9FF10E0029C20463146019A9F
:10C5600003F0A8FF09E0384600F0D2FC04E03846AA
:10C570003146019A00F0DBFC029C204603F0A0FF4C
:10C5800005B0F0BD145200000148024941607047F7
:10C59000BC0A0020C9B9002010B50C46C988C905DD
:10C5A00003D5218900F064FD208210BD01480249B5
:10C5B00001617047640900209DBC002001210170C9
:10C5C00000487047FFFF000080B5114803F02EFEC1
:10C5D000104803F031FE104803F034FE0F4803F01A
:10C5E00037FE0F4803F03AFE01F02AFB01F05AF93A
:10C5F00001F042F900F0ACFD01F044F901F022F93C
:10C6000000F0ACFDFFF7D2FFFFF7BEFF80BDC046D4
:10C6100039D3002005D4002071D3002061D400203C
:10C62000CDD30020B0B501468B4A1088002810D029
:10C6300013888A4A1468002204E00834521C9A4283
:10C64000184608D225888D42F7D865888D42F4D3E4
:10C6500002E0002200E01846D100804B1B68591808
:10C660004968002900D01046B0BDC046F0B581B081
:10C670001C4617460D461549079B069A00280DD003
:10C680000D46002F1BD03846214603F01FFF0646FB
:10C69000681C1022394603F003FD0AE028460F46C5
:10C6A000214603F019FF0646B81C294603F062FC38
:10C6B0003D46E81C3146224603F00AFD03E02846C9
:10C6C00003F074FB0026304601B0F0BDA552000017
:10C6D000F0B581B060480188002912D002885F4817
:10C6E0000368002004E00833401C9042114606D243
:10C6F0005C88002CF7D11C88002CF4D002E0114695
:10C7000000E000200E4C884206D181B2204603F0A2
:10C7100031FC002001B0F0BDC60003F0E3FE054689
:10C720004E4F38688019458003F0E2FE0246601CD7
:10C73000294603F0CDFC38688019408801B0F0BD6F
:10C74000A3520000F0B583B001920E46424D2988F5
:10C750000024002902930FD0404A12681788002F46
:10C760000AD02988083201231C468B4204D2631C5C
:10C7700017880832002FF7D18C4205D1A1B21F488B
:10C7800003F0F8FB002735E01C4D002813D02E469F
:10C79000019D002D2AD00520C102284603F0AEFEDF
:10C7A0000746B01C10222946354603F079FC002FBD
:10C7B0000DD100271EE00520C102304603F0A4FE83
:10C7C0000746E81C314603F0D5FB002FF1D0E0000E
:10C7D000224909680F5208180299416000214180DE
:10C7E000281DA2B2394603F073FC03E0701C03F06D
:10C7F000DDFA0027384603B0F0BDC046995200006C
:10C80000F0B581B0134D00281FD0002A1DD00C4672
:10C8100000291AD0002B18D00F490B800F490A604D
:10C8200000210F460E46FF00D151761CF7B29F4201
:10C83000F9D3002200922146134603F06BFE681CD8
:10C84000214603F097FB01B0F0BD284603F0AEFA95
:10C8500001B0F0BD97520000C06A0120187101209C
:10C86000F0B587B005460024069405A8048004A806
:10C870000480012398022E680643102774488642DC
:10C8800055D1880A53D1002A51D000930192E888EB
:10C89000029108424BD05026286806AF394603F073
:10C8A0003FFE7878400706D40127384603F0D0F9D8
:10C8B000761EF1D13BE028681E4903F037FE287A46
:10C8C000002802D1286803F037FE0520C70203972D
:10C8D000EF3F029E286806A903F022FE06980399FE
:10C8E00008420BD1304211D1012003F0B1F97F1E73
:10C8F000F0D1002001990880032718E028680399E7
:10C9000003F014FE01980480009F10E0286804AE34
:10C91000314603F017FE012003F01AFE318805AA04
:10C92000284603F01BFE05980199088027463846E3
:10C9300007B0F0BDFF7F000070B582B014460D4611
:10C94000064601AA002010803046FFF789FF002824
:10C9500001D002B070BD01A80288304629462346A6
:10C9600000F016F802B070BDB0B50D4604461120B7
:10C9700034490C2203F0DEFC2046294603F0F4FD86
:10C98000002800D0B0BD21680522D201CA65B0BD23
:10C99000F0B583B01C4603461020002C4FD0294D23
:10C9A0002E88002E4BD01F790A3F7D427D416D00BD
:10C9B00002951B6801252D02234FA9420CD1BB42D1
:10C9C0000AD1204B59890846029DE840121A214895
:10C9D00050431E89204A1EE0C9B200290BD0BB4239
:10C9E00009D1184841880846029DE840121AAF2034
:10C9F000800050430EE0002921D015498B421ED102
:10CA0000104BD9880846029DE840121AAF208000DA
:10CA100050439E880D4A01928E1BF7F76FFF074621
:10CA20002E413046F7F76AFF01463846F7F71BFDFF
:10CA30000199F7F782FCF7F78FFF2080002003B001
:10CA4000F0BDC046F499012000000260000061447E
:10CA500000040260DC05000000C05A4570B582B0D9
:10CA60000E460446102003F085FD00280AD0054636
:10CA70006189A0887278002300930193012A06D06F
:10CA8000032205E00D4803F091F902B070BD0222C7
:10CA900000F026FB010607D0C3B218210022284669
:10CAA00003F06EFD024602E0192028700122A088E2
:10CAB000294603F06BFD02B070BDC0462351000053
:10CAC000F0B58BB004920C4605460121204603F0D8
:10CAD00091FC07460321204603F08CFC03902E4670
:10CAE0002888001D80B203F045FD002813D00546BC
:10CAF00005A8394603F050FD002811D005A8C088CC
:10CB0000010701D5C00512D4162128463A4603F084
:10CB100049FD024628E01D4803F048F90BB0F0BD7E
:10CB2000162128463A4603F043FD02461CE005A9BB
:10CB3000304603F043FD002801D003460EE0B088E4
:10CB40000499491F89B2621D009201910122394660
:10CB5000039B00F0C5FA01060CD0C3B2162128468B
:10CB60003A4603F00DFD0246B088294603F00EFD5B
:10CB70000BB0F0BD28462146049C2246F7F7B2FBD5
:10CB80001720287077812246EEE7C0462251000028
:10CB9000F0B589B00D4604460121284603F02AFC71
:10CBA00006460321284603F025FC029003A83146DF
:10CBB00003F0F2FC07462088001D80B203F0DAFC87
:10CBC00000280CD00546002F0ED003A8C08880078F
:10CBD00010D40C212846324603F0F6FC3BE02248F4
:10CBE00003F0E4F809B0F0BD0C212846324603F00A
:10CBF000DFFC30E003A9204603F0E0FC002806D06B
:10CC000003460C212846324603F0BAFC23E0A088F4
:10CC100003AF3946FFF7C0FC388A029A824205D931
:10CC20000C212846324603F0D5FC14E0801A411C42
:10CC30002088814203DD1018401E03A9088207984E
:10CC4000801A81B2A08800916B1C03A9FFF71CFB1E
:10CC50000D212970401CA18882B20846294603F0A4
:10CC600095FC09B0F0BDC0461F510000F0B591B071
:10CC700014460E46074601213046099103F0BAFBDF
:10CC800005460321304603F0B5FB024671480A957C
:10CC900029460546089203F01BFA7279681C214662
:10CCA00003F016FA07973888001D80B203F062FC83
:10CCB000002804D00746082C06D3102005E0A81C45
:10CCC00003F074F811B0F0BD022006900A9A08999A
:10CCD000501E80B288420AD2701D05900BA803F046
:10CCE0007FFC002603960296099804900FE0082125
:10CCF000384603F05DFC9EE00BA9079C204603F03C
:10CD00005DFC002834D00390099C002C75D10BA841
:10CD100003F06CFC002870D00BAC204603F06CFCD8
:10CD20002289A188E81C03F0D3F90E980178407895
:10CD30000002401882B2E188281D03F0C9F9208959
:10CD40000028E1D000240A998842DED3089988425D
:10CD5000DAD80BA80599069A03F054FC0028D4D021
:10CD60000BA8C0888007C7D43004CED10D9ECCE775
:10CD7000A0880BA9FFF710FC0F98801C049989B2BA
:10CD800000220392022904D382B2029B9BB29342F7
:10CD9000BAD1012903D17870049B5B1C01E0049B8C
:10CDA0000298029080B299B20A18208882420493B5
:10CDB00006D90229A8D8001F0BAA1082801C7870FF
:10CDC0000BAC2289384603F023FC07988088218A1F
:10CDD00000910499891C049189B27B180022039266
:10CDE0002146FFF751FA0446681D214603F0C2F8B8
:10CDF000049820180490039C87E7049988B20228BD
:10CE000002D30920387017E00399080606D0CBB288
:10CE1000082138460A9A03F0B3FB0CE0300405D031
:10CE2000B2B20821384603F0CFFB04E008213846AF
:10CE30000A9A03F0F3FB0146A81D8CB2214603F0C9
:10CE400099F8079880883946224603F09FFB11B075
:10CE5000F0BDC04617510000F0B587B00A46044641
:10CE60000121104603F0C6FA064601A8314603F038
:10CE700093FB07462088001D80B203F07BFB00284F
:10CE80000CD00546002F0ED001A8C088800710D412
:10CE90000A212846324603F097FB2EE01B4802F099
:10CEA00085FF07B0F0BD0A212846324603F080FB1B
:10CEB00023E001A9204603F081FB002806D00346A9
:10CEC0000A212846324603F05BFB16E0A08801AE3B
:10CED0003146FFF761FB2088318A814202D3401E30
:10CEE00001A90882A08801A90A8A00926B1C00226D
:10CEF000FFF7CAF90B212970401CA18882B20846AD
:10CF0000294603F043FB07B0F0BDC0461E510000A8
:10CF100080B582B00189002907D000230381808871
:10CF200000930193042200F0DBF802B080BDF0B55D
:10CF300089B015460C4607460121204603F05AFAEF
:10CF4000064603A8314603F027FB00280CD04120F9
:10CF5000800003A9C9880140814205D103A9384650
:10CF600003F02CFB002801D009B0F0BDB888E91E01
:10CF700089B2E21C0092019100223146134600F072
:10CF8000AFF809B0F0BD0000F0B58BB003920C46CD
:10CF9000074601260846314603F02CFA014605A84B
:10CFA000049103F0F9FA0546102003F0E3FA002893
:10CFB0000CD0002D0FD005A9CA8811073D4613D407
:10CFC00012210446049A03F0EDFA1AE0274802F011
:10CFD000EDFE0BB0F0BD12210446049A03F0E8FA0E
:10CFE000214606463D460EE005A9D20511D4098A20
:10CFF000C91C039B99420CD212210446049A03F0E7
:10D0000013FB21460646A888324603F0BFFA0BB050
:10D01000F0BD002AD4D5074605A9284603F0CEFA6C
:10D02000002805D0034612213C463846049A13E0F6
:10D03000A8880399C91E89B2E21C009201910022BE
:10D04000049C2146134600F04BF8010609D0C3B2F8
:10D05000122122463C46384603F092FA39460646EB
:10D06000D1E7132039463870CDE7C0462151000082
:10D07000B0B50C4605460846FFF7D4FA01462948E4
:10D080000288002091420AD0C900274A126851182C
:10D0900049680A68002A02D0284621469047B0BD58
:10D0A000F0B581B01C4615460E4607460846FFF708
:10D0B000B9FA01461B480288002091420ED023464F
:10D0C000C900194A1268511849684C68002C05D0EB
:10D0D00006980090384631462A46A04701B0F0BD78
:10D0E000F0B583B01C4615460E4607460846FFF7C6
:10D0F00099FA01460B4802880020914210D023463D
:10D10000C900094A1268511849688C68002C07D078
:10D110000998089900910190384631462A46A0475F
:10D1200003B0F0BDC06A01201871012080B501284C
:10D1300009D801210840054A10601162C82002F098
:10D1400087FD002080BD012080BDC04640D4046022
:10D1500008480149C164704761CC002009204001A2
:10D160000449054A0A50E2480021044A026041602D
:10D170007047C046500B00209DD40020ED490000B0
:10D18000F0B587B00546D8482E184520000128186C
:10D190000290F8482B5C0391497B9768D0682C4635
:10D1A00050340278002B45D0002965D0092A00D0E0
:10D1B000B1E0FF2109020F40092109028F4200D08E
:10D1C000FCE0027A04A90A72027943791B029A18D8
:10D1D0008379C5792D02EB181B049A180592027801
:10D1E00043781B029A188378C0780002C0180004A4
:10D1F00080180490481C03F01DFA07460D460120D4
:10D2000030700026039A967210208143B9482F305F
:10D210003840029B03C3517BB448401C02F0AAFE75
:10D22000B64A3A4051208543218830462B4603F0C8
:10D2300007FA55E1002970D0092A00D1CAE0072A6F
:10D2400000D008E1FF231B021F40012673029F420A
:10D2500000D015E140780E2800D041E10026039867
:10D260008672A248401D02F085FE21881A203246AF
:10D27000334603F0E5F933E10E2A00D09CE0FF21AC
:10D280000902394009231B02994200D0E7E0027AE3
:10D2900004A90A72027943791B029A188379C47926
:10D2A0002402E3181B049A180592027843781B02A3
:10D2B0009A188378C0780002C0180004801804907F
:10D2C000481C03F0B7F90191894A0ACA894A0090BB
:10D2D000084011402F2404400A191027BB43284658
:10D2E00003F0B4F9002800D1F7E00246F843012129
:10D2F0003170814991610399D161019B034000988C
:10D300007C4E30400443029804604360284603F09A
:10D31000A3F90026E4E00126E2E0082A00D09CE020
:10D32000FF210902394009231B02994200D0C1E0C4
:10D33000027A04A90A72027943791B029A18837946
:10D34000C4792402E3181B049A18059202784378E2
:10D350001B029A188378C0780002C0180004801855
:10D360000490481C03F066F90191614A0ACA614AB7
:10D370000090084011402F2404400A191027BB4395
:10D38000284603F063F9002800D1A8E00246F843DC
:10D3900001213170584991610399D161019B03408A
:10D3A0000098544E3040044302980460436028467D
:10D3B00003F052F9002693E0012691E02846039CF1
:10D3C000214603F04FF90026A672617B474802F020
:10D3D000D1FD85E0FF2109020F4009210902434BDD
:10D3E0008F425AD1027A04A90A72027943791B0248
:10D3F0009A188379C5792D02EB181B049A180592A7
:10D40000027843781B029A188378C0780002C0180B
:10D41000000480180490481C03F00CF907460D46E0
:10D42000012030700026039A967210208143314803
:10D430002F303840029B03C3517B2C48C01D02F0A3
:10D4400099FD2E4A3A4051208543218830462B468B
:10D4500003F0F6F844E0012642E0012640E02846C9
:10D46000039D294603F0FEF8204CA01C394603F02A
:10D47000FFF80026AE72697BE01C02F07BFD2FE016
:10D480002846039C214603F0EDF80026A672617B36
:10D490001648001D02F06EFD22E02846039C21463E
:10D4A0001D4603F0DFF80026A672617BA81D02F07E
:10D4B00061FD15E02846039C214603F0D3F80B4D8F
:10D4C00028460830394603F0D3F80026A672617B5F
:10D4D0000935284602F04EFD02E0022600E0022651
:10D4E000304607B0F0BDC04649040000CE3600000B
:10D4F000207C012000CF87F7A98002002FCF87F77B
:10D5000070B5002810D00D4600290DD0002A0BD090
:10D51000D168097800240E290FD0082927D1154990
:10D52000405C002823D10CE016204921002422462B
:10D53000234603F0A3F8204670BD0E49405C002846
:10D5400015D001242C730026EE72FF2004302881B0
:10D55000304603F099F803C50748EE806E716E619E
:10D56000AE61E861AC700548314602F003FD20462B
:10D5700070BDC0465103000061C80020CD360000D8
:10D5800010B5044600F028FD002802D00C2101202F
:10D5900006E000F0FBFC002801D1014600E00C2170
:10D5A0002070084610BD000010B50A46002911D0B1
:10D5B0000446906B00280DD0107C072811D0062857
:10D5C00016D005281DD110480068D060104600F024
:10D5D00025FD13E08520C1001C20002303F04EF838
:10D5E00010BD09480068D060104600F01BFD05E042
:10D5F00005480068D060104600F01AFD0120207038
:10D6000010BD0020207010BD50080020B0B50D46A0
:10D6100000290FD00446A86B00280BD0287C0728CF
:10D620000FD0062812D0052817D12846114600F041
:10D63000F6FC0FE01C200A4900232A4603F01EF8DE
:10D64000B0BD2846114600F0F0FC03E02846114624
:10D6500000F0F8FC01202070B0BD00202070B0BDAB
:10D660008D04000010B50A46002918D00446906BBE
:10D67000002814D0107C072817D0062823D00528AE
:10D6800031D140480178D068484318490968884238
:10D6900000D80146D160104600F0C2FC20E01C20FA
:10D6A0001349002302F0EAFF10BD36480178D06824
:10D6B00048430E490968884200D80146D1601046A7
:10D6C00000F0B4FC0CE02F480178D06848430749CB
:10D6D0000968884200D80146D160104600F0D1FCAC
:10D6E0000120207010BD0020207010BD54080020C3
:10D6F00053040000B0B50D46002919D00446A86BAC
:10D70000002815D0287C072819D0062826D00528FF
:10D7100035D1E8681B490978F7F770F91A490968A3
:10D72000884200D30146E960284600F07AFC23E0F5
:10D730001C20164900232A4602F0A0FFB0BDE8686D
:10D7400010490978F7F75AF90F490968884200D358
:10D750000146E960284600F06AFC0DE0E8680949E6
:10D760000978F7F74BF908490968884200D3014660
:10D77000E960284600F098FC01202070B0BD002030
:10D780002070B0BD5C08002058080020B5040000DF
:10D79000B0B50446012500F087FB002801D02846DB
:10D7A00008E000F019FC002801D0012002E000F0A0
:10D7B000EDFB054620702846B0BD70B504460C262A
:10D7C000012500F0A5FB00280BD100F012FC002879
:10D7D00007D100F0E8FB0546002801D12E4600E005
:10D7E0000C262570304670BD70B504460C26012508
:10D7F00000F08EFB00280BD100F0FBFB002807D1C6
:10D8000000F0D1FB0546002801D12E4600E00C2691
:10D810002570304670BD10B5044600F079FB002835
:10D8200003D100F0E6FB002803D0002020700C207C
:10D8300010BD00F0B8FB00212170002800D00C20A2
:10D8400010BD0000152000011249074A0A5053205C
:10D850008000064A0A502920C000054A0A5051207B
:10D860008000044A0A507047D5CD0020EDCC00203E
:10D8700045CD002089CC002006480149016670474B
:10D8800071CE002003480449044A054B8363C263F8
:10D8900001647047500B0020F7CE00209BCE002083
:10D8A000C9CE002070470000B0B584B0002808D071
:10D8B00004468168022002F0EDFE002804D004B086
:10D8C000B0BD042004B0B0BDE389A289607C0146EC
:10D8D00002F0E6FE0028F2D16269A369217C607C37
:10D8E00001250095019002900025284602F0DEFEF9
:10D8F0000028E4D1206A02F0DFFE0028DFD1A18BEE
:10D90000606A02F0DFFE0028D9D106480570627C0B
:10D9100003CC02F0DDFE0028D1D102F0DFFE284664
:10D9200004B0B0BD0C0D002070B50126067027486C
:10D9300000780024002801D0204670BDEFF3108548
:10D94000EFF3108072B602F0CFFE00280CD0344CFA
:10D950002078002804D11F4802F0CCFE012020705E
:10D9600085F31088012070BD2F490846683800688B
:10D970002B4A1278002A1DD030401BD0052208689F
:10D980000B68984204D0531E12061A46F7D1FF22A4
:10D99000110613D023490968814213D90C4A128811
:10D9A00085F31088081A5109884200D800263446A9
:10D9B000204670BD85F31088204670BD85F3108821
:10D9C000204670BD85F31088204670BD5F09002099
:10D9D00022080020FFFFFF1FB0B501210170EFF307
:10D9E0001084EFF3108072B60D4D2878002813D004
:10D9F0000C4800680C490968814205D2491D8142E2
:10DA000004D202F07DFE05E0642001E04B2080009E
:10DA100002F01EF90020287084F31088B0BDC046C3
:10DA20005B09002080000040E8010040B0B584B0F0
:10DA3000002808D004468168042002F02BFE00284C
:10DA400004D004B0B0BD042004B0B0BDE389A28905
:10DA5000607C014602F024FE0028F2D16269A369CD
:10DA6000217C607C012500950190029000252846CC
:10DA700002F01CFE0028E4D1206A02F01DFE0028FE
:10DA8000DFD1A18B606A02F01DFE0028D9D103CC42
:10DA9000627A02F03BFE0028D3D10348057002F001
:10DAA0003BFE284604B0B0BD9C0D002070B584B08C
:10DAB000002808D004468168062002F0EBFD00280B
:10DAC00004D004B070BD042004B070BDE389A28905
:10DAD000A17C607C02F0E4FD0028F2D16269A369B8
:10DAE000217C607CA57C0126009601900295002592
:10DAF000284602F0DBFD0028E3D1206A02F0DCFDBD
:10DB00000028DED1A18B606A02F0DCFD0028D8D1AC
:10DB100003CC627A02F0DCFD0028D2D10348057004
:10DB200002F000FE284604B070BDC0469D0D0020E6
:10DB3000B0B584B0002808D004468168032002F004
:10DB4000A9FD002804D004B0B0BD042004B0B0BDCD
:10DB5000E389A289607C014602F0A2FD0028F2D18F
:10DB60006269A369217C607C012500950190029087
:10DB70000025284602F09AFD0028E4D1206A02F030
:10DB80009BFD0028DFD1A18B606A02F09BFD00287D
:10DB9000D9D103CC627A02F0B9FD0028D3D1034871
:10DBA000057002F0C5FD284604B0B0BDBC0D0020D4
:10DBB00070B584B0002808D004468168052002F0C2
:10DBC00069FD002804D004B070BD042004B070BD0D
:10DBD000638A228AA17D607D02F062FD0028F2D175
:10DBE000A17DE06802F0AAFD0028ECD1A269E369FA
:10DBF000217D607DA57D012600960190029500257E
:10DC0000284602F053FD0028DDD1606A02F054FD81
:10DC10000028D8D1218CA06A02F054FD0028D2D16E
:10DC200003CCA27B02F072FD0028CCD10348057022
:10DC300002F08AFD284604B070BDC046BD0D00202C
:10DC4000024803498164034941657047200D002063
:10DC5000B9D0002009D0002070B50546554E306877
:10DC6000002801D0012070BD02F074FD2846FFF7A6
:10DC70001BFE0446002801D0204670BD03483060DA
:10DC800003CD02F06DFD204670BDC0468427020022
:10DC9000F0B581B00446474F3868002801D001260E
:10DCA0001EE002F057FD03CC637A00252A46083CAB
:10DCB00002F05CFD03C42068627A2946083C02F049
:10DCC0005BFDA0602046FFF7B1FE0646284602F045
:10DCD00059FD002E04D10448386003CC02F040FD09
:10DCE000304601B0F0BDC046D427020070B50546ED
:10DCF000304E3068002801D0012070BD02F02AFDAE
:10DD00002846FFF7D3FE0446002801D0204670BD08
:10DD10000348306003CD02F023FD204670BDC046AD
:10DD2000E4270200F0B581B00446224F386800288D
:10DD300001D001261EE002F00DFD03CC637A002520
:10DD40002A46083C02F012FD03C42068627A294684
:10DD5000083C02F011FDA0602046FFF7E9FE0646F0
:10DD6000284602F00FFD002E04D10448386003CC91
:10DD700002F0F6FC304601B0F0BDC046F4270200C8
:10DD800070B505460B4E3068002801D0012070BDEB
:10DD900002F0E0FC2846FFF70BFF0446002801D004
:10DDA000204670BD0448306003CD02F0D9FC204607
:10DDB00070BDC046C00D002004280200B0B501238C
:10DDC0000370D06804780020162C35D87123DB004E
:10DDD000CB18C0467C4424796400A744151A2D0B47
:10DDE0002D2D2D2D102D0B2D1F2D102D2D2D2D2DCD
:10DDF000242D29000846194602F0CAFCB0BD084689
:10DE00001946FFF77DFBB0BD0846194602F0C6FC77
:10DE1000B0BD0846194602F0C7FCB0BD0846194619
:10DE200002F0C8FCB0BD0846194602F0C9FCB0BDFE
:10DE30000846194602F0CAFCB0BD000080B502F0E9
:10DE4000CBFC02F0CFFC02F0D3FC002800D080BD58
:10DE500002F0D4FC064802F0D7FC022002F0DAFC03
:10DE6000042002F0DDFC0B2002F0E0FC002080BD6D
:10DE700020F50100084909680A4A1278824203D84D
:10DE80000020002907D105E03522D200424388183E
:10DE9000002900D108467047E85701200148007862
:10DEA0007047C046C26A0120F0B581B0FFF7F6FFA7
:10DEB000002827D0044600250126E8B2FFF7DAFF44
:10DEC00000280FD099300178002907D04078002829
:10DED00004D00020374600280FD114E03046002837
:10DEE0000BD110E0912001011E202A46234602F0AA
:10DEF000C5FB00273846002805D06D1CAC42DCD19C
:10DF0000002700E000270120384001B0F0BD0000EC
:10DF1000F0B581B0FFF7C2FF002828D004460025E5
:10DF20000126E8B2FFF7A6FF00280DD08D30017B57
:10DF3000002905D0417B002902D00078002811D0AB
:10DF4000304600280AD115E01E200C492A462346F7
:10DF500002F094FB0027384600280BD06D1CAC4221
:10DF6000DFD106E0002037460028F7D102E0002785
:10DF700000E000270120384001B0F0BD2609000074
:10DF8000014800687047C046EC57012080B5FFF794
:10DF9000F7FF002805D03321C900405C411E8841AD
:10DFA00080BD002080BD80B5FFF7EAFF014600205C
:10DFB00000290AD03322D2008A181278002A04D00D
:10DFC00091310878411E4842484180BD01480068AF
:10DFD0007047C046F057012080B5FFF7F7FF0028D3
:10DFE00005D047218900405C411E884180BD00204A
:10DFF00080BD80B5FFF7EAFF0146002000290CD064
:10E00000472292008A181278002A06D0A531097892
:10E0100002220A43032A00D1012080BD70477047C5
:10E020007047704717218174704770477047704779
:10E03000FF217431826B6423535483745018192167
:10E040004170704770B50A460446FF2108462030EB
:10E05000A36B1E18B92040001D18185C002807D0BB
:10E06000FF2A00D8D1B268781A2200F036F868701A
:10E070003078002801D0012000E00220285CA07444
:10E0800070BDB0B50446FF20A16B024620328A5C09
:10E09000002A08D074300D18287801211A2200F0C7
:10E0A0001CF82870A074B0BDB0B50446FF20A16B69
:10E0B000024620328A5C002A08D074300D18287875
:10E0C0003221642200F003F82870A074B0BD40181B
:10E0D000904200D80246D0B270475318834200D213
:10E0E000421AD0B27047000010B501242046FFF755
:10E0F0001DF802F0A1FB02F0A5FB002800D010BD26
:10E1000001480470002010BDC56A0120F0B585B03B
:10E1100016460546EFF3058002AA95701180D67069
:10E1200000240394002800D1E443002E2DD0242E97
:10E1300018D801932C4800900068002102F088FB59
:10E140000390002809D1274800900068002739462D
:10E1500002F07EFB039000283BD0009800680490FA
:10E1600003980EE0802E28D801931E4800680027EF
:10E17000394602F06DFB0390002825D01949096843
:10E18000049101993246F6F7ADF8154EF01C294678
:10E1900001F0F0FE1548006802A900252A46234632
:10E1A00001F072FF47424741002815D0321D81B26D
:10E1B000104601F0DFFE2F460EE00948801C314674
:10E1C00001F0D8FE002707E00548401C01F0EEFDF5
:10E1D00002E0034801F0EAFD384605B0F0BDC04654
:10E1E00004600000D0990120D4990120DC41012075
:10E1F00010B582B0019100900022EFF30580002855
:10E2000001D0134600E0D34307480068694601F097
:10E210003BFF0446002803D004A0214602F03CFB4B
:10E220006042604102B010BDAC7E0120626C655F4F
:10E230007461736B5F73656E645F6D73675F746F3A
:10E240005F6C6C635F7461736B206661696C65649D
:10E250003A25750A00000000014908707047C04661
:10E260002C7E0120B0B50446000C210102D50F21FF
:10E270000903084300B2F6F741FB210701D5F0215D
:10E280000C4365B2012D09DB0B4D2946F6F7AEF8BC
:10E29000611E62B2012A0C46F7DC0025002D0AD56A
:10E2A000054C2146F6F7DFF8691C6AB20023DB4310
:10E2B0009A420D46F5DBB0BD00002041010300018C
:10E2C000000D401880B27047F0B595B02C4800881A
:10E2D0000AA94880088000248C73052000028881E8
:10E2E0000B940C94204602F0B9FA08AE304602F0C6
:10E2F0004BF802A9FF208873487308730925CD7273
:10E30000182088721F204872022008720322CA71E6
:10E310000D238B714C7119230B71CA7006228A7000
:10E32000012201924A7008707079C87309980874C4
:10E33000F0784874B07888747078C8740898087554
:10E340001522204602F090FA0E4F3846F5F7EEFF00
:10E3500002460EAE7570401C3070B01C3946F5F7A1
:10E36000C1FF3846F5F7E2FF801CC2B220463146B5
:10E3700002F080FA2046019902F082FA15B0F0BD51
:10E38000D8300120B03001201C4615460E46074605
:10E39000F8F75AF907A002F08DFF0BA03946324674
:10E3A00002F07AFA10A02946224602F075FAF8F730
:10E3B0001FF9FEE773797374656D206572726F7271
:10E3C000206F6363757273007531364572724D6FDD
:10E3D00064756C653A2575207531364572724C69E5
:10E3E0006E653A25750A0000753332457272496EC2
:10E3F000666F313A257520753332457272496E6603
:10E400006F323A25750A0000B0B582B00446407DEF
:10E41000217D00290CD0EFF31081EFF3108272B64A
:10E420000022227562682260626A226281F310888B
:10E4300000280AD0EFF31081EFF3108272B60022A9
:10E440006275E27DA27581F31088A17D02291DD03D
:10E45000002941D1EFF31080EFF3108172B6E16A29
:10E46000002901D0A26A8A621D4A1368A34201D121
:10E47000A36A13601B4A1368A34200D1116080F3A2
:10E4800010880020A062E06202B0B0BD00280CD06D
:10E490002569E5607D20C1002068C003F6F7AEFA6B
:10E4A0004019A060019502B0B0BD207E012811D1B5
:10E4B00000200190094801A901F090FC019DE56050
:10E4C0007D20C1002068C003F6F798FA4019A060CB
:10E4D00002B0B0BD0120A07502B0B0BD0030056033
:10E4E000889A01208C9A01200A480088401A4142EB
:10E4F000414148007047C04606480088884206D11E
:10E5000000205870044800781870022070470020DE
:10E510007047C046AC720120AE720120F0B595B0D4
:10E520000E460D907D20C2000C922E3A5EA06549E9
:10E5300002F0B2F9002E09D063A40D9D3746297868
:10E54000204602F0A9F96D1C7F1EF8D1604802F048
:10E55000B1FEF1B20D9F384600F066FF002800D1F1
:10E5600088E005460146F03948424841EF212940FC
:10E570003F31C9B201240229214600D300210143C1
:10E58000012900D0E1E0D12D64D12821514F7A5CDE
:10E59000012002400B9453D00024074606902046E9
:10E5A0000991089201F0C0FB4B48022107912246D5
:10E5B00001F0CCFB0A950EADAC722C8138020590AF
:10E5C000E8800C20287114AF3C8044480E90212034
:10E5D00001012846FEF7C8F9284605993A46FEF794
:10E5E000ABF93B883D463720C2003D483D4902F02B
:10E5F00053F9079801F098FB364806998177354F13
:10E60000288839494143C80C38840EAD2C731094C6
:10E610000F940E94D1200D242946224601F0BCF916
:10E620003248808829460A9D22460B9C00F048FC0F
:10E630000C9A0C3A2E48234902F02EF9089A0999AF
:10E64000785C800700D5F4E0785CC00600D5F0E087
:10E65000002A0BD1F6F780FF0C9A1B322548194986
:10E6600002F01AF90D98314600F0D4FEF02D00D1D9
:10E6700012E1A7E30C9A233A1F48124900242346CB
:10E6800002F00AF93878411E042900D99AE3701E75
:10E690004900C0467944898849008F442F002901E8
:10E6A0003F0154016401C0465B25735D5B25645DD9
:10E6B000203A2054542052656365697665203A20DB
:10E6C0000000000039290120307825303258200020
:10E6D000562E01202841012080B004600000026015
:10E6E000AB1601205C290120CDCC000098710120DF
:10E6F000401501205A150120B015012013941294E1
:10E70000119410940F940E94193EB1B2F84A9142AC
:10E7100000D257E382B20121022A0D460D9E0CD38E
:10E7200001252946725D202A07D36D1C491CCAB2F7
:10E73000C3B29A42F6D301461546C8B2012800D0AA
:10E74000ADE1FD48FD49FE4AEDE2B02D4BD0C02DB4
:10E7500000D0C9E00EA80021017310910F910E9115
:10E76000F6F70EFB01280B941AD10122D102F548CD
:10E7700001F0E6FAC0200EAC2F460D2521462A46B0
:10E7800001F00AF9F048808821460B9C2A463D4654
:10E7900000F096FB0C9A3A32ECA0E84902F07CF8C3
:10E7A000F6F7EEFA02281BD10120C102E54800224B
:10E7B00001F0C6FAC0200EAC2F460D2521462A4690
:10E7C00001F0EAF8E048808821460B9C2A463D4645
:10E7D00000F076FB0C9A4132E948D84902F05CF827
:10E7E000B02D00D080E0E74F3B78F0201840102893
:10E7F00066D10C9A4932E448D04902F04DF83B7892
:10E80000122B0A9500D10BE1112B00D123E1102B23
:10E8100000D03DE1DD480078002800D1F2E1DC487D
:10E8200000230360DB48032101700C9A5732DA4859
:10E83000F1E1B88B0E46F6F765FB0446FCF710F8DD
:10E840000EA900220A7310920F920E923246B95D01
:10E85000890702D50221B9777C842E46B95CC906A6
:10E8600002D51021B9777884D1200EAC0D25214630
:10E870002A4601F091F8B448808821462A4600F0E3
:10E880001FFB0C9A0D32C548AC4902F005F835461D
:10E890000B9CF02D00D095E20D98C078800700D435
:10E8A00090E2BF4A00211160009407200423FCF786
:10E8B0004BFF002800D185E20C9A2832B9482BE1A1
:10E8C0000C9F3A46B432B8A09C4C214601F0E4FFBC
:10E8D000F6F742FEB637C04821463A4601F0DCFF63
:10E8E0000D98314600F096FDA02D00D15FE269E25F
:10E8F00013941294119410940F940E94000400D069
:10E9000060E2052000210EAA1723FCF749FE00282B
:10E9100000D1EFE08A4A1C32B048FDE083B2022BFE
:10E9200000D04FE20D9A5078917809020D18AC484A
:10E930002818203880B2AB49884200D9C9E0804A03
:10E940003532A948E8E0000400D03BE2062000216F
:10E950000EAA0223FCF724FE002800D1DEE0784A4C
:10E960004E32A248D8E00D98817A0A91417A0B91F3
:10E97000017A0691C4798779467901790791C1783E
:10E9800008918178099140780D90FCF7B1F805461F
:10E990009748854204D1974802F08CFC15B0F0BD31
:10E9A0003802801905900EAFB88006980002001951
:10E9B00006900A21F6F722F8F880079800020899D5
:10E9C000411808910C9E304648438B49F6F716F8DB
:10E9D0007880099800020D994418664330468649AC
:10E9E000F6F70CF838802846394601F021FA0A98E3
:10E9F00000020B994118284601F064FB7F4802F0A1
:10EA000059FC089B0093059801900290069803908A
:10EA100004907B482146224601F03EFF15B0F0BD30
:10EA2000EC480078002800D1F9E02646EA4804685E
:10EA3000EA48056820462946F5F7E0FF002900D19D
:10EA400036E1E7480221017000950C9AA332E548AF
:10EA5000DD4923468CE1DF480078002800D1F0E052
:10EA6000009408260024DC4D0423304621462A4623
:10EA7000FCF76AFE002800D131E1D948032101707A
:10EA80002C6000940C9A7832D748CF4908236FE164
:10EA9000D348012101700C9AAA32DD48BBE0DF4C5B
:10EAA000E21CE548C8492B4601F0F6FE711C0EAE8B
:10EAB00030462A46F5F716FC01200090052000217B
:10EAC00017233246FCF740FE002800D1CEE0083480
:10EAD0000BE0521C0120009006200021FCF734FEC0
:10EAE000CE4C002800D1CEE03B34D04819E1C046DE
:10EAF000E9FF0000FBF7FCFF04460EAD2846F5F7E2
:10EB000015FC82B22046294600F0DAF9C34A0028F3
:10EB100000D1F5E02332C248AB4904E1FBF7E8FF3E
:10EB20000EA9022200F0CCF9BC4C002800D1ECE088
:10EB30005534BB48F5E0C046362201203929012072
:10EB4000C104000080B00460987101205B25735DF2
:10EB50005B25645D203A2074747320546F205365E4
:10EB6000742048616C6C204C6F636B2C6C61746317
:10EB7000682048696768206C6576656C200D0A001E
:10EB80007B15012094AD01200D1C0120A8BD0120A2
:10EB900098AD012095AD0120B51F01204015012041
:10EBA000E43001202A2001205B25735D5B25645D34
:10EBB000203A2050726F63657373696E6720414617
:10EBC0004520706172616D657465723A20307825F8
:10EBD0003032580A000000005A150120AC220120F2
:10EBE0001FC0FFFF1EC0000008230120D822012003
:10EBF000FFFF000075280120E2040000AA28012080
:10EC0000B219012074481123036075480021017076
:10EC10000C9A51327D486C4901F03EFEABE0092070
:10EC200000246D4D042621462A463346FCF7B8FCE5
:10EC300000287CD06A4806702C600C9A89326E4895
:10EC400010E008200024644D042621462A4633465D
:10EC5000FCF7A6FC002871D0614806702C600C9A65
:10EC600067326848584901F017FE83E00C34734856
:10EC700055490EAD22462B4601F00EFE2846F9F707
:10EC800037F815B0F0BDADB22846F5F757FE0022B3
:10EC9000644BF5F7D9FC009001913F3464484A4930
:10ECA000224601F0F9FD2846F9F70EF815B0F0BD3F
:10ECB000009609260024484D0423304621462A4662
:10ECC000FCF742FD002841D04548032101702C602B
:10ECD00000940C9A9D3244483B49092348E02B6834
:10ECE0003E4803600C9A70324548374F394601F070
:10ECF000D3FD3B4804702B6800960C9A723235E0C5
:10ED000027324C4830490EAB86E60EA80088F5F74E
:10ED100015FE0022434BF5F797FC00900191593402
:10ED200041482949224601F0B7FD15B0F0BD2C48F5
:10ED300004702B680C9A8332304805E02848047030
:10ED40002B680C9A613230481F4911E02B68274824
:10ED500003600C9A953226481B4F394601F09CFD02
:10ED60001F4804702B6800960C9A97322148394648
:10ED700001F092FD164F0EAC0020207310900F9002
:10ED80000E90B0200D2521462A4600F005FE0F48C2
:10ED9000808821462A4600F093F83B780C9AB032DE
:10EDA0001C48094901F078FD0A9DA02D0AD11A4896
:10EDB0000078002806D13720C0003C30FBF728FF40
:10EDC00015B0F0BD15B0F0BD3929012098710120B2
:10EDD00094AD0120A8BD012098AD0120244101205F
:10EDE00095AD01202F1A0120921A01205C410120CB
:10EDF0005C1F0120331B01205C230120ED1E01203C
:10EE0000881F01208D230120241F0120A01C012028
:10EE10003A1C01206B1C01202A7E0120C104000045
:10EE2000542001200000E43F9F2601200021012002
:10EE3000CB2601208B240120A0180120AE24012024
:10EE4000F0B583B0334908601B4E00241B4B2046AD
:10EE500031462246FDF776FC0125002828D0009493
:10EE60000194701C81B2412087003B460C33204640
:10EE70002246FDF7FBFB17490880002818D001F057
:10EE80008BF822490880002812D000940194B01C0D
:10EE900081B2204622463B46FDF7E8FB1C4908802C
:10EEA000002805D0FDF714FC1B4801210170254600
:10EEB000284603B0F0BDC046F0FF0000E830012056
:10EEC00080B513460A460349098801F027FA411E16
:10EED000884180BDA872012080B50C480288029844
:10EEE0008A4204D100780C490870002080BD084A8D
:10EEF00012888A4207D1002805D006490A68002AEC
:10EF000001D003999047002080BDC046AC7201201B
:10EF1000AA72012084710120AE720120010B00054C
:10EF2000000940187047000070B501267107404C79
:10EF3000002520462A4600F0FDFE710520462A469F
:10EF400000F0F8FE2C2000F0BBFF70BDF0B589B0DA
:10EF5000002867D03549086001246607344D08222F
:10EF60002846314600F0B8FF01946705062228467E
:10EF7000394600F0B1FF022428463146224600F00F
:10EF8000E5FE28463946224600F0E0FE2C2000F03F
:10EF9000E3FE0546002846D1264803904B20400258
:10EFA0000290254E02A9304600F09CFF054600283D
:10EFB00039D1172000F0D0FE0546002833D1304665
:10EFC000019F394601F062FC04A903240C747D20E2
:10EFD000C000069019480590301D0490184807900D
:10EFE000184E304600F0C4FE05460020122100F005
:10EFF000B9FEB80414490860FF210904134A1368D4
:10F000008B43A1055918116011490860072130464A
:10F0100000F0B4FE3046394600F0B6FE304600F04F
:10F0200065FE00E01025284609B0F0BDF44F012030
:10F0300000B004602130010100040060287C012040
:10F0400000024900C081005080E200E010E400E0CE
:10F0500000E100E0F0B591B00C460790A24AAB3257
:10F06000A2A0A94901F018FC002C09D0A7A7079E6F
:10F0700025463178384601F00FFC761C6D1EF8D11C
:10F08000A44802F017F9F6F7E1F9E1B2079800F0A9
:10F09000CBF9002832D00746934D2A46BE329EA0B7
:10F0A000994901F0F9FBD12F04D12821A448415CF2
:10F0B000002931D0F02F26D12C4608AD002028732E
:10F0C0000A90A049096829720A0EEA720A0CAA720B
:10F0D000090A697209909C480890F0200D2629467B
:10F0E000324600F059FC9948808829463246FFF79D
:10F0F000E7FEE334964884492246B0E07A4AB932C2
:10F10000BF488149ABE0D12F01D1002746E028203C
:10F110008B4900270F5441E08E4E3178491C3170E5
:10F120002422805E8C4B1A68101818608B48006887
:10F1300049B241438548038D00912A46C53288482B
:10F14000714901F0A9FB0027F6573A207F49095C75
:10F1500084480068484381490968F5F74FFCB0428C
:10F1600019D806907C48006805903146F5F766FC92
:10F17000074600B2009601902A46CA327A48624990
:10F18000059B01F089FB002072490870380A079935
:10F19000487206980F72B04200D9A2E06B4880888E
:10F1A000002826D007992246FFF78AFE2A46FB321E
:10F1B0006EA0554901F070FB67480024046038B226
:10F1C000F5F79CFB7149F5F74EF90790F5F702FC4E
:10F1D00006460F460090019108A814216CA201F088
:10F1E0006BFB6D4D14282CD26DA0474908AB2A4605
:10F1F0002BE079480168491C01600DAC002626709F
:10F20000764D2846F8F7CCFD08A92846F8F7E2FF26
:10F210007348815F73480088089D009601960296A6
:10F220000396049606463804831907910A0420467B
:10F230002946FBF781FF002834D002466A480021A6
:10F240000DE003466A1D55482F4901F025FB3F4953
:10F25000487F002807D00C3559482B492A4601F031
:10F260001BFB11B0F0BD087F002831D0009601973C
:10F2700054480D46544926461B4C224601F00CFBCF
:10F280000798FBF723FAFFF719F80DA948804E708D
:10F29000288D88802846F9F7DBFA00281BD00B342C
:10F2A0004A481AE0BCB2514802F004F850482946D6
:10F2B00001F0F2FA4F48079901F0EEFA4E48314654
:10F2C00001F0EAFA4D48214601F0E6FA11B0F0BD2E
:10F2D00012354048C1E71D343D483B49224601F004
:10F2E000DBFA11B0F0BDC0463E0200005B25735D45
:10F2F0005B25645D203A2055415254205265636578
:10F30000697665203A2000002629012025303258F0
:10F3100020000000562E01205B25735D5B25645D97
:10F32000203A205541525420756E7061636B206104
:10F3300066652070726F746F636F6C0D0A00000059
:10F3400028410120E4300120AA0DF000987101202D
:10F3500040150120E24F0120E44F0120244101200B
:10F36000411801205C410120B81801205B25735D24
:10F370005B25645D203A2074745F736572766963FF
:10F38000655F73656E640D0A000000000000C842EE
:10F39000252E3266000000006E0300005D1601207D
:10F3A0005B25735D5B25645D203A205541525420F6
:10F3B00052656365697665203A2025730D0A000061
:10F3C0000D1801208C1B0120EF290120B41201200F
:10F3D0001E160120B8170120F4CD01208E710120E6
:10F3E000BC720120B0720120C11E012059280120E9
:10F3F0000A280120AF2701203A2701207E2701207B
:10F400001928012080B502480068FFF79FFD80BDE4
:10F41000F44F012080B50A460146024800F090FFF3
:10F4200080BDC04600040060F0B583B0002900D163
:10F4300050E10D4604460026954F964A02900191F0
:10F440000FE00020107310605060906092490870C7
:10F4500001209249087038701370761CAE4200D1BA
:10F4600035E138780328F8D8A35DC04678440079A0
:10F4700040008744010C161FAA2BE2D0552BE0D088
:10F480005A228748874901F007FA824AE5E70D2B9F
:10F4900000D0C8E08148007813547F490B700221E6
:10F4A00003E07E480078135403213970401C7B49E7
:10F4B0000870D2E7794800781354411C77480170EE
:10F4C00075480078C9B28142C7D10021397014460D
:10F4D000821E0B4627787918641CD7B25B1CDDB2FC
:10F4E000BD42F7D96B4A8018401E00784942CBB222
:10F4F000984200D0A0E01078AA28029C019D644F99
:10F5000000D1A3E05528A8D190780146B039402910
:10F5100000D9CEE0890002A25158DA4A8F46C0468F
:10F520008BEE002005ED002005ED002005ED00200C
:10F5300005ED002005ED002005ED002005ED002083
:10F5400005ED002005ED002005ED002005ED002073
:10F5500005ED002005ED002005ED002005ED002063
:10F56000A7EE0020BBEE0020B1ED002005ED00204D
:10F5700005ED002005ED002005ED002005ED002043
:10F5800005ED002005ED002005ED002005ED002033
:10F5900005ED002005ED002005ED002005ED002023
:10F5A00005ED0020FFEE0020B1ED002005ED00206C
:10F5B00005ED002005ED002005ED002005ED002003
:10F5C00005ED002005ED002005ED002005ED0020F3
:10F5D00005ED002005ED002005ED002005ED0020E3
:10F5E00005ED002005ED002005ED002005ED0020D3
:10F5F00005ED002005ED002005ED002005ED0020C3
:10F6000005ED002005ED002005ED002005ED0020B2
:10F6100005ED002005ED002005ED002005ED0020A2
:10F62000B1ED002019E76622DA48A44901F034F967
:10F63000944A0020387010E77C2293A09F4901F083
:10F640002BF9904A029C019D8D4F06E79078014668
:10F65000C1392F2929D8C0467944097949008F44F6
:10F660003C4A23232323232323232323232323232A
:10F67000728A2323232323232323232323232323A4
:10F6800023232323232323232323232323232397D6
:10F69000A9BD0120ACBD0120E84F0120CCBD012057
:10F6A000A92B01207E2E0120D7E6B02800D0D4E679
:10F6B000BEE0A02800D0D0E6E178B14A11702179EF
:10F6C000627912025118AF4A118003B0F0BD0020D8
:10F6D00003B0F0BD002003B0F0BD6A4CE078934D5C
:10F6E0006870A0886880E088A8802089E8806089A8
:10F6F00028819D487EE0634CE07821790902081852
:10F700008A4D68816079A17909020818A881E07999
:10F71000217A09020818E881607AA17A090208189A
:10F7200028828A4801F0C6FD6989894801F0B4F849
:10F73000A989884801F0B0F8E989874801F0ACF858
:10F74000298A86A093E04F4CE078784DA8772089ED
:10F75000A8846089E884794801F0ACFDA97F7848E5
:10F7600001F09AF82420295E764801F095F82620C9
:10F77000295E75487BE06E4801F09CFD6E4801F003
:10F780008BF8694801F096FD3E48807803B0F0BDE3
:10F790003C4CE0783021654D68546068E86264480C
:10F7A00001F088FDE96A634861E0E178444A11703C
:10F7B0002179454A11706179A27912025118434AA0
:10F7C000116003B0F0BD2F4CE078584D28706F48A1
:10F7D00001F070FD29786E4849E02A4CE078534DDD
:10F7E0006870A0886880E088A8802089E8806089A7
:10F7F0002881654801F05EFD69785C4801F04CF8AD
:10F8000069885B4801F048F8A9885A4801F044F833
:10F81000E988594801F040F82989584827E01949F2
:10F82000CA782823414CE2548988A18303B0F0BDF3
:10F83000144CE078224D28702079224F387060797E
:10F84000214E3070E08821490860214801F032FDE6
:10F850002978204801F020F839781FA001F01CF821
:10F86000317823A001F018F81848016827A001F0AA
:10F8700013F82D4801F01EFDA07803B0F0BDC0467E
:10F88000A9BD0120ACBD01205B25735D5B25645DD6
:10F89000203A202121216572726F72204146452055
:10F8A000554152542050726F746F636F6C204368DF
:10F8B00065636B4C52432025750D0A007E2E012096
:10F8C000A8BD012095AD012094AD012098AD012087
:10F8D000F92C01207A2B01204F7065726174696FD9
:10F8E0006E205374617475733A2025750D0A0000FB
:10F8F000506172616D6574657220416464726573F4
:10F90000733A2030782532580D0A00005061726138
:10F910006D657465722056616C75653A2030782586
:10F9200032580D0A00000000522C0120284101200D
:10F93000842C0120902B0120582E0120C02C012066
:10F940009A2A01202E2A0120472A01203C2D01203D
:10F95000602A01202D2B01207D2A01204B323A20E4
:10F9600025750D0A000000007F2D0120B32A01201B
:10F97000362B0120472B0120582B0120692B012019
:10F980002A7E0120287E0120C92D0120102E012071
:10F99000CA2A0120D92B012070B51346FF225C3200
:10F9A0000D2B05D98548834900F076FF002070BDF6
:10F9B0000C460146B0394029F4D8C046794409794B
:10F9C00049008F442120202020202020202020209A
:10F9D0002020202021212120202020202020202024
:10F9E0002020202020212120202020202020202015
:10F9F0002020202020202020202020202020202007
:10FA0000202020202100CDE7A0700D216170AA21C7
:10FA100021700146C03930292AD8C0467944097975
:10FA200049008F4418354B8A8A8A8A8A8A8A8A8A48
:10FA30008A8A8A8A8A638A8A8A8A8A8A8A8A8A8A4D
:10FA40008A8A8A8A8A8A8A8A8A8A8A8A8A8A8A8A16
:10FA50008A8A8A8A7B000020E072A072607220721B
:10FA6000E071A0716071207147480078E07064E037
:10FA7000B02862D140480078E0704048007820719A
:10FA80003F48007860713F480068A071000A53E069
:10FA90003D484178E170418821714188090A6171CE
:10FAA0008188A1718188090AE171C1882172C188A8
:10FAB000090A61720189A17200892CE03248418AE9
:10FAC000E170418A090A2171818A6171818A090A7A
:10FAD000A171C18AE171C18A090A2172018B617227
:10FAE000008B0021E172000AA07226E02648817F87
:10FAF000E170018C2171018C090A6171418CA17145
:10FB0000418C090AE171818C2172818C090A617230
:10FB1000C18CA172C08C000AE0720EE030201A493C
:10FB2000085CE070C86A2071C86A000A6071C86A1F
:10FB3000000CA071C86A000EE07100200346214647
:10FB40000D7828185D1C491C0B2B2B46F8D340421E
:10FB500020734F320DA0174900F09EFE0026164D6F
:10FB6000A15D284600F098FE761C0D2EF8D10A20E3
:10FB700001F098FB012070BDA8BD012095AD0120CA
:10FB800094AD012098AD0120284101205B25735DD3
:10FB90005B25645D203A20466972737420313320FE
:10FBA0006279746573206F66207075384461746182
:10FBB0003A0A0000662E01208B110120082C01203A
:10FBC00003B40148019001BD39C4010003B40148E8
:10FBD000019001BD117A010003B40148019001BDFB
:10FBE0006D78010003B40148019001BD3545010065
:10FBF00003B40148019001BD9D85010003B4014893
:10FC0000019001BD2183010003B40148019001BDB1
:10FC1000C589010003B40148019001BDED830100D5
:10FC200003B40148019001BD7984010003B4014887
:10FC3000019001BD2187010003B40148019001BD7D
:10FC4000FD80010003B40148019001BD3581010030
:10FC500003B40148019001BD51F8020003B401480A
:10FC6000019001BDC587010003B40148019001BDA9
:10FC70004180010003B40148019001BD0D850100E0
:10FC800003B40148019001BD6980010003B401483B
:10FC9000019001BDD17F010003B40148019001BD75
:10FCA0000188010003B40148019001BD45820100B3
:10FCB00003B40148019001BD2985010003B4014846
:10FCC000019001BD43F9010003B40148019001BD59
:10FCD00033F9010003B40148019001BDB978010076
:10FCE00003B40148019001BDB17A010003B4014899
:10FCF000019001BD1979010003B40148019001BDD3
:10FD00000D8C010003B40148019001BD418A01003E
:10FD100003B40148019001BDE58B010003B4014823
:10FD2000019001BD610E020003B40148019001BDC4
:10FD3000A5A5010003B40148019001BD698D010032
:10FD400003B40148019001BD618E010003B4014874
:10FD5000019001BD058F010003B40148019001BD70
:10FD60005572010003B40148019001BD89C2010030
:10FD700003B40148019001BD417B010003B4014877
:10FD8000019001BDE17C010003B40148019001BD77
:10FD90003979010003B40148019001BD45A3010078
:10FDA00003B40148019001BDADA0010003B40148B6
:10FDB000019001BDE9F6020003B40148019001BDC4
:10FDC00065BF010003B40148019001BDBDBD010044
:10FDD00003B40148019001BD1DBF010003B40148F7
:10FDE000019001BD45BF010003B40148019001BD70
:10FDF000CDBF010003B40148019001BDF5C201006F
:10FE000003B40148019001BD8DC1010003B4014854
:10FE1000019001BDD1C3010003B40148019001BDAF
:10FE2000E9C3010003B40148019001BD79C3010099
:10FE300003B40148019001BDBB1E030003B4014897
:10FE4000019001BD298C010003B40148019001BD5E
:10FE500041F8020003B40148019001BD0114010002
:10FE600003B40148019001BDE18D010003B40148D4
:10FE7000019001BD858F010003B40148019001BDCF
:10FE8000618B010003B40148019001BD21A501006F
:10FE900003B40148019001BD498B010003B401483E
:10FEA000019001BDF58C010003B40148019001BD32
:10FEB000F912010003B40148019001BDE3F802000A
:10FEC00003B40148019001BDE971010003B4014888
:10FED000019001BD79DC010003B40148019001BD2E
:10FEE000858E010003B40148019001BD89DB01004A
:10FEF00003B40148019001BDADC3010003B4014842
:10FF0000019001BD43D7010003B40148019001BD38
:10FF100041F9020003B40148019001BD89A6010026
:10FF200003B40148019001BD0922010003B4014856
:10FF3000019001BDD123010003B40148019001BD2E
:10FF400079C0010003B40148019001BDBDBE0100AC
:10FF500003B40148019001BD81BE010003B4014812
:10FF6000019001BDF9BD010003B40148019001BD3C
:10FF7000D9C0010003B40148019001BDFDF60200A3
:10FF800003B40148019001BDB9A0030003B40148C6
:10FF9000019001BDA511010003B40148019001BD0C
:10FFA000513A030003B40148019001BD313A030006
:10FFB00003B40148019001BD3594020003B4014827
:10FFC000019001BD25AA020003B40148019001BDC2
:10FFD00049A0020003B40148019001BDCD390200DF
:10FFE00003B40148019001BD7DDC020003B4014867
:10FFF000019001BD11F4020003B40148019001BD5C
:020000041001E9
:1000000015D0020003B40148019001BD192C020073
:1000100003B40148019001BD1959020003B401481D
:10002000019001BD5129020003B40148019001BDB6
:100030002982020003B40148019001BD1D23010083
:1000400003B40148019001BDC5DF020003B40148BB
:10005000019001BD6118020003B40148019001BD87
:100060002D20020003B40148019001BDFD230200D0
:1000700003B40148019001BD6982020003B4014844
:10008000019001BDB13C030003B40148019001BDE2
:100090003514010003B40148019001BD39F7020095
:1000A00003B40148019001BDD9F7020003B401482F
:1000B000019001BD25F7020003B40148019001BD84
:1000C000C5F7020003B40148019001BDED2B030008
:1000D00003B40148019001BD11F7020003B40148C7
:1000E000019001BD03F9020003B40148019001BD74
:1000F00061F7020003B40148019001BDD50503007A
:1001000003B40148019001BD9D12010003B40148F0
:10011000019001BD51EC030003B40148019001BD01
:10012000E105030003B40148019001BD6D1803000F
:1001300003B40148019001BDB95A030003B401485A
:10014000019001BDDD59030003B40148019001BDD8
:100150008518030003B40148019001BDAF280300D6
:1001600003B40148019001BDFD05030003B401483B
:10017000019001BD0506030003B40148019001BDD3
:10018000F505030003B40148019001BDED0503002E
:1001900003B40148019001BDF11A020003B4014803
:1001A000019001BD7923020003B40148019001BD13
:1001B0007520020003B40148019001BD39200200FE
:1001C00003B40148019001BD4520020003B4014879
:1001D000019001BD8120020003B40148019001BDDE
:1001E0006920020003B40148019001BD51200200C2
:1001F00003B40148019001BD5D20020003B4014831
:10020000019001BD31E0020003B40148019001BD3D
:1002100019E0020003B40148019001BD25E002008D
:1002200003B40148019001BDB9DF020003B40148E5
:10023000019001BDD1DF020003B40148019001BD6E
:10024000F5DF020003B40148019001BDDDDF0200CB
:1002500003B40148019001BD01E0020003B401486C
:10026000019001BDE9DF020003B40148019001BD26
:100270000DE0020003B40148019001BD49E0020015
:1002800003B40148019001BD3DE0020003B4014800
:10029000019001BDADDF020003B40148019001BD32
:1002A0005DE9030003B40148019001BD75E9030055
:1002B00003B40148019001BD69E9030003B401489A
:1002C000019001BD51E9030003B40148019001BD53
:1002D00045E9030003B40148019001BD49E2030070
:1002E00003B40148019001BD55E2030003B4014885
:1002F000019001BD7927030003B40148019001BDBD
:1003000095B5010003B40148019001BDBD72010023
:1003100003B40148019001BD1BF9020003B4014878
:10032000019001BD253D030003B40148019001BDCA
:100330001D3D030003B40148019001BDF57E01009D
:1003400003B40148019001BD7DDE010003B4014802
:10035000019001BDA5BC020003B40148019001BD9C
:100360007D08010003B40148019001BD610801004E
:1003700003B40148019001BD4D10010003B40148D0
:10038000019001BDE110010003B40148019001BDDD
:100390006522030003B40148019001BD71F8020019
:1003A00003B40148019001BD5D22030003B401487C
:1003B000019001BD91F8020003B40148019001BD14
:1003C000A577010003B40148019001BDD952030093
:1003D00003B40148019001BD3930030003B4014862
:1003E000019001BD2944030003B40148019001BDFF
:1003F000B105030003B40148019001BD99A70300B2
:1004000003B40148019001BDA530030003B40148C5
:10041000019001BD4946030003B40148019001BDAC
:100420008931030003B40148019001BDED4403008C
:1004300003B40148019001BD0931030003B4014830
:10044000019001BDE132030003B40148019001BDF8
:10045000A934030003B40148019001BD3532030003
:1004600003B40148019001BD814E030003B401486B
:10047000019001BD3549030003B40148019001BD5D
:100480006932030003B40148019001BDB135030096
:1004900003B40148019001BDC331030003B4014816
:1004A000019001BDDD30030003B40148019001BD9E
:1004B0008D35030003B40148019001BD5935030097
:1004C00003B40148019001BD0936030003B401489B
:1004D000019001BDF50B030003B40148019001BD7B
:1004E000410C030003B40148019001BDE10C03007D
:1004F00003B40148019001BDF10C030003B40148AD
:10050000019001BD910C030003B40148019001BDAD
:10051000A30C030003B40148019001BD110D0300B9
:1005200003B40148019001BDCD63010003B401484B
:10053000019001BD7D61010003B40148019001BD3E
:100540001566010003B40148019001BD516301002B
:1005500003B40148019001BDA1F6020003B40148B3
:10056000019001BDC142010003B40148019001BDE9
:100570005144010003B40148019001BDC15D030075
:1005800003B40148019001BD3166030003B4014882
:10059000019001BDED16030003B40148019001BDB7
:1005A000190F030003B40148019001BD87660300E1
:1005B00003B40148019001BD5766030003B401482C
:1005C000019001BD4D17030003B40148019001BD26
:1005D0007B66030003B40148019001BD636603001C
:1005E00003B40148019001BD1D10030003B401488C
:1005F000019001BD1510030003B40148019001BD35
:10060000AF0F030003B40148019001BD291003009E
:1006100003B40148019001BDD1A7030003B4014810
:10062000019001BD4B66030003B40148019001BD78
:100630006F66030003B40148019001BD57EF02004B
:1006400003B40148019001BDDDE0030003B401489B
:10065000019001BDFD7A020003B40148019001BD83
:10066000CD52020003B40148019001BD05520200C1
:1006700003B40148019001BD4DF7020003B40148E5
:10068000019001BD6942010003B40148019001BD20
:1006900031EE020003B40148019001BDA117020030
:1006A00003B40148019001BDDD10020003B401480C
:1006B000019001BDF115020003B40148019001BD94
:1006C0004917020003B40148019001BD491302001B
:1006D00003B40148019001BD7115020003B4014843
:1006E000019001BD9D0F020003B40148019001BDBE
:1006F000E11A020003B40148019001BD1D18020077
:1007000003B40148019001BD4D18020003B4014833
:10071000019001BD9112020003B40148019001BD96
:10072000F111020003B40148019001BD351202002D
:1007300003B40148019001BDD513020003B4014880
:10074000019001BD6114020003B40148019001BD94
:100750001514020003B40148019001BD11240200E8
:1007600003B40148019001BDE922020003B401482D
:10077000019001BD3D1E020003B40148019001BD7E
:10078000751E020003B40148019001BDC91D02009D
:1007900003B40148019001BD2178020003B401486F
:1007A000019001BD8543020003B40148019001BDE1
:1007B000B12D020003B40148019001BD11F1020006
:1007C00003B40148019001BDC961020003B40148AE
:1007D000019001BDE9C0020003B40148019001BDD0
:1007E0005D52010003B40148019001BD5D58010054
:1007F00003B40148019001BDD953010003B401487D
:10080000019001BDE955010003B40148019001BD0B
:10081000195A010003B40148019001BD05590100B6
:1008200003B40148019001BDC1AC010003B401480B
:10083000019001BD91B2010003B40148019001BDD6
:100840009DB3010003B40148019001BDADB70100A3
:1008500003B40148019001BD4D11010003B40148EA
:10086000019001BDE523030003B40148019001BDDF
:100870008D23030003B40148019001BD5D280300EE
:1008800003B40148019001BDC923030003B401482A
:10089000019001BDE1DD01000FB410B503A9044BC7
:1008A000044A029800F0F6F810BC08BC04B01847DF
:1008B000F99E0020803001200FB47CB50C0009ADFA
:1008C00001D0611E00E0002101910090074B6A46B3
:1008D0002946089800F0DEF8002C02D0009A00218A
:1008E00011707CBC08BC04B018470000AD080120A2
:1008F0002021020C01D010211046020A01D010461E
:100900000839020901D01046091F820801D010469B
:10091000891E420801D0881E7047081A70470000DF
:10092000F0B51FB486B00998089A030D0021024360
:1009300014D05148514A18185043051411980128F1
:1009400010981AD0281A401C00264D4F4D49009689
:1009500001910490002812DA444211E01198012418
:1009600049A3012801D11098C1430698119A8460C7
:100970000360C26041600BB0F0BD4042E4E7044652
:10098000210500203F4A001C51410391029012E0D2
:10099000E00707D032463B4601990098F3F754FE32
:1009A0000191009032463B4610461946F3F74CFE43
:1009B00006460F466410002CEAD10498039B0028D9
:1009C000029A0999089806DAF3F73EFE019B009A0D
:1009D000F3F73AFE05E0F3F79FFE019B009AF3F769
:1009E0009BFE04460E460022284BF4F745F903D837
:1009F0000020C043014607E00022254B2046314637
:100A0000F3F770FDF4F718F9102409E0002C0ADB65
:100A10000A220023F3F7D8FB079B30321A55641ED5
:100A200002460A43F2D11122641C079B121B1C19B7
:100A3000119B012B03D0012308430ED10AE0084388
:100A400004D0112010900020119077E71098151A0B
:100A50006D1E0BE01098824202DD00236D1C03E046
:100A6000824201DA00236D1E002BEED00698119908
:100A70008260C16030C07EE701FCFFFF104D0000C6
:100A8000000014400000F03F300000000000F04380
:100A90000000E03FFFB597B00646002518E2252884
:100AA00077D100242746FD49049400E00443761CD6
:100AB00032780120203A90400842F7D130782A2835
:100AC0000ED00222307801463039092916D804990F
:100AD0000A235943303940181443761C0490F1E737
:100AE000189802C804911890002904DA01204003E4
:100AF00004434842049002200443761C30782E2898
:100B000014D1042004437078761C2A2809D118983F
:100B1000761C80C8189009E00A214F43303FC7195E
:100B2000761C3078014630390929F5D930786C289F
:100B300010D006DC4C281AD068280ED06A2817D1AD
:100B400004E0742813D07A2812D110E00120400567
:100B500004430CE00121090501E0032109050C43D0
:100B60007178814203D1012000052418761C761C7F
:100B70003078119066280BD013DC58287DD009DC22
:100B800000287BD04528F6D04628F4D047281AD133
:100B9000A5E118E0632835D0642870D0652812D10B
:100BA0009DE170286CD008DC6728F1D069287BD0E3
:100BB0006E280DD06F2806D1BAE073282ED0752884
:100BC00071D0782859D01A9A199990476D1C7EE1F6
:100BD0006002400F022809D003280DD0042818987D
:100BE00001680DD00D60001D189070E11898EA178B
:100BF00001680D604A60F6E7189801680D80F2E719
:100C00000D70F0E718986A4601781172001D18906F
:100C10000020507202A80090012005E0189802C838
:100C2000189000200091C04361070DD5002101E01C
:100C30000199491C0191B94212DA8142F8DB009A0C
:100C4000515C0029F4D10BE0002101E00199491C1D
:100C500001918142FADB019A0099895C0029F5D162
:100C6000019904981A9B471A21463846199A00F0B0
:100C700097FA0199401945180BE04FE02CE113E079
:100C80004EE0009800990078491C00911A9A199931
:100C900090470198401E0190401CF2D121463846F1
:100CA0001A9B199A10E137E00A2000210090019167
:100CB0006002410F022907D0189A01CA1892C21780
:100CC0009446032908D00AE01898C01DC108C9003D
:100CD00005C91891944607E000B2C217944604294A
:100CE00002D140B2C1178C4600226146944506DA13
:100CF0000A460021404291418C462D2102E0210507
:100D000004D52B216A461173012103E0E10701D0CC
:100D10002021F7E7029155E00A200AE0102008E0C0
:100D2000102000900021042004430191082703E0D3
:100D300008200021019100906002410F022907D094
:100D4000189A01CA189200229446032908D008E094
:100D50001898C01DC108C90005C91891944603E040
:100D600080B2042900D1C0B200210291210729D507
:100D70001199702906D0009A1021019B4A401A430C
:100D800005D00EE040216A461173012108E061465A
:100D9000014306D030216A46117311995173022123
:100DA0000291009A0821019B4A401A430AD16146E8
:100DB000014301D1610705D530216A461173012134
:100DC0007F1E02911199582904D035A10E910DA9C9
:100DD0000D910DE037A1F9E76146019B009AF3F709
:100DE000F3F90E9B8C469B5C0D9A521E0D9213706C
:100DF00061460143F0D10D9805A9081A20300190F1
:100E0000600703D501200004844300E00127019816
:100E1000874201DD381A00E0002001990090411856
:100E2000029809180498401A0490E00306D4214659
:100E30001A9B199A049800F0B3F94519002706E0A7
:100E400003A81A9AC05D199990476D1C7F1C0298DF
:100E50008742F5DBE0030CD521461A9B199A0498CA
:100E600000F09EF9451904E01A9A3020199990472C
:100E70006D1C0099481E00900029F5DC08E00D98D3
:100E80000D990078491C0D911A9A199990476D1C7B
:100E90000199481E01900029F1DC63E10928010055
:100EA00030313233343536373839616263646566E0
:100EB00000000000303132333435363738394142A2
:100EC000434445460000000000F05AF94519761CDD
:100ED0003078002800D0E2E528461BB0F0BD60075E
:100EE00000D406271898C01DC108C90048680A68C0
:100EF0000831C30FDB071891190001D09CA108E04D
:100F0000210501D59BA104E0E10701D09AA100E0F1
:100F10009AA1430011985B08109165280CD006DC5B
:100F2000452809D046281DD0472841D141E06628F0
:100F300018D067283CD13CE00021112F01DB1120A3
:100F400000E0781C0191009008A911A8FFF7E8FCC7
:100F5000139905910021119A15927F1C12980197FF
:100F6000009150E00120C00703900120019008A9E2
:100F7000009711A8FFF7D4FC139A14990592002248
:100F8000119B009212981593059A0192002901D0A5
:100F9000104602E0791C40180190381A01D50198DA
:100FA00004E04042401E0090781C0190C01B02905B
:100FB00043E0012F00DA01270021112F01DD11206C
:100FC00000E038460191009008A911A8FFF7A8FC9D
:100FD00013990591119A0021129815920091019789
:100FE00021070CD40599B94201DB019900E0019178
:100FF000012904DD159A491E515C302906D0B842FA
:1010000001DA011D05DA0121029115E00199491E5D
:10101000EDE7002805DC0099411800910199091AB3
:1010200003E0019A411C914200DD01910099401AB0
:10103000401C02900120C0070390200706D40299AB
:101040000198814202DB0020C043029000206946E3
:10105000C87707AF012103980337C907884224D016
:10106000022011902B201290039800280CDA4042A5
:1010700003902D20129007E00A210398F3F7BEFC9D
:1010800030317F1E039039701199481E119000294C
:10109000F2DC03980028EFD1791E1298087030789E
:1010A000202108404530BF1E387006A8C01BC01D57
:1010B000039010980078002800D001200199411871
:1010C0000298C0170918039809180498401A401E7E
:1010D0000490E00306D421461A9B199A049800F064
:1010E0005FF8451910980078002803D01A9A1999CA
:1010F00090476D1CE00324D521461A9B199A049849
:1011000000F04EF845191CE00098002807DB009914
:101110000598884203DD1598405C199901E01999FA
:1011200030201A9A904700986D1C401C009002983D
:10113000401E0290002804D11A9A2E201999904737
:101140006D1C0199481E01900029DDDC05E038780E
:101150001A9A7F1C199990476D1C0399481E039099
:101160000029F4DC21461A9B199A0498ACE6000089
:101170002D0000002B0000002000000000000000F7
:10118000F8B5044600251E461746880404D405E039
:1011900039462020B0476D1C641EF9D52846F8BD9D
:1011A000FFB50446002581B01E46C80301D530278F
:1011B00000E02027880404D505E038460399B047AD
:1011C0006D1C641EF9D5284605B0F0BD4A68002A9A
:1011D00006D00A68531C0B6010704868401E4860B7
:1011E0007047000010B5002823D0124B0022001FCA
:1011F000196803E0814203D80A4649680029F9D1F9
:10120000002A0AD01368841A9C4204D10068181876
:101210001060104602E0506000E01860002907D01E
:1012200002680B1A934203D10B68D2180260496816
:10123000416010BD84300120F0B50B30C108C900F9
:10124000144F0026144A0FE003688B420BD38B42E5
:1012500005D95C1A4318456830C3083B00E0436871
:10126000136002C004E0021D10680028ECD1304673
:10127000002803D13868002801D00020F0BD064ABC
:1012800006481060064A121AD208D20044C0012053
:101290003860D7E7883001208430012004F0012035
:1012A0000000022010B50249F9F7B6FA10BD00009F
:1012B0008030012010B5044601E0F9F7ADFA20783E
:1012C000641C03490028F8D10A20F9F7A5FA10BDDB
:1012D000803001201F1C1F1E1F1E1F1F1E1F1E1FD0
:1012E0001F1D1F1E1F1E1F1F1E1F1E1F800E0120E1
:1012F00001000000307E012044000000B083012086
:1013000000080000200000000000000000000000B5
:101310006D0E012000000000787E012034000000E6
:10132000B07E0120000500006D016E0155670020B0
:10133000A968002000000000E56E0020F56E002086
:10134000696F00201D6E0020296E0020E16E0020D4
:10135000FE006578706572696D656E74616C1F1C46
:101360001F1E1F1E1F1F1E1F1E1F00004669726DBD
:1013700077617265205265766973696F6E0000004F
:101380004861726477617265205265766973696F2E
:101390006E0000004D616E756661637475726572F2
:1013A000204E616D650000004D6F64656C204E75C8
:1013B0006D6265720000000053657269616C204EB9
:1013C000756D626572000000536F667477617265B7
:1013D000205265766973696F6E004E0AC309400931
:1013E000C5085108E4077C071B07BF0668061606F8
:1013F000C8057F053A05F804BA047F0448041304BD
:10140000E203B20386035B0333030D03E902C70261
:10141000A60287026A024E0233021A020202EC019D
:10142000D601C101AE019B018A017901690159010F
:101430004B013D013001230117010C010101F600B0
:10144000EC00E300DA00D100C900C100B900B2002D
:10145000AB00A4009E00980092008D0087008200DF
:101460007D007900740070006C0068006400610009
:101470005D005A005700540051004E004B004800D8
:101480004600440041003F003D003B00390037006A
:1014900035003300320030002F0000000200010050
:1014A000000C0200020003006400040004000500B8
:1014B00017000600020007000400080004000900ED
:1014C00004005B486172644661756C745F48616ECC
:1014D000646C65725D43757272656E74206D7370B5
:1014E0003A203078253038580A004F6363757265AA
:1014F0006420696E207461736B2E005573696E678A
:10150000207533324D73702E004F636375726564BE
:1015100020696E20696E746572727570742E005B3E
:1015200025735D5B25645D203A204D4D5520526545
:10153000616420486561646572204661696C656418
:101540000A005B25735D5B25645D203A204D4D5597
:101550002054797065204E6F7420466F756E640A52
:10156000006D6D755F726561640069735F6D6D75A7
:101570005F646174615F76616C6964005F5F6D6D6B
:10158000755F7772697465005B25735D5B25645DCB
:10159000203A20436F6465204C656E67746820456F
:1015A00072726F72203A2025640A005B25735D5BBE
:1015B00025645D203A204F544120466C61736820B9
:1015C0005265616420436F6465204661696C65649F
:1015D0000A005B25735D5B25645D203A204F544112
:1015E00020466C6173682057726974652046616992
:1015F0006C65640A005B25735D5B25645D203A20A1
:101600004F54412057726974652055706772616448
:101610006520496E666F204661696C65640A005BEF
:1016200025735D5B25645D203A204F54412052654F
:101630006365697665205570677261646520436FE4
:101640006465206661696C65640A005B25735D5B97
:1016500025645D203A204F544120526573706F6EAF
:10166000736520557067726164652046696E6973A1
:1016700068206661696C65640A005B25735D5B25A3
:10168000645D203A204F54412047657420466972BA
:101690006D7761726520496E666F206661696C6561
:1016A000640A005B25735D5B25645D203A204F541E
:1016B0004120526573706F6E73652055706772615B
:1016C00064652052657175657374206661696C6527
:1016D000640A005B25735D5B25645D203A204F54EE
:1016E00041205061636B616765204352432045721E
:1016F000726F720A006F74615F6765745F636F6415
:10170000655F6372633332006F74615F7265637625
:101710005F757067726164655F636F6465006F74A5
:10172000615F70726F746F636F6C5F70617273650D
:10173000006F74615F7273705F757067726164656A
:101740005F66696E6973680044657620696E666FCE
:10175000207365727669636520696E6974206661BD
:10176000696C7572652E006C6C635461736B4D739C
:101770006751756575654964204E554C4C006C6C1D
:10178000635461736B4964204E554C4C006C6C6320
:101790005F7461736B5F6D73675F7175657565000D
:1017A0006C6C635F7461736B00626C65537461632E
:1017B0006B5F6D73675F717565756500626C65530E
:1017C0007461636B5461736B5F4D656D506F6F6CCB
:1017D0005F6C6F6E6700626C65537461636B54611C
:1017E000736B00626C65537461636B5461736B5F00
:1017F0004D656D506F6F6C5F73686F7274005B4DF9
:1018000053475F424C455F5048595F5550444154DF
:10181000455F434F4D504C4554455F494E445D2014
:1018200048616E646C65203D20307825582C20542A
:10183000585F504859203D20307825582C20525868
:101840005F504859203D20307825580A005B4D53A1
:10185000475F424C455F454E435259505445445FA3
:101860004348414E4745445F494E445D2048616EC0
:10187000646C65203D20307825582C20456E6372BD
:10188000797074696F6E5F456E61626C6564203D4E
:1018900020307825580A005B4D53475F424C455F26
:1018A000454E435259505445445F52454652455364
:1018B000485F494E445D2048616E646C65203D2060
:1018C000307825580A005B4D53475F424C455F4CCA
:1018D0004C5F56455253494F4E5F494E445D204D33
:1018E000616E7566616374757265725F4E616D6578
:1018F000203D20307825582C2048616E646C65208E
:101900003D20307825582C2056657273696F6E2003
:101910003D20307825580A005B4D53475F424C45C7
:101920005F444953434F4E4E45435445445F494EEF
:10193000445D2048616E646C65203D2030782558F8
:101940002C20726561736F6E203D20307825580A17
:10195000005B4D53475F424C455F434F4E4E4543FE
:1019600054494F4E5F5550444154455F434F4D508D
:101970004C4554455F494E445D20436F6E6E5F4950
:101980006E74657276616C203D20307825582C206D
:10199000436F6E6E5F4C6174656E6379203D2030DD
:1019A0007825582C205375706572766973696F6E4F
:1019B0005F54696D656F75203D20307825580A00A9
:1019C0005B4D53475F424C455F434F4E4E4543543A
:1019D00045445F494E445D48616E646C65203D201E
:1019E0003078253034580A006170705F6D61696E1F
:1019F000005B25735D5B25645D203A205265616460
:101A000020446576696365204944204661696C65B8
:101A1000640A005B25735D5B25645D203A20526596
:101A2000616420437573746F6D20426C652044655A
:101A3000762041646472204661696C65640A005BCB
:101A400025735D5B25645D203A2052656164204406
:101A5000656661756C7420426C6520446576204132
:101A6000646472204661696C65640A005B25735D7D
:101A70005B25645D203A2044656661756C65204293
:101A80006C652041646472203A20005B25735D5BC5
:101A900025645D203A20437573746F6D20426C6538
:101AA0002041646472203A2000307825303258207A
:101AB000002D2D2D2D2D2D2D2D2D2D2D2D426573F0
:101AC000744865616C74682043474D2044656D6FB0
:101AD00020436F64652048543332463637353935F4
:101AE000202B20424836364632347878202D2D2D52
:101AF0002D2D2D2D2D2D2D2D2D0073686F775F64CD
:101B000065765F696E666F005B25735D5B25645D5E
:101B1000203A2043474D532052414350204F706399
:101B20006F6465203A2030782530325820204F707D
:101B3000657261746F72203A2030782530325820F7
:101B40004F706572616E64203A200063676D735F49
:101B5000726163705F636D645F7061727365005B77
:101B600025735D5B25645D203A2043474D53204437
:101B70006174616261736520526561642046726FB1
:101B80006D20466C6173682053756363657373667B
:101B9000756C0D0A005B25735D5B25645D203A2042
:101BA00043474D53204461746162617365204E75F3
:101BB0006D626572206F66205265636F7264732078
:101BC0003A2025750D0A0063676D735F64625F6973
:101BD0006E6974005B25735D5B25645D203A20436C
:101BE000474D532053656E64204D65617375726572
:101BF0006D656E74204661696C65640D0A005B2535
:101C0000735D5B25645D203A2043474D532052416C
:101C100043502050726F636573732041626F72741A
:101C200065640D0A005B25735D5B25645D203A20C9
:101C300043474D532044617461626173652052656E
:101C4000636F7264204E6F7420466F756E640D0A68
:101C5000005B25735D5B25645D203A2043474D534F
:101C60002044656C657465642025752053746F721B
:101C70006564205265636F72647320537563636596
:101C8000737366756C0D0A005B25735D5B25645D7F
:101C9000203A205B25755D20476C75636F73652066
:101CA000436F6E63656E74726174696F6E203A2063
:101CB0002566206D672F644C092054696D65204F9F
:101CC0006666736574203A202575206D696E730D04
:101CD0000A0063676D735F726163705F7265636F43
:101CE00072645F72616E67655F6F665F64656C6585
:101CF00074650063676D735F726163705F726563C3
:101D00006F72645F677265617465725F6F725F6541
:101D10007175616C5F64656C6574650063676D7394
:101D20005F726163705F7265636F72645F6C65732D
:101D3000735F6F725F657175616C5F64656C65740C
:101D4000650063676D735F726163705F7265636F77
:101D500072645F616C6C5F64656C65746500636779
:101D60006D735F726163705F7265636F72645F6CE5
:101D70006173745F64656C6574650063676D735F40
:101D8000726163705F7265636F72645F66697273BC
:101D9000745F64656C6574650063676D735F726121
:101DA00063705F7265636F72645F72616E67655FB7
:101DB0006F665F7265706F72740063676D735F72D8
:101DC0006163705F7265636F72645F67726561748F
:101DD00065725F6F725F657175616C5F7265706F60
:101DE00072740063676D735F726163705F726563C5
:101DF0006F72645F6C6573735F6F725F657175613D
:101E00006C5F7265706F72740063676D735F72618F
:101E100063705F7265636F72645F616C6C5F726543
:101E2000706F72740063676D735F726163705F726D
:101E300065636F72645F6C6173745F7265706F72FB
:101E4000740063676D735F726163705F7265636F67
:101E500072645F66697273745F7265706F7274002A
:101E60005B25735D5B25645D203A20747473205498
:101E70006F2053657420200D0A005B25735D5B2580
:101E8000645D203A2074747320546F2041464520CD
:101E900062792055415254200D0A005B25735D5B29
:101EA00025645D203A2074747320546F2053657448
:101EB0002048616C6C20556E4C6F636B2C6C6174A8
:101EC0006368204C6F77206C6576656C200D0A0086
:101ED0005B25735D5B25645D203A20496E636F6D01
:101EE000706C657465206F7220696E76616C6964D0
:101EF000207474732064617461207265636569760F
:101F00006564203A25303258202121210D0A005BDA
:101F100025735D5B25645D203A2054656D706572A4
:101F200061747572652072657475726E696E672072
:101F30006572726F7220636F64652E0D0A005B25F7
:101F4000735D5B25645D203A2043474D53206461F7
:101F5000746162617365206973206E6F742075739C
:101F6000656420696E207468697320696D706C65A2
:101F70006D656E746174696F6E2E0D0A005B25735A
:101F80005D5B25645D203A205541525420526563C3
:101F900065697665203A204572726F7220636F6EB4
:101FA00076657274696E6720666C6F617420746FF9
:101FB00020737472696E672C202564203E3D3020AA
:101FC0002626203C3D2032300D0A005B25735D5BE8
:101FD00025645D203A205644445220437572726550
:101FE0006E7420766F6C74616765203A2025646D8D
:101FF000560D0A005B25735D5B25645D203A204326
:10200000474D532052414350204572726F72203A1F
:102010002025640D0A005B25735D5B25645D203A15
:102020002043474D53205241435020526573706FF7
:102030006E64204661696C65640D0A005B25735D02
:102040005B25645D203A204D4D55205772697465BB
:102050002043474D5320534F4350205365737369BA
:102060006F6E2053746172742054696D65204661EF
:10207000696C65640D0A005B25735D5B25645D20FA
:102080003A205561727420496E6974204661696C0A
:1020900065640D0A005B25735D5B25645D203A2055
:1020A00043474D532053657373696F6E20537461BA
:1020B00072742054696D65205570646174650D0AF1
:1020C000005561727420496E6974205375636365AD
:1020D000737366756C0D0A005B25735D5B25645D2B
:1020E000203A20506C6561736520537461727420CE
:1020F00053657373696F6E20616E6420547279202A
:10210000416761696E0D0A005B25735D5B25645D47
:10211000203A20534F43502053657373696F6E20EC
:1021200054696D65722053746F700D0A005B2573DE
:102130005D5B25645D203A205261637020697320E5
:1021400052756E6E696E672C506C656173652054B4
:10215000727920416761696E204C617465720D0A65
:10216000005B25735D5B25645D203A2054696D65D5
:10217000204F6666736574204D696E7574657320B3
:102180003A202575204D696E20257520730D0A00B3
:102190005B25735D5B25645D203A2043474D5320EA
:1021A0005265706F7274204E756D626572206F6635
:1021B000205265636F726473203A2025750D0A0002
:1021C0005B25735D5B25645D203A20753849647832
:1021D000203A2025750D0A005B25735D5B25645D43
:1021E000203A2063757272656E74417667203D20D7
:1021F00063757272656E7453756D202F20637572EE
:1022000072656E74436E74203D202575202F202545
:1022100075203D2025750D0A005B25735D5B2564E7
:102220005D203A2043474D2044657669636520531D
:10223000797374656D2054696D65203A20253034BA
:10224000752D253032752D253032752025303275AB
:102250003A253032753A253032750D0A005B257308
:102260005D5B25645D203A2043474D2044657669D7
:1022700063652053657373696F6E20537461727464
:102280002054696D65203A20253034752D25303273
:10229000752D2530327520253032753A253032754E
:1022A0003A253032750D0A005B25735D5B25645D50
:1022B000203A2043474D204D657373616765205177
:1022C0007565756520476574204661696C65642095
:1022D0000A00436F6E6E656374696F6E2070617281
:1022E000616D657465727320757064617465643ABC
:1022F000204D696E20496E74657276616C3D25646F
:102300002028307825303458292C204D61782049F8
:102310006E74657276616C3D2564202830782530B6
:102320003458292C204C6174656E63793D256420F6
:1023300028307825303458292C2054696D656F7504
:10234000743D25642028307825303458290A005BF4
:1023500025735D5B25645D203A20496E76616C696A
:102360006420706172616D657465722076616C7550
:10237000653A2025642E204974206D75737420629F
:10238000652061206D756C7469706C65206F6620C6
:102390007468652041464520636F6C6C65637469A1
:1023A0006F6E20696E74657276616C3A2025642EBA
:1023B0000A005B25735D5B25645D203A204D4D5519
:1023C000205772697465204661696C65643A2055CE
:1023D0006E61626C6520746F207772697465207419
:1023E0006F20616464726573732025642E205061D0
:1023F00072616D657465722076616C7565207265B9
:1024000073657420746F2025642E0A005B25735D4C
:102410005B25645D203A204572726F723A20414418
:10242000432064617461206E6F7420726561647909
:10243000206F7220696E76616C69642072656665D2
:1024400072656E636520726573697374616E63652E
:102450002E0A005B25735D5B25645D203A204D4D9F
:10246000552057726974652053756363657373668D
:10247000756C3A20506172616D6574657220766189
:102480006C7565202564207772697474656E20749C
:102490006F206164647265737320256420737563B3
:1024A0006365737366756C6C792E0A005B25735DCA
:1024B0005B25645D203A20476C75636F736520432C
:1024C0006F6E63656E74726174696F6E203A202559
:1024D00066206D672F644C0A005B25735D5B256485
:1024E0005D203A204C6F7720566F6C7461676520D1
:1024F0004E54433A202575206D560A005B25735DC6
:102500005B25645D203A20726573746172745F6E3E
:10251000756D20466C617368205265616420466168
:10252000696C65643A2030782532580A005B25735F
:102530005D5B25645D203A2050726F63657373693B
:102540006E6720424C4520706172616D65746572E2
:102550003A203078253032580A005B25735D5B25C0
:10256000645D203A20556E657870656374656420FB
:10257000706172616D657465722061646472657307
:10258000733A203078253032580A005B25735D5B42
:1025900025645D203A2050726F746F636F6C206207
:1025A0007566666572207570646174656420616E1D
:1025B000642073656E743A203078253032580A00F2
:1025C0005B25735D5B25645D203A20526561642064
:1025D0006F7065726174696F6E2073756363657384
:1025E0007366756C2E20506172616D657465722022
:1025F00076616C7565205265616420746F2041506E
:10260000505F56455253494F4E3A20253034580AB0
:10261000005B25735D5B25645D203A2043474D5385
:102620002044656C6574652053746F726564205234
:1026300065736F726473203E3D20307825303458C6
:10264000202626203C3D203078253034580A005B77
:1026500025735D5B25645D203A2043474D5320522E
:1026600065706F7274204E756D626572206F6620A2
:1026700053746F726564205265736F726473203E89
:102680003D20307825303458202626203C3D20300F
:1026900078253034580A005B25735D5B25645D2026
:1026A0003A2043474D532044656C6574652053744C
:1026B0006F726564205265736F726473203C3D20B5
:1026C0003078253034580A005B25735D5B25645DE6
:1026D000203A2043474D53205265706F7274204E4C
:1026E000756D626572206F662053746F7265642029
:1026F0005265736F726473203C3D2030782530340E
:10270000580A005B25735D5B25645D203A204347D2
:102710004D532044656C6574652053746F72656415
:10272000205265736F726473203E3D2030782530EF
:1027300034580A005B25735D5B25645D203A2043B5
:10274000474D53205265706F7274204E756D6265EF
:1027500072206F662053746F726564205265736FC8
:10276000726473203E3D203078253034580A005B77
:1027700025735D5B25645D203A205B454E5F4F54B9
:10278000415F4556545F48414E445348414B455D77
:102790000A005B25735D5B25645D203A205B454E36
:1027A0005F4F54415F4556545F4745545F46495219
:1027B0004D574152455F494E464F5D0A005B2573B8
:1027C0005D5B25645D203A2053656E64204D657322
:1027D00073616765204661696C65643A2025640A07
:1027E000004661696C656420746F20777269746556
:1027F000207265636F7264202325642E20457272F7
:102800006F7220636F64653A2025640A005B25734C
:102810005D5B25645D203A20537563636573736661
:10282000756C6C79207265616420424C452073653B
:102830006E64696E6720696E74657276616C3A20A9
:1028400025640A005B25735D5B25645D203A205397
:1028500075636365737366756C6C7920726561640A
:1028600020424C452073616D706C696E6720696E03
:1028700074657276616C3A2025640A005B25735D8D
:102880005B25645D203A2053656E64696E6720693C
:102890006E74657276616C20757064617465642015
:1028A000746F3A2025640A005B25735D5B25645DC7
:1028B000203A2053616D706C696E6720696E746593
:1028C0007276616C207570646174656420746F3A0F
:1028D0002025640A005B25735D5B25645D203A203A
:1028E0005772697465206F7065726174696F6E20CC
:1028F0006661696C65642E20506172616D657465F6
:10290000722076616C756520726573657420746FD2
:102910003A2025640A005B25735D5B25645D203ADF
:1029200020616665436F6C6C656374696F6E496E98
:1029300074657276616C20577269746520446174A5
:1029400061204661696C65640A005B25735D5B25E7
:10295000645D203A20726573746172745F6E756D88
:102960002057726974652044617461204661696C06
:1029700065640A005B25735D5B25645D203A205425
:102980005420536572766963652053656E642046F2
:1029900061696C65640A005B25735D5B25645D207D
:1029A0003A204D4D552057726974652043474D5369
:1029B00020534F43502053657373696F6E205374D7
:1029C0006172742054696D65204661696C65640AA2
:1029D000005B25735D5B25645D203A204F544120E8
:1029E00050726F746F636F6C205061727365204614
:1029F00061696C65640A005B25735D5B25645D201D
:102A00003A204F5441204C696E6B205175657565B5
:102A100020437265617465204661696C65640A00D3
:102A20005B25735D5B25645D203A204D4D55205735
:102A300072697465204661696C65640A005B257380
:102A40005D5B25645D203A2043474D532044656C0F
:102A5000657465204C6173742053746F72656420D3
:102A60005265736F72640A005B25735D5B25645D5C
:102A7000203A2043474D53205265706F7274204EA8
:102A8000756D626572206F66204C6173742053749B
:102A90006F726564205265736F72640A005B257300
:102AA0005D5B25645D203A2043474D53205265709D
:102AB0006F7274204C6173742053746F726564205C
:102AC0005265736F72640A005B25735D5B25645DFC
:102AD000203A2043474D532044656C657465204679
:102AE000697273742053746F726564205265736FDA
:102AF00072640A005B25735D5B25645D203A2043A8
:102B0000474D53205265706F7274204E756D62652B
:102B100072206F662046697273742053746F7265F9
:102B200064205265736F72640A005B25735D5B25D8
:102B3000645D203A2043474D53205265706F727494
:102B40002046697273742053746F726564205265F5
:102B5000736F72640A005B25735D5B25645D203AC8
:102B600020496E7661696C6420446576204E616D03
:102B7000650A005B25735D5B25645D203A20557313
:102B8000652044656661756C742053657373696F65
:102B90006E2053746172742054696D650A005B2560
:102BA000735D5B25645D203A205573652053657322
:102BB00073696F6E2053746172742054696D65205F
:102BC00046726F6D20466C6173680A005B25735D09
:102BD0005B25645D203A20426C6520446576204E7A
:102BE000616D65204E6F7420466F756E6420696E4E
:102BF00020666C6173680A005B25735D5B25645D0C
:102C0000203A20426C652041647620496E746572DA
:102C100076616C204E6F7420466F756E6420696E0D
:102C200020666C6173680A005B25735D5B25645DDB
:102C3000203A20496E7661696C64204164762049AF
:102C40006E74657276616C0A005B25735D5B25644A
:102C50005D203A204661696C656420746F2077724C
:102C600069746520626C6553656E64416665446194
:102C70007461496E74657276616C0A005B25735DE0
:102C80005B25645D203A200A4661696C65642074A6
:102C90006F207265616420424C452073656E6469E3
:102CA0006E6720696E74657276616C0A005B2573CD
:102CB0005D5B25645D203A200A4661696C6564208D
:102CC000746F207265616420424C452073616D70A1
:102CD0006C696E6720696E74657276616C0A005B60
:102CE00025735D5B25645D203A2043474D53205397
:102CF0004F43502053746F702053657373696F6E28
:102D00000A005B25735D5B25645D203A2043474DD7
:102D10005320534F43502053746172742053657392
:102D200073696F6E0A005B25735D5B25645D203AF5
:102D3000205B4552524F525D20436F6D6D756E6939
:102D4000636174696F6E20496E74657276616C2080
:102D50006973205A65726F0A005B25735D5B256499
:102D60005D203A20556E6B6E6F776E205241435056
:102D7000204F70657261746F720A005B25735D5B32
:102D800025645D203A20424C452053656E64696E8F
:102D90006720414645204461746120496E74657224
:102DA00076616C3A20257520730A005B25735D5BA4
:102DB00025645D203A204D4D5520526561642044C4
:102DC0006576204E616D65203A2025730A005B25EB
:102DD000735D5B25645D203A204D4D552057726927
:102DE000746520446576204E616D65203A20257318
:102DF0000A005B25735D5B25645D203A2043474DE7
:102E000053205265706F7274203E3D20307825301B
:102E10003458202626203C3D203078253034582058
:102E200053746F726564205265736F7264730A0025
:102E30005B25735D5B25645D203A2043474D53203D
:102E40005265706F7274203C3D20307825303458C4
:102E50002053746F726564205265736F7264730AD5
:102E6000005B25735D5B25645D203A2043474D532D
:102E7000205265706F7274203E3D203078253034CA
:102E8000582053746F726564205265736F72647357
:102E90000A005B25735D5B25645D203A2043474D46
:102EA000532044656C65746520416C6C2053746FCD
:102EB000726564205265736F7264730A005B2573D8
:102EC0005D5B25645D203A2043474D532052657079
:102ED0006F7274204E756D626572206F6620416C52
:102EE0006C2053746F726564205265736F726473E3
:102EF0000A005B25735D5B25645D203A2043474DE6
:102F000053205265706F727420416C6C2053746F43
:102F1000726564205265736F7264730A005B257377
:102F20005D5B25645D203A2043474D5320534F435A
:102F30005020436F6D6D756E69636174696F6E20AB
:102F4000496E74657276616C204368616E67656472
:102F50002C436F6D6D756E69636174696F6E204986
:102F60006E74657276616C203A202575204D696E0D
:102F7000757465730A005B25735D5B25645D203A9B
:102F800020534F43502053657373696F6E2054690B
:102F90006D65722053746172742C436F6D6D756E24
:102FA00069636174696F6E20496E74657276616CD5
:102FB000203A202575204D696E757465730A005B93
:102FC00025735D5B25645D203A204D4D552052658B
:102FD00061642041647620496E74657276616C206C
:102FE0003A20252E3366206D730A005B25735D5BE6
:102FF00025645D203A204D4D552057726974652037
:1030000041647620496E74657276616C203A2025A1
:103010002E3366206D730A005B25735D5B25645D4E
:10302000203A2043474D5320556E6B6E6F776E20CC
:103030004576656E740A005B25735D5B25645D20D3
:103040003A204C6F7720414443204461746120282A
:103050004E5443293A2025750A0042617474657202
:103060007920566F6C7461676520286D56293A2067
:1030700025750A005B25735D5B25645D203A204859
:103080006967682041444320446174612028526587
:10309000666572656E6365293A2025750A00437579
:1030A0007272656E74205745313A2025750A0042C8
:1030B00061747465727920566F6C746167653A202B
:1030C00025750A0043616C63756C617465642054F6
:1030D000656D70657261747572653A2025750A00B8
:1030E0005B25735D5B25645D203A204146452043A6
:1030F0006F6C6C656374696F6E20496E746572766F
:10310000616C3A2025750A005B25735D5B25645D63
:10311000203A2046696E616C207265737461727426
:103120005F6E756D3A2025750A0054696D6573747C
:10313000616D703A2025750A005B25735D5B25641F
:103140005D203A20496E636F6D706C657465206F09
:103150007220696E76616C69642041464520707208
:103160006F746F636F6C2064617461207265636556
:10317000697665642021212100537563636573734B
:1031800066756C6C792077726F7465207265636FF9
:103190007264202300496E76616C696420636F6EEF
:1031A0006E656374696F6E2068616E646C653A2049
:1031B000307846464646004170702043474D5320C4
:1031C0004D73672051756575650075706461746134
:1031D000436F6E6E496E74762054696D657220720D
:1031E000756E6E696E6700626C655F7365745F70A3
:1031F0006172616D5F66726F6D5F666C61736800AE
:10320000626C655F6374735F6765745F74696D6535
:103210005F63616C6C6261636B00626C655F6374B9
:10322000735F7365745F74696D655F63616C6C6215
:1032300061636B006F74615F726563765F63616C7D
:103240006C6261636B00756172745F726563765F57
:1032500063616C6C6261636B0074745F726563764A
:103260005F63616C6C6261636B0073656E645F6D5C
:1032700073675F6170705F7461736B006261747417
:103280006572795F766F6C006170705F63676D5F08
:103290006370006765745F4E54435F54656D7000E2
:1032A0006F74615F6576656E745F68616E646C658E
:1032B00072004E54435F726573006F74615F657690
:1032C000656E745F70726F636573730063676D73AF
:1032D0005F726163705F6576656E745F70726F6355
:1032E0006573730063676D735F736F63705F65769B
:1032F000656E745F70726F636573730063676D737F
:103300005F6576656E745F70726F6365737300637B
:10331000676D735F73656E645F6D6561735F62791E
:103320005F666C6F61740063676D735F74696D6570
:103330005F696E69740063676D735F6D6561735F6C
:1033400074696D65725F74696D656F75740057455A
:10335000312043757272656E743A2025642F3130C6
:1033600030206E410D0A0057453220437572726558
:103370006E743A2025642F313030206E410D0A00E2
:10338000466565646261636B205265736973746F2F
:103390007220313A202575206B520D0A0046656572
:1033A000646261636B205265736973746F7220325B
:1033B0003A202575206B520D0A0056616C69642015
:1033C0004461746120547970653A20307825325810
:1033D0000D0A004441435652454620446174613A07
:1033E000203078253032580D0A0068616C6C4C61D1
:1033F00074636853746174757320446174613A2016
:103400003078253032580D0A005B25735D5B2564EA
:103410005D203A20494F204353206F7574707574B6
:1034200020686967682C2064656C617920316D7350
:103430002077616974206166652072656164792C0A
:1034400020736C656570206166650D0A004B313A2A
:103450002025750D0A00444143304F2044617461BA
:103460003A2025750D0A00444143314F20446174D0
:10347000613A2025750D0A00444143324F204461D2
:1034800074613A2025750D0A00444143334F2044AE
:103490006174613A2025750D0A00526561642F57E9
:1034A0007269746520466C61673A2025750D0A00C3
:1034B00041464520506F77657220557020436F75E7
:1034C0006E743A2025750D0A005B25735D5B2564DB
:1034D0005D203A202121216572726F72204146459C
:1034E00020554152542050726F746F636F6C2048A6
:1034F0004541442025750D0A005B25735D5B2564FD
:103500005D203A202121216572726F72204146456B
:1035100020554152542050726F746F636F6C204C71
:10352000454E2025750D0A005B25735D5B25645DA6
:10353000203A204572726F723A204172726179208E
:103540006C656E677468206973206C657373207492
:1035500068616E203133206279746573206F722048
:10356000696E76616C696420636F6D6D616E642E47
:103570000A003D3D3D3D3D3D3D3D3D3D3D3D3D3DEB
:103580003D3D3D3D3D3D3D3D3D3D3D3D3D3D3D3D6B
:103590003D3D3D3D3D3D3D3D3D3D3D3D3D3D3D3D5B
:1035A0003D3D0D003D3D3D3D3D3D3D3D3D3D3D3DB8
:1035B0003D3D3D3D3D3D3D3D3D53544F52455F44B6
:1035C0004154415F434D443D3D3D3D3D3D3D3D3DCD
:1035D0003D3D3D3D3D3D3D3D3D3D3D3D3D3D0D0088
:1035E0003D3D3D3D3D3D3D3D3D3D3D3D3D3D3D3D0B
:1035F0003D3D3D3D3D4D4541535552455F434D4455
:103600003D3D3D3D3D3D3D3D3D3D3D3D3D3D3D3DEA
:103610003D3D3D3D3D3D3D0D003D3D3D3D3D3D3D47
:103620003D3D3D3D3D3D3D3D3D3D3D3D3D3D5041B3
:1036300052414D455445525F53455454494E475F9E
:10364000434D443D3D3D3D3D3D3D3D3D3D3D3D3D8D
:103650003D3D3D3D3D3D3D3D3D3D0D003D3D3D3D07
:103660003D3D3D3D3D3D3D3D3D3D3D3D3D3D3D3D8A
:103670003D43414C4942524154455F4355525245A6
:103680004E545F434D443D3D3D3D3D3D3D3D3D3D03
:103690003D3D3D3D3D3D3D3D3D3D3D3D3D0D003DC7
:1036A0003D3D3D3D3D3D3D3D3D3D3D3D3D3D3D3D4A
:1036B0003D3D3D3D43414C4942524154455F564F8B
:1036C0004C544147455F434D442052455455524E5A
:1036D0003D3D3D3D3D3D3D3D3D3D3D3D3D3D3D3D1A
:1036E0003D3D3D3D3D3D3D0D003D3D3D3D3D3D3D77
:1036F0003D3D3D3D3D3D3D3D3D3D3D3D3D3D4341F0
:103700004C4942524154455F564F4C544147455FE6
:10371000434D44205345543D3D3D3D3D3D3D3D3DA4
:103720003D3D3D3D3D3D3D3D3D3D3D3D3D3D0D0036
:103730003D3D3D3D3D3D3D3D3D3D3D3D3D3D3D3DB9
:103740003D3D3D3D3D48414C4C5F4C415443485FFD
:10375000434F4E54524F4C5F434D44205345543DCC
:103760003D3D3D3D3D3D3D3D3D3D3D3D3D3D3D3D89
:103770003D3D3D3D3D3D0D003078443220544F44A9
:103780004F20212121007570646174655F61666559
:103790005F70726F746F636F6C5F627566005072FA
:1037A0006F746F636F6C556E5061636B005B257354
:1037B0005D5B25645D203A20556E73796E636564A8
:1037C00020646174612062756666657220636F6E45
:1037D00074656E74202873697A653A2025752062B5
:1037E00079746573293A200D0A005B25735D5B25AA
:1037F000645D203A204572726F723A20496E76619C
:103800006C696420636F6E6E656374696F6E2068A7
:10381000616E646C652E0A0052656164696E672092
:10382000646174612066726F6D20666C61736820DC
:103830006D656D6F72792061742061646472657367
:10384000733A20307825580A0043616C63756C61C7
:1038500074656420616464726573733A20307825FE
:103860003038580A00756E73796E6365644461740C
:10387000615265616442756653697A653A202575BF
:103880000A00756E73796E636564446174614E7588
:103890006D3A2025750A0043616C63756C6174652F
:1038A000642061646472657373206F666673657407
:1038B0003A2025752000436F6E646974696F6E202D
:1038C000323A00686973746F726963616C5F646136
:1038D00074615F75706C6F616400686973746F7296
:1038E0006963616C5F646174615F75706461746564
:1038F0005F636F6E6E6563745F706172616D005BB4
:1039000025735D5B25645D203A20557064617469A0
:103910006E6720424C4520636F6E6E656374696FFD
:103920006E20706172616D65746572732E202564FE
:103930006D73005B25735D5B25645D203A205365E4
:103940006E74207265636F72642025752C20746913
:103950006D657374616D703A202575005B25735D2C
:103960005B25645D203A2052656164696E6720259D
:1039700075207265636F7264732066726F6D20626A
:1039800075666665722C207374617274696E672047
:10399000617420696E646578202575000000000060
:1039A000D12FED61002089620020D5620020F57ED4
:1039B0002C2095920020A9960020519728206197ED
:1039C0000020D597ED2042482043474D20485433EE
:1039D0003242032B097300201D73002021735820ED
:1039E0004006020201012D1001FFFFFFFFC9DB00AD
:1039F00020D9DB06FF20B9E5002001FF01FF01FF10
:103A000001FF01FF01FF01FF01FF01FF01FF01FFB6
:103A100001FF01FF01FF01FF012500000000000080
:103A200070B584B049F20405C2F20205297800207D
:103A300000290390029000F07A8049F22400EFF30D
:103A40001084C2F20200EFF3108172B6006808B170
:103A50008047C0B12878811E032918D203A800F03E
:103A600077FB01A9002000F078FB039801283AD1E8
:103A7000019898B38020C4F20000D0F80011C90763
:103A800011D1012623E084F3108804B070BD012811
:103A900041D14EF61050CEF20000016821F0040131
:103AA000016030BF37E04FF20412C6F20402016831
:103AB000D0F868011268081A92B244F2004102FB81
:103AC00000F0C0F21F010026884238BF012602A97B
:103AD000012000F042FBF6B90298E0B101204FF45A
:103AE000FA6100F03FFB019828B102A9012000F023
:103AF00034FB029878B14EF61050CEF20000016807
:103B000041F0040101604FF0A04030BF00F0F0F838
:103B1000012000F02CFB49F22000C2F202000068F4
:103B200018B12978022908BF804784F3108804B0AF
:103B300070BD000070B541F20001044640F48050B1
:103B4000C5F2000188421CBF012070BD40F2007523
:103B50000226C0F2010500BF300604BF002070BD80
:103B60002046FF212A46013E00F006FB002818BF30
:103B700070BDF1E7B0B50C460546FFF7DBFF002846
:103B800018BFB0BD2846214600F0FBFAB0BD00BF0B
:103B9000B0B50C460546FFF7CDFF002818BFB0BDF5
:103BA0002846214600F0F2FAB0BD00BFB0B50C4681
:103BB0000546FFF7BFFF002818BFB0BD28462146C5
:103BC00000F0E9FAB0BD00BFB0B50C460546FFF7FE
:103BD000B1FF002818BFB0BD2846214600F0E0FA2A
:103BE000B0BD00BFB0B50C460546FFF7A3FF0028E7
:103BF00018BFB0BD2846214600F0D7FAB0BD00BFBF
:103C000010B50446FFF796FF002804BF204600F0D9
:103C1000D1FA10BDB0B50C460546FFF78BFF002862
:103C200018BFB0BD2846214600F0C9FAB0BD00BF9C
:103C30002DE9F04381B00D46044600F130406FF4A9
:103C4000805108424FF0010004D11DB12046FFF71A
:103C500071FF10B101B0BDE8F0834B2140F21F723B
:103C6000C0F280312046C0F20F0200F085FA002831
:103C7000F0D100274FF0100841F28739102600BF1D
:103C8000A068C00614D5B0B2216800230022042821
:103C900028BF0420DB00013221FA03F793B205F8B4
:103CA000017B9842A6F10106F4DC0027C4F81080DD
:103CB00001374F450CD8012000F086FA3004DFD1DF
:103CC000204641F2883100F084FA01B0BDE8F0836B
:103CD000032001B0BDE8F08310B50446FFF72AFFCA
:103CE000002818BF10BD2046032100F077FA10BD50
:103CF00010B50446FFF71EFF002804BF204600F061
:103D000072FA10BDB0B582B0044641F200020D4611
:103D100044F48051C5F2000200209142ADF8060043
:103D200007D10DF106012046FFF724FF20B102B0B4
:103D3000B0BD012002B0B0BDBDF806004BF68371E6
:103D4000084005F01F0140EA81000621ADF8060099
:103D500020464FF4E06200F00FFA0028E7D1BDF8EA
:103D60000600012140F200726060C0F2005120465E
:103D7000C0F2010200F000FA0028D8D1204643F634
:103D8000982100F026FA02B0B0BD00BFF0B581B0B6
:103D90001C4615460E460746FFF7CCFE08B101B09B
:103DA000F0BD384631462A46234600F021FA01B0DC
:103DB000F0BD00BFB0B50C460546FFF7BBFE0028BE
:103DC00018BFB0BD2846214600F017FAB0BD00BFAD
:103DD000F0B583B01C4615460E460746FFF7AAFE0F
:103DE00008B103B0F0BDDDE9080C3146009038465B
:103DF0002A462346CDF804C000F004FA03B0F0BD13
:103E0000F0B581B01C4615460E460746FFF792FEF8
:103E100008B101B0F0BDDDF818C0384631462A4679
:103E20002346CDF800C000F0F2F901B0F0BD00BFAC
:103E30002DE9F0470C4641F20001054640F4805060
:103E4000C5F2000188424FF001063DD1EFF3108A20
:103E5000EFF3108072B640F6A000C0F6C840686666
:103E60002020C0F2C800E865052028662846032106
:103E70009846914600F0D0F90746284606214FF4AF
:103E8000E06200F079F9A96D032C41F00101A96508
:103E9000AE6684BF1020BDE8F08740EA070660B236
:103EA00013A151F8202016A151F8201009FA02F0B0
:103EB00040F21772E8642846C0F2020200F05CF992
:103EC0008AF31088064303D03046BDE8F08700BF70
:103ED000286FC007FCD1A86D414620F00100A865FD
:103EE000284600F076F906463046BDE8F08700BF68
:103EF000080000000C0000000F000000100000008F
:103F0000810000032000000352000003D8000003DA
:103F10002DE9F04F81B0164641F20002824640F48E
:103F20008050C5F20002904242D1002E4FF0010BAA
:103F30001CBF1D46002B3DD055FA81F08846B0F5D8
:103F4000807F4FF0010B35D8EFF310800090EFF336
:103F5000108072B60A9F40F6A000C0F6C840CAF8AA
:103F6000640040F24010C0F2C800CAF85C000520AE
:103F7000CAF86000504606214FF4E06200F0FCF8F9
:103F8000DAF85810814641F00100032FCAF85800B2
:103F9000CAF868B012D0022F1AD01FBB40F21770B7
:103FA000CFF6FF70022100EB0542C0F240311BE06A
:103FB0004FF0010B584601B0BDE8F08F40F217708A
:103FC000CFF6FF7000EB05423221C0F243310BE027
:103FD00040F21770CFF6FF70A22100EB0542C0F24D
:103FE000423101E000210022042DAC4628BF4FF0F1
:103FF000040CBCF1010F0FDB00240020002700BFE0
:1040000016F8013BE4000137A340BCB21843A445B5
:10401000A5F10105F4DC00E00020CAF84C80CAF8E4
:104020000400504600F0A8F8290440EA090B2BD000
:1040300000274FF0020841F2873900BFCAF810800C
:10404000DAF80800800714D4A8B200230021002267
:10405000042828BF042000BF16F8014BDB00013202
:104060009C4093B221439842A5F10105F4DCCAF8C3
:1040700004104F4506D00120013700F0A5F82804B0
:10408000DCD101E04BF0030B009880F31088BBF10A
:10409000000F8FD10B9D00BFDAF87000C007FBD175
:1040A000DAF8580020F00100CAF85800DAF8A40045
:1040B000C0070AD041F28834013C0CD0012000F046
:1040C00083F8DAF8A400C007F6D15046294600F07C
:1040D00080F883466EE74FF0030B6BE72DE9F04F56
:1040E00083B04FF0010A52B19CB244B10C9D0E4610
:1040F00029469046074600F08FF8824618B1504690
:1041000003B0BDE8F08F04B3029700BFF0B2C0F572
:10411000807B5C4538BFA3461FFA8BF7A946009504
:1041200002980D9D314642463B460195FFF7F0FE51
:10413000BAF1000FE3D116FA8BF618FA8BF8E41BEC
:104140004D46E3D14FF0000AD9E74FF0000AD6E719
:1041500047F6692CC0F2000C60474CF23D3CC0F2BF
:10416000000C604745F6295CC0F2000C604747F23E
:104170001D3CC0F2000C604748F6456CC0F2000CD4
:10418000604748F6813CC0F2000C604749F2992C28
:10419000C0F2000C604748F6754CC0F2000C604756
:1041A00048F60D5CC0F2000C604748F6F57CC0F2A2
:1041B000000C604748F63D1CC0F2000C604748F612
:1041C000751CC0F2000C604744F2817CC0F2000C08
:1041D000604749F2990CC0F2000C604748F6790C30
:1041E000C0F2000C604748F6A55CC0F2000C6047C6
:1041F00048F6A10CC0F2000C604748F6010CC0F272
:10420000000C604749F2D90CC0F2000C604748F638
:104210009D2CC0F2000C604748F6C15CC0F2000C57
:084220006047000000000000EF
:040000051000215571
:00000001FF
