:020000042000DA
:1030000000100220313800203938002049380020D3
:1030100000000000000000000000000000000000B0
:103020000000000000000000000000001905010081
:1030300000000000000000009D050100A90501003E
:10304000593800205B380020A14500205F3800205F
:103050006138002063380020653800206738002080
:10306000693800206B3800206D3800206F38002050
:103070007138002073380020E531002077380020B7
:10308000793800207B380020BD4300207F380020A5
:103090008138002083380020154400200549002095
:1030A000893800208B3800208D3800208F38002090
:1030B0005D4A0020933800209538002039490020CF
:1030C0000348854600F006F80048004731AC002070
:1030D00000100220064C0125064E05E0E36807CCEF
:1030E0002B430C3C98471034B442F7D3FFF7ECFF66
:1030F000183100204831002002E008C8121F08C122
:10310000002AFAD170477047002001E001C1121F68
:10311000002AFBD17047000080300120F8400120D8
:1031200080000000F8300020F840012080300120AD
:10313000781000008043002000310120F840012079
:10314000048D000008310020F0B581B0214F38789F
:1031500000283DD0EFF31086EFF3108072B61E48C2
:103160000068002802D0804700281BD03878811ED4
:1031700003291BD20124204621460CF091F805209A
:103180000507284600F02CF91448016804220A4378
:10319000026030BF284600F02FF9002120460CF0D5
:1031A0007FF80BE086F3108801B0F0BD012805D14F
:1031B0000A48016804229143016030BF0848006852
:1031C000002803D03978022900D1804786F310887F
:1031D00001B0F0BDCC990120A0AD012010ED00E0C0
:1031E0009CAD012070B582B0134C01AD204629463C
:1031F0000CF05CF8297820460CF05EF828788007FF
:103200000AD50E4800900E48022164220D4B0CF0A6
:1032100059F80D4801210170084DC8260BA42988D2
:1032200020460CF0A9FE761EAD1C002EF7D10848F2
:103230000DF0B0FB02B070BD00810050B08B0120DA
:10324000E8990120448D01202B7E01202564200077
:10325000562E012070B50446012001032143094A7E
:1032600091420BD10226084D300608D0FF2120469E
:103270002A460CF02DF8761E0028F5D070BD0020EF
:1032800070BDC0460010005000070100B0B50C46EC
:103290000546FFF7DFFF002800D0B0BD28462146D5
:1032A0000CF01CF8B0BDB0B50C460546FFF7D2FFD8
:1032B000002800D0B0BD284621460CF015F8B0BD5E
:1032C000B0B50C460546FFF7C5FF002800D0B0BDDD
:1032D000284621460CF00EF8B0BDB0B50C460546A8
:1032E000FFF7B8FF002800D0B0BD284621460CF0FB
:1032F00007F8B0BDB0B50C460546FFF7ABFF002898
:1033000000D0B0BD284621460CF000F8B0BD10B585
:103310000446FFF79FFF002800D010BD20460BF0A9
:10332000FBFF10BDB0B50C460546FFF793FF002824
:1033300000D0B0BD284621460BF0F4FFB0BDC0461A
:10334000F0B581B00D4604460B200007211801207E
:103350001F4A114206D1002D04D02046FFF77AFF04
:10336000002801D001B0F0BD1A491B4A20460BF0DD
:10337000AFFF0028F6D100261027A068C00613D59D
:10338000B8B2042800D30420216800231A46DB00C9
:103390000E46DE402E707F1E6D1C521C93B298426A
:1033A000F5DC102020610026761C0C4886420BD8E4
:1033B00001200BF0BDFF3804DFD10848411C204636
:1033C0000BF0BCFF01B0F0BD032001B0F0BDC04662
:1033D000FFEFFFFF4B0080031F070F008713000064
:1033E00010B50446FFF736FF002800D010BD0321BA
:1033F00020460BF0A9FF10BD10B50446FFF72AFFC9
:10340000002800D010BD20460BF0A4FF10BDC04620
:10341000B0B582B00D46044601A80021018001200C
:1034200001032143154A914205D101A92046FFF726
:103430002DFF002801D002B0B0BD01A80188104ABC
:103440000A40E906490E51180180072002020621B0
:1034500020460BF03DFF0028EDD101A800886060F8
:103460000849094A20460BF033FF0028E3D10749F9
:1034700020460BF063FF02B0B0BDC0460010005004
:1034800083BF00000100000500070100983A00001A
:10349000F0B581B01C4615460E460746FFF7DAFE2A
:1034A000002801D001B0F0BD384631462A462346F7
:1034B0000BF056FF01B0F0BDB0B50C460546FFF766
:1034C000C9FE002800D0B0BD284621460BF04EFFB3
:1034D000B0BDF0B583B01C4615460E460746FFF753
:1034E000B9FE002801D003B0F0BD099808990091F9
:1034F0000190384631462A4623460BF03DFF03B083
:10350000F0BDF0B581B01C4615460E460746FFF7E4
:10351000A1FE002801D001B0F0BD06980090384609
:1035200031462A4623460BF02DFF01B0F0BDC046C0
:10353000F0B585B00C4605460127380328432449D9
:10354000884241D103920493EFF310800290EFF38D
:10355000108072B61F4868661F48E8650520286617
:10356000032128460BF014FF0190072002020621D8
:1035700028460BF0ADFE0746A86D01263043A8652E
:10358000AE66032C1FD860B2800014A10958039ABC
:103590008A40EA6415A10958184A28460BF098FE9B
:1035A000029981F3108801990F43074304990BD1C5
:1035B000286FC007FCD1A86DB043A86528460BF062
:1035C000BDFE074600E01027384605B0F0BDC046F6
:1035D00000100050A008C80C2000C800080000001F
:1035E0000C0000000F00000010000000810000032C
:1035F0002000000352000003D80000031707020058
:10360000F0B587B01D461646044601200303234348
:103610005F4A934200D097E0002E00D194E0002D45
:1036200000D191E0C8B2431901200202934200D9AF
:103630008AE005910C9FEFF310800390EFF3108068
:1036400072B6544860665448E06505202066534AC7
:10365000173A062120460BF03BFEA26D01210A43DA
:10366000A2650191A166032F04900BD0022F11D007
:10367000002F17D1280449494018494940180290A1
:103680004A4911E02804454940184549401802902C
:10369000444909E028044149401841494018029032
:1036A000414901E000210291042D2A4600D3042261
:1036B000012A06940DDB00231C461F46DB003078F0
:1036C000984004436D1E761C7F1CBBB29A42F5DC09
:1036D00000E000240698059AC26444600446029AF9
:1036E0000BF0F6FD04990843290428D00590002723
:1036F00002202061A068800712D4A8B2042800D359
:103700000420002319461A46DB0034789C402143EC
:103710006D1E761C521C93B29842F5DC069C6160CB
:103720002348874208D001200BF002FE7F1C2804AA
:10373000DED10399059803E0032105980843039916
:1037400081F31088002801D007B0F0BD0D9D206FD7
:10375000C007FCD1A06D01998843A065A420205822
:10376000C0070BD0069CA4341148461C761E0BD013
:1037700001200BF0DDFD2068C007F7D1069829462F
:103780000BF0DCFD07B0F0BD032007B0F0BDC04674
:1037900000100050A008C80C4001C8001707000026
:1037A0000000FFFF32004303A20042030200400377
:1037B00087130000F0B587B00E4601460120002AAD
:1037C0000BD09CB2002C08D015460C9F08460691E1
:1037D00039460BF0DDFD002801D007B0F0BD05979C
:1037E0000021002C20D002910D990391049005989E
:1037F000009003980190F0B201210902081A844256
:10380000214600D301468FB2069831462A463B46F0
:10381000FFF7F6FE04980028DFD1ED19F619E41B36
:10382000E5D1029807B0F0BD084607B0F0BD000032
:1038300019488047194800477046EFF30881EFF3B5
:103840000982174B9847FEE77046EFF30881EFF3C4
:103850000982144B9847FEE7FEE7FEE7FEE7FEE726
:10386000FEE7FEE7FEE7FEE7FEE7FEE7FEE7FEE730
:10387000FEE7FEE7FEE7FEE7FEE7FEE7FEE7FEE720
:10388000FEE7FEE7FEE7FEE7FEE7FEE7FEE7FEE710
:10389000FEE7FEE7FEE7FEE75D4B0020C1300020BB
:1038A000A94500206D440020F0B51FB40646002055
:1038B00082B005464024019100901BE00199224608
:1038C0000F46304600F062FC049A059B801A99412D
:1038D00010D310461946224600F048FC361A8F4194
:1038E0000197224601200021009F00F03FFC38187C
:1038F0004D4100902046641E0028DFDC019B0098AB
:103900002946324607B0F0BD30B5434351435C18F9
:10391000010C130C0D465D432C1980B292B2054682
:10392000554351430A0C09044D1962415843010C97
:1039300000044019514130BD38B50446C068182113
:10394000401E4843A16840183C2148436168401824
:103950003C2148432168451860690C21484321698E
:1039600040186921C900401A302100F0D7FB114AE4
:1039700050434219084600921A2902DB0E49511899
:1039800000910C2100F0CAFB0C4A5043009A8018A9
:1039900000900B4806E0491E425C074B5A43009BCF
:1039A000D21800920029F6DC2146684600F01AFC85
:1039B000009838BD801F8607805101008033E101E7
:1039C000B409012003460B439B0703D009E008C953
:1039D000121F08C0042AFAD203E00B780370401CBF
:1039E000491C521EF9D27047D2B201E00270401C4D
:1039F000491EFBD270470022F6E710B513460A466F
:103A000004461946FFF7F0FF204610BD421C01781E
:103A1000401C0029FBD1801A7047F8B502464A4085
:103A2000D40F42004B0052085B089A4202D2024671
:103A3000084611464A0023D0C30D4A00DDB2120EDB
:103A4000AD1A202D35DA49020126490AF6058A19F0
:103A5000002C00D0524220214F1B1146B9402A4170
:103A60001018C20D9A4221D0002C17D0012D08DC6D
:103A7000DA05801AD20F8019D207DBB20BF08EFC68
:103A8000F8BDDA05801A012340001B06C018801813
:103A90005A428018CA0F1043490007E04908C2077C
:103AA0001143DA05801A8019400880180BF07CFC5D
:103AB000F8BD61000122511A001BF7E70122D2076D
:103AC0005140AAE70122D2075040A6E7024670B54E
:103AD0004A40D30FDB0740002DD04A002AD0010E08
:103AE000140E000212020919400A520A8418E50154
:103AF00004465443000A120A2E045043A4194219E2
:103B0000200CC543AA18120C0125AD03521C5219F2
:103B100012047F39240400D0521C104301D4400009
:103B2000491EC2B20C06C0092018401C4008802A59
:103B300002D003E0002070BD40084000002900DAF8
:103B40000020184370BD70B502464A40D50F4000B2
:103B50004A00ED0740085208002814D0002A12D06D
:103B6000C40DD30D41020120C0055202490A520A78
:103B7000E41A091812187D34914201D3641C00E044
:103B80004900002C01DA002070BD0023914201D3CE
:103B9000891A0343400849000028F7D100290AD0B8
:103BA000914202D10121C90705E0914201D20121D0
:103BB00001E00121C943E005C01840190BF0F4FBF6
:103BC00070BD0000F0B507460846584087B0C00FEA
:103BD000049048000E46590040084908BC1A884124
:103BE00005D2384631461E4617460B460246580057
:103BF000400810434CD0300D039040055900400D53
:103C0000490D0590401A0290402872DA18030121EC
:103C1000000B09050843019004980092002805D084
:103C2000019952420020884100920190029840215F
:103C30000A1A0199009800F099FA05460C466B465D
:103C400007CB00F0B4FAC0197141039A0E0D00239E
:103C5000D71756401A467A40164344D0049A002A91
:103C60002DD0029A012A039A15DC1205C01A91413F
:103C700001263605001C7141D20F059ED207009324
:103C8000019202962A46234600F0F3FA07B0F0BDEF
:103C900038463146FAE71605224A0F46B218C01ACE
:103CA000B74101210905001C4F4100187F41114611
:103CB00018187941E20F10436D19644113E0E207CF
:103CC0006D0815436408C2071443039A01261205C0
:103CD000C01A91413605001C7141CE07400830439F
:103CE0004908C01851412A46234600F0B5FACDE7ED
:103CF000FFE7049801224000C117121A00238B41EC
:103D000004983146C417381AA141EEE730B40124B3
:103D1000E407634030BC55E730B40124E407614058
:103D200030BC4FE70000E0FFF0B51FB488B00B993E
:103D30000998002448400999C00F49004908099191
:103D4000C0070B990090490049080B910999089800
:103D5000A64608431CD00B990A98084318D0099826
:103D600001244000420D4800410D0998240500033C
:103D7000000B204309900B980003000B20430B908D
:103D800050181C494018002201901446104605E0C6
:103D9000002001460DB0F0BD032801DA034600E023
:103DA00003239C46C11A0AAE0AE05F0008ADED5B32
:103DB0004F00F75B7D430027AA187C41491C5B1E1E
:103DC0006145F2DD410004AB5A522104120C0A4352
:103DD000240C401C0828DFDB0198029000997046F3
:103DE00001910090059B049A0799069800F041FA0A
:103DF000D0E700000DFCFFFFF0B50C465C4085B03D
:103E0000E40FE40703944C0000266408590094462C
:103E1000490802460296224321D062460A431ED038
:103E20006200570D4A000E032303550D012402467C
:103E30002C492405781B1B0B360B401823432643C3
:103E4000614600901C46501AB44103D30098401CB0
:103E5000009002E0921800985B41002803DA0020ED
:103E6000014605B0F0BD0020012109050746864640
:103E700011E064461D46141BB54106D36546521B2E
:103E8000B341744607430C43A646CD074008490892
:103E9000284392185B4105460D43EAD1104618436A
:103EA00013D06046194650407140084306D0604622
:103EB000101AB34106D20122002306E0002201239A
:103EC000DB0702E00122D24353100098744601053B
:103ED000381C6141029C039D0019694100F0BCF946
:103EE000BFE70000FD0300000122D207002800DB2D
:103EF000101A002900DB511A814201D801207047B5
:103F0000002070470122D207002800DB101A002988
:103F100000DB511A814201D2012070470020704716
:103F20000122D207002800DB101A002900DB511AF9
:103F3000814201D301207047002070470122D2073F
:103F4000002800DB101A002900DB511A814201D938
:103F5000012070470020704710B5002904DB0C4693
:103F60000121C9074042A141002B04DB1C4601236B
:103F7000DB075242A341101A8B4101D2012010BD30
:103F8000002010BD10B5002904DB0C460121C90733
:103F90004042A141002B04DB1C460123DB075242B7
:103FA000A341101A8B4101D3012010BD002010BD88
:103FB00010B5002904DB0C460121C9074042A1418C
:103FC000002B04DB1C460123DB075242A341801A6D
:103FD000994101D2012010BD002010BDC217C10FB0
:103FE000504010B54018CA07962300210BF0D6F9AF
:103FF00010BD00000EB5C217C10F5040CA074018CF
:104000000021054B0293019200910A460B4600F0F5
:1040100030F903B000BD0000330400000EB50549BF
:104020000291002100910A460B46019100F021F90E
:1040300003B000BD33040000C20F41004002012361
:10404000400ADB05D207090EC0187F2901DA0020DB
:104050007047962903DC9623591AC84001E0963927
:104060008840002AF4D040427047000070B5CD0F60
:104070004A0009030123090B1B0519430B4BED07EC
:104080000024520D9A4201DA002070BD074B3433F0
:104090009A4203DC9A1A00F079F802E004495118B8
:1040A00088402C43F1D0404270BD0000FF03000067
:1040B000CDFBFFFFC20FD207400040080BD0C10D5F
:1040C0000723DB01C91840020905400A1143C20851
:1040D00040071143704700200146704770B5044601
:1040E000002903D000202022012310E0002801D065
:1040F0000020C043C046C0460DE02546D5408D4255
:1041000005D30D469540641B1D4695404019154644
:10411000521E002DF1DC214670BD000070B5002557
:1041200004462E46002911D0002C01DA0125444214
:10413000002901DA012649422046FFF7CFFFB542A8
:1041400000D04042002D00D0494270BD002C02DA60
:104150000121C90702E0002C00DD03490846C046E2
:10416000C046214670BD0000FFFFFF7F10B5202A2A
:1041700004DB0146203A9140002010BD91402023ED
:104180009C1A0346E3401943904010BD10B5202A05
:1041900004DB0846203AD040002110BD0B46D34036
:1041A000D0402024A21A91400843194610BD10B5F2
:1041B000202A06DBCB170846203A1041C1170B43D3
:1041C00006E00B461341D0402024A21A9140084338
:1041D000194610BD10B5024900F004F810BD0000EA
:1041E000F840012070B50C4600683C21FFF776FFCF
:1041F00021603C21FFF772FF61601821FFF76EFF1D
:104200000546A1600721001DFFF768FFA1610F4867
:10421000A90008180E49FFF761FF024644328808DA
:104220006261E0613B2802D3910700D0401C00216D
:10423000084B0A462161995C814203D8401A521CFE
:104240002261F8E7401CE060204670BD6C0B000066
:10425000B5050000C009012010B5002B08DA0024C4
:10426000401C614192185B411A4301D14008400053
:1042700010BDF0B51FB482B005460C0003D008464F
:104280000BF0A6FE02E00BF0A3FE203002460090E9
:1042900021462846FFF76AFF049B059A04460F460D
:1042A00018431143084314D0184610431BD00098FC
:1042B00040210A1A18460599FFF768FF05460E4681
:1042C000009A05990498FFF751FF084305D0012093
:1042D00004E02046394607B0F0BD0020C117054371
:1042E0000E432C43374300990E986305401A790515
:1042F000E40A00220C43FD0A0A3002D500200146E0
:10430000E9E70105101969410C9C0D9D00196941EF
:10431000FFF7A2FFDFE700004A0009030123090BB2
:104320001B0519430A4B10B5520D9A4202DA0020C0
:10433000014610BD064B34339A4203DC9A1AFFF74C
:1043400025FF10BD034BD218FFF710FF10BD000072
:10435000FF030000CDFBFFFF10B5002904DB0124A3
:10436000E40740428C412146002B04DB1C4601231C
:10437000DB075242A341994200D1904210BD000098
:1043800030B58C180278401C13071B0F01D103783D
:10439000401C120906D10278401C03E005780D701C
:1043A000401C491C5B1EF9D101E00B70491C521ED8
:1043B000FBD1A142E6D3002030BD000070B582B031
:1043C000114C20460AF0F6FF01AD204629460AF0BE
:1043D0006DFF297820460AF06FFF2878800611D0FB
:1043E0006D46204629460AF0EBFF084802682988F6
:1043F000074E3046904729883046FFF7FCFA2046A2
:104400000AF0E4FF02B070BDC0810050F44F0120FB
:10441000287C012070B582B000200190009001201E
:1044200044020D4D01AE2846214632460AF0D4FF23
:10443000284621460AF0D6FF7078800709D56A46DB
:10444000284621460AF0D4FF0098414241410348E2
:10445000017002B070BDC04680B00460C66A012021
:10446000014800787047C0462841012015460C4697
:10447000064601F059FCEFF308811D480BF07CFD66
:10448000300701D51C4800E01A480CF083FA0420DC
:10449000064001D01AA000E018480CF07BFA1CA0DE
:1044A0000CF078FA002E00D02C4621681CA00BF0EE
:1044B00063FD61681EA00BF05FFDA16820A00BF0FA
:1044C0005BFDE16822A00BF057FD216924A00BF0F1
:1044D00053FD616926A00BF04FFDA16928A00BF0E8
:1044E0004BFDE1692AA00BF047FD01F0F1FBFEE76F
:1044F000A20B0120E90B0120CA0B0120DB0B0120DC
:104500005573696E67207533325073702E0000004A
:10451000537461636B206672616D653A0000000040
:10452000523020203A203078253038580A000000D8
:10453000523120203A203078253038580A000000C7
:10454000523220203A203078253038580A000000B6
:10455000523320203A203078253038580A000000A5
:10456000523132203A203078253038580A00000085
:104570004C5220203A203078253038580A0000006C
:10458000504320203A203078253038580A00000067
:10459000785053523A203078253038580A000000BD
:1045A00080B50AF02BFF80BD14460D46064601F08B
:1045B000BBFB04A031462A4623460BF0DDFC01F08C
:1045C00087FBFEE74E4D495F48616E646C65723A49
:1045D00020253038582C20253038582C20253038CC
:1045E000580A0000F0B58DB0002630460AF00CFFE6
:1045F000984F0125384629462A460AF00BFF3846CF
:10460000294632460AF00CFF6C04384621463246F1
:104610000AF000FF38460494214632460AF006FFAD
:104620006C053846214632460AF0F4FE38462146EB
:1046300032460AF0FBFE07A803900680864F3E72C2
:104640008820F8800C2038718448386006A80290D1
:10465000068017200AF0F0FE0E2130460AF0F2FE26
:10466000A8037F490860FF2109047E4A13688B4331
:1046700003218905591811607B4908607BA008A9AE
:104680000A4628C828C238C838C27D4D28460AF0D4
:10469000DFFE042128460AF0E1FE022128460AF046
:1046A000E3FE28460AF092FE4221384607F0CCFC91
:1046B00008213846039A07F043FC80213846029AC5
:1046C00007F03EFC6F4F387800280AD103E0701CD9
:1046D000132E064605D264200AF02AFE38780028F8
:1046E000F5D002200AF090FE01250024594E3046F4
:1046F000294622460AF08EFE3046294622460AF016
:1047000095FE3046049D294622460AF083FE304637
:10471000294622460AF08AFE07A800884142414104
:104720003878424242410A4306A80088414241414A
:10473000114308D053208200714855490BF01CFCEE
:1047400000200DB0F0BD504E2046315B4018A41C37
:10475000C82CFAD16421FFF7C1FC054607A80580E3
:10476000002108467218C823D25A8018891CC8290B
:10477000F8D16421FFF7B2FC06A908800E46049127
:10478000ABB253208400224608324048404D2946AF
:104790000BF0F2FB3388224609323E4829460BF0E3
:1047A000EBFB08AF00263E8005AD2E8007A80288EF
:1047B000294808213B4607F05BFC049802888021C9
:1047C00025482B4607F054FC3B88224611323248DC
:1047D0002F490BF0D1FB2B88049412342FA02C49C5
:1047E00022460BF0C9FB3F882888C01BFFF702FC5C
:1047F000354B3246FFF798FA04460D463846FFF728
:104800000DFC02460B4620462946FFF7F5FA0746FF
:104810000C4632463346FFF79FFB0028354600D151
:104820003D460028374600D12746284B28463946C2
:104830003246FFF7E1FA00900191049A1A3224A05F
:1048400013490BF099FB28463946FFF70FFC0DB0D2
:10485000F0BDC04680B00460E89901200004026009
:1048600080E200E00CE400E000E100E0000402600F
:10487000448D0120E80300000801690129000000BF
:10488000008100502B7E0120B08B012017270120D2
:104890009229012054270120B91B01205B25735D5B
:1048A0005B25645D203A204869676820566F6C7408
:1048B000616765205265666572656E63653A20259D
:1048C00075206D560A00000000607D400000244005
:1048D0005B25735D5B25645D203A2043616C6375E5
:1048E0006C6174656420526573697374616E63658D
:1048F0003A20252E3166204F686D730D0A000000A6
:10490000EC1A012010B582B001AC20460AF0B2FDCD
:1049100001980AF0B5FD6078000601D502F066FC4A
:1049200001A84078400602D502480AF0AFFD02B067
:1049300010BDC046CC800000F0B585B000250395C1
:10494000434C04AE204631460AF0A6FD30880821CB
:10495000014001200190C707002907D020460AF036
:10496000A1FD64200AF0E4FC3A480760032103AA91
:1049700020460AF09DFD3848046804E0304609F0FE
:10498000B3F834480760002C22D02646A46A307D54
:104990000028F3D1707D0028F0D1B07D0228F2D13B
:1049A00002A92B480AF08AFDB168F2680298914288
:1049B00004D28842E7D3904204D3E4E7904201D383
:1049C0008842E0D3F1690029D8D0306A8847D5E71A
:1049D00021480168002923D00020039A054603E0FE
:1049E0003546896A00291CD08B7D022BF9D18B6852
:1049F000C4070AD0CC6895420AD2AB421E4600D307
:104A00002E46A342ECD31E46EAE71D460198E8E78E
:104A1000AB421E4600D32E46A342E1D22E46DFE72C
:104A2000284603996A1A51425141C007084803D0E9
:104A3000002904D005B0F0BD01990029FAD1032165
:104A40002A460AF041FD0348076005B0F0BDC046A4
:104A50000030056000E200E0889A012070B582B065
:104A600000246D46204629460AF034FD2978204668
:104A70000AF036FD2878002840D0022001A90AF06B
:104A800035FD019D002D36D0204C214E13E0052030
:104A900029460AF005FC02200AF02EFD00200AF04B
:104AA0002BFD01200AF044FC022001A90AF01EFDA2
:104AB000019D002D1FD000200AF024FD0028F0D118
:104AC000284606F029FA00281AD12846214606F081
:104AD0002DFA0228E5D13268002ADFD02168201D96
:104AE0009047054602200AF00DFD0028CFD0012096
:104AF0000AF01EFCF6E707A00BF04CFF02B070BDF9
:104B000000200AF0F9FC02B070BDC046C897012031
:104B1000D899012054686520727820717565756593
:104B2000206964206973204E554C4C0080B50648BE
:104B300001210A460AF074FCE3204200034804A164
:104B40000BF01AFA80BDC04600B00460E92A0120CB
:104B5000536C6565704166650000000001480249BC
:104B60000160704708ED00E00030002080B582B0A1
:104B70000F4803880F481818A02804D81EA00BF06F
:104B800009FF02B080BD0CA013A1184A0BF0F4F984
:104B900005F01EFB4B21C90401911549009169469E
:104BA0000AF0B6FC13480BF0F5FE02B080BDC0461B
:104BB000BE72012030FDFFFF5B25735D5B25645DE8
:104BC000203A20436F6E6E496E74762054696D658D
:104BD000722025640A000000557064617465436F9B
:104BE0006E6E496E747654696D65720095080000AA
:104BF00020032003AA28012054686520636F6E6E8D
:104C0000656374696F6E20696E74657276616C207D
:104C100069732077697468696E20746865207261B1
:104C20006E6765206F66203930306D7320746F2099
:104C3000313130306D73000010B582B0002001902A
:104C4000104C012101AA20460AF068FC01980028B6
:104C500007D1012120460A460AF0E2FB64200AF04F
:104C600063FC0121002220460AF0DAFB32200AF020
:104C70005FFBFF22C03204A013A10BF07DF902B04C
:104C800010BDC04600B004605B25735D5B25645DAC
:104C9000203A20494F204353206F7574707574205B
:104CA0006C6F772C2077616B657570206166652C61
:104CB0002064656C61792077616974206166652084
:104CC00072656164790D0A0057616B6555704166C4
:104CD00065000000F0B583B002AC284D2580FF24AC
:104CE0002403002814D0019119461346A41C002562
:104CF000234A57193E79864207D0FE88A419A41C7E
:104D00002D1D242DF5D10022D4431A460B460199BE
:104D1000651C11D06118CD18AE1C8000184D2818E4
:104D200040882018801CB0420DD220A01E49882245
:104D30000BF022F901251DE028481B4981220BF0C8
:104D40001BF9012516E0881C002511461A462B4642
:104D500004F070FE002806D005460AA012498F22F2
:104D60000BF00AF906E0089B02A90222204604F093
:104D700061FE0546284603B0F0BDC0465A5A000001
:104D80007A0B01205B25735D5B25645D203A204D25
:104D90004D552057726974652044617461204661E5
:104DA000696C65640A0000005C0C01205B25735D82
:104DB0005B25645D203A204D4D552057726974651E
:104DC0002044617461204265796F6E6420456E6491
:104DD00020416464726573730A000000220C012094
:104DE00070B5184C0020E072A07260722072E07101
:104DF000A071607120710421E170D121A1700D2199
:104E00006170552121700146225C5118401C0C280C
:104E1000FAD1484220730D21204609F06BFE0AA00A
:104E200010A19A220BF0A8F80026124DA15D284689
:104E30000BF0A2F8761C0D2EF8D10FA00BF0AAFDF6
:104E400070BDC046D2CD01205B25735D5B25645DDE
:104E5000203A205374617274204D656173757265D8
:104E60003A20000073746172745F6D6561737572CE
:104E7000650000008B1101200D000000F0B5C5B0E9
:104E80008B2002010E921F32CDA0DD490BF074F889
:104E9000DCA014AA114638C838C138C838C105206A
:104EA00010210AF047FBDD490860002802D1DCA090
:104EB0000BF070FD05F09CFDDF49086000280E9A9C
:104EC00004D12532DD48CE490BF056F8DC4EDD48E2
:104ED0007080DD483080FF2108463830F0800D9129
:104EE00008460A30B08000250F9508F06DFC30466A
:104EF00002F08CFAD54F0A243C873D850FAA042086
:104F00002946034605F0BCFE0125EA0200280A9561
:104F10000C920B9424D00F32CD48CE490BF02CF8D4
:104F20003088F88570883886B088788638462E3084
:104F3000B17981710FAC3046214602F0BBFC00957F
:104F4000002104202246034605F06EFF00283D465E
:104F50001BD00C9A1632C048BE490BF00DF814E075
:104F6000D21DBE48BB490BF007F80F9814AC214680
:104F700002F0BEFB1498F88560883886159878860C
:104F800038462E30A17981713D462F462E370D9837
:104F900038728020F8713388B078F178327974797A
:104FA000B679009001910292039404960C9C2246DB
:104FB0001F32AB48A7490AF0DFFFEB8DB878F978CC
:104FC0003A797D790997BE7900AF67C72234A54841
:104FD000A04922460AF0D0FF02F0C6FD07200026B5
:104FE000A14D042331462A4605F04AFE002812D07E
:104FF0000346222824D12E600A9F14970097072089
:1050000014AA0423314605F00FFF00280E9C21D07E
:10501000224632320FE02868401C14900A9F009705
:105020000720002114AA042305F0FEFE00280E9C90
:1050300010D0224642328D4871490AF09DFF09E0A6
:10504000F04328600E9C2246383289486C490AF0A9
:1050500093FF0A9F2B6822464532864868490AF02A
:105060008BFF08200021844D04232A4605F008FE0A
:10507000002810D00B9828600097082000210423F6
:105080002A4605F0D1FE002805D022464E327B4844
:105090005B490AF071FF2B68224651327848584923
:1050A0000AF06AFF09200025764E0423294632467D
:1050B00005F0E6FD002810D03C2030600097092064
:1050C00000210423324605F0AFFE002805D0224619
:1050D0005A326D484A490AF04FFF336822465D3222
:1050E0006A4847490AF048FF05F000F902F02CF839
:1050F000674801F087FE199518951795169515952F
:105100001495052014AA1723294605F0B9FD002897
:1051100005D061485F4922460AF02EFF0AE0221DB1
:10512000FA48F94914AC23460AF026FF20460E9CA3
:1051300002F04EF9454D062000260FAA02230690E4
:10514000314605F09DFD002806D022460A32F74878
:10515000ED490AF011FF13E00FAC2088FEF75EFF67
:105160000022F34BFEF7E0FD009001910E9A0F3202
:10517000F048E5490AF000FF20880E9C02F014F97F
:1051800002F0E0F801F0EEFAEB4801F03DF8EB48F0
:1051900009F0C6F9EA4806F0A5FBEA48EA49EB4AF5
:1051A0000260416001F048FA2E62E949284602F0A7
:1051B0000BFC002872D0E7A00BF0ECFB45B0F0BD73
:1051C0005B25735D5B25645D203A202D2D2D2D2DF3
:1051D0002D2D2D2D2D2D2D2D2D2D43474D20507254
:1051E0006F66696C65204578616D706C652D2D2D3D
:1051F0002D2D2D2D2D2D2D2D2D2D2D2D2D0A00005C
:10520000682901209728012000000000D0720120A9
:10521000340000000473012018010000C86A012056
:10522000637265617465204170704D7367496420D5
:105230006661696C65640000D46A0120D720012092
:105240008E710120031F0000E90700009871012002
:1052500053220120072A01201C1701207E22012051
:10526000F91801203D190120E43001202A200120F5
:10527000DC1B0120E827012024410120F61F01202A
:10528000C02701205C410120292301205B2401204B
:10529000E9680020C7280120AC220120B24809F0AB
:1052A000C5F9002805D07F34B048B14922460AF03C
:1052B00063FEB0481621079109F01CFC08F074FB4E
:1052C000AD48AE4A394600F0A1FEAD48AD4A314680
:1052D00000F09CFE7D02AC4802240B942946224635
:1052E0000AF098F8A848294622460AF09FF8304666
:1052F00007990AF0A7F80423A348294622460AF092
:105300001FF9204631460AF021F99F4C20460895A6
:1053100029463A460AF020F90E20072339462A4644
:105320000AF020F9204629460AF05CF82046294672
:105330000AF01EF9B805F54908600D990904F44A08
:1053400013688B430321890559181160F8490860D7
:105350002546803C204639463A460AF05BF820460E
:10536000394632460AF00AF9204639463A460AF0EA
:1053700057F82846394632460AF04CF8284639464E
:1053800032460AF053F87C042846214632460AF099
:1053900041F8284621460E9C32460AF047F8284636
:1053A0000C9D29463A460AF035F877482946324698
:1053B0000AF0E4F8744829463A460AF031F804F055
:1053C00087FF30460AF020F86F480B9932460AF002
:1053D0002DF8384614AF31460596BE723E8105025F
:1053E000FD800C2038710FAE3180E44814902120EC
:1053F0000101384606F028FE38462946324606F0B6
:105400000BFE3388089A483ADD48DE490AF0B4FDBD
:105410000B9809F0F9FF3188DB480180DB480AF07E
:10542000ABFDDB48808BFFF7DDF804F089FDD9493F
:10543000088081B2D8480AF09FFD7D20C000079007
:105440000598C743D54D0B9705E02246AE32D448A8
:1054500047490AF091FD28680FA9002632463B46CD
:105460000AF092F80028F0D10FA800780228CD4960
:1054700017D0012839D00028EDD10FA84078052891
:1054800000D19DE0022800D1ACE00128E3D104F076
:105490009FFEC549888000223948C44900F02EFE8D
:1054A000D9E7EFF31086EFF3108072B6C04C206896
:1054B00005F003FB0546206814AC21462A4605F09A
:1054C000D9FA86F3108804F083FE21462A46B94BA8
:1054D00005F0F4FD002805D00C9AA43AB648B74967
:1054E0000AF04AFD0E9CAD4DB5E70FA84078421E6C
:1054F000062A00D97DE0119F3D46303538463B30C5
:10550000930003A2D2589746C72801208B2401207C
:105510008D55002001560020AF560020D1560020A6
:1055200015570020575700201B580020D822012073
:105530000000E43F9F260120E5A00020FDDB0020C5
:105540001DB7002068720120CD660020AD650020E7
:105550005D7E002043474D5320496E6974204661AB
:10556000696C65640000000035E7002057170120D2
:1055700068290120A1170120EC7101202180002061
:105580001C7201206D4B002080B00460AB7A8C4A05
:105590001E328C480AF0F0FC8348007F00287F4DC3
:1055A0000B9F00D157E7884E304600F0CDFD87486D
:1055B0000168079841430022304600F09FFD4AE70A
:1055C0001198808882490880282800D043E704F099
:1055D00073FE002800D13EE7002008F0ADF900F08E
:1055E000A9FD38E77A4806806F48868008F0DCF924
:1055F00031E70C9ABF3A774877490AF0BDFC2AE7B1
:10560000A87A002800D142E1744E30460C4601F0E1
:1056100037FF3088F885274670882880B0886880F2
:10562000B079287114AC3046214602F043F90A984B
:105630000090002104202246034605F0F5FB0028D7
:105640005F4E04D06648394632460AF095FC02F0B7
:10565000B5FB04F035FE5C4C204600F075FD5B4860
:105660000168079841430022204600F047FD0A36B2
:105670005C48394632460AF07FFC4B48C38D099E90
:10568000B078F17832797479B6790090019102920C
:10569000039404964A4C22460D32534839460AF088
:1056A0006BFCAB7A22460E3250483946EBE0444D53
:1056B0002A4616324E480E460AF05EFC0020388517
:1056C000414800F041FD2A4619324A483146E1E09E
:1056D0000D9702784078401E0528089200D9DEE038
:1056E0004000C04678448088400087440500E000C0
:1056F000F400080124012E01314A3E323E483F4960
:105700000AF03AFC0D9802F0D9FE27E180E200E0B1
:1057100014E400E00D97407814A90E80401E05287F
:1057200000D938E103A14000085A40008744C04630
:1057300000E100E008003E0153016801850190018D
:105740001F4A80322E482D490AF016FC14A90D98E4
:1057500003F068FA86E10D974178491E052900D9C2
:105760009BE10278089249007944898849008F4476
:1057700049009E01B101C401E101EC010000026099
:10578000AB1601205C290120B07201208F27012077
:1057900028410120BC720120A4270120C86A0120F1
:1057A00088190120C429012098710120B80B00003C
:1057B000D46A0120C9AF0020B12001209A2901201C
:1057C00015060000FD250120EC7101202441012077
:1057D000BE720120F8260120DC2901208E710120F3
:1057E00077200120E22301203D19012056260120C7
:1057F000BF230120E8170120D2250120AC29012078
:105800009D250120EF4ABC32F548F0490AF0B4FB6F
:105810000D9C204602F004FEA1E1F98D14A8018040
:10582000298841806988818029798171139613AC18
:10583000214602F03FF80A980090042031462246A3
:10584000034605F0F1FA00280C9EF54C05D03246CF
:10585000CA3ADA4821460AF08FFB3246C73AF14885
:1058600021460AF089FBD448C38D099DA878EF78BA
:105870002A7921466C79AD790090019702A834C04D
:105880003246C43ACE480AF077FB0E9C04E0CD4A7B
:105890001132E2480AF070FBC64D0B9FDBE5C94AA6
:1058A0006332D248C9490AF067FB334657E00D9D81
:1058B00028463E30002109F06DFE0446C14A4532BB
:1058C000D548C24923460AF057FB284621460E9C7C
:1058D00003F020F942E00D9D28463E30002109F0FA
:1058E00059FE0446B74A4C32CA48B84923460AF022
:1058F00043FB284621460E9C02F05AFF2EE00D9DE8
:105900002C463E340021204609F044FE0746022181
:10591000204609F03FFE04460090AA4A5432BC4893
:10592000AA493B460AF028FB2846394622460E9CE7
:1059300003F0E4FB12E0A34A5932B448A3490AF049
:105940001BFB0D9802F060FE08E09E4A5E32AE48F6
:105950009E490AF011FB0D9802F0FCFF0346954D9D
:105960000B9F222B07D0042B0D9800D117E1002BA1
:105970000ED1012300E0062306210D98089A03F0BA
:105980004DFC00280D9800D109E18E4A7432FFE0E9
:105990008C4A6E3207E18B4AA53294488B490AF053
:1059A000EBFA844D0B9F0D98467754E50D9D2846E4
:1059B0003E30002109F0EEFD0446824A87329048CD
:1059C000824923460AF0D8FA14AA284621460E9C9A
:1059D00003F030FA46E00D9D28463E30002109F0E4
:1059E000D9FD0446774A8E328448784923460AF026
:1059F000C3FA14AA284621460E9C03F075F931E03B
:105A00000D9D2C463E340021204609F0C3FD07467B
:105A10000221204609F0BEFD04460090694A9632F4
:105A200075486A493B460AF0A7FA14AB284639463E
:105A300022460E9C03F06CFA14E0624A9B326D48D9
:105A400062490AF099FA14A90D9803F017F909E0D0
:105A50005C4AA03266485D490AF08EFA14A90D9896
:105A600003F0B0F9534D0B9F042800D194E014AC1F
:105A70002388544AAC32634854490AF07DFA20889E
:105A80000E9CC2B2030A05210D9803F0C7FB002843
:105A900000D181E04B4AB0327AE04A4AE1325348C1
:105AA0004A490AF069FA434D0D980B9F77E00D9D26
:105AB00028463E30002109F06DFD0446414AC332BC
:105AC0004648424923460AF057FA2846214602F042
:105AD00093FF2CE00D9D28463E30002109F05AFD31
:105AE0000446384ACA323C48384923460AF044FA48
:105AF0002846214602F0D0FD19E00D9D2C463E348B
:105B00000021204609F046FD07460221204609F003
:105B100041FD044600902B4AD2322E482B493B4689
:105B20000AF02AFA28463946224603F059FA034673
:105B3000284616E0234AD732254824490AF01CFAA1
:105B40000D9C204602F01CFD09E01E4ADC321E4876
:105B50001E490AF011FA0D9C204602F0B1FE0346E0
:105B60002046144D0B9F222B069C05D0042B0E9C27
:105B700015D0002B15D10A9C06210D98089A2346B2
:105B800003F04CFB00280D980E9C08D00D4AF23211
:105B900014480E490AF0F0F90D9846775BE4467711
:105BA00059E4084AED32104808490AF0E5F90D9821
:105BB000467750E4C86A0120987101201C17012023
:105BC0003D190120150600001D210120AC290120EE
:105BD000A8210120F11C0120E31D0120771D0120D7
:105BE00072250120F6160120D41601203924012047
:105BF00048210120D42101202F1D0120141E012045
:105C0000A81D0120701801207D2101200A220120F9
:105C1000D224012041250120102501200624012045
:105C2000DC2901207517012070B55B4D2968594E9C
:105C300030680024224609F0EDFB306829682246CE
:105C400009F0F4FB514801685148814201D02D20F0
:105C500000E02C2003225207914200D12B2009F0B2
:105C60009FFC70BD70B5032465071024AA4205D0BF
:105C7000B44DAA4202D0464DAA4219D1802505430F
:105C8000AF4EB54214D1049C244D2C60002C04D09E
:105C9000244C00252580224C25803E4C20603B482A
:105CA00002603D4801603E48036000F03DF8044654
:105CB000204670BD1B48008819490988081A4142CE
:105CC0004141164802685042504108437047C0465F
:105CD000F0B581B0114C2068002805D0104D2888FF
:105CE000104E3188884201D101B0F0BD274F04E049
:105CF000288081B232889142F6D080B2216809684A
:105D0000095C386809F052FC206881882888401CAA
:105D100082B28A42ECD30020EAE7C046DC99012037
:105D2000949A0120929A0120F0B583B0174D28680B
:105D300003214907884205D01549884205D1082426
:105D40002C2004E004242B2001E00C242D2009F059
:105D500073FB104E3068104F3968224609F02CFC56
:105D6000002801D003B0F0BD39683068022209F084
:105D70005DFB0028F6D109480290094800680190AF
:105D8000286801A909F01EFC03B0F0BDE4990120C8
:105D900000040060E0990120A09A01202130010157
:105DA000A49A012070B584B0282009F045FB0A2090
:105DB00009F042FB0B2009F03FFB0C2009F03CFBF3
:105DC0000D26304609F038FB0E2009F035FB0F2078
:105DD00009F032FB102009F02FFB352009F02CFBD5
:105DE000112009F029FB122009F026FB002420468F
:105DF0002146224609F0ECFB09F0F0FB09F0F4FB28
:105E000000F03EF90325142207233046294609F005
:105E1000F1FB01263003494988800094B102E1205A
:105E200003034748474AFFF71DFF47A053A156A267
:105E30000AF0A2F803F050FD04F0B6FD1721204649
:105E400009F000FBF00553490860FF210906524A9A
:105E500013688B4313605149086002205049514A2E
:105E600004F0CCFE50480AF095FD50A00AF092FDD7
:105E700001A8294603F022FD002805D056485749BD
:105E8000F8220AF079F850E055A05449FC220AF0B3
:105E900073F8594D01A8015D28460AF06DF8641C9D
:105EA000032CF7D10A200AF06DFD02A8062103F0A9
:105EB000F8FC41218C00002805D050484749224673
:105EC0000AF05AF831E0221D4D4844490AF054F8CE
:105ED0000026494D02A8815D28460AF04DF8761C3F
:105EE000062EF7D10A200AF04DFD02A8062103F084
:105EF000CBFC002806D00C344248384922460AF030
:105F00003BF812E010344048344922460AF034F895
:105F10000025394C02A8415D20460AF02DF86D1C81
:105F2000062DF7D10A200AF02DFDFEF7A7FF09F094
:105F300067FB09F06BFB04B070BDC04670720120B6
:105F400080B00460000800605B2573205420257336
:105F50005D626C65207065726970686572616C2045
:105F600070726F6A6563742863702920737461723C
:105F70007420746F20776F726B2E0A004D61792048
:105F8000313520323032350031333A34343A303022
:105F90000000000080E200E014E400E000E100E026
:105FA000D5AB0020C5AB0020911101202D2D2D2D4A
:105FB0002D2D2D2D4265666F7265204465766963CF
:105FC0006520496E666F2057726974652D2D2D2DE1
:105FD0002D2D2D2D00000000D1100120DA110120FF
:105FE0005B25735D5B25645D203A204465766963BB
:105FF00065204944203A2000891101201F11012009
:106000004C110120F31001206B110120B0B50346A3
:106010001020002B22D0012920D8EFF31084EFF3B9
:10602000108572B69D7D002D02D084F31088B0BD1E
:1060300000209862DA611976012199752D490A6864
:10604000002A02D10B600021D9622B490A68002A7C
:1060500001D09362DA620B6084F31088B0BDC04651
:1060600001461020002909D08A7D002A06D001228D
:106070004A750020C875D1073B4A11607047C04679
:10608000F0B581B0052009F0D7F9294D0024284644
:10609000214609F0C1FA0127F80713490860FF26D5
:1060A0003106124A13688B4303218907591811607E
:1060B0000F4908601F21204609F0C4F979022846DB
:1060C00009F0B0FA0821284609F0B2FA284631460C
:1060D00009F0B4FA284609F0B7FA06480460064801
:1060E0000460204601B0F0BD80E200E01CE400E066
:1060F00000E100E0889A01208C9A012010B5044646
:106100001020002C13D0A37D002B10D062626160A0
:1061100021461031064809F0D1F90220E075FF2030
:106120000230A0820120C0070F490860002010BD86
:106130000030056080B54B20010102480022FFF7C6
:10614000DDFF80BD7872012001461020002909D0B2
:106150008A7D002A06D001204875C875C00702490B
:10616000086000207047C04600E200E084B0104C98
:10617000104D04E0621C81B2104609F06BFA2868E9
:106180000022D34301A909F0FFF90028F2D101A8A8
:1061900009F066FA02990029F1D00398002802D08C
:1061A00009F064FAEBE7204609F070F9E7E7C0462A
:1061B00002600000DC41012080B50A460021FFF7A3
:1061C00025FF4142484180BD80B5FFF749FF41426C
:1061D000484180BD80B5FFF791FF4142484180BDF5
:1061E00080B5FFF7B1FF4142484180BD3E4800887D
:1061F000421A50425041354A12888A4201D040002A
:10620000704701207047C046B0B582B000282ED03C
:106210002F49086018490025184B28462A4605F0E2
:1062200001FE0124002823D0009501958920430018
:10623000134928462A4605F089FD2449088000288C
:1062400016D009F019FA28490880002810D00D4806
:10625000022100252A462B4609F014FA002807D00F
:1062600005F0A6FD2148012101702C4600E0102414
:10627000204602B0B0BDC0460F1800008C3001208F
:10628000192A000008290000B0B51D460F480088F3
:1062900088420BD10124002D14D00D48006880479E
:1062A000642800D3642028702046B0BD0E480088C2
:1062B000884209D10224002D04D0002068700B48C8
:1062C000007828702046B0BD0020B0BD8871012044
:1062D0008071012004480088884203D1009800782A
:1062E00002490870002070478A7101208C710120DA
:1062F000F0B593B07F48012109F0CAF900260028C3
:1063000000D1DBE07C4809F0C9F9002800D1D5E0D4
:106310007A4809F0C9F9002800D1CFE07848012473
:10632000214609F0C7F9002800D1C7E004200090F9
:106330007448754A10210B4609F0C2F9002800D1B3
:10634000BCE07248062109F0C1F9002800D1B5E08F
:106350006F48022109F0C0F9002800D1AEE0250203
:1063600000206C496C4A131859601D8149191C3072
:106370007028F8D100206949694A13185960282605
:106380001E8128311C307028F7D166480D9065A019
:1063900041688268C06810900F920E910DA809F0B4
:1063A000A1F9002800D186E001940020614A624BE7
:1063B0001918CA600D8241218900521830306028B6
:1063C000F6D10395BF20C5435C4F28465C4A14189C
:1063D000CC22A750D023E6522C373030F6D102928F
:1063E0000024584F58480019C7600A460399018293
:1063F0001146BF183034602CF4D15449544C029AE1
:1064000060198150C6522C313035F9D151A104A800
:10641000024678C978C278C978C209F069F90028BB
:10642000039C4AD000205349534A13189C81996019
:10643000091920304028F8D14F480222214609F09E
:106440005DF9002839D000204C494D4A11501318ED
:106450009C80091910302028F8D149480222214691
:1064600009F052F90026002828D046480DAA114606
:1064700038C838C138C838C14020082109F05AF856
:106480004149086000281CD0404804AA114638C879
:1064900038C138C838C138C838C13D4800263146EF
:1064A00009F038F907463B480760002F0DD03A48FD
:1064B00009F036F90CE0002600E00026304613B063
:1064C000F0BD39480AF066FAF8E734480AF062FA93
:1064D000019C002FF2D009F029F90398F43009F05B
:1064E0002BF92F482F4909F02DF909F031F92646EB
:1064F000E4E7C04628550120F8570120C056012086
:1065000098500120705A0120805A0120805C01209F
:10651000105A0120B0600120E0580120C06801201D
:10652000905A0120E058012000010400905A0120F7
:1065300028000400B8660120B0590120106A01202B
:10654000C05B0120B0640120505901206069012026
:10655000005B0120B059012000010200C05B012056
:10656000280004005059012000010200005B0120B6
:1065700028000400B05C012058500120B05E0120CA
:1065800008550120F0090120AC7E0120CC09012032
:1065900079AB0020747E0120D1D800205E0E01204E
:1065A000AC0D0000B80B0000470E0120F0B585B01F
:1065B0000646144D284600F063FF002737722888EE
:1065C000308068887080A888B080E888F0800EA04D
:1065D0001749184E324609F0CFFC2C88A878E97884
:1065E0002A796B79AD790090019102920393049519
:1065F000B21C57480E49234609F0BEFC384605B088
:10660000F0BDC0468E7101205B25735D5B25645D26
:10661000203A2043474D204354532047657420536C
:10662000797374656D2054696D650D0A0000000072
:10663000E02801203A080000B0B582B010240028FC
:106640002ED0016800292BD0174A11601749012468
:106650000C7040681649086016490025164B2846FC
:106660002A4605F0DFFB00281AD0009501958D2001
:106670004300124928462A4605F068FB1049088065
:1066800000280DD008F0F8FF0E490880002807D038
:1066900005F08EFB0C48417A01220A4342722C46D7
:1066A000204602B0B0BDC046607201205E7201207B
:1066B0006472012005180000A43001202B2A00007C
:1066C000587201205C7201204C720120F0B585B037
:1066D0000188124C2180418861808188A180C08816
:1066E000E080204601F0AEF80DA0174D174E294668
:1066F000324609F041FC2388A078E1782279677955
:10670000A47900900191029203970494B21C10485E
:10671000294609F031FC002005B0F0BD8E71012042
:106720005B25735D5B25645D203A2043474D204324
:106730005453205365742053797374656D205469E4
:106740006D650D0A00000000FA28012053080000C2
:10675000F918012062480088401A41424141C800AE
:106760007047C046F0B583B043490025434B2846E7
:106770002A4605F057FB002867D000950195812037
:1067800043003F4C284621462A4605F0DFFA002800
:1067900060D0534908800D2001903A480090611C58
:1067A00000200223024605F0D1FA002857D00E2619
:1067B000019635480090A11C0025022328462A4650
:1067C00005F0C4FA00284FD0122701972F480090F7
:1067D000E11C0296022628462A46334605F0B6FA00
:1067E00001972B480090211D28462A46334605F084
:1067F000ADFA019727480090611D28462A46334686
:1068000005F0A4FA019724480090A11D28462A46C5
:10681000334605F09BFA0298019020480090E11D54
:1068200028462A46334605F091FA072001901C4875
:1068300000902D34284621462A46334605F086FA34
:1068400005F0B6FA08F08AFF12E016480AF0A2F83E
:1068500001250DE013480AF09DF8012508E01148D4
:106860000AF098F8012503E00E480AF093F8012594
:10687000284603B0F0BDC0460A1800000C0A0120EB
:10688000232A0000880A0120980A01204C0A0120CE
:10689000600A0120A80A0120740A0120300A0120A0
:1068A000DD300120280E012010B50D4800888842F7
:1068B00014D10820002B10D00A490A6849681971C0
:1068C0001A700C0EDC710C0C9C71090A5971110EB6
:1068D000D970110C9970110A597010BD002010BDAB
:1068E000989A012000AD0120B0B584B013460C4643
:1068F000EFF305856946487000220A7002940193FF
:10690000002D01D0134600E0D3430A48006808F088
:106910002BFF00280CD0034607480849084C2246A4
:1069200009F02AFB113407A010A1224609F024FB2C
:1069300004B0B0BDC86A01209D1E01204A29012073
:10694000BB0200005B25735D5B25645D203A20532C
:10695000656E6420426C65204D65737361676520C8
:106960004661696C65640D0A00000000626C655F39
:106970006576656E745F63616C6C6261636B000069
:1069800070B582B0401E622800D9B7E10C464E1C9B
:106990004000C0467844808840008744620076000A
:1069A0008A009E00C300DB00EC0000011D012D01E8
:1069B000AF01AF01AF01AF01AF01AF01AF01AF0157
:1069C000AF01AF01AF01AF01AF01AF01AF01AF0147
:1069D000AF01AF01AF01AF01AF0145014801530164
:1069E0006101AF0164016A016E01AF01AF01AF0146
:1069F000AF01AF01AF01AF01AF01AF01AF01AF0117
:106A0000AF01AF01AF01AF01AF01AF01AF01AF0106
:106A1000AF01AF01AF01AF01AF017B01AF01AF012A
:106A2000840187018A018D019001930196019901EA
:106A30009C01AF019F01AF01AF01AF01AF01AF01F9
:106A4000AF01AF01AF01AF01AF01AF01A201AF01D3
:106A5000AF01AF01AF01AF01AF01AF01AF01A501C0
:106A6000AB01A078E17809020918E54809F084FA39
:106A7000A078E17809020818DF490880C94803684E
:106A8000002B00D13AE1012010E030787178090242
:106A90000918E278D94809F06FFAD7480021018037
:106AA000C0480368002B00D128E1022000210A46DB
:106AB0004DE02079617909020918E3783278C748F6
:106AC00008F058FE20796179090209183078727847
:106AD00012021218E378C2485DE020796179090258
:106AE0000918B14808F0B6FD211DB048082208F089
:106AF00047FE2079617909020818A179E27912022A
:106B0000511809040A18207A617A09020818A17A32
:106B1000E37A1B02591809040B18A5A009F02CFAF6
:106B200002B070BD15462389E288A1889B4808F011
:106B30002DFE2389E288A188994809F01DFA994819
:106B40000368002B00D1D9E0AAB20520214698475E
:106B500002B070BD3078717809020918B078F27807
:106B600012021218B079F3791B021B188A4808F038
:106B70000DFE02B070BDA078E178090209186379B2
:106B80002279834808F0F6FDA078E1780902091817
:106B9000637922797F4809F0EFF902B070BDE2789D
:106BA0003178924808F0F8FD3078717809020918B8
:106BB000E2788F4809F0E0F94B20C00401908D483D
:106BC00000908D4C2088694608F0A2FC2088C821DE
:106BD00008F0E8FD02B070BD30787178090209183C
:106BE000804808F037FD30787178090209187E482E
:106BF00009F0C2F902B070BD207861780902091865
:106C0000A078E27812021218524808F0D1FD2078DC
:106C1000617809020918A078E278120212184EA0D1
:106C200009F0AAF902B070BD218848485EE0A01CB6
:106C3000002108F0C3FD0146207862781202121884
:106C4000414809E0A01C002108F0B8FD0146207869
:106C50006278120212183B4808F0B6FD02B070BD0F
:106C60002188374842E020786178090209183348C2
:106C70003CE0A2782178304811E020786178090260
:106C80000918A07AE27A120212182A4808F090FD38
:106C900002B070BD2178E0784042C2B2244808F0CA
:106CA0007BFD02B070BD21781E481FE021781C4892
:106CB0001CE02178194819E02178174816E021785E
:106CC000144813E02178124810E021780F480DE0B5
:106CD00021780D480AE021780A4807E02178084821
:106CE00004E02178104801E02178104808F0B2FC57
:106CF00002B070BD2178164808F0ACFC02B070BD3F
:106D00002BA000002AA0000029A0000028A000005D
:106D100027A0000026A0000025A0000024A000005D
:106D200023A0000022A000002CA0000033A000003F
:106D300021A0000016A0000015A0000014A0000073
:106D400013A0000012A0000011A0000010A000007D
:106D500034A000000FA000005B4D53475F424C453C
:106D60005F4D54555F45584348414E4745445F4940
:106D70004E445D2048616E646C65203D203078256E
:106D8000582C206D7475203D2025640A00000000F9
:106D90000EA00000DE0E01200DA000000CA00000DF
:106DA00031100120F04F01200AA000000BA00000CC
:106DB0005B4D53475F424C455F4C4C5F46454154E9
:106DC0005255455F494E445D2048616E646C6520B4
:106DD0003D203078254C580A0000000009A0000032
:106DE000A60F012008A00000770F012007A00000D7
:106DF0002D0F012020032003B4720120F80F012081
:106E0000A010012010B50446024808F0E3FC024837
:106E1000046010BD81690020F04F01202F480088D8
:106E2000411A4842484170472C480088884205D1A1
:106E30000120002B01D000211970704700207047FD
:106E4000F0B583B014460D460146202D00D3202511
:106E50001F4F38462A46FCF7B5FD200A1D4E7070BC
:106E600034700320C10200201B4B024604F0DAFFFD
:106E70000124002828D00097019515204502002004
:106E80000227294602463B4604F060FF00281BD03B
:106E900000960197691C0026304632463B4604F0B6
:106EA00055FF002810D000960196A635812043009A
:106EB00030462946324604F049FF002804D00749ED
:106EC000088004F075FF3446204603B0F0BDC0468C
:106ED000A8970120A4970120240A0120909A01205C
:106EE0000020704725480088401A4142414148002F
:106EF0007047C04621490988814208D10220002BF1
:106F000004D0002159701E4909781970704700207B
:106F10007047C046B0B582B010490024104B2046DF
:106F2000224604F07FFF0125002813D0009401942D
:106F3000112003010B492046224604F007FF0028D8
:106F400008D008F099FB002804D00C49088004F010
:106F50002FFF2546284602B0B0BDC04601180000EC
:106F6000180A0120052A000004480088884203D13D
:106F7000009800780249087000207047408D012079
:106F800030A00120F0B597B00124A1024448454A41
:106F900010252B4604F0A4FF43A00BA94CC84CC1FC
:106FA0004CC84CC146A002AA1146C8C8C8C1C8C82E
:106FB000C8C12421284608F013FC4749086000286E
:106FC00012D046A011AA114668C868C168C868C135
:106FD0000820802108F004FC46490860002807D1F9
:106FE00003204003401C01E00320400308F04EFA58
:106FF00040200C210BAA08F09DFA3F4908600028A8
:1070000018D03EA002AA114668C868C168C868C105
:1070100068C868C14248002108F07CFB0546414829
:107020000560002D0AD0802008F0E0FB3E4808F003
:10703000E3FB08E00025002D2ED008E003204003EC
:10704000093008F023FA681E8541002D24D026025D
:107050000096102128220823204608F0D3FB68362A
:107060003248314608F0D4FB33208101304808F023
:10707000D5FB30480221302208F0D6FB08F0DAFBBD
:107080002D4808F0DDFB2D4808F0E0FB2C4808F007
:10709000E3FB2C4808F0E6FB284617B0F0BDC046DD
:1070A000309C0120089A0120890E01200000000078
:1070B000A841012034000000E0410120000600004A
:1070C000C30E01200000000008AD012024000000D4
:1070D0006495012040020000D49901209C0E0120FB
:1070E000000000002CAD012024000000649101206C
:1070F00000040000D0990120DC410120B60E0120DF
:10710000010000006041012044000000E047012030
:107110000008000020000000000000000000000047
:107120006D610020A4410120EDD70020C89A012004
:1071300038A00120F84F0120B9610020D56100205E
:10714000E1610020C961002010B506F0E7F90024D4
:107150000221204608F076F9124804220260FF203E
:10716000000411490B6883430B60104802600F2034
:107170000321072308F03EFA00F03CF8FFF7B8F8C7
:10718000002807D0FFF7FEFE002805D004F08CFD94
:10719000204610BD06A000E00CA009F0FBFB01207A
:1071A00010BDC04680E200E000E400E000E100E045
:1071B000626C655F636F6E74726F6C6C65725F6931
:1071C0006E6974206572726F722E0000626C655F6A
:1071D000686F73745F696E6974206572726F722E66
:1071E0000000000080B508F043FB80BD80B508F0CA
:1071F00045FB80BD10B52B4808F046FB2A4808F037
:1072000049FB2A4808F04CFB294808F04FFB294865
:1072100008F052FB284808F055FB284808F058FBB6
:10722000274808F05BFB274808F05EFB264808F07B
:1072300061FB264808F064FB254808F067FB2548F9
:1072400008F06AFB244808F06DFB244808F070FB46
:10725000234808F073FB234808F076FB224808F027
:1072600079FB224808F07CFB214808F07FFB21488D
:1072700008F082FB204808F085FB204808F088FBD6
:107280001F4808F08BFB1F4808F08EFB0020C4430A
:107290002046214608F08EFB2046214608F090FB50
:1072A00010BDC046D3BC0200B3BC0200BBBC020090
:1072B000CBBC0200C3BC0200B955010069560100F5
:1072C000612702000127020015270200710B02004E
:1072D0005D240200312602009D2502008D26020059
:1072E000F9250200C52602007D270200752702004D
:1072F0007D0B0200D9E9030001E803003DE703002C
:10730000C5EA03009DEA030003480088401A414291
:10731000414148007047C046D0CD01200020704751
:1073200080B50298002807D0044A12888A4203D107
:107330000399034A12689047002080BDCECD0120FA
:10734000CC6A012010B584B0684615498180154883
:10735000009002A8002484800294062102F0A1FA81
:10736000204602A9095D4018641C062CF9D10004CE
:1073700004D068460399818002980090684608F01E
:1073800025FB214C2046FCF741FB0D210A02C1B22E
:107390002046FFF755FDFFF7BDFD04B010BDC04608
:1073A000AC0400001111114406494118203989B27A
:1073B000054A914201D210207047044908800020FC
:1073C0007047C0461FC0FFFF1FC00000D83001201B
:1073D00070B51024002814D00546FCF717FB1728B9
:1073E0000FD8094E002434607460B460F4603461D6
:1073F00074612846FCF70AFB024630462946FCF732
:10740000E1FA204670BDC046B0300120F0B583B02F
:10741000002830D00746B54E002434607460B1486F
:107420000460B1480460AE4D2C60AA480470304638
:1074300000F026F83888798809040818B988FA888D
:107440001204511803C6083E3046294600F032FAAD
:1074500001940094684608F0BFFA9D4804604460B7
:107460009A480199009A0260416028689E49086024
:107470009C49086000E01024204603B0F0BDC046DF
:10748000F0B58FB0099008F0ADFA8F490A880A92DA
:107490000B90088000260D960C960CA808F09CFA1C
:1074A0008A4908680C9B0B604A680D9C4C60FF2160
:1074B0005F1E61411D1A2546954103D33546002DB7
:1074C00003D003E00125002D00D12146002D00D17D
:1074D0001F46381A91410B9A0A9B9A185208334654
:1074E000FCF712FA8A06800983188A09ED4C206895
:1074F00018182060616851416160764C2478002C36
:1075000006D0754C2568EB182360636853416360AF
:10751000724A00242346FCF7C7F9E14909680F18AD
:10752000E3480760E1480068DC4AD1790A9196791E
:1075300055791379D1780B919178128887424BD97C
:10754000381A801986B23C2E089749D307910592C4
:1075500006933C2730463946FCF7C0FD3946414387
:10756000761A2D18E8B23C283ED389214143480BB6
:107570004743ED1B069BC318D8B2182837D3009693
:1075800006930395AB2141430E0B18200490AC48A1
:1075900007990818401E007802900B9830180B903D
:1075A000C0B2019019200101059F3846FCF796FDF5
:1075B000002921D003223A40504250419F4A7A4349
:1075C0000223DA41F74B9A4200D90124039D049A21
:1075D000019B029F044014E0099F002F69D171E0D4
:1075E000099F0646AD4C56E0099F069B00E0099FA7
:1075F000059A0799A94C4EE00124039D049A019B2A
:10760000029F72430A983618E019984210D2002956
:1076100011D013460320059A104041424141E048F1
:1076200050430222D041DF4A904206D8002005E0B4
:10763000099F9A4C1DE0012003E0012008401A46F2
:10764000019B0799491C0791C9B20C29049202D9E0
:10765000059A521C0592099F904C0C2901D90121D1
:107660000791029941181846FCF738FD0B91039DCC
:10767000049A069B9B1AF0B225214143080A311A4D
:10768000C9B249080818800807214143701A0A90B6
:10769000059A0799009E0A98E071A6716571237199
:1076A0000B98E070A17022800898804C2060002F19
:1076B00008D00A98F871BE717D713B710B98F87013
:1076C000B9703A800FB0F0BD969A0120B09A0120AF
:1076D000B89A0120F8AC0120C09A01200024F400DF
:1076E000AC9A01209C9A0120A89A0120009A0120BE
:1076F000F0B583B0002976D0012202928A700F463D
:10770000AB4C0C80E1210091C90145183C2628466C
:107710003146FCF7E3FC01903146FCF7DFFC797160
:10772000009801012846FCF7D9FC1821FCF7D6FC8B
:10773000397101984643A81BB871A1492846FCF746
:10774000CDFC0546001D0721FCF7C8FC0197F97127
:107750000AE00320074078427841641C01990C80BC
:1077600040009649085A2D1AA7B21920010138463F
:10777000FCF7B4FC0E460029029A10460CD088484B
:1077800078430221C8418C49884204D303213940FF
:107790004842484100E0002040008849085A85429C
:1077A0000BD3002E1046D8D07D4878430221C84123
:1077B00081498842CDD20020CFE7032004406042B7
:1077C0006041009064213846FCF788FC481E0A4658
:1077D0008241002E029802D00098024010461F2DD0
:1077E00004D2019A24E0102003B0F0BD624262414D
:1077F0004B1E9941002E01D01140029101998978C8
:1078000000221F261446029B1A40AD1BAD1AE6B299
:107810007242724117460740641CE6B20346634851
:10782000865D1846BF19491CBD42ECD2019A917081
:10783000681CD070002003B0F0BDC046295C8FC228
:107840003E0A0120B0B582B0002822D001884288CB
:10785000120451188288C38810481B049A1806C065
:107860000F4D2946083800F025F8002401940094B3
:10787000684608F0B1F80B48046044600A48019972
:10788000009A026041602868084908600849086059
:1078900000E01024204602B0B0BDC046009A01208E
:1078A000AC9A0120B89A0120B09A0120A89A012030
:1078B0009C9A0120F0B583B002461020002A6DD0BA
:1078C00000296BD0108893780127022B0291019236
:1078D0000ED3032101404C424C41314D454302211E
:1078E0002E46CE412F4900228E4203D8164602E092
:1078F000002213E001260421CD412B498D423D4653
:1079000001D326403546294959188C1E2178511833
:107910004A19641E5B1ED9B20129F7D8244DA8422A
:1079200020D9461E0CE003233340594259414900F7
:10793000224B595A8A18761E401E81B2A94211D98B
:10794000174971431B4BCB1804211C46CC411649E7
:107950008C423946EBD30221CB4117498B42E2D20C
:107960000021E4E7019DE8781018401E84B2201D34
:107970000721FCF7B3FBE971E120000129794143BC
:107980000F486043081869793C224A438018A97956
:1079900040180C49401802990860002003B0F0BD5F
:1079A000295C8FC2285C8F020BD7A3003E0A0120FE
:1079B000B207000050B81E05295C8F02080A01209A
:1079C00080510100808FFFFFF0B585B0002800D105
:1079D0009DE005462A30594F3D60594A1160002408
:1079E0002C7701210291017056492960017C002900
:1079F00001D10121017403A8848003945249534B9F
:107A00002046224604F00EFA3968C880009401949A
:107A10004F4E314655314F4B0E332046224604F02F
:107A200095F9002875D0288107F026FE002872D02D
:107A30003A68136A03A90B701C0C8C701B0A4B70FC
:107A400068812420105C24325278434B8B800F23B2
:107A5000034010011818C8700620009101903146AB
:107A6000563100243D4B2046224604F06FF9002891
:107A700053D0A881009401943146573120462246C4
:107A8000344F3B4604F062F9002848D0E881009466
:107A90000194314658313B4608332046224604F0D3
:107AA00055F900283DD0288200940194314659317F
:107AB000204622463B4604F049F9002833D068822C
:107AC0000094019426372046314622463B4604F076
:107AD0003DF9002829D0A88207F0CEFD002826D045
:107AE000E882009401945A362046314622463B46AD
:107AF00004F02CF900281CD0288307F0BDFD0028D5
:107B0000029917D0688304F053F9214612E001214D
:107B100010E002990EE002990CE002990AE0029945
:107B200008E0029906E0029904E0029902E0029955
:107B300000E00299084605B0F0BDC046D06A0120B9
:107B4000EC4F0120619300201F18000098300120A5
:107B5000522A000002050000FFFF0000020400009E
:107B6000BB4800887047C046F0B581B01920850138
:107B700001200024334A21462B4603F081F80028D7
:107B800001D03F2214E000212F4E0220324603464E
:107B900003F076F8002801D0462209E003200027F0
:107BA0002A4A6423394603F06BF800283CD04D2262
:107BB00027A0334E314608F0DFF932A05722314674
:107BC00008F0DAF9204804801E4F38462946FBF7B2
:107BD00012FF1E486421FF22FBF706FF00940126D6
:107BE000304621463A462B4603F01EF9002812D1B2
:107BF0000094154A02202146034603F015F9002897
:107C000009D1012000900320104A6423214603F08B
:107C10000BF9002805D025A019496F2208F0ACF90E
:107C20003446204601B0F0BD2B48154C5122214668
:107C300008F0A2F9338829485222214608F09CF91D
:107C40003C46EEE7D86A0120BA7201201C7101207F
:107C50005B25735D5B25645D203A2043474D5320CF
:107C60004461746162617365204E6F7420466F7564
:107C70006E6420696E20466C6173680D0A00000016
:107C8000A71201205B25735D5B25645D203A2043CC
:107C9000474D53204372656174652061204E6577BE
:107CA0002044617461626173650D0A005B25735D38
:107CB0005B25645D203A2043474D53204461746145
:107CC0006261736520437265617465204661696C09
:107CD00065640D0A000000003F12012075120120AA
:107CE000F0B581B00646214F3888B04239D92048D6
:107CF000805D01011F48002444540094421801256E
:107D00001023284603F090F8002823D11848821940
:107D10003888411E3980881B89B2B14210D007D9FA
:107D2000891B13465F781F70491E5B1C0029F9D11F
:107D3000009483B20320314603F076F8002809D17D
:107D400001200090094A02202146034603F06CF806
:107D5000002807D008A013A1F82208F00DF92C463E
:107D600000E02224204601B0F0BDC046BA720120D6
:107D70001C710120D86A01205B25735D5B25645D61
:107D8000203A2043474D532044617461626173651A
:107D90002044656C657465204661696C65640D0AF4
:107DA0000000000063676D735F64625F7265636FFC
:107DB00072645F64656C657465000000F0B581B045
:107DC00023480024048019208601234F3846314679
:107DD000FBF711FE1F486421FF22FBF705FE00940C
:107DE0000125284621463A46334603F01DF800286F
:107DF00012D10094164A02202146034603F014F8DB
:107E0000002809D1012000900320124A6423214652
:107E100003F00AF8002800D02C46204601B0F0BD3F
:107E200010B502460A480388222093420ED9094B16
:107E30009A5C1201084B9C5C002C07D09818831C9C
:107E40000E2208461946FBF7BDFD002010BDC046B6
:107E5000BA7201201C710120D86A012010B584B0CB
:107E60000B46EFF3058469464870012008700293C1
:107E700001920022002C01D0134600E0D3430A48AF
:107E8000006807F071FC00280CD003460748084939
:107E9000084C224608F070F8213407A010A12246B1
:107EA00008F06AF804B010BDC86A01209D1E0120C8
:107EB0004A290120BB0200005B25735D5B25645DE0
:107EC000203A2053656E642043474D204D657373FF
:107ED000616765204661696C65640D0A00000000F9
:107EE00063676D735F6576656E745F63616C6C620A
:107EF00061636B000B480268538902208B420ED0ED
:107F0000538B8B420BD0D38A8B4208D0D0898842C6
:107F100001D106207047108A884201D002207047A4
:107F200009207047D06A01203C4800787047C0465D
:107F3000B0B50C460546FFF7F7FF002804D02846E9
:107F4000214600F003F8B0BD0020B0BDF0B587B009
:107F50000D46029003AE0020B0810590049003907E
:107F60004C784A8802213046019107F041FDAA88E9
:107F70000421304607F03CFDA879002805D003A96C
:107F8000887120200443072600E00626E8790028AF
:107F9000029B04D003A9885540200443761C287A0C
:107FA000002804D003A9885580200443761C0127AB
:107FB00020463840414241412120185C8022024045
:107FC00050425041084306D16A8903A8314607F060
:107FD0000FFD029BB61C01992140484248412221D5
:107FE000595CC90700D00746002F05D1AA8903A80C
:107FF000314607F0FDFC029B03AA547016701989E4
:108000009888334607F0FAFC411E884107B0F0BD5E
:1080100001210140014801707047C046DC30012059
:10802000F0B587B0404D2846FEF78EF87D20C000A1
:108030003E4F39684143002428462246FEF75EF849
:108040003B4D2888401C2880396880B248433C2832
:108050004BD32C803C21FCF741F8364E318D08186B
:1080600030853548808BFCF7BDFA01F069FF334954
:10807000088081B2324807F07FFF308D314941439B
:108080000126F141304881422FD8204607F0BCF943
:108090002E4802210291224607F0C8F904AFBC72B3
:1080A0003C8130020190F8800C20387103AE34809E
:1080B0002748049021200101384603F0C5FF3846C7
:1080C0001A4F0199324603F0A7FF33883720C200C8
:1080D0002048214907F050FF029807F095F93188B0
:1080E0001E4801801E4807F047FF2988386848432A
:1080F0003C21FBF7F3FF0F48038D009119481A4C00
:108100001A4D21462A4607F037FF194808F042FC6D
:108110006A1D18A0214607F02FFFFCF78DFDFCF724
:108120005FFE07B0F0BDC046EC7101202441012084
:10813000E04F01209871012028410120BC720120EC
:10814000A4270120CDCCCCCC9999991980B004609A
:1081500000000260AB1601205C290120B0720120F2
:108160008F27012041180120162A012096050000C2
:10817000562E01205B25735D5B25645D203A2054FB
:10818000696D654F7574205374617274204D65611B
:108190007375726520414645205745310D0A000030
:1081A000F0B591B016460C4607463B3017210390B8
:1081B000FBF721FC25783B203D54022E02D360784A
:1081C0000399487002973D37032E09D3162E00DB22
:1081D0001626B01E3875C2B2A11C3846FBF7F2FB5A
:1081E00003984078009043208600644864493246F2
:1081F0002B4607F0C1FE387D002809D0002561A478
:10820000795D204607F0B8FE6D1C387D8542F7D3B6
:108210005EA008F0BFFB039801780298407F002819
:1082200009D00020032901464AD10398407800284C
:108230001AD0032042E0491E03292BD80720C0464C
:108240007944097949008F44011439010398417830
:1082500006292DD80320C0467944097949008F4466
:108260002D151B1B29151500387D00281ED1012056
:1082700024E00398417806291AD803207944097923
:1082800049008F441B03090917030300387D0028A8
:1082900014D012E0022011E0387D03280DD1397886
:1082A00048424841022901D0C00007E0092005E00A
:1082B000042003E0387D0528F1D0052041424141EA
:1082C00000290DD00120029C6077039800780428D3
:1082D00042D0022843D0012846D12168042040E042
:1082E000002831D037460021029E7177039A147816
:1082F00004ADA9820223AB75049106222A80AC70DA
:10830000E8700891079106910591002E17D020483A
:108310000078002813D00AA84170027004A8847D58
:10832000002C07D00AA8801C04A9891C2246FBF750
:1083300049FBA31CB18AB0880AAA07F065FB3A463C
:108340001A3214A00E4903E01F361CA00C49324615
:1083500007F012FE11B0F0BD2168052001E0216890
:108360000620884711B0F0BD11361EA004493246E0
:1083700007F002FE0020607711B0F0BDE811012087
:108380002B12012030782530325820000D000000DB
:10839000DB3001205B25735D5B25645D203A204363
:1083A000474D53205241435020496E76616C6964B9
:1083B00020436F6D6D616E640A0000005B25735D84
:1083C0005B25645D203A2043474D53205241435082
:1083D0002049676E6F726520436F6D6D616E640A30
:1083E000000000005B25735D5B25645D203A20433F
:1083F000474D532052414350204552524F52203A4C
:1084000020556E6B6E6F776E205374617475730AAE
:1084100000000000014800787047C046DB300120B2
:10842000B0B500280DD00546FFF79AFB00280AD00A
:108430000446687F00280ED0FFF7C0FC002813D048
:10844000B0BD1020B0BD89208200D8481A4907F07D
:1084500093FD2220B0BD89208000821DD14816499D
:1084600007F08AFD0420B0BD892082000F3203A0EE
:108470001149234607F080FD0020B0BD5B25735DE8
:108480005B25645D203A2043474D532044656C656D
:10849000746520416C6C2053746F72656420526562
:1084A000636F726473205375636365737366756C71
:1084B000203A2025750D0A0022140120F0B589B05C
:1084C000002832D00546FFF74BFB049000282ED041
:1084D00000263446687F00282BD0A0B205A9FFF7FC
:1084E0009FFC00282DD105A92846FFF721FD002873
:1084F0002CD105AF788806F081F805F023FAFBF758
:10850000D9FDBA8800AB07C3761C9222EA481B4902
:10851000334607F031FD0127384607F005F8641CA3
:108520000498B042D6D139460DE0002022E07922ED
:108530001BE0E2481149812207F01EFDB7B204207A
:108540000BE0B7B20121002914D009E0D8480B494B
:108550008C2207F011FDB7B201200021002909D0BB
:10856000002F01D0002005E09822E848034907F0D9
:1085700003FD2220C0B209B0F0BDC046E9140120BD
:1085800010B500280CD0407F00280BD00020FFF74A
:10859000A7FB04460A4A00280BD0D21D09480AE06E
:1085A000102010BDEA480849054A07F0E5FC042000
:1085B00010BD0B3205A0044907F0DEFC204610BDBB
:1085C000CF020000051301205B1401205B25735DC1
:1085D0005B25645D203A2043474D532044656C651C
:1085E0007465642046697273742053746F72656495
:1085F000205265636F726473205375636365737390
:1086000066756C0D0A00000070B588B0002812D0A5
:108610000646407F002810D0002004A9FFF700FC88
:10862000FF253E35002810D00446EA1DED481949C3
:1086300007F0A2FC2AE0102428E0FF223E32ED4899
:10864000144907F099FC042420E004A93046FFF700
:108650006FFC002807D00E35E4480E492A4607F083
:108660008BFC012412E0044604AE708805F0C6FFBE
:1086700005F068F9FBF71EFDB28800AB07C31335A0
:10868000DB48044901232A4607F076FC204608B05F
:1086900070BDC04622150120F0B58DB008900028AD
:1086A00056D00D469D208400FFF75AFA0690002808
:1086B00050D00898407F41424141002801940791E1
:1086C0004FD0029500263046039685B20746FFF745
:1086D00047FA85421BD2044605960497029EB8B21B
:1086E00009AD2946FFF79CFBA9880025B14201D3BB
:1086F000294600E00121421E9041084301280CD187
:108700007F1CB9B2A142EAD32225049A06E02225B1
:1087100003983A46002806D12BE03A46012148400A
:10872000059E002825D0174694B22046FFF7D8FAB8
:10873000054600281DD1761C0698844219D2089857
:10874000407F41424141079100283846BDD10AE0AF
:10875000102524E0EE481449224607F00DFC22259E
:108760001DE000252E46019A0832E6480E4907F022
:1087700003FC0798C00701D0042510E0300408D09E
:10878000019A1932B3B2E148074907F0F5FB002519
:1087900005E0019A1D32DE48034907F0EDFB28464B
:1087A0000DB0F0BDDE120120D3130120051301200E
:1087B000F0B58DB00891002859D00746FFF7D0F9E1
:1087C0000590002855D000260120079034460497D4
:1087D000787F00284FD00696A5B2FFF7C1F98542F1
:1087E00018D207462546A8B209AE3146FFF718FB56
:1087F000B188089A914201D3002100E001210028AC
:10880000079800D10846012806D16D1CA9B2B942CB
:10881000E9D302E0002002E02C4601214840069EF8
:10882000049F00281FD009A93846FFF781FB0028C4
:1088300028D109AD688805F0E1FE05F083F8FBF763
:1088400039FCAA8800AB07C3761CB3B2F622F34802
:10885000184907F091FB012006F066FE641CA0B2E7
:1088600005998842B4D3079900291ED013E010203F
:108870001BE0DD2214E0F7480E49E52207F07CFBFF
:10888000042005E0E3480B49F02207F075FB0120C6
:108890000021002909D0300401D0002005E0FC228D
:1088A000DF48044907F068FB2220C0B20DB0F0BDDC
:1088B000B41201209A14012068130120DE12012055
:1088C00010B500280FD0407F00280ED0FFF748F9E0
:1088D000401E80B2FFF704FA04460B4A00280BD072
:1088E000D21D0A480AE0102010BDF4480849064A83
:1088F00007F042FB042010BD0B3206A0044907F02C
:108900003BFB204610BDC046E902000005130120D4
:108910003E1401205B25735D5B25645D203A204396
:10892000474D532044656C65746564204C617374D5
:108930002053746F726564205265636F7264732094
:108940005375636365737366756C0D0A00000000F0
:10895000DE12012070B588B0002815D00646407F91
:10896000002813D0FFF7FCF8401E80B204A9FFF7DF
:1089700057FAFF256035002810D00446EA1DA848A4
:10898000194907F0F9FA2AE0102428E0FF226032A2
:10899000CA48154907F0F0FA042420E004A930463B
:1089A000FFF7C6FA002807D00E359A480E492A4626
:1089B00007F0E2FA012412E0044604AE708805F0E4
:1089C0001DFE04F0BFFFFBF775FBB28800AB07C3C9
:1089D00013359248044901232A4607F0CDFA204670
:1089E00008B070BD0513012005150120B412012047
:1089F00068130120DE120120F0B58BB0069000282C
:108A000054D00D463E4CFFF7ABF8049000284FD0F1
:108A10000698407F41424141002805914FD0009582
:108A200000263046019685B20746FFF799F8854241
:108A30001BD2044603960297009EB8B207AD2946A2
:108A4000FFF7EEF9A9880025B14201D8294600E0D8
:108A50000121421E9041084301280CD17F1CB9B26C
:108A6000A142EAD32225029A06E0222501983A463D
:108A7000002806D12BE03A4601214840039E0028F9
:108A800025D0174694B22046FFF72AF9054600285C
:108A90001DD1761C0498844219D20698407F414229
:108AA0004141059100283846BDD10AE0102523E058
:108AB0005B481549224607F05FFA22251CE0002595
:108AC0002E460F4A0832D0480F4907F055FA05984C
:108AD000C00701D004250FE0094A300407D019323D
:108AE000B3B20A48084907F047FA002504E01D32EE
:108AF0004B48054907F040FA28460BB0F0BDC04688
:108B000045020000DE120120FC1301203113012078
:108B100005130120F0B58DB00891002859D0074603
:108B2000FFF71EF80590002855D000260120079079
:108B300034460497787F00284FD00696A5B2FFF7F9
:108B40000FF8854218D207462546A8B209AE31462D
:108B5000FFF766F9B188089A914201D8002100E038
:108B600001210028079800D10846012806D16D1C74
:108B7000A9B2B942E9D302E0002002E02C4601216B
:108B80004840069E049F00281FD009A93846FFF7D9
:108B9000CFF9002828D109AD688805F02FFD04F031
:108BA000D1FEFBF787FAAA8800AB07C3761CB3B2E5
:108BB000C4221A48184907F0DFF9012006F0B4FC76
:108BC000641CA0B205998842B4D3079900291ED02D
:108BD00013E010201BE0AB2214E0F6480E49B3224C
:108BE00007F0CAF9042005E00A480B49BE2207F045
:108BF000C3F901200021002909D0300401D0002050
:108C000005E0CA220648044907F0B6F92220C0B29E
:108C10000DB0F0BDB4120120C3140120681301206F
:108C200005130120B0B500240C80002808D0407F37
:108C3000002807D00D46FEF793FF28802046B0BDE0
:108C40001020B0BD0320C201024803A107F094F92F
:108C50000420B0BDDE12012063676D735F72616333
:108C6000705F7265636F72645F6E756D6265725F6F
:108C70006F665F616C6C5F6765740000B0B584B04F
:108C800000240C8000280CD0407F00280BD00D461B
:108C900069462046FFF7C4F800280BD10120288040
:108CA00008E0102406E0FF22F232044804A107F095
:108CB00063F90424204604B0B0BDC046DE12012092
:108CC00063676D735F726163705F7265636F726417
:108CD0005F6E756D6265725F6F665F6669727374F1
:108CE0005F67657400000000F0B589B00491002151
:108CF00001921180029000283BD00391FEF730FFD3
:108D00000090002840D000250298407F002833D0F2
:108D1000ACB2FEF725FF06460020B44203901BD2FA
:108D20002F46B8B205AC2146FFF77AF8A188049A1D
:108D3000914201D3002100E00121421E90410843ED
:108D4000012804D17F1CB9B2B142EAD32F460121D8
:108D50004840002803D117E02F46002814D001997D
:108D60000888401C08807D1CA8B200998842CBD39B
:108D70000AE01020039007E03720C200044805A154
:108D800007F0FAF804200390039809B0F0BDC0463C
:108D9000DE12012063676D735F726163705F7265DD
:108DA000636F72645F6E756D6265725F6F665F6739
:108DB0007265617465725F6F725F657175616C5F1A
:108DC00067657400B0B584B000240C8000280FD013
:108DD000407F00280ED00D46FEF7C2FE401E80B236
:108DE0006946FFF71DF800280AD10120288007E016
:108DF000102405E0044805A10D4A07F0BDF804243D
:108E0000204604B0B0BDC046DE12012063676D731A
:108E10005F726163705F7265636F72645F6E756DC0
:108E20006265725F6F665F6C6173745F6765740023
:108E30000A020000F0B589B004910021019211806E
:108E4000029000283BD00391FEF78AFE0090002894
:108E500040D000250298407F002833D0ACB2FEF706
:108E60007FFE06460020B44203901BD22F46B8B2C4
:108E700005AC2146FEF7D4FFA188049A914201D89F
:108E8000002100E00121421E90410843012804D145
:108E90007F1CB9B2B142EAD32F46012148400028D5
:108EA00003D117E02F46002814D001990888401CF0
:108EB00008807D1CA8B200998842CBD30AE010201C
:108EC000039007E0FF229A32044805A107F054F806
:108ED00004200390039809B0F0BDC046DE120120C3
:108EE00063676D735F726163705F7265636F7264F5
:108EF0005F6E756D6265725F6F665F6C6573735FE1
:108F00006F725F657175616C5F676574000000006A
:108F1000F0B589B004920E460021029319800390A7
:108F200000283AD00C46FEF71BFE2246019000288E
:108F30003CD000270398407F002830D0BDB2FEF718
:108F40000FFE0022854217D2044600923D4603E000
:108F50006D1CA8B2A04211D2A8B205A9FEF760FF0D
:108F60000028F5D105A88088B042F1D30499884241
:108F7000EED80120009A04E03D4601E03D46009A0B
:108F80001046002812D002990888401C08806F1CE7
:108F9000B8B201998842CDD308E0102206E0FF2242
:108FA000D832044804A106F0E7FF0422104609B0B5
:108FB000F0BDC046DE12012063676D735F726163AE
:108FC000705F7265636F72645F6E756D6265725F0C
:108FD0006F665F72616E67655F67657400000000B1
:108FE000F0B58DB007920891059000284CD0404C08
:108FF000FEF7B6FD0490002849D00598407F47420F
:109000004741002500284AD02E4603950695B5B263
:10901000FEF7A6FD222185421BD20446029101964D
:10902000069D03E0761CB0B2A04217D2B0B209A9E7
:10903000FEF7F6FE0028F5D109A880880899884235
:10904000F0D307998842EDD80021012000280AD1E9
:1090500036E00398069D002805D131E00398029977
:10906000019E00282CD0B4B22046FEF739FE00281D
:1090700020D16D1C04998C421CD20599497F4F4226
:109080004F410029C2D10BE010200DB0F0BD624865
:109090001849224606F070FF22200DB0F0BD284688
:1090A0000446134A08325B48124906F065FFF80788
:1090B00003D108E00446F80705D004200DB0F0BD48
:1090C0000C46F807F9D10A4A280408D01932ABB285
:1090D0000948084906F050FF00200DB0F0BD1D32D0
:1090E0004D48044906F048FF20460DB0F0BDC0468B
:1090F000A3020000B213012031130120F0B58FB09C
:1091000009920A9100285BD005468720400008900C
:10911000FEF726FD079000286DD000260120049060
:1091200037460695687F00284CD0BDB2FEF718FD83
:1091300004460020A54216D205903D4603E06D1C72
:10914000A8B2A04213D2A8B20BA9FEF769FE00286C
:10915000F5D10BA880880A998842F0D309998842F2
:10916000EDD82F460498069D002804D124E0069DE2
:109170000598002820D00BA92846FEF7D9FE002824
:1091800028D10BAC608805F039FA04F0DBFBFAF764
:1091900091FFA28800AB07C3089A1932761CB3B2BC
:1091A0001B481A4906F0E8FE012006F0BDF97F1CB5
:1091B000B8B207998842B5D30499002921D013E0A9
:1091C00010201EE0089A08321248104906F0D4FE1A
:1091D000042006E0089A13320B480C4906F0CCFE36
:1091E0000120002100290CD0300401D0002008E02B
:1091F00008981F30089008480449089A06F0BCFEF9
:109200002220C0B20FB0F0BDB412012079140120A9
:1092100068130120DE1201200513012070B58EB005
:109220001D46044601AE0020B0820223B3750190B2
:1092300070703170B270F5700590049003900290D8
:10924000002C1CD0124A1278002A16D007A800223F
:109250004270017001A8857D002D07D007A8801CF1
:1092600001A9891C2A46FAF7ADFBAB1CA18AA0888C
:1092700007AA06F0C9FB411E88410EB070BD01204F
:109280000EB070BD03210140014801707047C04617
:10929000DB300120B0B51C46674D2A6850898842F2
:1092A00002D1FEF741FE0AE0508B884202D100F065
:1092B000EFF904E0D08A884206D1FFF7ABF800212D
:1092C000617020700220B0BD049BD089884214D107
:1092D0000020002C40D0062B3ED3128D00212046CA
:1092E00006F086FB28682A21415CA1702A3041786B
:1092F000E170807820710520B0BD108A88421CD1B1
:109300000020002C28D0092B26D3D28D0021204606
:1093100006F06EFB28683021415CA1703030417846
:10932000E17081782171C17861710179A171417910
:10933000E171807920720920B0BD508A02258842EF
:109340000BD10020002C07D0022B05D3128F002157
:10935000204606F04DFB2846B0BD2846B0BDC046AD
:1093600080B504490B68002B03D0F04909685422EA
:10937000984780BDEC4F0120F0B58DB00124002846
:1093800055D0002953D0054602AE2C213046FAF7BD
:1093900032FB00242846214606F0FCF80A942549B1
:1093A00040180790A8780690E878059028790490EE
:1093B00068790390A87902903046FAF7BDFA3B210C
:1093C000C943DA4A1268128D4A431018019001A865
:1093D000FAF700FF0EC80EC68EC88EC68EC88EC69F
:1093E0000A98012804D100200A900498401E049095
:1093F00012480799081882B2CC4E30682E302146A8
:1094000006F0F6FA30683021069A425401463031AF
:10941000049A8A70059A4A70039ACA70029A0A716D
:10942000EA794A712A7A8A710168072088472046BA
:109430000DB0F0BD94F8FFFFD06A01206C0700006A
:10944000F0B595B0044609A8002787820D970C97C0
:109450000B970A97099703AB9F820D7805700797C2
:109460000697059704970397022A0AD3132A00DB6D
:109470001322501E09AB988282B2581C491CFAF77D
:10948000A1FA029462A06EA1C12201952B4606F0BA
:1094900073FD09A8808A009000280AD009A8451CFD
:1094A0006C4E009C2978304606F066FD6D1C641EEB
:1094B000F8D169A007F06EFA03A847750221817000
:1094C000019C44701C210170611E1A29029E47D81C
:1094D00030462A307944097949008F440D1B4141B7
:1094E000414141414141414141414141414141416C
:1094F0004141414141252E0003A901228A70009972
:1095000000292AD009A94978002926D00174316898
:1095100001201EE003A903220A7001224A75007C83
:10952000C870002E1ED156E0317F002955D003A807
:1095300004218170002E15D14DE003AA0121917004
:10954000327F002A0CD0377702780A4302703168E4
:1095500003208847002E05D13DE003A80321817038
:10956000002E38D03D480078002834D003A8007879
:109570000FA90870182844D80121814038480142B9
:109580003FD0012203A8407D00280AD003A9C91CAE
:10959000D3B20C780FADEC54491C401E521C00286D
:1095A000F6D1318BB088D4B20FAA234606F02CFA3C
:1095B0002CA033A1A42206F0DFFC002C08D00FAEB3
:1095C000244D3178284606F0D7FC761C641EF8D16D
:1095D0000A2007F0D7F915B0F0BDF786B786778671
:1095E0003786F78537850178FE220A400270316898
:1095F000022088470120307703A98870002EB1D15E
:10960000E9E70FA8447003A9897881700322B9E7BC
:109610005B25735D5B25645D203A2043474D2053F5
:109620004F4350204F70636F6465203A2030782597
:1096300030325820204F706572616E64203A2000ED
:1096400063676D735F736F63705F636D645F706199
:1096500072736500891101200D000000DA300120CD
:10966000489224015B25735D5B25645D203A20539D
:109670004F435020526573706F6E7365203A20001F
:1096800063676D735F736F63705F73656E64000013
:10969000044800787047C04603210140014801702A
:1096A0007047C046DA30012010B50B461F480068ED
:1096B000428902999A4204D10878FEF7A9FC002059
:1096C00010BD428B9A4204D10878FFF7E5FF0020D5
:1096D00010BDC28A9A4204D10878FFF7D3FD00205A
:1096E00010BD039A848A9C4207D100291CD0002A0D
:1096F0001AD0FEF755FD002010BD048B9C4207D107
:10970000002911D0002A0FD0FFF79AFE002010BDCB
:10971000008A984208D108461146FFF72DFE00281E
:1097200002D003A007F036F9002010BDD06A012056
:1097300053657373696F6E2053746172742054693A
:109740006D6520466F726D6174204572726F720094
:1097500049480088884201D00A207047022070479B
:1097600070B51C4644480088884207D145480078B7
:109770002070022000210122A15470BD144801680C
:109780003F4D28468847002801D0002070BD6E7AE2
:109790002A880021204606F02BF9A878A070E878E6
:1097A000E0702879207168796071A879A071E879F2
:1097B000E071287A2072F008B1080143700808436C
:1097C0003043012101400A200922A15470BDC04646
:1097D00060720120F0B585B00A9C002C49D0264863
:1097E0000088884203D120782649087041E0234848
:1097F000006800283DD0224D00216972204605F006
:10980000C9FE0490607A012108406A7A8A431018E0
:1098100061790391A1790291E1790191217A009115
:109820002679E378A278687202218843677A0F402C
:10983000C019687204218843677A0F40C0196872A2
:1098400004992980AA70EB702E71009929720199F0
:10985000E9710299A97103996971F5210140607A52
:10986000082202408818801C687204480168284653
:109870008847002005B0F0BD5C72012064720120B1
:109880004C7201205E72012080B503461020002B2F
:1098900006D0062904D334200622194606F0BAF869
:1098A00080BD80B503461020002B06D0062904D3C6
:1098B00009200622194606F0ADF880BD80B50346A2
:1098C0001020002B06D0032904D33120032219468F
:1098D00006F0A0F880BD0000034804490160044878
:1098E000044901607047C046300B002069DA00204F
:1098F0002C0B00206DAF0020F0B589B013460D464B
:109900000446801830494018000B0590270B0520AD
:109910000007029000200390B8B2049016E043487C
:1099200000780090089EB3B2029821462A4605F0BE
:1099300029FD0390002843D1B0B2069B1B1A0419DD
:109940002D187F1CB8B2079EB04221D20F20000311
:10995000B9B248430019059A96B2049AB2421A461F
:1099600002D001221203121A08922E4A1288914242
:1099700007960693D3D12C4909780129CFD180B21B
:109980002B490918089EB2B22846FAF71BF8D3E70C
:1099900016D124480088B04209D123480078012814
:1099A00005D1234928461A46FAF70CF808E0F8488A
:1099B00000780090029821462A4605F0E3FC0390C7
:1099C0000398C0B209B0F0BDFFFFFF0FF0B583B040
:1099D000EC4801780020012910D1EB4F397801299A
:1099E0000CD1E7480688052004070125E74B2046EF
:1099F0002946324605F0B4FC002801D003B0F0BD82
:109A00003103E3480078E34A009001922B03E24AD5
:109A1000204605F0B1FC0028F0D10021397003B0D8
:109A2000F0BDC046B6720120C36A0120C8300120D3
:109A3000F4300120F0B58BB007930A9208910446E8
:109A4000CF480588260BB7B2BD422DD0CD49087846
:109A5000012829D1CC48007801281ED10520000713
:109A60000121CA4B099006912A4605F079FCC549A7
:109A7000002813D12903C6480078C64A00900192F5
:109A800006980303C44A099805F076FC002802D121
:109A90000021BD4A1170BB4900E00020002801D020
:109AA0000BB0F0BD0020087001252B03591EB548EE
:109AB00000780028099315D123460B400FD005915B
:109AC000B6492140B2480078009005200007B24A0C
:109AD00005F058FC0028E3D1AB4805700599A8486B
:109AE0000680099B06950A980019421E0592120BE2
:109AF0003D4697B226460E400497BD42039031D1B1
:109B00000F4601200023089A002A10D00A9A92B228
:109B1000002A0CD09419099DAC4208D89E4880199F
:109B20000899F9F74FFF9848012303700020002B94
:109B3000B6D094490978012900D1F4E00F21090336
:109B4000049A5143059A89188AB2BA4200D1EAE0D0
:109B50008F480078009090481018421CC84309991B
:109B60004018D4E005910C42029216D09F1BBCB263
:109B700000220898002812D0A0199842069809D807
:109B80008548801908992246F9F71CFF7E48012272
:109B900002700020002A83D005E0069633E0069884
:109BA000002A00D17CE701207649087076480078C9
:109BB00001281CD172480288052006070121734B39
:109BC0003046154605F0CCFB002811D1290370481A
:109BD0000078704A009001926F4A3046099B05F068
:109BE000CBFB002804D10021674A117000E000205F
:109BF000002800D054E706970A98001B0A9008989E
:109C000000190890099B5E4802881003C1180024BF
:109C10000A9F059887420B4620461EDD0494059155
:109C20005F4D5543561C052004070A9FB2B201211F
:109C30002046564B05F094FB00281AD159498F4213
:109C400019DD57497F186D18099AB918761C564BBB
:109C50009942EBDC531B0599049CFF2F00DD012486
:109C6000DBB25A425A412240012A07D0FF2F05DDBC
:109C7000FEE7069F17E04A497F180599BBB20A9A8A
:109C8000934210D042480078424A009001920A98CC
:109C9000C31B05200007089A05F06EFB002802D1BF
:109CA0000021384A1170411E02468A41BCB261420D
:109CB0006141114300D0F3E631480299018001204F
:109CC00009998C42014600D800210126089A002AF1
:109CD000354604D1002D05D0002D11D0E0E60D460B
:109CE000002DF9D10A98001B089909182A48224624
:109CF000F9F768FE244806700020002D00D0CFE65A
:109D0000234800780090244802190998C01B83B2A8
:109D100005200007039905F035FB002800D0BFE6B9
:109D2000194901220A700121164A11700799002968
:109D300000D1B5E6144D287801281ED110480688B8
:109D4000052004070121114B2046324605F008FB8F
:109D5000002800D0A4E631030D4800780D4A009099
:109D600001920D4A2046099B05F006FB002800D011
:109D700096E6002129700BB0F0BD00200BB0F0BDBD
:109D8000B6720120C36A0120C46A0120204E00007F
:109D9000C8300120B80B0000F430012000F0FF0FA4
:109DA00000F0FFFFFF100000FF1F0000F0B581B0C2
:109DB00004464649FAF7C2F80025002801D0444875
:109DC00080E044492046FAF79DF8002801D0424837
:109DD00078E02046FAF76EF905460E463F4A404BBA
:109DE000FAF7D0F800280AD13C4A3E4B28463146C3
:109DF000FAF7DEF8002802D00020054662E03A4972
:109E00002046FAF79BF8054638492046FAF77AF8D3
:109E1000284319D00127002602E0761C002814D020
:109E200020463349F9F78FFE04463049FAF76AF8BD
:109E30000546401E854120462B49FAF77FF8002849
:109E40003846EAD12846E8E7002600212046FAF7FE
:109E500067F8002819D127492046F9F737FE22492B
:109E6000FAF75EF8002826D1224D1F4F20462049E0
:109E7000F9F72CFE04462946F9F728FE3946FAF789
:109E800041F8761E0028F1D115E000212046FAF7AE
:109E90002BF800280FD1144D314627463C460E467C
:109EA00038461349F9F712FE07462946FAF72AF809
:109EB000711E0028F2D10F2535402046FAF7BCF874
:109EC00000050009284301B0F0BDC046F9029550D5
:109ED0000000FE07F90295D0000002082D431CEB9C
:109EE000E2361A3FE2361ABF00E0FF4400E0FFC44A
:109EF00000002041000020C110B582B004460D488A
:109F0000016800290BD00C4802880B689C548B8890
:109F1000511C8AB29A4200D30021018006E001A9B7
:109F20000C7006480068012205F07AFD204602B058
:109F300010BDC046DC990120929A0120E4990120CD
:109F4000F0B589B00546BD2046002E2D07D84AA0A1
:109F500048492F2532462B4606F00EF809E0394CC9
:109F6000A54206D9721D38A04249364B06F004F8C6
:109F7000254608960920C6434A4803E0801C761C03
:109F8000552E54D00488AC42F8D34788AF42F5D25E
:109F90003046FAF72FF806900791701CFAF72AF866
:109FA000059004912046FAF739F806460C463846E3
:109FB000FAF734F803900291049905AB0DCBF9F749
:109FC000A5FE059004912846FAF728F802460B46AC
:109FD00030462146F9F79AFE07460D46304621469F
:109FE000039A029BF9F792FE02460B463846294631
:109FF000F9F702FF02460B4605980499F9F794FE1B
:10A00000069A079BF9F7DEFD04460D460090019184
:10A01000089A183224A0174905F0AEFF00222E4BF3
:10A0200020462946F9F780FEFAF720F806E0089A5C
:10A030001E322A480F4905F09FFF294800B209B097
:10A04000F0BDC0464E0A00005B25735D5B25645D74
:10A05000203A20526573697374616E636520636C86
:10A06000616D70656420746F206D61783A2025649D
:10A070000D0A0000732901205B25735D5B25645D7B
:10A08000203A20526573697374616E636520636C56
:10A09000616D70656420746F206D696E3A2025646F
:10A0A0000D0A0000BA0A01205B25735D5B25645D23
:10A0B000203A204E544347303634424634373346F4
:10A0C0005442582054656D70657261747572653ABA
:10A0D00020252E31660D0A0000002440EF150120D6
:10A0E000FFFF0000F0B585B00024204605F08CF994
:10A0F000214802210091224605F098F902ADAC7288
:10A100002C8101200602EE800C20287101AF3C80DA
:10A110001A48029021200101284601F095FF2846A7
:10A1200031463A4601F078FF3B883720C500144895
:10A1300014492A4605F020FF009805F065F9388893
:10A140001149884201D964240BE01049884208D3A0
:10A15000642141430E4808187D218900F9F7DEFF8C
:10A1600004462035E4B20BA015A12A46234605F08B
:10A1700003FF204605B0F0BD80B00460000002601F
:10A18000AB1601205C290120E40C00008C0A0000C1
:10A1900050E1FBFF5B25735D5B25645D203A204346
:10A1A000757272656E742042617474657279204CA8
:10A1B0006576656C203A20257525250D0A0000007E
:10A1C000626174746572795F6C6576656C0000001D
:10A1D000014800887047C046B4720120F0B581B0D4
:10A1E0000091044609982076089F277507992174E5
:10A1F00006982073237222710C9EE670A026A6702A
:10A2000024266670AA2525703D0EE5753D0CA575C2
:10A210003D0A65750D0EE5740D0CA574090A61748F
:10A22000010EE173010CA173000A6073180EE07255
:10A23000180CA072180A6072100EE071100CA07158
:10A24000100A6071204619300A21F9F7D4FB00206A
:10A25000024621460B781818531C491C212A1A461D
:10A26000F8D34042232160540098066008A005F00E
:10A2700083FE00260F4DA15D284605F07DFE761C6D
:10A28000242EF8D10A2006F07DFB01B0F0BDC046B7
:10A29000686973746F726963616C5F646174615F34
:10A2A00075706C6F616420646174612069733A2019
:10A2B000000000008B1101203C4800787047C04628
:10A2C0002E48002101602C48016038480170704719
:10A2D00080B536480021017002480121024AFBF78F
:10A2E00095FE80BD78720120F9A70020704700001C
:10A2F00070B5A8B0FF259E35FFF76AFF04461E48DB
:10A3000000681E490968814214D2264808907D20C1
:10A310008004099008A9204605F0FAF82235224861
:10A320001F4932232A4605F027FE204801210170EB
:10A3300028B070BD12A01A492A4605F01DFE08ADCE
:10A3400080212846F9F757FB00220792222000922D
:10A3500001920292039204920592069007AE28465B
:10A3600031461346FFF73AFF32882046294604F06B
:10A3700017F928B070BDC046F8CD0120A4BD01205A
:10A380005B25735D5B25645D203A204E6F20686914
:10A3900073746F726963616C2064617461000000A2
:10A3A000BA2F012028002800DF2F01202C7E012059
:10A3B000F0B5B1B00446FFF70BFF0D90002825D093
:10A3C0002D94D64D2C68D6480668D6A0314605F0A7
:10A3D000D3FD2968D7A005F0CFFD7001050BD9A0EA
:10A3E000294605F0C9FD6001070BDBA0394605F0E1
:10A3F000C3FD7D1B6F1CDDA0394605F0BDFD0023AC
:10A40000002D0ADA1846002D0AD563E1F948F14912
:10A41000EB2205F0B1FD01227DE10120002DF4D4F5
:10A42000A51B2D998D4200D30D46FF212831119196
:10A4300005E000200C9D4F1E022900DA4AE1802D24
:10A4400008900A920B970AD3B54801687F2008400C
:10A4500008D08021081A2D1A4401D2A006E06C0110
:10A46000CCA003E001200403803DD248DA4F06F07F
:10A4700091FAD1480C95294605F07EFDCF4821463A
:10A4800005F07AFDAF20C101A5480068F9F726FE66
:10A490004D01CB48294605F06FFD052630042D18E7
:10A4A000C848294605F068FDC748294605F064FDFF
:10A4B0000320009030072946C44A234604F062FF77
:10A4C0000346002800D0FBE01093C148C149119A0F
:10A4D000234605F051FD002C08D0BC4D26462978B6
:10A4E000384605F049FD6D1C761EF8D1BBA006F07C
:10A4F00051FA8B4800680090119A0C326309B848F1
:10A50000B449099305F038FD00273097002C00D19D
:10A51000CFE0099801280F9001D801200F90AB4D92
:10A520001C350998401E0E902D970BE02D9882B295
:10A530000D98AC4904F034F820357F1C0F98B842D0
:10A5400000D1B6E02C972846183881782B91C17835
:10A550002A91017829914078289028461C388178E2
:10A560002791C1782691017825914078249028463A
:10A57000143881782391C178229101782191407813
:10A5800020902846103881781F91C1781E9101785B
:10A590001D9140781C9028460C3881781B91C17819
:10A5A0001A910178199140781890284608388178D6
:10A5B0001791C178169101781591407814902F1F4A
:10A5C000B8781390F87812903E787F78AB78EA7874
:10A5D00029786878109C0694000240181102C91866
:10A5E00009040818059038022C9F80191299090255
:10A5F000139A8918090408180490149800021599F0
:10A60000401816990902179A891809040818039026
:10A6100018980002199940181A9909021B9A89186A
:10A620000904081802901C9800021D9940181E99F0
:10A6300009021F9A8918090408180190209800023D
:10A640002199401822990902239A891809040818A7
:10A650000090249800022599401826990902279A0B
:10A66000891809040C1828980002299940182A9979
:10A6700009022B9A891809040B185A482D9E801933
:10A6800030A92246FFF7AAFD30982B900094119A2A
:10A69000183255484F493B4605F06EFC2B988619F9
:10A6A0002D96952E00D941E70E98B84200D043E789
:10A6B0003CE71B490868099A801808600A98109BB3
:10A6C0000246002B05D10B99012900DCB1E60120DF
:10A6D000B0E60898C0071ED1104800681049096804
:10A6E000814201D21A4616E04A481C46FBF72CFD6F
:10A6F0004B20C0042F903D482E902EA90D9804F0B9
:10A7000007FF7D20C300FF22283234323848314908
:10A7100005F032FC2246D0B231B0F0BDF8CD0120B8
:10A72000A4BD0120726561644E756D3A2025750ADD
:10A730000000000077726974654E756D3A202575CA
:10A740000A000000726561644E756D43616368655F
:10A750003A2025750A00000077726974654E756DA0
:10A7600043616368653A2025750A0000546F74617F
:10A770006C20436163686520436F756E7420287296
:10A78000656164427566436F756E74293A2025646D
:10A790000A000000436F6E646974696F6E20333A7B
:10A7A00000000000436F6E646974696F6E20313A77
:10A7B00000000000962F0120622F0120452F01206C
:10A7C000772F0120292F0120F82E0120A4AD012090
:10A7D0008D2E0120A32F01208B1101200D000000E0
:10A7E0003C300120CDBD0120133001202003200387
:10A7F000DF2F0120CA2E012010B5064C2046FBF7A2
:10A80000A3FC3C2100222046FBF778FC0420FFF744
:10A81000CFFD10BD78720120F0B58DB000240294F8
:10A82000047016980C9015980B9014980A90139831
:10A8300009901298089005A80EC03A4D2868AF21DB
:10A84000C9010391F9F74AFC0F464C0136482146ED
:10A8500005F092FB0526300424183448214605F003
:10A860008BFB294630070490287840061FD00868E3
:10A87000401C05AA9080086044480D4603210091C1
:10A8800001901E230498214604F076FD044600281A
:10A8900045D12F4801682A68521A039B9A423DD934
:10A8A000491C01603AA005F067FB029C37E0254691
:10A8B000FE093046503082B201211D4B049804F04D
:10A8C0004FFD04461BA0314605F056FB002C26D157
:10A8D000802F14492C46CAD81D4807683846039D66
:10A8E0002946F9F7FBFB0F4906464543781B7F28AD
:10A8F000BDD808680399F9F7F1FB0A49B042B6D010
:10A900007F2087438037124807605F20820011A0B4
:10A9100018A13B4605F030FB0249A8E7029C2046FF
:10A920000DB0F0BDF8CD0120772F0120292F012097
:10A93000204E0000726F6D5F68775F666C617368B0
:10A940005F6572617365203A25750D0A000000008D
:10A95000A4BD01205B25735D5B25645D203A2075F5
:10A96000706461746120726561644E756D206973F5
:10A970003A257500686973746F726963616C5F640E
:10A980006174615F7772697465000000B80B000044
:10A990005570646174656420726561644E756D3ACA
:10A9A0002025750A00000000014802490160704737
:10A9B000280B0020B9A9002080B5FBF789F97D207C
:10A9C000800004F0B5FCF8F7BFFB80BD80B50648F9
:10A9D00001780020002905D104490978002901D116
:10A9E000FCF700FC80BDC046C66A0120C76A012092
:10A9F000B0B5082005F090FF002400280AD00546D5
:10AA00000C2005F089FF002806D02860686000212E
:10AA100081602C462046B0BD04A011A1402205F063
:10AA2000ABFA284605F04EFF2046B0BD5B25735DAE
:10AA30005B25645D203A204C696E6B20517565750D
:10AA4000652043726561746520416C6C6F63204DB5
:10AA5000656D6F7279204661696C65640A0000005B
:10AA60006C696E6B5F71756575655F637265617446
:10AA70006500000070B50024002819D00546006864
:10AA80008668002E16D0B488944200D3144600295C
:10AA900005D03268084611462246F8F793FF306821
:10AAA00005F010FFB06829688860304605F00AFF9D
:10AAB000204670BD6860204670BD01460020002918
:10AAC00004D009688968002900D088887047000090
:10AAD000F0B583B0012500282AD0002928D01646D9
:10AAE000002A25D0044602910C2005F015FF02250E
:10AAF00000281DD00746019500258560304605F0E9
:10AB00000BFF386000280DD002993246F8F75AFF43
:10AB1000BE8020688168002900D1876060688760F6
:10AB2000676005E004A010A1622205F025FA019DEE
:10AB3000284603B0F0BDC0465B25735D5B25645DB0
:10AB4000203A204C696E6B205175657565205075F3
:10AB50007420416C6C6F63204D656D6F7279204677
:10AB600061696C65640A00006C696E6B5F71756584
:10AB700075655F707574000082B00A4D0AA403E029
:10AB80000146204605F0F8F928680022D3436946BB
:10AB900004F0FAFC0028F3D10199009804F046FF74
:10ABA000F2E7C046AC7E01206C6C635F7461736B2E
:10ABB00020676574206D7367206661696C65643A0F
:10ABC00025750A0080B503F08DFFFBF7ADF804F0A2
:10ABD00033FF80BD10B50024FFF7F8FE00280AD02F
:10ABE000FBF768F8002806D0FBF71EF803F00CFD11
:10ABF00004F028FF0124204610BD000010B5094BC9
:10AC000019600949087009480260012000242146A2
:10AC100004F046FB03210A220523204604F0EAFC47
:10AC200010BDC046A0AD0120CC9901209CAD0120F3
:10AC30008AB009A001AC21462CC82CC12CC82CC15B
:10AC40002CC82CC104F004FF0C480021224604F05B
:10AC500061FD04F003FFFEE7C810012001000000C1
:10AC600050AD0120440000002074012000080000C5
:10AC7000180000000000000000000000A55D00209A
:10AC8000F0B583B0002A14D01C46002B11D0154615
:10AC900006460091FF20070302A902223846FEF76C
:10ACA0002BFE00280DD0374837496E2205F064F995
:10ACB00034E08720420054A03D4905F05DF910269C
:10ACC00034E002A800883149884227D1002E0ED0F6
:10ACD000BF1C002037490A181379B34207D0D28825
:10ACE000BA18971C001D2428F5D10020C743781CF2
:10ACF0001FD000983B181819801CB1002D4A51181C
:10AD000049887918891C81421CD28720420016325A
:10AD100030A0274905F030F9012607E087204000E0
:10AD2000C21D1BA0224905F027F90126304603B0B9
:10AD3000F0BD872042000E3232481D4905F01CF953
:10AD40000126F3E7009301A902223846FEF7D4FD5D
:10AD5000002808D00646872042001D3216A014495C
:10AD600005F00AF9E2E701A800880849884207D1FE
:10AD70000098801C29462246FEF7BEFD0646D5E710
:10AD80002226D3E7FF0B01204A0C01205A5A00006B
:10AD90005B25735D5B25645D203A204D4D55204455
:10ADA00061746120496E76616C69640D0A0000006F
:10ADB000410C01207A0B01205B25735D5B25645DEE
:10ADC000203A204D4D552052656164204661696CE2
:10ADD00065640A005B25735D5B25645D203A204D48
:10ADE0004D5520526561642044617461204265794B
:10ADF0006F6E6420456E6420416464726573730AEB
:10AE000000000000220C01205B25735D5B25645D62
:10AE1000203A204D4D55204552525F504152415FDE
:10AE20004552520D0A000000F0B587B01026002AE6
:10AE300044D01C460490002B40D015460F460C9879
:10AE40000390FF20000306A90222FEF755FD1D4EC8
:10AE5000002805D01C481D496E2205F08DF805E03C
:10AE600006A80088B04201D1039816E0029705AA0F
:10AE700016800020009002230146F9F72BFF0746B9
:10AE800001260028304605D011A01A49EC2205F011
:10AE900073F80398002F029F10D100900498394650
:10AEA0002A462346F9F716FF002806D012A01149BA
:10AEB000F52205F061F8012600E00646304607B0AD
:10AEC000F0BDC0465A5A0000FF0B01204A0C012079
:10AED0005B25735D5B25645D203A204D4D55205701
:10AEE0007269746520486561646572204661696CA9
:10AEF00065640A005E0C01205B25735D5B25645D63
:10AF0000203A204D4D55205772697465204661697D
:10AF10006C65640A00000000002805D041780078C4
:10AF2000411A4842484170470120704780B50122CC
:10AF3000002818D0002916D042780378934201D116
:10AF4000032080BDC26803789A4201D8002200E045
:10AF50005A1C0270026953434068C31808461946D8
:10AF6000F8F730FD0222104680BD00000C46054671
:10AF7000FAF7DAFE06A005F00DFD09A0294604F057
:10AF8000FBFF0CA0214604F0F7FFFAF7A1FEFEE755
:10AF90006F7320657272206F6363757273000000B7
:10AFA000636F646520202020203A203078253038D7
:10AFB000580A00006F626A6563745F69643A203002
:10AFC00078253038580A000080B5401E05282CD856
:10AFD0007844007940008744020B0F28131A29484F
:10AFE0000121017034481C49104A04F0C5FF80BD9E
:10AFF0000E48C21C2F4806E00C48821D22A002E029
:10B000000A4A0C320AA0144904F0B6FF80BD074A70
:10B010000F3212A0104904F0AFFF7D208100012003
:10B0200000F0E2FB17480021017080BD5D050000C3
:10B030005B25735D5B25645D203A205B454E5F4F69
:10B0400054415F4556545F555047524144455F4611
:10B05000494E4953485D0A00802901205B25735DF4
:10B060005B25645D203A205B454E5F4F54415F4550
:10B0700056545F434849505F524553544152545DC2
:10B080000A000000C76A01205B25735D5B25645DD3
:10B09000203A205B454E5F4F54415F4556545F5503
:10B0A0005047524144455F524551554553545D0AFE
:10B0B000000000004F1E0120721E0120F0B5CDB02F
:10B0C0000126002800D188E20D460978012900D028
:10B0D00083E21F460B4B18806978491E052900D969
:10B0E0007BE2890001A251588F46C04609B1002079
:10B0F00081B10020ABB100200BB200202DB20020A6
:10B10000D1B50020B2720120EA490C917D21890459
:10B110000D910CA904F0FCF90CAC069500252582D4
:10B120000E950120000220810F950D950C9508AE1B
:10B13000B580E1480D90E1480C900895304604F048
:10B1400093FC20460A3006223146F8F73BFC1021DA
:10B1500020462A46069D04F08DFC2074000A607487
:10B16000D74800881222214600F0B2FB002800D107
:10B170002EE20646D348D449D44A04F0FDFE2CE220
:10B180000CAC0022A280A2712271D1480C90052142
:10B1900020461E4604F06EFC6071000AA0713088E3
:10B1A0000722214600F094FB12E20CAC0026A672A6
:10B1B0002681C8490E60C8490E80C8490E600D96A8
:10B1C00001212171697AAA7A12025118EA7A1204CD
:10B1D00089182A7B12068918C14A1160697BAA7BEB
:10B1E00012025118EA7B120489182A7C1206891867
:10B1F000BC4A1160BC490C9104F042FCF021217260
:10B20000E671C42844D8093843E0A878E9780902EF
:10B210000C18C52C059758D3012632025432B34876
:10B22000B349234604F0A8FE00271EE1059708A8AD
:10B230000027877387810A9709970897FEF7C6FB4F
:10B240000028069500D18CE0044601263202B9326E
:10B25000FCA0F84904F090FE9E4807600CAD2F81D9
:10B26000AF722F720D97EF806C7102202871A14888
:10B270000C90092128463A4604F0FCFB6872000A4B
:10B28000A872EF4800880B22294600F021FB94E1C8
:10B29000BB206071000AA07109212046324604F0EB
:10B2A000E9FB6072000AA072E54800880B22214683
:10B2B00000F00EFB002800D18AE10646834A0F32D7
:10B2C000DD48814904F058FE87E12879697909024F
:10B2D000091881480088814255D1211D685C621996
:10B2E000527912021618002728463A4604F0C2FB8B
:10B2F000864200D096E00B204003784E3168081853
:10B30000CE4961188CB20695A91D002722463B46FE
:10B31000FEF790FB002800D162E1D4490F600CAC2D
:10B320002781A77227720D97E78060710220207134
:10B33000CF480C90092120463A4604F09BFB6072EE
:10B34000000AA072BE4800880B22214600F0C0FA15
:10B35000012632027232EE48EB4904F00DFE069DE2
:10B3600083E008A8C3490180C348066801210C0294
:10B370000B204303FA43300A029103940492019391
:10B3800022D138463BE0B94900270F600CACA772C8
:10B3900027810D97010AA171607103202071D048A7
:10B3A0000C90072120463A4604F064FBE071000A45
:10B3B0002072A34800880922214600F089FA01265C
:10B3C00032025B32C7A04DE000271D4607920CA950
:10B3D00028462246FEF790FA002851D10CA82146B3
:10B3E000079A04F053FB02462D1904988619FF3E74
:10B3F0007F1CA1480068000A87421046E6D3002E51
:10B400004BD015460198801B9B49096840180CA930
:10B410003246FEF771FA00283AD0039AA0329748D4
:10B42000974931E091480760AC4800880CACA7729E
:10B4300027810D97010AA171607101262671A84824
:10B440000C90072120463A4604F014FBE071000AF4
:10B4500020727B4800880922214600F039FA320226
:10B460006732AA48A84904F087FD002F059F00D045
:10B47000AEE0974A1932A848974904F07DFDACE048
:10B4800091347E487E49224604F076FD002004E097
:10B490000CA831462A4604F0F9FA7A4D2B689842F6
:10B4A0002AD1074608A80121418005240020042153
:10B4B00040E0C046280028000402111103010C00DE
:10B4C000B27201205A0D0120FE0D01204902000038
:10B4D00003020100CC720120B8720120C872012061
:10B4E000C4720120C072012003030500680C012012
:10B4F000E80D0120030405000090039AC4320446BD
:10B5000061A0594904F038FD08A802990171092188
:10B510004180210CC172210A8172447229684171F3
:10B520000A0E02720A0CC271090A81712746200EA6
:10B530000D240C2108AE70540025304621462A46C1
:10B5400004F098FA3055000A31194870022222435B
:10B550003B480088314600F0BBF9064600282CD154
:10B560004848006887422E4627D101990E915549D7
:10B570000D9155490C9100261396109005208003DB
:10B580001290029D680311903B4800680F900CAC2C
:10B590001C212046049A04F079FA139028032022F3
:10B5A00021462B46FEF746FA002806D0039AF732CA
:10B5B00046482D4904F0E0FC2E46002E069D059FCE
:10B5C00006D0434A23324348434904F0D5FC04E003
:10B5D0000026002F01D06878B84730464DB0F0BD46
:10B5E0003E490888401C088020480168091901600C
:10B5F000326812193260090B01270F29069D17D3F3
:10B60000002606600CACA67226810D962671414874
:10B610000C9005212046324604F02CFA6071000A95
:10B62000A071074800880722214600F051F91CE765
:10B6300000261AE7110E0120830D0120FEFF0000F5
:10B64000B27201205B25735D5B25645D203A204F5B
:10B65000544120466C6173682053796E63204661C3
:10B66000696C65640A000000110E0120CC72012093
:10B670000304050003050000C47201208B0C0120A7
:10B68000D50D0120C07201205B25735D5B25645DD3
:10B69000203A20435243204552524F5220436F6478
:10B6A0006520435243203A203078253038582046D0
:10B6B0004C41534820435243203A203078253038BB
:10B6C000580A000078676A474B2A0211D50C0120FE
:10B6D000490200002B0D0120FE0D0120B87201204F
:10B6E000030403005B25735D5B25645D203A204FF6
:10B6F0005441205061636B61676520496E646578D1
:10B70000204572726F720A00E80D0120B30D01200E
:10B71000B20C012003040100FF0C012010B584B01D
:10B720000A46014617480068FFF7D2F9002807D0FB
:10B73000154AED3215A01E4904F01EFC04B010BDE0
:10B74000EFF30580694602220A80002202920192EC
:10B75000002801D0134600E0D3431648006804F0E7
:10B7600003F800280CD0034613481449064C22461F
:10B7700004F002FCF23412A00D49224604F0FCFB56
:10B7800004B010BDD46A0120BB0200005B25735DCC
:10B790005B25645D203A204C696E6B2051756575A0
:10B7A0006520507574204661696C65640A0000006C
:10B7B00014290120C86A01209D1E01204A29012068
:10B7C0005B25735D5B25645D203A2053656E6420C4
:10B7D0004F5441204D657373616765204661696C04
:10B7E00065640D0A00000000F0B585B00D4602AF9B
:10B7F00000243C720394090AB9717D7101260190FD
:10B80000704038711448029007213846224604F0EF
:10B8100031F9F871000A3872104800880922394657
:10B8200000F056F8002805D00DA019A11C4A04F01C
:10B83000A3FB0DE00198002809D01AA005F0AAF892
:10B84000284603F071FE04F027F9264600E026465C
:10B85000304605B0F0BDC04603060300B2720120B9
:10B860005B25735D5B25645D203A204F5441205277
:10B870006573706F6E7365204368697020526573DD
:10B8800074617274204661696C65640A000000008E
:10B890006F74615F7273705F72657374617274004C
:10B8A0001F0200002D2D2D2D2D2D2D2D2D2D2D2D5B
:10B8B0002D2D2D4348495020524553544152542D6B
:10B8C0002D2D2D2D2D2D2D2D2D2D2D2D2D2D2D00D5
:10B8D00080B513460A462349098804F08FF8411EB3
:10B8E000884180BDF0B583B000282CD0184908608D
:10B8F000184D0024184B20462946224600F092FAA3
:10B9000000940194412087001449204622463B467A
:10B9100000F01CFA124908800126002814D0009477
:10B9200001940C37A81C81B2204622463B4600F009
:10B930000DFA0C490880002806D003F09DFE00F0A7
:10B9400037FA264600E01026304603B0F0BDC04668
:10B95000CC6A012010FD0000CC30012011FD000058
:10B96000CECD0120D0CD0120F0B583B01C461646C7
:10B970000F46029009891348089D2A4603F018FFD4
:10B98000F888C00513D402943C8A0E48401C214616
:10B99000324603F00DFFA01B81B2A94200D8054634
:10B9A000AAB2786981190298F8F70CF807E039898A
:10B9B000009502983246234600F0E2FE0546A8B202
:10B9C00003B0F0BD15510000F0B585B01D46164618
:10B9D0000F46012101701478384604F063F80028FE
:10B9E00000D16EE0009701950746C8379D4905468E
:10B9F000481C214603F02EFED8350295601E5128C2
:10BA000000D9D9E04000C04678448088400087448F
:10BA100051005D006F0095009A00A100A700AE00E4
:10BA2000B400BB00C000C700CC00D300D300D900D5
:10BA3000DF00E600EC00D300D300F300F9000001C2
:10BA40000501D3000C01D30013011A01D300D30068
:10BA5000D300D300D300D300D300D300D300D3004E
:10BA6000D300D300D300D300D300D300D300D3003E
:10BA7000D300D300D300D300D300D300D300D3002E
:10BA8000D300D300D300D300D300D300D300D3001E
:10BA9000D300D300D300D300D300D300D300D3000E
:10BAA000D300D300D300D300D300D300D300D300FE
:10BAB000D3001E01029C20463146019A03F0F8FF94
:10BAC000CBE0684803F0E2FC05B0F0BD38463146F3
:10BAD00003F0F4FF0028029C00D0BEE004A9009807
:10BAE0000880388848800A20042203F0EDFFB4E083
:10BAF0000121304603F0EEFF7A889042014600D3E0
:10BB000011463A88914202D2172900D339803A78F7
:10BB100054498B1CC1B2184603F03EFE0220B87196
:10BB20003988009C204603F0DBFF03A90C8038888D
:10BB300048800A20042203F0C7FF8DE038463146D2
:10BB400003F0D4FF88E0029C20463146019A03F0BE
:10BB5000D3FF82E038463146019A03F0D3FF7BE001
:10BB6000029C20463146019A03F0D2FF75E0384628
:10BB70003146019A00F0EAFB6EE0029C2046314615
:10BB8000019A03F0CBFF68E03846314600F0D4FC60
:10BB900062E0029C20463146019A03F0C5FF5CE05A
:10BBA0003846314600F064FB56E0029C20463146A0
:10BBB000019A03F0BFFF50E006223846214603F009
:10BBC000BFFF49E038463146019A03F0BFFF43E02A
:10BBD000029C20463146019A03F0BEFF3DE0384604
:10BBE0003146019A00F040FD36E0029C2046314685
:10BBF000019A03F0B7FF30E038463146019A00F071
:10BC0000CFFA29E0029C20463146019A03F0B0FFAA
:10BC100023E03846314600F091FA1DE0029C2046B0
:10BC20003146019A03F0AAFF17E0029C20463146F4
:10BC3000019A03F0A9FF10E0029C20463146019AC8
:10BC400003F0A8FF09E0384600F0D2FC04E03846D3
:10BC50003146019A00F0DBFC029C204603F0A0FF75
:10BC600005B0F0BD14520000014802494160704720
:10BC7000BC0A0020C9B9002010B50C46C988C90506
:10BC800003D5218900F064FD208210BD01480249DE
:10BC900001617047640900209DBC002001210170F2
:10BCA00000487047FFFF000080B5114803F02EFEEA
:10BCB000104803F031FE104803F034FE0F4803F043
:10BCC00037FE0F4803F03AFE01F02AFB01F05AF963
:10BCD00001F042F900F0ACFD01F044F901F022F965
:10BCE00000F0ACFDFFF7D2FFFFF7BEFF80BDC046FE
:10BCF00039D3002005D4002071D3002061D4002066
:10BD0000CDD30020B0B501468B4A1088002810D052
:10BD100013888A4A1468002204E00834521C9A42AC
:10BD2000184608D225888D42F7D865888D42F4D30D
:10BD300002E0002200E01846D100804B1B68591831
:10BD40004968002900D01046B0BDC046F0B581B0AA
:10BD50001C4617460D461549079B069A00280DD02C
:10BD60000D46002F1BD03846214603F01FFF064624
:10BD7000681C1022394603F003FD0AE028460F46EE
:10BD8000214603F019FF0646B81C294603F062FC61
:10BD90003D46E81C3146224603F00AFD03E02846F2
:10BDA00003F074FB0026304601B0F0BDA552000040
:10BDB000F0B581B060480188002912D002885F4840
:10BDC0000368002004E00833401C9042114606D26C
:10BDD0005C88002CF7D11C88002CF4D002E01146BE
:10BDE00000E000200E4C884206D181B2204603F0CC
:10BDF00031FC002001B0F0BDC60003F0E3FE0546B3
:10BE00004E4F38688019458003F0E2FE0246601C00
:10BE1000294603F0CDFC38688019408801B0F0BD98
:10BE2000A3520000F0B583B001920E46424D29881E
:10BE30000024002902930FD0404A12681788002F6F
:10BE40000AD02988083201231C468B4204D2631C85
:10BE500017880832002FF7D18C4205D1A1B21F48B4
:10BE600003F0F8FB002735E01C4D002813D02E46C8
:10BE7000019D002D2AD00520C102284603F0AEFE08
:10BE80000746B01C10222946354603F079FC002FE6
:10BE90000DD100271EE00520C102304603F0A4FEAC
:10BEA0000746E81C314603F0D5FB002FF1D0E00037
:10BEB000224909680F520818029941600021418007
:10BEC000281DA2B2394603F073FC03E0701C03F096
:10BED000DDFA0027384603B0F0BDC0469952000095
:10BEE000F0B581B0134D00281FD0002A1DD00C469C
:10BEF00000291AD0002B18D00F490B800F490A6077
:10BF000000210F460E46FF00D151761CF7B29F422A
:10BF1000F9D3002200922146134603F06BFE681C01
:10BF2000214603F097FB01B0F0BD284603F0AEFABE
:10BF300001B0F0BD97520000C06A012018710120C5
:10BF4000F0B587B005460024069405A8048004A82F
:10BF50000480012398022E68064310277448864205
:10BF600055D1880A53D1002A51D000930192E88814
:10BF7000029108424BD05026286806AF394603F09C
:10BF80003FFE7878400706D40127384603F0D0F901
:10BF9000761EF1D13BE028681E4903F037FE287A6F
:10BFA000002802D1286803F037FE0520C702039756
:10BFB000EF3F029E286806A903F022FE0698039927
:10BFC00008420BD1304211D1012003F0B1F97F1E9C
:10BFD000F0D1002001990880032718E02868039910
:10BFE00003F014FE01980480009F10E0286804AE5E
:10BFF000314603F017FE012003F01AFE318805AA2E
:10C00000284603F01BFE059801990880274638460C
:10C0100007B0F0BDFF7F000070B582B014460D463A
:10C02000064601AA002010803046FFF789FF00284D
:10C0300001D002B070BD01A80288304629462346CF
:10C0400000F016F802B070BDB0B50D4604461120E0
:10C0500034490C2203F0DEFC2046294603F0F4FDAF
:10C06000002800D0B0BD21680522D201CA65B0BD4C
:10C07000F0B583B01C4603461020002C4FD0294D4C
:10C080002E88002E4BD01F790A3F7D427D416D00E6
:10C0900002951B6801252D02234FA9420CD1BB42FA
:10C0A0000AD1204B59890846029DE840121A2148BE
:10C0B00050431E89204A1EE0C9B200290BD0BB4262
:10C0C00009D1184841880846029DE840121AAF205D
:10C0D000800050430EE0002921D015498B421ED12B
:10C0E000104BD9880846029DE840121AAF20800004
:10C0F00050439E880D4A01928E1BF7F76FFF07464B
:10C100002E413046F7F76AFF01463846F7F71BFD28
:10C110000199F7F782FCF7F78FFF2080002003B02A
:10C12000F0BDC046F49901200000026000006144A7
:10C1300000040260DC05000000C05A4570B582B002
:10C140000E460446102003F085FD00280AD005465F
:10C150006189A0887278002300930193012A06D098
:10C16000032205E00D4803F091F902B070BD0222F0
:10C1700000F026FB010607D0C3B218210022284692
:10C1800003F06EFD024602E0192028700122A0880B
:10C19000294603F06BFD02B070BDC046235100007C
:10C1A000F0B58BB004920C4605460121204603F001
:10C1B00091FC07460321204603F08CFC03902E4699
:10C1C0002888001D80B203F045FD002813D00546E5
:10C1D00005A8394603F050FD002811D005A8C088F5
:10C1E000010701D5C00512D4162128463A4603F0AE
:10C1F00049FD024628E01D4803F048F90BB0F0BDA8
:10C20000162128463A4603F043FD02461CE005A9E4
:10C21000304603F043FD002801D003460EE0B0880D
:10C220000499491F89B2621D009201910122394689
:10C23000039B00F0C5FA01060CD0C3B216212846B4
:10C240003A4603F00DFD0246B088294603F00EFD84
:10C250000BB0F0BD28462146049C2246F7F7B2FBFE
:10C260001720287077812246EEE7C0462251000051
:10C27000F0B589B00D4604460121284603F02AFC9A
:10C2800006460321284603F025FC029003A8314608
:10C2900003F0F2FC07462088001D80B203F0DAFCB0
:10C2A00000280CD00546002F0ED003A8C0888007B8
:10C2B00010D40C212846324603F0F6FC3BE022481D
:10C2C00003F0E4F809B0F0BD0C212846324603F033
:10C2D000DFFC30E003A9204603F0E0FC002806D094
:10C2E00003460C212846324603F0BAFC23E0A0881E
:10C2F00003AF3946FFF7C0FC388A029A824205D95B
:10C300000C212846324603F0D5FC14E0801A411C6B
:10C310002088814203DD1018401E03A90882079877
:10C32000801A81B2A08800916B1C03A9FFF71CFB47
:10C330000D212970401CA18882B20846294603F0CD
:10C3400095FC09B0F0BDC0461F510000F0B591B09A
:10C3500014460E46074601213046099103F0BAFB08
:10C3600005460321304603F0B5FB024671480A95A5
:10C3700029460546089203F01BFA7279681C21468B
:10C3800003F016FA07973888001D80B203F062FCAC
:10C39000002804D00746082C06D3102005E0A81C6E
:10C3A00003F074F811B0F0BD022006900A9A0899C3
:10C3B000501E80B288420AD2701D05900BA803F06F
:10C3C0007FFC002603960296099804900FE008214E
:10C3D000384603F05DFC9EE00BA9079C204603F065
:10C3E0005DFC002834D00390099C002C75D10BA86B
:10C3F00003F06CFC002870D00BAC204603F06CFC02
:10C400002289A188E81C03F0D3F90E9801784078BE
:10C410000002401882B2E188281D03F0C9F9208982
:10C420000028E1D000240A998842DED30899884286
:10C43000DAD80BA80599069A03F054FC0028D4D04A
:10C440000BA8C0888007C7D43004CED10D9ECCE79E
:10C45000A0880BA9FFF710FC0F98801C049989B2E3
:10C4600000220392022904D382B2029B9BB2934220
:10C47000BAD1012903D17870049B5B1C01E0049BB5
:10C480000298029080B299B20A18208882420493DE
:10C4900006D90229A8D8001F0BAA1082801C787028
:10C4A0000BAC2289384603F023FC07988088218A48
:10C4B00000910499891C049189B27B18002203928F
:10C4C0002146FFF751FA0446681D214603F0C2F8E1
:10C4D000049820180490039C87E7049988B20228E6
:10C4E00002D30920387017E00399080606D0CBB2B2
:10C4F000082138460A9A03F0B3FB0CE0300405D05B
:10C50000B2B20821384603F0CFFB04E008213846D8
:10C510000A9A03F0F3FB0146A81D8CB2214603F0F2
:10C5200099F8079880883946224603F09FFB11B09E
:10C53000F0BDC04617510000F0B587B00A4604466A
:10C540000121104603F0C6FA064601A8314603F061
:10C5500093FB07462088001D80B203F07BFB002878
:10C560000CD00546002F0ED001A8C088800710D43B
:10C570000A212846324603F097FB2EE01B4802F0C2
:10C5800085FF07B0F0BD0A212846324603F080FB44
:10C5900023E001A9204603F081FB002806D00346D2
:10C5A0000A212846324603F05BFB16E0A08801AE64
:10C5B0003146FFF761FB2088318A814202D3401E59
:10C5C00001A90882A08801A90A8A00926B1C002296
:10C5D000FFF7CAF90B212970401CA18882B20846D6
:10C5E000294603F043FB07B0F0BDC0461E510000D2
:10C5F00080B582B00189002907D00023038180889B
:10C6000000930193042200F0DBF802B080BDF0B586
:10C6100089B015460C4607460121204603F05AFA18
:10C62000064603A8314603F027FB00280CD0412022
:10C63000800003A9C9880140814205D103A9384679
:10C6400003F02CFB002801D009B0F0BDB888E91E2A
:10C6500089B2E21C0092019100223146134600F09B
:10C66000AFF809B0F0BD0000F0B58BB003920C46F6
:10C67000074601260846314603F02CFA014605A874
:10C68000049103F0F9FA0546102003F0E3FA0028BC
:10C690000CD0002D0FD005A9CA8811073D4613D430
:10C6A00012210446049A03F0EDFA1AE0274802F03A
:10C6B000EDFE0BB0F0BD12210446049A03F0E8FA37
:10C6C000214606463D460EE005A9D20511D4098A49
:10C6D000C91C039B99420CD212210446049A03F010
:10C6E00013FB21460646A888324603F0BFFA0BB07A
:10C6F000F0BD002AD4D5074605A9284603F0CEFA96
:10C70000002805D0034612213C463846049A13E01F
:10C71000A8880399C91E89B2E21C009201910022E7
:10C72000049C2146134600F04BF8010609D0C3B221
:10C73000122122463C46384603F092FA3946064614
:10C74000D1E7132039463870CDE7C04621510000AB
:10C75000B0B50C4605460846FFF7D4FA014629480D
:10C760000288002091420AD0C900274A1268511855
:10C7700049680A68002A02D0284621469047B0BD81
:10C78000F0B581B01C4615460E4607460846FFF731
:10C79000B9FA01461B480288002091420ED0234678
:10C7A000C900194A1268511849684C68002C05D014
:10C7B00006980090384631462A46A04701B0F0BDA1
:10C7C000F0B583B01C4615460E4607460846FFF7EF
:10C7D00099FA01460B4802880020914210D0234666
:10C7E000C900094A1268511849688C68002C07D0A2
:10C7F0000998089900910190384631462A46A04789
:10C8000003B0F0BDC06A01201871012080B5012875
:10C8100009D801210840054A10601162C82002F0C1
:10C8200087FD002080BD012080BDC04640D404604B
:10C8300008480149C164704761CC002009204001CB
:10C840000449054A0A50E2480021044A0260416056
:10C850007047C046500B00209DD40020ED490000D9
:10C86000F0B587B00546D8482E1845200001281895
:10C870000290F8482B5C0391497B9768D0682C465E
:10C8800050340278002B45D0002965D0092A00D009
:10C89000B1E0FF2109020F40092109028F4200D0B7
:10C8A000FCE0027A04A90A72027943791B029A1801
:10C8B0008379C5792D02EB181B049A18059202782A
:10C8C00043781B029A188378C0780002C0180004CD
:10C8D00080180490481C03F01DFA07460D460120FD
:10C8E00030700026039A967210208143B9482F3089
:10C8F0003840029B03C3517BB448401C02F0AAFE9F
:10C90000B64A3A4051208543218830462B4603F0F1
:10C9100007FA55E1002970D0092A00D1CAE0072A98
:10C9200000D008E1FF231B021F40012673029F4233
:10C9300000D015E140780E2800D041E10026039890
:10C940008672A248401D02F085FE21881A203246D8
:10C95000334603F0E5F933E10E2A00D09CE0FF21D5
:10C960000902394009231B02994200D0E7E0027A0C
:10C9700004A90A72027943791B029A188379C4794F
:10C980002402E3181B049A180592027843781B02CC
:10C990009A188378C0780002C018000480180490A8
:10C9A000481C03F0B7F90191894A0ACA894A0090E4
:10C9B000084011402F2404400A191027BB43284681
:10C9C00003F0B4F9002800D1F7E00246F843012152
:10C9D0003170814991610399D161019B03400098B5
:10C9E0007C4E30400443029804604360284603F0C4
:10C9F000A3F90026E4E00126E2E0082A00D09CE04A
:10CA0000FF210902394009231B02994200D0C1E0ED
:10CA1000027A04A90A72027943791B029A1883796F
:10CA2000C4792402E3181B049A180592027843780B
:10CA30001B029A188378C0780002C018000480187E
:10CA40000490481C03F066F90191614A0ACA614AE0
:10CA50000090084011402F2404400A191027BB43BE
:10CA6000284603F063F9002800D1A8E00246F84305
:10CA700001213170584991610399D161019B0340B3
:10CA80000098544E304004430298046043602846A6
:10CA900003F052F9002693E0012691E02846039C1A
:10CAA000214603F04FF90026A672617B474802F049
:10CAB000D1FD85E0FF2109020F4009210902434B06
:10CAC0008F425AD1027A04A90A72027943791B0271
:10CAD0009A188379C5792D02EB181B049A180592D0
:10CAE000027843781B029A188378C0780002C01835
:10CAF000000480180490481C03F00CF907460D460A
:10CB0000012030700026039A96721020814331482C
:10CB10002F303840029B03C3517B2C48C01D02F0CC
:10CB200099FD2E4A3A4051208543218830462B46B4
:10CB300003F0F6F844E0012642E0012640E02846F2
:10CB4000039D294603F0FEF8204CA01C394603F053
:10CB5000FFF80026AE72697BE01C02F07BFD2FE03F
:10CB60002846039C214603F0EDF80026A672617B5F
:10CB70001648001D02F06EFD22E02846039C214667
:10CB80001D4603F0DFF80026A672617BA81D02F0A7
:10CB900061FD15E02846039C214603F0D3F80B4DB8
:10CBA00028460830394603F0D3F80026A672617B88
:10CBB0000935284602F04EFD02E0022600E002267A
:10CBC000304607B0F0BDC04649040000CE36000034
:10CBD000207C012000CF87F7A98002002FCF87F7A4
:10CBE00070B5002810D00D4600290DD0002A0BD0BA
:10CBF000D168097800240E290FD0082927D11549BA
:10CC0000405C002823D10CE0162049210024224654
:10CC1000234603F0A3F8204670BD0E49405C00286F
:10CC200015D001242C730026EE72FF2004302881D9
:10CC3000304603F099F803C50748EE806E716E61C7
:10CC4000AE61E861AC700548314602F003FD204654
:10CC500070BDC0465103000061C80020CD36000001
:10CC600010B5044600F028FD002802D00C21012058
:10CC700006E000F0FBFC002801D1014600E00C2199
:10CC80002070084610BD000010B50A46002911D0DA
:10CC90000446906B00280DD0107C072811D0062880
:10CCA00016D005281DD110480068D060104600F04D
:10CCB00025FD13E08520C1001C20002303F04EF861
:10CCC00010BD09480068D060104600F01BFD05E06B
:10CCD00005480068D060104600F01AFD0120207061
:10CCE00010BD0020207010BD50080020B0B50D46CA
:10CCF00000290FD00446A86B00280BD0287C0728F9
:10CD00000FD0062812D0052817D12846114600F06A
:10CD1000F6FC0FE01C200A4900232A4603F01EF807
:10CD2000B0BD2846114600F0F0FC03E0284611464D
:10CD300000F0F8FC01202070B0BD00202070B0BDD4
:10CD40008D04000010B50A46002918D00446906BE7
:10CD5000002814D0107C072817D0062823D00528D7
:10CD600031D140480178D068484318490968884261
:10CD700000D80146D160104600F0C2FC20E01C2023
:10CD80001349002302F0EAFF10BD36480178D0684D
:10CD900048430E490968884200D80146D1601046D0
:10CDA00000F0B4FC0CE02F480178D06848430749F4
:10CDB0000968884200D80146D160104600F0D1FCD5
:10CDC0000120207010BD0020207010BD54080020EC
:10CDD00053040000B0B50D46002919D00446A86BD5
:10CDE000002815D0287C072819D0062826D0052829
:10CDF00035D1E8681B490978F7F770F91A490968CD
:10CE0000884200D30146E960284600F07AFC23E01E
:10CE10001C20164900232A4602F0A0FFB0BDE86896
:10CE200010490978F7F75AF90F490968884200D381
:10CE30000146E960284600F06AFC0DE0E86809490F
:10CE40000978F7F74BF908490968884200D3014689
:10CE5000E960284600F098FC01202070B0BD002059
:10CE60002070B0BD5C08002058080020B504000008
:10CE7000B0B50446012500F087FB002801D0284604
:10CE800008E000F019FC002801D0012002E000F0C9
:10CE9000EDFB054620702846B0BD70B504460C2653
:10CEA000012500F0A5FB00280BD100F012FC0028A2
:10CEB00007D100F0E8FB0546002801D12E4600E02E
:10CEC0000C262570304670BD70B504460C26012531
:10CED00000F08EFB00280BD100F0FBFB002807D1EF
:10CEE00000F0D1FB0546002801D12E4600E00C26BB
:10CEF0002570304670BD10B5044600F079FB00285F
:10CF000003D100F0E6FB002803D0002020700C20A5
:10CF100010BD00F0B8FB00212170002800D00C20CB
:10CF200010BD0000152000011249074A0A50532085
:10CF30008000064A0A502920C000054A0A505120A4
:10CF40008000044A0A507047D5CD0020EDCC002067
:10CF500045CD002089CC0020064801490166704774
:10CF600071CE002003480449044A054B8363C26321
:10CF700001647047500B0020F7CE00209BCE0020AC
:10CF8000C9CE002070470000B0B584B0002808D09A
:10CF900004468168022002F0EDFE002804D004B0AF
:10CFA000B0BD042004B0B0BDE389A289607C014615
:10CFB00002F0E6FE0028F2D16269A369217C607C60
:10CFC00001250095019002900025284602F0DEFE22
:10CFD0000028E4D1206A02F0DFFE0028DFD1A18B17
:10CFE000606A02F0DFFE0028D9D106480570627C35
:10CFF00003CC02F0DDFE0028D1D102F0DFFE28468E
:10D0000004B0B0BD0C0D002070B501260670274895
:10D0100000780024002801D0204670BDEFF3108571
:10D02000EFF3108072B602F0CFFE00280CD0344C23
:10D030002078002804D11F4802F0CCFE0120207087
:10D0400085F31088012070BD2F49084668380068B4
:10D050002B4A1278002A1DD030401BD005220868C8
:10D060000B68984204D0531E12061A46F7D1FF22CD
:10D07000110613D023490968814213D90C4A12883A
:10D0800085F31088081A5109884200D800263446D2
:10D09000204670BD85F31088204670BD85F310884A
:10D0A000204670BD85F31088204670BD5F090020C2
:10D0B00022080020FFFFFF1FB0B501210170EFF330
:10D0C0001084EFF3108072B60D4D2878002813D02D
:10D0D0000C4800680C490968814205D2491D81420B
:10D0E00004D202F07DFE05E0642001E04B208000C8
:10D0F00002F01EF90020287084F31088B0BDC046ED
:10D100005B09002080000040E8010040B0B584B019
:10D11000002808D004468168042002F02BFE002875
:10D1200004D004B0B0BD042004B0B0BDE389A2892E
:10D13000607C014602F024FE0028F2D16269A369F6
:10D14000217C607C012500950190029000252846F5
:10D1500002F01CFE0028E4D1206A02F01DFE002827
:10D16000DFD1A18B606A02F01DFE0028D9D103CC6B
:10D17000627A02F03BFE0028D3D10348057002F02A
:10D180003BFE284604B0B0BD9C0D002070B584B0B5
:10D19000002808D004468168062002F0EBFD002834
:10D1A00004D004B070BD042004B070BDE389A2892E
:10D1B000A17C607C02F0E4FD0028F2D16269A369E1
:10D1C000217C607CA57C01260096019002950025BB
:10D1D000284602F0DBFD0028E3D1206A02F0DCFDE6
:10D1E0000028DED1A18B606A02F0DCFD0028D8D1D6
:10D1F00003CC627A02F0DCFD0028D2D1034805702E
:10D2000002F000FE284604B070BDC0469D0D00200F
:10D21000B0B584B0002808D004468168032002F02D
:10D22000A9FD002804D004B0B0BD042004B0B0BDF6
:10D23000E389A289607C014602F0A2FD0028F2D1B8
:10D240006269A369217C607C0125009501900290B0
:10D250000025284602F09AFD0028E4D1206A02F059
:10D260009BFD0028DFD1A18B606A02F09BFD0028A6
:10D27000D9D103CC627A02F0B9FD0028D3D103489A
:10D28000057002F0C5FD284604B0B0BDBC0D0020FD
:10D2900070B584B0002808D004468168052002F0EB
:10D2A00069FD002804D004B070BD042004B070BD36
:10D2B000638A228AA17D607D02F062FD0028F2D19E
:10D2C000A17DE06802F0AAFD0028ECD1A269E36923
:10D2D000217D607DA57D01260096019002950025A7
:10D2E000284602F053FD0028DDD1606A02F054FDAB
:10D2F0000028D8D1218CA06A02F054FD0028D2D198
:10D3000003CCA27B02F072FD0028CCD1034805704B
:10D3100002F08AFD284604B070BDC046BD0D002055
:10D32000024803498164034941657047200D00208C
:10D33000B9D0002009D0002070B50546554E3068A0
:10D34000002801D0012070BD02F074FD2846FFF7CF
:10D350001BFE0446002801D0204670BD0348306003
:10D3600003CD02F06DFD204670BDC046842702004B
:10D37000F0B581B00446474F3868002801D0012637
:10D380001EE002F057FD03CC637A00252A46083CD4
:10D3900002F05CFD03C42068627A2946083C02F072
:10D3A0005BFDA0602046FFF7B1FE0646284602F06E
:10D3B00059FD002E04D10448386003CC02F040FD32
:10D3C000304601B0F0BDC046D427020070B5054616
:10D3D000304E3068002801D0012070BD02F02AFDD7
:10D3E0002846FFF7D3FE0446002801D0204670BD32
:10D3F0000348306003CD02F023FD204670BDC046D7
:10D40000E4270200F0B581B00446224F38680028B6
:10D4100001D001261EE002F00DFD03CC637A002549
:10D420002A46083C02F012FD03C42068627A2946AD
:10D43000083C02F011FDA0602046FFF7E9FE064619
:10D44000284602F00FFD002E04D10448386003CCBA
:10D4500002F0F6FC304601B0F0BDC046F4270200F1
:10D4600070B505460B4E3068002801D0012070BD14
:10D4700002F0E0FC2846FFF70BFF0446002801D02D
:10D48000204670BD0448306003CD02F0D9FC204630
:10D4900070BDC046C00D002004280200B0B50123B5
:10D4A0000370D06804780020162C35D87123DB0077
:10D4B000CB18C0467C4424796400A744151A2D0B70
:10D4C0002D2D2D2D102D0B2D1F2D102D2D2D2D2DF6
:10D4D000242D29000846194602F0CAFCB0BD0846B2
:10D4E0001946FFF77DFBB0BD0846194602F0C6FCA1
:10D4F000B0BD0846194602F0C7FCB0BD0846194643
:10D5000002F0C8FCB0BD0846194602F0C9FCB0BD27
:10D510000846194602F0CAFCB0BD000080B502F012
:10D52000CBFC02F0CFFC02F0D3FC002800D080BD81
:10D5300002F0D4FC064802F0D7FC022002F0DAFC2C
:10D54000042002F0DDFC0B2002F0E0FC002080BD96
:10D5500020F50100084909680A4A1278824203D876
:10D560000020002907D105E03522D2004243881867
:10D57000002900D108467047E8570120014800788B
:10D580007047C046C26A0120F0B581B0FFF7F6FFD0
:10D59000002827D0044600250126E8B2FFF7DAFF6D
:10D5A00000280FD099300178002907D04078002852
:10D5B00004D00020374600280FD114E03046002860
:10D5C0000BD110E0912001011E202A46234602F0D3
:10D5D000C5FB00273846002805D06D1CAC42DCD1C5
:10D5E000002700E000270120384001B0F0BD000016
:10D5F000F0B581B0FFF7C2FF002828D0044600250F
:10D600000126E8B2FFF7A6FF00280DD08D30017B80
:10D61000002905D0417B002902D00078002811D0D4
:10D62000304600280AD115E01E200C492A46234620
:10D6300002F094FB0027384600280BD06D1CAC424A
:10D64000DFD106E0002037460028F7D102E00027AE
:10D6500000E000270120384001B0F0BD260900009D
:10D66000014800687047C046EC57012080B5FFF7BD
:10D67000F7FF002805D03321C900405C411E8841D6
:10D6800080BD002080BD80B5FFF7EAFF0146002085
:10D6900000290AD03322D2008A181278002A04D036
:10D6A00091310878411E4842484180BD01480068D8
:10D6B0007047C046F057012080B5FFF7F7FF0028FC
:10D6C00005D047218900405C411E884180BD002073
:10D6D00080BD80B5FFF7EAFF0146002000290CD08D
:10D6E000472292008A181278002A06D0A5310978BC
:10D6F00002220A43032A00D1012080BD70477047EF
:10D7000070477047172181747047704770477047A2
:10D71000FF217431826B6423535483745018192190
:10D720004170704770B50A460446FF210846203014
:10D73000A36B1E18B92040001D18185C002807D0E4
:10D74000FF2A00D8D1B268781A2200F036F8687043
:10D750003078002801D0012000E00220285CA0746D
:10D7600070BDB0B50446FF20A16B024620328A5C32
:10D77000002A08D074300D18287801211A2200F0F0
:10D780001CF82870A074B0BDB0B50446FF20A16B92
:10D79000024620328A5C002A08D074300D1828789E
:10D7A0003221642200F003F82870A074B0BD401844
:10D7B000904200D80246D0B270475318834200D23C
:10D7C000421AD0B27047000010B501242046FFF77E
:10D7D0001DF802F0A1FB02F0A5FB002800D010BD4F
:10D7E00001480470002010BDC56A0120F0B585B065
:10D7F00016460546EFF3058002AA95701180D67093
:10D8000000240394002800D1E443002E2DD0242EC0
:10D8100018D801932C4800900068002102F088FB82
:10D820000390002809D12748009000680027394656
:10D8300002F07EFB039000283BD000980068049023
:10D8400003980EE0802E28D801931E480068002718
:10D85000394602F06DFB0390002825D0194909686C
:10D86000049101993246F6F7ADF8154EF01C2946A1
:10D8700001F0F0FE1548006802A900252A4623465B
:10D8800001F072FF47424741002815D0321D81B296
:10D89000104601F0DFFE2F460EE00948801C31469D
:10D8A00001F0D8FE002707E00548401C01F0EEFD1E
:10D8B00002E0034801F0EAFD384605B0F0BDC0467D
:10D8C00004600000D0990120D4990120DC4101209E
:10D8D00010B582B0019100900022EFF3058000287E
:10D8E00001D0134600E0D34307480068694601F0C1
:10D8F0003BFF0446002803D004A0214602F03CFB75
:10D900006042604102B010BDAC7E0120626C655F78
:10D910007461736B5F73656E645F6D73675F746F63
:10D920005F6C6C635F7461736B206661696C6564C6
:10D930003A25750A00000000014908707047C0468A
:10D940002C7E0120B0B50446000C210102D50F2128
:10D950000903084300B2F6F741FB210701D5F02186
:10D960000C4365B2012D09DB0B4D2946F6F7AEF8E5
:10D97000611E62B2012A0C46F7DC0025002D0AD593
:10D98000054C2146F6F7DFF8691C6AB20023DB4339
:10D990009A420D46F5DBB0BD0000204101030001B5
:10D9A000000D401880B27047F0B595B02C48008843
:10D9B0000AA94880088000248C7305200002888111
:10D9C0000B940C94204602F0B9FA08AE304602F0EF
:10D9D0004BF802A9FF208873487308730925CD729C
:10D9E000182088721F204872022008720322CA7110
:10D9F0000D238B714C7119230B71CA7006228A702A
:10DA0000012201924A7008707079C87309980874ED
:10DA1000F0784874B07888747078C874089808757D
:10DA20001522204602F090FA0E4F3846F5F7EEFF29
:10DA300002460EAE7570401C3070B01C3946F5F7CA
:10DA4000C1FF3846F5F7E2FF801CC2B220463146DE
:10DA500002F080FA2046019902F082FA15B0F0BD7A
:10DA6000D8300120B03001201C4615460E4607462E
:10DA7000F8F75AF907A002F08DFF0BA0394632469D
:10DA800002F07AFA10A02946224602F075FAF8F759
:10DA90001FF9FEE773797374656D206572726F729A
:10DAA000206F6363757273007531364572724D6F06
:10DAB00064756C653A2575207531364572724C690E
:10DAC0006E653A25750A0000753332457272496EEB
:10DAD000666F313A257520753332457272496E662C
:10DAE0006F323A25750A0000B0B582B00446407D19
:10DAF000217D00290CD0EFF31081EFF3108272B674
:10DB00000022227562682260626A226281F31088B4
:10DB100000280AD0EFF31081EFF3108272B60022D2
:10DB20006275E27DA27581F31088A17D02291DD066
:10DB3000002941D1EFF31080EFF3108172B6E16A52
:10DB4000002901D0A26A8A621D4A1368A34201D14A
:10DB5000A36A13601B4A1368A34200D1116080F3CB
:10DB600010880020A062E06202B0B0BD00280CD096
:10DB70002569E5607D20C1002068C003F6F7AEFA94
:10DB80004019A060019502B0B0BD207E012811D1DE
:10DB900000200190094801A901F090FC019DE56079
:10DBA0007D20C1002068C003F6F798FA4019A060F4
:10DBB00002B0B0BD0120A07502B0B0BD003005605C
:10DBC000889A01208C9A01200A480088401A414214
:10DBD000414148007047C04606480088884206D147
:10DBE0000020587004480078187002207047002008
:10DBF0007047C046AC720120AE720120F0B595B0FE
:10DC00000E460D907D20C2000C922E3A5EA0654912
:10DC100002F0B2F9002E09D063A40D9D3746297891
:10DC2000204602F0A9F96D1C7F1EF8D1604802F071
:10DC3000B1FEF1B20D9F384600F066FF002800D11A
:10DC400088E005460146F03948424841EF21294025
:10DC50003F31C9B201240229214600D300210143EA
:10DC6000012900D0E1E0D12D64D12821514F7A5C07
:10DC7000012002400B9453D0002407460690204612
:10DC80000991089201F0C0FB4B48022107912246FE
:10DC900001F0CCFB0A950EADAC722C8138020590D8
:10DCA000E8800C20287114AF3C8044480E9021205D
:10DCB00001012846FEF7C8F9284605993A46FEF7BD
:10DCC000ABF93B883D463720C2003D483D4902F054
:10DCD00053F9079801F098FB364806998177354F3C
:10DCE000288839494143C80C38840EAD2C731094F0
:10DCF0000F940E94D1200D242946224601F0BCF940
:10DD00003248808829460A9D22460B9C00F048FC38
:10DD10000C9A0C3A2E48234902F02EF9089A0999D8
:10DD2000785C800700D5F4E0785CC00600D5F0E0B0
:10DD3000002A0BD1F6F780FF0C9A1B3225481949AF
:10DD400002F01AF90D98314600F0D4FEF02D00D102
:10DD500012E1A7E30C9A233A1F48124900242346F4
:10DD600002F00AF93878411E042900D99AE3701E9E
:10DD70004900C0467944898849008F442F00290111
:10DD80003F0154016401C0465B25735D5B25645D02
:10DD9000203A2054542052656365697665203A2004
:10DDA0000000000039290120307825303258200049
:10DDB000562E01202841012080B00460000002603E
:10DDC000AB1601205C290120CDCC00009871012008
:10DDD000401501205A150120B0150120139412940A
:10DDE000119410940F940E94193EB1B2F84A9142D6
:10DDF00000D257E382B20121022A0D460D9E0CD3B8
:10DE000001252946725D202A07D36D1C491CCAB220
:10DE1000C3B29A42F6D301461546C8B2012800D0D3
:10DE2000ADE1FD48FD49FE4AEDE2B02D4BD0C02DDD
:10DE300000D0C9E00EA80021017310910F910E913E
:10DE4000F6F70EFB01280B941AD10122D102F548F6
:10DE500001F0E6FAC0200EAC2F460D2521462A46D9
:10DE600001F00AF9F048808821460B9C2A463D467D
:10DE700000F096FB0C9A3A32ECA0E84902F07CF8EC
:10DE8000F6F7EEFA02281BD10120C102E548002274
:10DE900001F0C6FAC0200EAC2F460D2521462A46B9
:10DEA00001F0EAF8E048808821460B9C2A463D466E
:10DEB00000F076FB0C9A4132E948D84902F05CF850
:10DEC000B02D00D080E0E74F3B78F02018401028BC
:10DED00066D10C9A4932E448D04902F04DF83B78BB
:10DEE000122B0A9500D10BE1112B00D123E1102B4D
:10DEF00000D03DE1DD480078002800D1F2E1DC48A7
:10DF000000230360DB48032101700C9A5732DA4882
:10DF1000F1E1B88B0E46F6F765FB0446FCF710F806
:10DF20000EA900220A7310920F920E923246B95D2A
:10DF3000890702D50221B9777C842E46B95CC906CF
:10DF400002D51021B9777884D1200EAC0D25214659
:10DF50002A4601F091F8B448808821462A4600F00C
:10DF60001FFB0C9A0D32C548AC4902F005F8354646
:10DF70000B9CF02D00D095E20D98C078800700D45E
:10DF800090E2BF4A00211160009407200423FCF7AF
:10DF90004BFF002800D185E20C9A2832B9482BE1CA
:10DFA0000C9F3A46B432B8A09C4C214601F0E4FFE5
:10DFB000F6F742FEB637C04821463A4601F0DCFF8C
:10DFC0000D98314600F096FDA02D00D15FE269E288
:10DFD00013941294119410940F940E94000400D092
:10DFE00060E2052000210EAA1723FCF749FE002855
:10DFF00000D1EFE08A4A1C32B048FDE083B2022B28
:10E0000000D04FE20D9A5078917809020D18AC4873
:10E010002818203880B2AB49884200D9C9E0804A2C
:10E020003532A948E8E0000400D03BE20620002198
:10E030000EAA0223FCF724FE002800D1DEE0784A75
:10E040004E32A248D8E00D98817A0A91417A0B911C
:10E05000017A0691C4798779467901790791C17867
:10E0600008918178099140780D90FCF7B1F8054648
:10E070009748854204D1974802F08CFC15B0F0BD5A
:10E080003802801905900EAFB8800698000200197A
:10E0900006900A21F6F722F8F880079800020899FE
:10E0A000411808910C9E304648438B49F6F716F804
:10E0B0007880099800020D994418664330468649D5
:10E0C000F6F70CF838802846394601F021FA0A980C
:10E0D00000020B994118284601F064FB7F4802F0CA
:10E0E00059FC089B009305980190029006980390B4
:10E0F00004907B482146224601F03EFF15B0F0BD5A
:10E10000EC480078002800D1F9E02646EA48046887
:10E11000EA48056820462946F5F7E0FF002900D1C6
:10E1200036E1E7480221017000950C9AA332E548D8
:10E13000DD4923468CE1DF480078002800D1F0E07B
:10E14000009408260024DC4D0423304621462A464C
:10E15000FCF76AFE002800D131E1D94803210170A3
:10E160002C6000940C9A7832D748CF4908236FE18D
:10E17000D348012101700C9AAA32DD48BBE0DF4C84
:10E18000E21CE548C8492B4601F0F6FE711C0EAEB4
:10E1900030462A46F5F716FC0120009005200021A4
:10E1A00017233246FCF740FE002800D1CEE00834A9
:10E1B0000BE0521C0120009006200021FCF734FEE9
:10E1C000CE4C002800D1CEE03B34D04819E1C04607
:10E1D000E9FF0000FBF7FCFF04460EAD2846F5F70B
:10E1E00015FC82B22046294600F0DAF9C34A00281D
:10E1F00000D1F5E02332C248AB4904E1FBF7E8FF68
:10E200000EA9022200F0CCF9BC4C002800D1ECE0B1
:10E210005534BB48F5E0C04636220120392901209B
:10E22000C104000080B00460987101205B25735D1B
:10E230005B25645D203A2074747320546F2053650D
:10E24000742048616C6C204C6F636B2C6C61746340
:10E25000682048696768206C6576656C200D0A0047
:10E260007B15012094AD01200D1C0120A8BD0120CB
:10E2700098AD012095AD0120B51F0120401501206A
:10E28000E43001202A2001205B25735D5B25645D5D
:10E29000203A2050726F63657373696E6720414640
:10E2A0004520706172616D657465723A2030782521
:10E2B0003032580A000000005A150120AC2201201B
:10E2C0001FC0FFFF1EC0000008230120D82201202C
:10E2D000FFFF000075280120E2040000AA280120A9
:10E2E000B2190120744811230360754800210170A0
:10E2F0000C9A51327D486C4901F03EFEABE009209A
:10E3000000246D4D042621462A463346FCF7B8FC0E
:10E3100000287CD06A4806702C600C9A89326E48BE
:10E3200010E008200024644D042621462A46334686
:10E33000FCF7A6FC002871D0614806702C600C9A8E
:10E3400067326848584901F017FE83E00C3473487F
:10E3500055490EAD22462B4601F00EFE2846F9F730
:10E3600037F815B0F0BDADB22846F5F757FE0022DC
:10E37000644BF5F7D9FC009001913F3464484A4959
:10E38000224601F0F9FD2846F9F70EF815B0F0BD68
:10E39000009609260024484D0423304621462A468B
:10E3A000FCF742FD002841D04548032101702C6054
:10E3B00000940C9A9D3244483B49092348E02B685D
:10E3C0003E4803600C9A70324548374F394601F099
:10E3D000D3FD3B4804702B6800960C9A723235E0EE
:10E3E00027324C4830490EAB86E60EA80088F5F778
:10E3F00015FE0022434BF5F797FC0090019159342C
:10E4000041482949224601F0B7FD15B0F0BD2C481E
:10E4100004702B680C9A8332304805E02848047059
:10E420002B680C9A613230481F4911E02B6827484D
:10E4300003600C9A953226481B4F394601F09CFD2B
:10E440001F4804702B6800960C9A97322148394671
:10E4500001F092FD164F0EAC0020207310900F902B
:10E460000E90B0200D2521462A4600F005FE0F48EB
:10E47000808821462A4600F093F83B780C9AB03207
:10E480001C48094901F078FD0A9DA02D0AD11A48BF
:10E490000078002806D13720C0003C30FBF728FF69
:10E4A00015B0F0BD15B0F0BD3929012098710120DB
:10E4B00094AD0120A8BD012098AD01202441012088
:10E4C00095AD01202F1A0120921A01205C410120F4
:10E4D0005C1F0120331B01205C230120ED1E012065
:10E4E000881F01208D230120241F0120A01C012052
:10E4F0003A1C01206B1C01202A7E0120C10400006F
:10E50000542001200000E43F9F260120002101202B
:10E51000CB2601208B240120A0180120AE2401204D
:10E52000F0B583B0334908601B4E00241B4B2046D6
:10E5300031462246FDF776FC0125002828D00094BC
:10E540000194701C81B2412087003B460C33204669
:10E550002246FDF7FBFB17490880002818D001F080
:10E560008BF822490880002812D000940194B01C36
:10E5700081B2204622463B46FDF7E8FB1C49088055
:10E58000002805D0FDF714FC1B4801210170254629
:10E59000284603B0F0BDC046F0FF0000E83001207F
:10E5A00080B513460A460349098801F027FA411E3F
:10E5B000884180BDA872012080B50C48028802986D
:10E5C0008A4204D100780C490870002080BD084AB6
:10E5D00012888A4207D1002805D006490A68002A15
:10E5E00001D003999047002080BDC046AC72012045
:10E5F000AA72012084710120AE720120010B000576
:10E60000000940187047000070B501267107404CA2
:10E61000002520462A4600F0FDFE710520462A46C8
:10E6200000F0F8FE2C2000F0BBFF70BDF0B589B003
:10E63000002867D03549086001246607344D082258
:10E640002846314600F0B8FF0194670506222846A7
:10E65000394600F0B1FF022428463146224600F038
:10E66000E5FE28463946224600F0E0FE2C2000F068
:10E67000E3FE0546002846D1264803904B20400281
:10E680000290254E02A9304600F09CFF0546002866
:10E6900039D1172000F0D0FE0546002833D130468E
:10E6A000019F394601F062FC04A903240C747D200B
:10E6B000C000069019480590301D04901848079036
:10E6C000184E304600F0C4FE05460020122100F02E
:10E6D000B9FEB80414490860FF210904134A1368FD
:10E6E0008B43A10559181160114908600721304674
:10E6F00000F0B4FE3046394600F0B6FE304600F079
:10E7000065FE00E01025284609B0F0BDF44F012059
:10E7100000B004602130010100040060287C012069
:10E7200000024900C081005080E200E010E400E0F7
:10E7300000E100E0F0B591B00C460790A24AAB3280
:10E74000A2A0A94901F018FC002C09D0A7A7079E98
:10E7500025463178384601F00FFC761C6D1EF8D145
:10E76000A44802F017F9F6F7E1F9E1B2079800F0D2
:10E77000CBF9002832D00746934D2A46BE329EA0E0
:10E78000994901F0F9FBD12F04D12821A448415C1B
:10E79000002931D0F02F26D12C4608AD0020287357
:10E7A0000A90A049096829720A0EEA720A0CAA7234
:10E7B000090A697209909C480890F0200D262946A4
:10E7C000324600F059FC9948808829463246FFF7C6
:10E7D000E7FEE334964884492246B0E07A4AB932EB
:10E7E000BF488149ABE0D12F01D1002746E0282066
:10E7F0008B4900270F5441E08E4E3178491C31700F
:10E800002422805E8C4B1A68101818608B480068B0
:10E8100049B241438548038D00912A46C532884854
:10E82000714901F0A9FB0027F6573A207F49095C9E
:10E8300084480068484381490968F5F74FFCB042B5
:10E8400019D806907C48006805903146F5F766FCBB
:10E85000074600B2009601902A46CA327A486249B9
:10E86000059B01F089FB002072490870380A07995E
:10E87000487206980F72B04200D9A2E06B488088B7
:10E88000002826D007992246FFF78AFE2A46FB3247
:10E890006EA0554901F070FB67480024046038B24F
:10E8A000F5F79CFB7149F5F74EF90790F5F702FC77
:10E8B00006460F460090019108A814216CA201F0B1
:10E8C0006BFB6D4D14282CD26DA0474908AB2A462E
:10E8D0002BE079480168491C01600DAC00262670C8
:10E8E000764D2846F8F7CCFD08A92846F8F7E2FF50
:10E8F0007348815F73480088089D009601960296D0
:10E900000396049606463804831907910A042046A4
:10E910002946FBF781FF002834D002466A480021CF
:10E920000DE003466A1D55482F4901F025FB3F497C
:10E93000487F002807D00C3559482B492A4601F05A
:10E940001BFB11B0F0BD087F002831D00096019765
:10E9500054480D46544926461B4C224601F00CFBF8
:10E960000798FBF723FAFFF719F80DA948804E70B6
:10E97000288D88802846F9F7DBFA00281BD00B3455
:10E980004A481AE0BCB2514802F004F850482946FF
:10E9900001F0F2FA4F48079901F0EEFA4E4831467D
:10E9A00001F0EAFA4D48214601F0E6FA11B0F0BD57
:10E9B00012354048C1E71D343D483B49224601F02D
:10E9C000DBFA11B0F0BDC0463E0200005B25735D6E
:10E9D0005B25645D203A20554152542052656365A1
:10E9E000697665203A20000026290120253032581A
:10E9F00020000000562E01205B25735D5B25645DC1
:10EA0000203A205541525420756E7061636B20612D
:10EA100066652070726F746F636F6C0D0A00000082
:10EA200028410120E4300120AA0DF0009871012056
:10EA300040150120E24F0120E44F01202441012034
:10EA4000411801205C410120B81801205B25735D4D
:10EA50005B25645D203A2074745F73657276696328
:10EA6000655F73656E640D0A000000000000C84217
:10EA7000252E3266000000006E0300005D160120A6
:10EA80005B25735D5B25645D203A2055415254201F
:10EA900052656365697665203A2025730D0A00008A
:10EAA0000D1801208C1B0120EF290120B412012038
:10EAB0001E160120B8170120F4CD01208E7101200F
:10EAC000BC720120B0720120C11E01205928012012
:10EAD0000A280120AF2701203A2701207E270120A4
:10EAE0001928012080B502480068FFF79FFD80BD0E
:10EAF000F44F012080B50A460146024800F090FF1D
:10EB000080BDC04600040060F0B583B0002900D18C
:10EB100050E10D4604460026954F964A0290019119
:10EB20000FE00020107310605060906092490870F0
:10EB300001209249087038701370761CAE4200D1E3
:10EB400035E138780328F8D8A35DC04678440079C9
:10EB500040008744010C161FAA2BE2D0552BE0D0B1
:10EB60005A228748874901F007FA824AE5E70D2BC8
:10EB700000D0C8E08148007813547F490B7002210F
:10EB800003E07E480078135403213970401C7B4910
:10EB90000870D2E7794800781354411C7748017017
:10EBA00075480078C9B28142C7D100213970144636
:10EBB000821E0B4627787918641CD7B25B1CDDB225
:10EBC000BD42F7D96B4A8018401E00784942CBB24B
:10EBD000984200D0A0E01078AA28029C019D644FC2
:10EBE00000D1A3E05528A8D190780146B03940293A
:10EBF00000D9CEE0890002A25158DA4A8F46C046B9
:10EC00008BEE002005ED002005ED002005ED002035
:10EC100005ED002005ED002005ED002005ED0020AC
:10EC200005ED002005ED002005ED002005ED00209C
:10EC300005ED002005ED002005ED002005ED00208C
:10EC4000A7EE0020BBEE0020B1ED002005ED002076
:10EC500005ED002005ED002005ED002005ED00206C
:10EC600005ED002005ED002005ED002005ED00205C
:10EC700005ED002005ED002005ED002005ED00204C
:10EC800005ED0020FFEE0020B1ED002005ED002095
:10EC900005ED002005ED002005ED002005ED00202C
:10ECA00005ED002005ED002005ED002005ED00201C
:10ECB00005ED002005ED002005ED002005ED00200C
:10ECC00005ED002005ED002005ED002005ED0020FC
:10ECD00005ED002005ED002005ED002005ED0020EC
:10ECE00005ED002005ED002005ED002005ED0020DC
:10ECF00005ED002005ED002005ED002005ED0020CC
:10ED0000B1ED002019E76622DA48A44901F034F990
:10ED1000944A0020387010E77C2293A09F4901F0AC
:10ED20002BF9904A029C019D8D4F06E79078014691
:10ED3000C1392F2929D8C0467944097949008F441F
:10ED40003C4A232323232323232323232323232353
:10ED5000728A2323232323232323232323232323CD
:10ED600023232323232323232323232323232397FF
:10ED7000A9BD0120ACBD0120E84F0120CCBD012080
:10ED8000A92B01207E2E0120D7E6B02800D0D4E6A2
:10ED9000BEE0A02800D0D0E6E178B14A1170217918
:10EDA000627912025118AF4A118003B0F0BD002001
:10EDB00003B0F0BD002003B0F0BD6A4CE078934D85
:10EDC0006870A0886880E088A8802089E8806089D1
:10EDD00028819D487EE0634CE0782179090208187B
:10EDE0008A4D68816079A17909020818A881E079C3
:10EDF000217A09020818E881607AA17A09020818C4
:10EE000028828A4801F0C6FD6989894801F0B4F872
:10EE1000A989884801F0B0F8E989874801F0ACF881
:10EE2000298A86A093E04F4CE078784DA877208916
:10EE3000A8846089E884794801F0ACFDA97F78480E
:10EE400001F09AF82420295E764801F095F82620F2
:10EE5000295E75487BE06E4801F09CFD6E4801F02C
:10EE60008BF8694801F096FD3E48807803B0F0BD0C
:10EE70003C4CE0783021654D68546068E862644835
:10EE800001F088FDE96A634861E0E178444A117065
:10EE90002179454A11706179A27912025118434AC9
:10EEA000116003B0F0BD2F4CE078584D28706F48CA
:10EEB00001F070FD29786E4849E02A4CE078534D06
:10EEC0006870A0886880E088A8802089E8806089D0
:10EED0002881654801F05EFD69785C4801F04CF8D6
:10EEE00069885B4801F048F8A9885A4801F044F85D
:10EEF000E988594801F040F82989584827E019491C
:10EF0000CA782823414CE2548988A18303B0F0BD1C
:10EF1000144CE078224D28702079224F38706079A7
:10EF2000214E3070E08821490860214801F032FD0F
:10EF30002978204801F020F839781FA001F01CF84A
:10EF4000317823A001F018F81848016827A001F0D3
:10EF500013F82D4801F01EFDA07803B0F0BDC046A7
:10EF6000A9BD0120ACBD01205B25735D5B25645DFF
:10EF7000203A202121216572726F7220414645207E
:10EF8000554152542050726F746F636F6C20436808
:10EF900065636B4C52432025750D0A007E2E0120BF
:10EFA000A8BD012095AD012094AD012098AD0120B0
:10EFB000F92C01207A2B01204F7065726174696F02
:10EFC0006E205374617475733A2025750D0A000024
:10EFD000506172616D65746572204164647265731D
:10EFE000733A2030782532580D0A00005061726162
:10EFF0006D657465722056616C75653A20307825B0
:10F0000032580D0A00000000522C01202841012036
:10F01000842C0120902B0120582E0120C02C01208F
:10F020009A2A01202E2A0120472A01203C2D012066
:10F03000602A01202D2B01207D2A01204B323A200D
:10F0400025750D0A000000007F2D0120B32A012044
:10F05000362B0120472B0120582B0120692B012042
:10F060002A7E0120287E0120C92D0120102E01209A
:10F07000CA2A0120D92B012070B51346FF225C3229
:10F080000D2B05D98548834900F076FF002070BD1F
:10F090000C460146B0394029F4D8C0467944097974
:10F0A00049008F44212020202020202020202020C3
:10F0B000202020202121212020202020202020204D
:10F0C000202020202021212020202020202020203E
:10F0D0002020202020202020202020202020202030
:10F0E000202020202100CDE7A0700D216170AA21F1
:10F0F00021700146C03930292AD8C046794409799F
:10F1000049008F4418354B8A8A8A8A8A8A8A8A8A71
:10F110008A8A8A8A8A638A8A8A8A8A8A8A8A8A8A76
:10F120008A8A8A8A8A8A8A8A8A8A8A8A8A8A8A8A3F
:10F130008A8A8A8A7B000020E072A0726072207244
:10F14000E071A0716071207147480078E07064E060
:10F15000B02862D140480078E070404800782071C3
:10F160003F48007860713F480068A071000A53E092
:10F170003D484178E170418821714188090A6171F7
:10F180008188A1718188090AE171C1882172C188D1
:10F19000090A61720189A17200892CE03248418A12
:10F1A000E170418A090A2171818A6171818A090AA3
:10F1B000A171C18AE171C18A090A2172018B617250
:10F1C000008B0021E172000AA07226E02648817FB0
:10F1D000E170018C2171018C090A6171418CA1716E
:10F1E000418C090AE171818C2172818C090A61725A
:10F1F000C18CA172C08C000AE0720EE030201A4966
:10F20000085CE070C86A2071C86A000A6071C86A48
:10F21000000CA071C86A000EE07100200346214670
:10F220000D7828185D1C491C0B2B2B46F8D3404247
:10F2300020734F320DA0174900F09EFE0026164D98
:10F24000A15D284600F098FE761C0D2EF8D10A200C
:10F2500001F098FB012070BDA8BD012095AD0120F3
:10F2600094AD012098AD0120284101205B25735DFC
:10F270005B25645D203A2046697273742031332027
:10F280006279746573206F662070753844617461AB
:10F290003A0A0000662E01208B110120082C012063
:10F2A00003B40148019001BD39C4010003B4014811
:10F2B000019001BD117A010003B40148019001BD24
:10F2C0006D78010003B40148019001BD354501008E
:10F2D00003B40148019001BD9D85010003B40148BC
:10F2E000019001BD2183010003B40148019001BDDB
:10F2F000C589010003B40148019001BDED830100FF
:10F3000003B40148019001BD7984010003B40148B0
:10F31000019001BD2187010003B40148019001BDA6
:10F32000FD80010003B40148019001BD3581010059
:10F3300003B40148019001BD51F8020003B4014833
:10F34000019001BDC587010003B40148019001BDD2
:10F350004180010003B40148019001BD0D85010009
:10F3600003B40148019001BD6980010003B4014864
:10F37000019001BDD17F010003B40148019001BD9E
:10F380000188010003B40148019001BD45820100DC
:10F3900003B40148019001BD2985010003B401486F
:10F3A000019001BD43F9010003B40148019001BD82
:10F3B00033F9010003B40148019001BDB97801009F
:10F3C00003B40148019001BDB17A010003B40148C2
:10F3D000019001BD1979010003B40148019001BDFC
:10F3E0000D8C010003B40148019001BD418A010068
:10F3F00003B40148019001BDE58B010003B401484D
:10F40000019001BD610E020003B40148019001BDED
:10F41000A5A5010003B40148019001BD698D01005B
:10F4200003B40148019001BD618E010003B401489D
:10F43000019001BD058F010003B40148019001BD99
:10F440005572010003B40148019001BD89C2010059
:10F4500003B40148019001BD417B010003B40148A0
:10F46000019001BDE17C010003B40148019001BDA0
:10F470003979010003B40148019001BD45A30100A1
:10F4800003B40148019001BDADA0010003B40148DF
:10F49000019001BDE9F6020003B40148019001BDED
:10F4A00065BF010003B40148019001BDBDBD01006D
:10F4B00003B40148019001BD1DBF010003B4014820
:10F4C000019001BD45BF010003B40148019001BD99
:10F4D000CDBF010003B40148019001BDF5C2010098
:10F4E00003B40148019001BD8DC1010003B401487E
:10F4F000019001BDD1C3010003B40148019001BDD9
:10F50000E9C3010003B40148019001BD79C30100C2
:10F5100003B40148019001BDBB1E030003B40148C0
:10F52000019001BD298C010003B40148019001BD87
:10F5300041F8020003B40148019001BD011401002B
:10F5400003B40148019001BDE18D010003B40148FD
:10F55000019001BD858F010003B40148019001BDF8
:10F56000618B010003B40148019001BD21A5010098
:10F5700003B40148019001BD498B010003B4014867
:10F58000019001BDF58C010003B40148019001BD5B
:10F59000F912010003B40148019001BDE3F8020033
:10F5A00003B40148019001BDE971010003B40148B1
:10F5B000019001BD79DC010003B40148019001BD57
:10F5C000858E010003B40148019001BD89DB010073
:10F5D00003B40148019001BDADC3010003B401486B
:10F5E000019001BD43D7010003B40148019001BD62
:10F5F00041F9020003B40148019001BD89A6010050
:10F6000003B40148019001BD0922010003B401487F
:10F61000019001BDD123010003B40148019001BD57
:10F6200079C0010003B40148019001BDBDBE0100D5
:10F6300003B40148019001BD81BE010003B401483B
:10F64000019001BDF9BD010003B40148019001BD65
:10F65000D9C0010003B40148019001BDFDF60200CC
:10F6600003B40148019001BDB9A0030003B40148EF
:10F67000019001BDA511010003B40148019001BD35
:10F68000513A030003B40148019001BD313A03002F
:10F6900003B40148019001BD3594020003B4014850
:10F6A000019001BD25AA020003B40148019001BDEB
:10F6B00049A0020003B40148019001BDCD39020008
:10F6C00003B40148019001BD7DDC020003B4014890
:10F6D000019001BD11F4020003B40148019001BD85
:10F6E00015D0020003B40148019001BD192C02009D
:10F6F00003B40148019001BD1959020003B4014847
:10F70000019001BD5129020003B40148019001BDDF
:10F710002982020003B40148019001BD1D230100AC
:10F7200003B40148019001BDC5DF020003B40148E4
:10F73000019001BD6118020003B40148019001BDB0
:10F740002D20020003B40148019001BDFD230200F9
:10F7500003B40148019001BD6982020003B401486D
:10F76000019001BDB13C030003B40148019001BD0B
:10F770003514010003B40148019001BD39F70200BE
:10F7800003B40148019001BDD9F7020003B4014858
:10F79000019001BD25F7020003B40148019001BDAD
:10F7A000C5F7020003B40148019001BDED2B030031
:10F7B00003B40148019001BD11F7020003B40148F0
:10F7C000019001BD03F9020003B40148019001BD9D
:10F7D00061F7020003B40148019001BDD5050300A3
:10F7E00003B40148019001BD9D12010003B401481A
:10F7F000019001BD51EC030003B40148019001BD2B
:10F80000E105030003B40148019001BD6D18030038
:10F8100003B40148019001BDB95A030003B4014883
:10F82000019001BDDD59030003B40148019001BD01
:10F830008518030003B40148019001BDAF280300FF
:10F8400003B40148019001BDFD05030003B4014864
:10F85000019001BD0506030003B40148019001BDFC
:10F86000F505030003B40148019001BDED05030057
:10F8700003B40148019001BDF11A020003B401482C
:10F88000019001BD7923020003B40148019001BD3C
:10F890007520020003B40148019001BD3920020027
:10F8A00003B40148019001BD4520020003B40148A2
:10F8B000019001BD8120020003B40148019001BD07
:10F8C0006920020003B40148019001BD51200200EB
:10F8D00003B40148019001BD5D20020003B401485A
:10F8E000019001BD31E0020003B40148019001BD67
:10F8F00019E0020003B40148019001BD25E00200B7
:10F9000003B40148019001BDB9DF020003B401480E
:10F91000019001BDD1DF020003B40148019001BD97
:10F92000F5DF020003B40148019001BDDDDF0200F4
:10F9300003B40148019001BD01E0020003B4014895
:10F94000019001BDE9DF020003B40148019001BD4F
:10F950000DE0020003B40148019001BD49E002003E
:10F9600003B40148019001BD3DE0020003B4014829
:10F97000019001BDADDF020003B40148019001BD5B
:10F980005DE9030003B40148019001BD75E903007E
:10F9900003B40148019001BD69E9030003B40148C3
:10F9A000019001BD51E9030003B40148019001BD7C
:10F9B00045E9030003B40148019001BD49E2030099
:10F9C00003B40148019001BD55E2030003B40148AE
:10F9D000019001BD7927030003B40148019001BDE6
:10F9E00095B5010003B40148019001BDBD7201004D
:10F9F00003B40148019001BD1BF9020003B40148A2
:10FA0000019001BD253D030003B40148019001BDF3
:10FA10001D3D030003B40148019001BDF57E0100C6
:10FA200003B40148019001BD7DDE010003B401482B
:10FA3000019001BDA5BC020003B40148019001BDC5
:10FA40007D08010003B40148019001BD6108010077
:10FA500003B40148019001BD4D10010003B40148F9
:10FA6000019001BDE110010003B40148019001BD06
:10FA70006522030003B40148019001BD71F8020042
:10FA800003B40148019001BD5D22030003B40148A5
:10FA9000019001BD91F8020003B40148019001BD3D
:10FAA000A577010003B40148019001BDD9520300BC
:10FAB00003B40148019001BD3930030003B401488B
:10FAC000019001BD2944030003B40148019001BD28
:10FAD000B105030003B40148019001BD99A70300DB
:10FAE00003B40148019001BDA530030003B40148EF
:10FAF000019001BD4946030003B40148019001BDD6
:10FB00008931030003B40148019001BDED440300B5
:10FB100003B40148019001BD0931030003B4014859
:10FB2000019001BDE132030003B40148019001BD21
:10FB3000A934030003B40148019001BD353203002C
:10FB400003B40148019001BD814E030003B4014894
:10FB5000019001BD3549030003B40148019001BD86
:10FB60006932030003B40148019001BDB1350300BF
:10FB700003B40148019001BDC331030003B401483F
:10FB8000019001BDDD30030003B40148019001BDC7
:10FB90008D35030003B40148019001BD59350300C0
:10FBA00003B40148019001BD0936030003B40148C4
:10FBB000019001BDF50B030003B40148019001BDA4
:10FBC000410C030003B40148019001BDE10C0300A6
:10FBD00003B40148019001BDF10C030003B40148D6
:10FBE000019001BD910C030003B40148019001BDD7
:10FBF000A30C030003B40148019001BD110D0300E3
:10FC000003B40148019001BDCD63010003B4014874
:10FC1000019001BD7D61010003B40148019001BD67
:10FC20001566010003B40148019001BD5163010054
:10FC300003B40148019001BDA1F6020003B40148DC
:10FC4000019001BDC142010003B40148019001BD12
:10FC50005144010003B40148019001BDC15D03009E
:10FC600003B40148019001BD3166030003B40148AB
:10FC7000019001BDED16030003B40148019001BDE0
:10FC8000190F030003B40148019001BD876603000A
:10FC900003B40148019001BD5766030003B4014855
:10FCA000019001BD4D17030003B40148019001BD4F
:10FCB0007B66030003B40148019001BD6366030045
:10FCC00003B40148019001BD1D10030003B40148B5
:10FCD000019001BD1510030003B40148019001BD5E
:10FCE000AF0F030003B40148019001BD29100300C8
:10FCF00003B40148019001BDD1A7030003B401483A
:10FD0000019001BD4B66030003B40148019001BDA1
:10FD10006F66030003B40148019001BD57EF020074
:10FD200003B40148019001BDDDE0030003B40148C4
:10FD3000019001BDFD7A020003B40148019001BDAC
:10FD4000CD52020003B40148019001BD05520200EA
:10FD500003B40148019001BD4DF7020003B401480E
:10FD6000019001BD6942010003B40148019001BD49
:10FD700031EE020003B40148019001BDA117020059
:10FD800003B40148019001BDDD10020003B4014835
:10FD9000019001BDF115020003B40148019001BDBD
:10FDA0004917020003B40148019001BD4913020044
:10FDB00003B40148019001BD7115020003B401486C
:10FDC000019001BD9D0F020003B40148019001BDE7
:10FDD000E11A020003B40148019001BD1D180200A0
:10FDE00003B40148019001BD4D18020003B401485D
:10FDF000019001BD9112020003B40148019001BDC0
:10FE0000F111020003B40148019001BD3512020056
:10FE100003B40148019001BDD513020003B40148A9
:10FE2000019001BD6114020003B40148019001BDBD
:10FE30001514020003B40148019001BD1124020011
:10FE400003B40148019001BDE922020003B4014856
:10FE5000019001BD3D1E020003B40148019001BDA7
:10FE6000751E020003B40148019001BDC91D0200C6
:10FE700003B40148019001BD2178020003B4014898
:10FE8000019001BD8543020003B40148019001BD0A
:10FE9000B12D020003B40148019001BD11F102002F
:10FEA00003B40148019001BDC961020003B40148D7
:10FEB000019001BDE9C0020003B40148019001BDF9
:10FEC0005D52010003B40148019001BD5D5801007D
:10FED00003B40148019001BDD953010003B40148A6
:10FEE000019001BDE955010003B40148019001BD35
:10FEF000195A010003B40148019001BD05590100E0
:10FF000003B40148019001BDC1AC010003B4014834
:10FF1000019001BD91B2010003B40148019001BDFF
:10FF20009DB3010003B40148019001BDADB70100CC
:10FF300003B40148019001BD4D11010003B4014813
:10FF4000019001BDE523030003B40148019001BD08
:10FF50008D23030003B40148019001BD5D28030017
:10FF600003B40148019001BDC923030003B4014853
:10FF7000019001BDE1DD01000FB410B503A9044BF0
:10FF8000044A029800F0F6F810BC08BC04B0184708
:10FF9000F99E0020803001200FB47CB50C0009AD23
:10FFA00001D0611E00E0002101910090074B6A46DC
:10FFB0002946089800F0DEF8002C02D0009A0021B3
:10FFC00011707CBC08BC04B018470000AD080120CB
:10FFD0002021020C01D010211046020A01D0104647
:10FFE0000839020901D01046091F820801D01046C5
:10FFF000891E420801D0881E7047081A7047000009
:020000042001D9
:10000000F0B51FB486B00998089A030D0021024389
:1000100014D05148514A181850430514119801281A
:1000200010981AD0281A401C00264D4F4D490096B2
:1000300001910490002812DA444211E01198012441
:1000400049A3012801D11098C1430698119A8460F0
:100050000360C26041600BB0F0BD4042E4E704467B
:10006000210500203F4A001C51410391029012E0FB
:10007000E00707D032463B4601990098F3F754FE5B
:100080000191009032463B4610461946F3F74CFE6C
:1000900006460F466410002CEAD10498039B002802
:1000A000029A0999089806DAF3F73EFE019B009A36
:1000B000F3F73AFE05E0F3F79FFE019B009AF3F792
:1000C0009BFE04460E460022284BF4F745F903D860
:1000D0000020C043014607E00022254B2046314660
:1000E000F3F770FDF4F718F9102409E0002C0ADB8F
:1000F0000A220023F3F7D8FB079B30321A55641EFF
:1001000002460A43F2D11122641C079B121B1C19E0
:10011000119B012B03D0012308430ED10AE00843B1
:1001200004D0112010900020119077E71098151A34
:100130006D1E0BE01098824202DD00236D1C03E06F
:10014000824201DA00236D1E002BEED00698119931
:100150008260C16030C07EE701FCFFFF104D0000EF
:10016000000014400000F03F300000000000F043A9
:100170000000E03FFFB597B00646002518E22528AD
:1001800077D100242746FD49049400E00443761CFF
:1001900032780120203A90400842F7D130782A285E
:1001A0000ED00222307801463039092916D8049938
:1001B0000A235943303940181443761C0490F1E760
:1001C000189802C804911890002904DA012040030D
:1001D00004434842049002200443761C30782E28C1
:1001E00014D1042004437078761C2A2809D1189869
:1001F000761C80C8189009E00A214F43303FC71988
:10020000761C3078014630390929F5D930786C28C8
:1002100010D006DC4C281AD068280ED06A2817D1D6
:1002200004E0742813D07A2812D110E00120400590
:1002300004430CE00121090501E0032109050C43F9
:100240007178814203D1012000052418761C761CA8
:100250003078119066280BD013DC58287DD009DC4B
:1002600000287BD04528F6D04628F4D047281AD15C
:10027000A5E118E0632835D0642870D0652812D134
:100280009DE170286CD008DC6728F1D069287BD00C
:100290006E280DD06F2806D1BAE073282ED07528AD
:1002A00071D0782859D01A9A199990476D1C7EE11F
:1002B0006002400F022809D003280DD004281898A6
:1002C00001680DD00D60001D189070E11898EA17B4
:1002D00001680D604A60F6E7189801680D80F2E742
:1002E0000D70F0E718986A4601781172001D189099
:1002F0000020507202A80090012005E0189802C862
:10030000189000200091C04361070DD5002101E045
:100310000199491C0191B94212DA8142F8DB009A35
:10032000515C0029F4D10BE0002101E00199491C46
:1003300001918142FADB019A0099895C0029F5D18B
:10034000019904981A9B471A21463846199A00F0D9
:1003500097FA0199401945180BE04FE02CE113E0A2
:100360004EE0009800990078491C00911A9A19995A
:1003700090470198401E0190401CF2D1214638461A
:100380001A9B199A10E137E00A2000210090019190
:100390006002410F022907D0189A01CA1892C217A9
:1003A0009446032908D00AE01898C01DC108C90066
:1003B00005C91891944607E000B2C2179446042973
:1003C00002D140B2C1178C4600226146944506DA3C
:1003D0000A460021404291418C462D2102E0210530
:1003E00004D52B216A461173012103E0E10701D0F6
:1003F0002021F7E7029155E00A200AE0102008E0EA
:10040000102000900021042004430191082703E0FC
:1004100008200021019100906002410F022907D0BD
:10042000189A01CA189200229446032908D008E0BD
:100430001898C01DC108C90005C91891944603E069
:1004400080B2042900D1C0B200210291210729D530
:100450001199702906D0009A1021019B4A401A4335
:1004600005D00EE040216A461173012108E0614683
:10047000014306D030216A4611731199517302214C
:100480000291009A0821019B4A401A430AD1614611
:10049000014301D1610705D530216A46117301215D
:1004A0007F1E02911199582904D035A10E910DA9F2
:1004B0000D910DE037A1F9E76146019B009AF3F732
:1004C000F3F90E9B8C469B5C0D9A521E0D92137095
:1004D00061460143F0D10D9805A9081A203001901A
:1004E000600703D501200004844300E00127019840
:1004F000874201DD381A00E0002001990090411880
:10050000029809180498401A0490E00306D4214682
:100510001A9B199A049800F0B3F94519002706E0D0
:1005200003A81A9AC05D199990476D1C7F1C029808
:100530008742F5DBE0030CD521461A9B199A0498F3
:1005400000F09EF9451904E01A9A30201999904755
:100550006D1C0099481E00900029F5DC08E00D98FC
:100560000D990078491C0D911A9A199990476D1CA4
:100570000199481E01900029F1DC63E1092801007E
:100580003031323334353637383961626364656609
:1005900000000000303132333435363738394142CB
:1005A000434445460000000000F05AF94519761C06
:1005B0003078002800D0E2E528461BB0F0BD600787
:1005C00000D406271898C01DC108C90048680A68E9
:1005D0000831C30FDB071891190001D09CA108E076
:1005E000210501D59BA104E0E10701D09AA100E01B
:1005F0009AA1430011985B08109165280CD006DC85
:10060000452809D046281DD0472841D141E0662819
:1006100018D067283CD13CE00021112F01DB1120CC
:1006200000E0781C0191009008A911A8FFF7E8FCF0
:10063000139905910021119A15927F1C1298019728
:10064000009150E00120C00703900120019008A90B
:10065000009711A8FFF7D4FC139A14990592002271
:10066000119B009212981593059A0192002901D0CE
:10067000104602E0791C40180190381A01D5019803
:1006800004E04042401E0090781C0190C01B029084
:1006900043E0012F00DA01270021112F01DD112095
:1006A00000E038460191009008A911A8FFF7A8FCC6
:1006B00013990591119A00211298159200910197B2
:1006C00021070CD40599B94201DB019900E00191A1
:1006D000012904DD159A491E515C302906D0B84223
:1006E00001DA011D05DA0121029115E00199491E87
:1006F000EDE7002805DC0099411800910199091ADD
:1007000003E0019A411C914200DD01910099401AD9
:10071000401C02900120C0070390200706D40299D4
:100720000198814202DB0020C0430290002069460C
:10073000C87707AF012103980337C907884224D03F
:10074000022011902B201290039800280CDA4042CE
:1007500003902D20129007E00A210398F3F7BEFCC6
:1007600030317F1E039039701199481E1190002975
:10077000F2DC03980028EFD1791E129808703078C7
:10078000202108404530BF1E387006A8C01BC01D80
:10079000039010980078002800D00120019941189A
:1007A0000298C0170918039809180498401A401EA7
:1007B0000490E00306D421461A9B199A049800F08D
:1007C0005FF8451910980078002803D01A9A1999F3
:1007D00090476D1CE00324D521461A9B199A049872
:1007E00000F04EF845191CE00098002807DB00993E
:1007F0000598884203DD1598405C199901E0199924
:1008000030201A9A904700986D1C401C0090029866
:10081000401E0290002804D11A9A2E201999904760
:100820006D1C0199481E01900029DDDC05E0387837
:100830001A9A7F1C199990476D1C0399481E0390C2
:100840000029F4DC21461A9B199A0498ACE60000B2
:100850002D0000002B000000200000000000000020
:10086000F8B5044600251E461746880404D405E062
:1008700039462020B0476D1C641EF9D52846F8BDC6
:10088000FFB50446002581B01E46C80301D53027B8
:1008900000E02027880404D505E038460399B047D6
:1008A0006D1C641EF9D5284605B0F0BD4A68002AC3
:1008B00006D00A68531C0B6010704868401E4860E0
:1008C0007047000010B5002823D0124B0022001FF3
:1008D000196803E0814203D80A4649680029F9D122
:1008E000002A0AD01368841A9C4204D100681818A0
:1008F0001060104602E0506000E01860002907D048
:1009000002680B1A934203D10B68D218026049683F
:10091000416010BD84300120F0B50B30C108C90022
:10092000144F0026144A0FE003688B420BD38B420E
:1009300005D95C1A4318456830C3083B00E043689A
:10094000136002C004E0021D10680028ECD130469C
:10095000002803D13868002801D00020F0BD064AE5
:1009600006481060064A121AD208D20044C001207C
:100970003860D7E7883001208430012004F001205E
:100980000000022010B50249F9F7B6FA10BD0000C8
:100990008030012010B5044601E0F9F7ADFA207867
:1009A000641C03490028F8D10A20F9F7A5FA10BD04
:1009B000803001201F1C1F1E1F1E1F1F1E1F1E1FF9
:1009C0001F1D1F1E1F1E1F1F1E1F1E1F800E01200A
:1009D00001000000307E012044000000B0830120AF
:1009E00000080000200000000000000000000000DF
:1009F0006D0E012000000000787E01203400000010
:100A0000B07E0120000500006D016E0155670020D9
:100A1000A968002000000000E56E0020F56E0020AF
:100A2000696F00201D6E0020296E0020E16E0020FD
:100A3000FE006578706572696D656E74616C1F1C6F
:100A40001F1E1F1E1F1F1E1F1E1F00004669726DE6
:100A500077617265205265766973696F6E00000078
:100A60004861726477617265205265766973696F57
:100A70006E0000004D616E7566616374757265721B
:100A8000204E616D650000004D6F64656C204E75F1
:100A90006D6265720000000053657269616C204EE2
:100AA000756D626572000000536F667477617265E0
:100AB000205265766973696F6E004E0AC30940095A
:100AC000C5085108E4077C071B07BF066806160621
:100AD000C8057F053A05F804BA047F0448041304E6
:100AE000E203B20386035B0333030D03E902C7028B
:100AF000A60287026A024E0233021A020202EC01C7
:100B0000D601C101AE019B018A0179016901590138
:100B10004B013D013001230117010C010101F600D9
:100B2000EC00E300DA00D100C900C100B900B20056
:100B3000AB00A4009E00980092008D008700820008
:100B40007D007900740070006C0068006400610032
:100B50005D005A005700540051004E004B00480001
:100B60004600440041003F003D003B003900370093
:100B700035003300320030002F0000000200010079
:100B8000000C0200020003006400040004000500E1
:100B90001700060002000700040008000400090016
:100BA00004005B486172644661756C745F48616EF5
:100BB000646C65725D43757272656E74206D7370DE
:100BC0003A203078253038580A004F6363757265D3
:100BD0006420696E207461736B2E005573696E67B3
:100BE000207533324D73702E004F636375726564E8
:100BF00020696E20696E746572727570742E005B68
:100C000025735D5B25645D203A204D4D552052656E
:100C1000616420486561646572204661696C656441
:100C20000A005B25735D5B25645D203A204D4D55C0
:100C30002054797065204E6F7420466F756E640A7B
:100C4000006D6D755F726561640069735F6D6D75D0
:100C50005F646174615F76616C6964005F5F6D6D94
:100C6000755F7772697465005B25735D5B25645DF4
:100C7000203A20436F6465204C656E677468204598
:100C800072726F72203A2025640A005B25735D5BE7
:100C900025645D203A204F544120466C61736820E2
:100CA0005265616420436F6465204661696C6564C8
:100CB0000A005B25735D5B25645D203A204F54413B
:100CC00020466C61736820577269746520466169BB
:100CD0006C65640A005B25735D5B25645D203A20CA
:100CE0004F54412057726974652055706772616472
:100CF0006520496E666F204661696C65640A005B19
:100D000025735D5B25645D203A204F544120526578
:100D10006365697665205570677261646520436F0D
:100D20006465206661696C65640A005B25735D5BC0
:100D300025645D203A204F544120526573706F6ED8
:100D4000736520557067726164652046696E6973CA
:100D500068206661696C65640A005B25735D5B25CC
:100D6000645D203A204F54412047657420466972E3
:100D70006D7761726520496E666F206661696C658A
:100D8000640A005B25735D5B25645D203A204F5447
:100D90004120526573706F6E736520557067726184
:100DA00064652052657175657374206661696C6550
:100DB000640A005B25735D5B25645D203A204F5417
:100DC00041205061636B6167652043524320457247
:100DD000726F720A006F74615F6765745F636F643E
:100DE000655F6372633332006F74615F726563764F
:100DF0005F757067726164655F636F6465006F74CF
:100E0000615F70726F746F636F6C5F706172736536
:100E1000006F74615F7273705F7570677261646593
:100E20005F66696E6973680044657620696E666FF7
:100E3000207365727669636520696E6974206661E6
:100E4000696C7572652E006C6C635461736B4D73C5
:100E50006751756575654964204E554C4C006C6C46
:100E6000635461736B4964204E554C4C006C6C6349
:100E70005F7461736B5F6D73675F71756575650036
:100E80006C6C635F7461736B00626C655374616357
:100E90006B5F6D73675F717565756500626C655337
:100EA0007461636B5461736B5F4D656D506F6F6CF4
:100EB0005F6C6F6E6700626C65537461636B546145
:100EC000736B00626C65537461636B5461736B5F29
:100ED0004D656D506F6F6C5F73686F7274005B4D22
:100EE00053475F424C455F5048595F555044415409
:100EF000455F434F4D504C4554455F494E445D203E
:100F000048616E646C65203D20307825582C205453
:100F1000585F504859203D20307825582C20525891
:100F20005F504859203D20307825580A005B4D53CA
:100F3000475F424C455F454E435259505445445FCC
:100F40004348414E4745445F494E445D2048616EE9
:100F5000646C65203D20307825582C20456E6372E6
:100F6000797074696F6E5F456E61626C6564203D77
:100F700020307825580A005B4D53475F424C455F4F
:100F8000454E435259505445445F5245465245538D
:100F9000485F494E445D2048616E646C65203D2089
:100FA000307825580A005B4D53475F424C455F4CF3
:100FB0004C5F56455253494F4E5F494E445D204D5C
:100FC000616E7566616374757265725F4E616D65A1
:100FD000203D20307825582C2048616E646C6520B7
:100FE0003D20307825582C2056657273696F6E202D
:100FF0003D20307825580A005B4D53475F424C45F1
:101000005F444953434F4E4E45435445445F494E18
:10101000445D2048616E646C65203D203078255821
:101020002C20726561736F6E203D20307825580A40
:10103000005B4D53475F424C455F434F4E4E454327
:1010400054494F4E5F5550444154455F434F4D50B6
:101050004C4554455F494E445D20436F6E6E5F4979
:101060006E74657276616C203D20307825582C2096
:10107000436F6E6E5F4C6174656E6379203D203006
:101080007825582C205375706572766973696F6E78
:101090005F54696D656F75203D20307825580A00D2
:1010A0005B4D53475F424C455F434F4E4E45435463
:1010B00045445F494E445D48616E646C65203D2047
:1010C0003078253034580A006170705F6D61696E48
:1010D000005B25735D5B25645D203A205265616489
:1010E00020446576696365204944204661696C65E2
:1010F000640A005B25735D5B25645D203A205265C0
:10110000616420437573746F6D20426C6520446583
:10111000762041646472204661696C65640A005BF4
:1011200025735D5B25645D203A205265616420442F
:10113000656661756C7420426C652044657620415B
:10114000646472204661696C65640A005B25735DA6
:101150005B25645D203A2044656661756C652042BC
:101160006C652041646472203A20005B25735D5BEE
:1011700025645D203A20437573746F6D20426C6561
:101180002041646472203A200030782530325820A3
:10119000002D2D2D2D2D2D2D2D2D2D2D2D42657319
:1011A000744865616C74682043474D2044656D6FD9
:1011B00020436F646520485433324636373539351D
:1011C000202B20424836364632347878202D2D2D7B
:1011D0002D2D2D2D2D2D2D2D2D0073686F775F64F6
:1011E00065765F696E666F005B25735D5B25645D88
:1011F000203A2043474D532052414350204F7063C3
:101200006F6465203A2030782530325820204F70A6
:10121000657261746F72203A203078253032582020
:101220004F706572616E64203A200063676D735F72
:10123000726163705F636D645F7061727365005BA0
:1012400025735D5B25645D203A2043474D53204460
:101250006174616261736520526561642046726FDA
:101260006D20466C617368205375636365737366A4
:10127000756C0D0A005B25735D5B25645D203A206B
:1012800043474D53204461746162617365204E751C
:101290006D626572206F66205265636F72647320A1
:1012A0003A2025750D0A0063676D735F64625F699C
:1012B0006E6974005B25735D5B25645D203A204395
:1012C000474D532053656E64204D6561737572659B
:1012D0006D656E74204661696C65640D0A005B255E
:1012E000735D5B25645D203A2043474D5320524196
:1012F00043502050726F636573732041626F727444
:1013000065640D0A005B25735D5B25645D203A20F2
:1013100043474D5320446174616261736520526597
:10132000636F7264204E6F7420466F756E640D0A91
:10133000005B25735D5B25645D203A2043474D5378
:101340002044656C657465642025752053746F7244
:101350006564205265636F726473205375636365BF
:10136000737366756C0D0A005B25735D5B25645DA8
:10137000203A205B25755D20476C75636F7365208F
:10138000436F6E63656E74726174696F6E203A208C
:101390002566206D672F644C092054696D65204FC8
:1013A0006666736574203A202575206D696E730D2D
:1013B0000A0063676D735F726163705F7265636F6C
:1013C00072645F72616E67655F6F665F64656C65AE
:1013D00074650063676D735F726163705F726563EC
:1013E0006F72645F677265617465725F6F725F656B
:1013F0007175616C5F64656C6574650063676D73BE
:101400005F726163705F7265636F72645F6C657356
:10141000735F6F725F657175616C5F64656C657435
:10142000650063676D735F726163705F7265636FA0
:1014300072645F616C6C5F64656C657465006367A2
:101440006D735F726163705F7265636F72645F6C0E
:101450006173745F64656C6574650063676D735F69
:10146000726163705F7265636F72645F66697273E5
:10147000745F64656C6574650063676D735F72614A
:1014800063705F7265636F72645F72616E67655FE0
:101490006F665F7265706F72740063676D735F7201
:1014A0006163705F7265636F72645F6772656174B8
:1014B00065725F6F725F657175616C5F7265706F89
:1014C00072740063676D735F726163705F726563EE
:1014D0006F72645F6C6573735F6F725F6571756166
:1014E0006C5F7265706F72740063676D735F7261B9
:1014F00063705F7265636F72645F616C6C5F72656D
:10150000706F72740063676D735F726163705F7296
:1015100065636F72645F6C6173745F7265706F7224
:10152000740063676D735F726163705F7265636F90
:1015300072645F66697273745F7265706F72740053
:101540005B25735D5B25645D203A207474732054C1
:101550006F2053657420200D0A005B25735D5B25A9
:10156000645D203A2074747320546F2041464520F6
:1015700062792055415254200D0A005B25735D5B52
:1015800025645D203A2074747320546F2053657471
:101590002048616C6C20556E4C6F636B2C6C6174D1
:1015A0006368204C6F77206C6576656C200D0A00AF
:1015B0005B25735D5B25645D203A20496E636F6D2A
:1015C000706C657465206F7220696E76616C6964F9
:1015D0002074747320646174612072656365697638
:1015E0006564203A25303258202121210D0A005B04
:1015F00025735D5B25645D203A2054656D706572CE
:1016000061747572652072657475726E696E67209B
:101610006572726F7220636F64652E0D0A005B2520
:10162000735D5B25645D203A2043474D5320646120
:10163000746162617365206973206E6F74207573C5
:10164000656420696E207468697320696D706C65CB
:101650006D656E746174696F6E2E0D0A005B257383
:101660005D5B25645D203A205541525420526563EC
:1016700065697665203A204572726F7220636F6EDD
:1016800076657274696E6720666C6F617420746F22
:1016900020737472696E672C202564203E3D3020D3
:1016A0002626203C3D2032300D0A005B25735D5B11
:1016B00025645D203A205644445220437572726579
:1016C0006E7420766F6C74616765203A2025646DB6
:1016D000560D0A005B25735D5B25645D203A20434F
:1016E000474D532052414350204572726F72203A49
:1016F0002025640D0A005B25735D5B25645D203A3F
:101700002043474D53205241435020526573706F20
:101710006E64204661696C65640D0A005B25735D2B
:101720005B25645D203A204D4D55205772697465E4
:101730002043474D5320534F4350205365737369E3
:101740006F6E2053746172742054696D6520466118
:10175000696C65640D0A005B25735D5B25645D2023
:101760003A205561727420496E6974204661696C33
:1017700065640D0A005B25735D5B25645D203A207E
:1017800043474D532053657373696F6E20537461E3
:1017900072742054696D65205570646174650D0A1A
:1017A000005561727420496E6974205375636365D6
:1017B000737366756C0D0A005B25735D5B25645D54
:1017C000203A20506C6561736520537461727420F7
:1017D00053657373696F6E20616E64205472792053
:1017E000416761696E0D0A005B25735D5B25645D71
:1017F000203A20534F43502053657373696F6E2016
:1018000054696D65722053746F700D0A005B257307
:101810005D5B25645D203A2052616370206973200E
:1018200052756E6E696E672C506C656173652054DD
:10183000727920416761696E204C617465720D0A8E
:10184000005B25735D5B25645D203A2054696D65FE
:10185000204F6666736574204D696E7574657320DC
:101860003A202575204D696E20257520730D0A00DC
:101870005B25735D5B25645D203A2043474D532013
:101880005265706F7274204E756D626572206F665E
:10189000205265636F726473203A2025750D0A002B
:1018A0005B25735D5B25645D203A2075384964785B
:1018B000203A2025750D0A005B25735D5B25645D6C
:1018C000203A2063757272656E74417667203D2000
:1018D00063757272656E7453756D202F2063757217
:1018E00072656E74436E74203D202575202F20256F
:1018F00075203D2025750D0A005B25735D5B256411
:101900005D203A2043474D20446576696365205346
:10191000797374656D2054696D65203A20253034E3
:10192000752D253032752D253032752025303275D4
:101930003A253032753A253032750D0A005B257331
:101940005D5B25645D203A2043474D204465766900
:1019500063652053657373696F6E2053746172748D
:101960002054696D65203A20253034752D2530329C
:10197000752D2530327520253032753A2530327577
:101980003A253032750D0A005B25735D5B25645D79
:10199000203A2043474D204D6573736167652051A0
:1019A0007565756520476574204661696C656420BE
:1019B0000A00436F6E6E656374696F6E20706172AA
:1019C000616D657465727320757064617465643AE5
:1019D000204D696E20496E74657276616C3D256498
:1019E0002028307825303458292C204D6178204922
:1019F0006E74657276616C3D2564202830782530E0
:101A00003458292C204C6174656E63793D2564201F
:101A100028307825303458292C2054696D656F752D
:101A2000743D25642028307825303458290A005B1D
:101A300025735D5B25645D203A20496E76616C6993
:101A40006420706172616D657465722076616C7579
:101A5000653A2025642E204974206D7573742062C8
:101A6000652061206D756C7469706C65206F6620EF
:101A70007468652041464520636F6C6C65637469CA
:101A80006F6E20696E74657276616C3A2025642EE3
:101A90000A005B25735D5B25645D203A204D4D5542
:101AA000205772697465204661696C65643A2055F7
:101AB0006E61626C6520746F207772697465207442
:101AC0006F20616464726573732025642E205061F9
:101AD00072616D657465722076616C7565207265E2
:101AE00073657420746F2025642E0A005B25735D76
:101AF0005B25645D203A204572726F723A20414442
:101B0000432064617461206E6F7420726561647932
:101B1000206F7220696E76616C69642072656665FB
:101B200072656E636520726573697374616E636557
:101B30002E0A005B25735D5B25645D203A204D4DC8
:101B400055205772697465205375636365737366B6
:101B5000756C3A20506172616D65746572207661B2
:101B60006C7565202564207772697474656E2074C5
:101B70006F206164647265737320256420737563DC
:101B80006365737366756C6C792E0A005B25735DF3
:101B90005B25645D203A20476C75636F7365204355
:101BA0006F6E63656E74726174696F6E203A202582
:101BB00066206D672F644C0A005B25735D5B2564AE
:101BC0005D203A204C6F7720566F6C7461676520FA
:101BD0004E54433A202575206D560A005B25735DEF
:101BE0005B25645D203A20726573746172745F6E68
:101BF000756D20466C617368205265616420466192
:101C0000696C65643A2030782532580A005B257388
:101C10005D5B25645D203A2050726F636573736964
:101C20006E6720424C4520706172616D657465720B
:101C30003A203078253032580A005B25735D5B25E9
:101C4000645D203A20556E65787065637465642024
:101C5000706172616D657465722061646472657330
:101C6000733A203078253032580A005B25735D5B6B
:101C700025645D203A2050726F746F636F6C206230
:101C80007566666572207570646174656420616E46
:101C9000642073656E743A203078253032580A001B
:101CA0005B25735D5B25645D203A2052656164208D
:101CB0006F7065726174696F6E20737563636573AD
:101CC0007366756C2E20506172616D65746572204B
:101CD00076616C7565205265616420746F20415097
:101CE000505F56455253494F4E3A20253034580ADA
:101CF000005B25735D5B25645D203A2043474D53AF
:101D00002044656C6574652053746F72656420525D
:101D100065736F726473203E3D20307825303458EF
:101D2000202626203C3D203078253034580A005BA0
:101D300025735D5B25645D203A2043474D53205257
:101D400065706F7274204E756D626572206F6620CB
:101D500053746F726564205265736F726473203EB2
:101D60003D20307825303458202626203C3D203038
:101D700078253034580A005B25735D5B25645D204F
:101D80003A2043474D532044656C65746520537475
:101D90006F726564205265736F726473203C3D20DE
:101DA0003078253034580A005B25735D5B25645D0F
:101DB000203A2043474D53205265706F7274204E75
:101DC000756D626572206F662053746F7265642052
:101DD0005265736F726473203C3D20307825303437
:101DE000580A005B25735D5B25645D203A204347FC
:101DF0004D532044656C6574652053746F7265643F
:101E0000205265736F726473203E3D203078253018
:101E100034580A005B25735D5B25645D203A2043DE
:101E2000474D53205265706F7274204E756D626518
:101E300072206F662053746F726564205265736FF1
:101E4000726473203E3D203078253034580A005BA0
:101E500025735D5B25645D203A205B454E5F4F54E2
:101E6000415F4556545F48414E445348414B455DA0
:101E70000A005B25735D5B25645D203A205B454E5F
:101E80005F4F54415F4556545F4745545F46495242
:101E90004D574152455F494E464F5D0A005B2573E1
:101EA0005D5B25645D203A2053656E64204D65734B
:101EB00073616765204661696C65643A2025640A30
:101EC000004661696C656420746F2077726974657F
:101ED000207265636F7264202325642E2045727220
:101EE0006F7220636F64653A2025640A005B257376
:101EF0005D5B25645D203A2053756363657373668B
:101F0000756C6C79207265616420424C4520736564
:101F10006E64696E6720696E74657276616C3A20D2
:101F200025640A005B25735D5B25645D203A2053C0
:101F300075636365737366756C6C79207265616433
:101F400020424C452073616D706C696E6720696E2C
:101F500074657276616C3A2025640A005B25735DB6
:101F60005B25645D203A2053656E64696E67206965
:101F70006E74657276616C2075706461746564203E
:101F8000746F3A2025640A005B25735D5B25645DF0
:101F9000203A2053616D706C696E6720696E7465BC
:101FA0007276616C207570646174656420746F3A38
:101FB0002025640A005B25735D5B25645D203A2063
:101FC0005772697465206F7065726174696F6E20F5
:101FD0006661696C65642E20506172616D6574651F
:101FE000722076616C756520726573657420746FFC
:101FF0003A2025640A005B25735D5B25645D203A09
:1020000020616665436F6C6C656374696F6E496EC1
:1020100074657276616C20577269746520446174CE
:1020200061204661696C65640A005B25735D5B2510
:10203000645D203A20726573746172745F6E756DB1
:102040002057726974652044617461204661696C2F
:1020500065640A005B25735D5B25645D203A20544E
:102060005420536572766963652053656E6420461B
:1020700061696C65640A005B25735D5B25645D20A6
:102080003A204D4D552057726974652043474D5392
:1020900020534F43502053657373696F6E20537400
:1020A0006172742054696D65204661696C65640ACB
:1020B000005B25735D5B25645D203A204F54412011
:1020C00050726F746F636F6C20506172736520463D
:1020D00061696C65640A005B25735D5B25645D2046
:1020E0003A204F5441204C696E6B205175657565DF
:1020F00020437265617465204661696C65640A00FD
:102100005B25735D5B25645D203A204D4D5520575E
:1021100072697465204661696C65640A005B2573A9
:102120005D5B25645D203A2043474D532044656C38
:10213000657465204C6173742053746F72656420FC
:102140005265736F72640A005B25735D5B25645D85
:10215000203A2043474D53205265706F7274204ED1
:10216000756D626572206F66204C617374205374C4
:102170006F726564205265736F72640A005B257329
:102180005D5B25645D203A2043474D5320526570C6
:102190006F7274204C6173742053746F7265642085
:1021A0005265736F72640A005B25735D5B25645D25
:1021B000203A2043474D532044656C6574652046A2
:1021C000697273742053746F726564205265736F03
:1021D00072640A005B25735D5B25645D203A2043D1
:1021E000474D53205265706F7274204E756D626555
:1021F00072206F662046697273742053746F726523
:1022000064205265736F72640A005B25735D5B2501
:10221000645D203A2043474D53205265706F7274BD
:102220002046697273742053746F7265642052651E
:10223000736F72640A005B25735D5B25645D203AF1
:1022400020496E7661696C6420446576204E616D2C
:10225000650A005B25735D5B25645D203A2055733C
:10226000652044656661756C742053657373696F8E
:102270006E2053746172742054696D650A005B2589
:10228000735D5B25645D203A20557365205365734B
:1022900073696F6E2053746172742054696D652088
:1022A00046726F6D20466C6173680A005B25735D32
:1022B0005B25645D203A20426C6520446576204EA3
:1022C000616D65204E6F7420466F756E6420696E77
:1022D00020666C6173680A005B25735D5B25645D35
:1022E000203A20426C652041647620496E74657204
:1022F00076616C204E6F7420466F756E6420696E37
:1023000020666C6173680A005B25735D5B25645D04
:10231000203A20496E7661696C64204164762049D8
:102320006E74657276616C0A005B25735D5B256473
:102330005D203A204661696C656420746F20777275
:1023400069746520626C6553656E644166654461BD
:102350007461496E74657276616C0A005B25735D09
:102360005B25645D203A200A4661696C65642074CF
:102370006F207265616420424C452073656E64690C
:102380006E6720696E74657276616C0A005B2573F6
:102390005D5B25645D203A200A4661696C656420B6
:1023A000746F207265616420424C452073616D70CA
:1023B0006C696E6720696E74657276616C0A005B89
:1023C00025735D5B25645D203A2043474D532053C0
:1023D0004F43502053746F702053657373696F6E51
:1023E0000A005B25735D5B25645D203A2043474D01
:1023F0005320534F435020537461727420536573BC
:1024000073696F6E0A005B25735D5B25645D203A1E
:10241000205B4552524F525D20436F6D6D756E6962
:10242000636174696F6E20496E74657276616C20A9
:102430006973205A65726F0A005B25735D5B2564C2
:102440005D203A20556E6B6E6F776E20524143507F
:10245000204F70657261746F720A005B25735D5B5B
:1024600025645D203A20424C452053656E64696EB8
:102470006720414645204461746120496E7465724D
:1024800076616C3A20257520730A005B25735D5BCD
:1024900025645D203A204D4D5520526561642044ED
:1024A0006576204E616D65203A2025730A005B2514
:1024B000735D5B25645D203A204D4D552057726950
:1024C000746520446576204E616D65203A20257341
:1024D0000A005B25735D5B25645D203A2043474D10
:1024E00053205265706F7274203E3D203078253045
:1024F0003458202626203C3D203078253034582082
:1025000053746F726564205265736F7264730A004E
:102510005B25735D5B25645D203A2043474D532066
:102520005265706F7274203C3D20307825303458ED
:102530002053746F726564205265736F7264730AFE
:10254000005B25735D5B25645D203A2043474D5356
:10255000205265706F7274203E3D203078253034F3
:10256000582053746F726564205265736F72647380
:102570000A005B25735D5B25645D203A2043474D6F
:10258000532044656C65746520416C6C2053746FF6
:10259000726564205265736F7264730A005B257301
:1025A0005D5B25645D203A2043474D5320526570A2
:1025B0006F7274204E756D626572206F6620416C7B
:1025C0006C2053746F726564205265736F7264730C
:1025D0000A005B25735D5B25645D203A2043474D0F
:1025E00053205265706F727420416C6C2053746F6D
:1025F000726564205265736F7264730A005B2573A1
:102600005D5B25645D203A2043474D5320534F4383
:102610005020436F6D6D756E69636174696F6E20D4
:10262000496E74657276616C204368616E6765649B
:102630002C436F6D6D756E69636174696F6E2049AF
:102640006E74657276616C203A202575204D696E36
:10265000757465730A005B25735D5B25645D203AC4
:1026600020534F43502053657373696F6E20546934
:102670006D65722053746172742C436F6D6D756E4D
:1026800069636174696F6E20496E74657276616CFE
:10269000203A202575204D696E757465730A005BBC
:1026A00025735D5B25645D203A204D4D55205265B4
:1026B00061642041647620496E74657276616C2095
:1026C0003A20252E3366206D730A005B25735D5B0F
:1026D00025645D203A204D4D552057726974652060
:1026E00041647620496E74657276616C203A2025CB
:1026F0002E3366206D730A005B25735D5B25645D78
:10270000203A2043474D5320556E6B6E6F776E20F5
:102710004576656E740A005B25735D5B25645D20FC
:102720003A204C6F77204144432044617461202853
:102730004E5443293A2025750A004261747465722B
:102740007920566F6C7461676520286D56293A2090
:1027500025750A005B25735D5B25645D203A204882
:1027600069676820414443204461746120285265B0
:10277000666572656E6365293A2025750A004375A2
:102780007272656E74205745313A2025750A0042F1
:1027900061747465727920566F6C746167653A2054
:1027A00025750A0043616C63756C6174656420541F
:1027B000656D70657261747572653A2025750A00E1
:1027C0005B25735D5B25645D203A204146452043CF
:1027D0006F6C6C656374696F6E20496E7465727698
:1027E000616C3A2025750A005B25735D5B25645D8D
:1027F000203A2046696E616C207265737461727450
:102800005F6E756D3A2025750A0054696D657374A5
:10281000616D703A2025750A005B25735D5B256448
:102820005D203A20496E636F6D706C657465206F32
:102830007220696E76616C69642041464520707231
:102840006F746F636F6C206461746120726563657F
:102850006976656420212121005375636365737374
:1028600066756C6C792077726F7465207265636F22
:102870007264202300496E76616C696420636F6E18
:102880006E656374696F6E2068616E646C653A2072
:10289000307846464646004170702043474D5320ED
:1028A0004D7367205175657565007570646174615D
:1028B000436F6E6E496E74762054696D6572207236
:1028C000756E6E696E6700626C655F7365745F70CC
:1028D0006172616D5F66726F6D5F666C61736800D7
:1028E000626C655F6374735F6765745F74696D655F
:1028F0005F63616C6C6261636B00626C655F6374E3
:10290000735F7365745F74696D655F63616C6C623E
:1029100061636B006F74615F726563765F63616CA6
:102920006C6261636B00756172745F726563765F80
:1029300063616C6C6261636B0074745F7265637673
:102940005F63616C6C6261636B0073656E645F6D85
:1029500073675F6170705F7461736B006261747440
:102960006572795F766F6C006170705F63676D5F31
:102970006370006765745F4E54435F54656D70000B
:102980006F74615F6576656E745F68616E646C65B7
:1029900072004E54435F726573006F74615F6576B9
:1029A000656E745F70726F636573730063676D73D8
:1029B0005F726163705F6576656E745F70726F637E
:1029C0006573730063676D735F736F63705F6576C4
:1029D000656E745F70726F636573730063676D73A8
:1029E0005F6576656E745F70726F636573730063A5
:1029F000676D735F73656E645F6D6561735F627948
:102A00005F666C6F61740063676D735F74696D6599
:102A10005F696E69740063676D735F6D6561735F95
:102A200074696D65725F74696D656F757400574583
:102A3000312043757272656E743A2025642F3130EF
:102A400030206E410D0A0057453220437572726581
:102A50006E743A2025642F313030206E410D0A000B
:102A6000466565646261636B205265736973746F58
:102A70007220313A202575206B520D0A004665659B
:102A8000646261636B205265736973746F72203284
:102A90003A202575206B520D0A0056616C6964203E
:102AA0004461746120547970653A20307825325839
:102AB0000D0A004441435652454620446174613A30
:102AC000203078253032580D0A0068616C6C4C61FA
:102AD00074636853746174757320446174613A203F
:102AE0003078253032580D0A005B25735D5B256414
:102AF0005D203A20494F204353206F7574707574E0
:102B000020686967682C2064656C617920316D7379
:102B10002077616974206166652072656164792C33
:102B200020736C656570206166650D0A004B313A53
:102B30002025750D0A00444143304F2044617461E3
:102B40003A2025750D0A00444143314F20446174F9
:102B5000613A2025750D0A00444143324F204461FB
:102B600074613A2025750D0A00444143334F2044D7
:102B70006174613A2025750D0A00526561642F5712
:102B80007269746520466C61673A2025750D0A00EC
:102B900041464520506F77657220557020436F7510
:102BA0006E743A2025750D0A005B25735D5B256404
:102BB0005D203A202121216572726F7220414645C5
:102BC00020554152542050726F746F636F6C2048CF
:102BD0004541442025750D0A005B25735D5B256426
:102BE0005D203A202121216572726F722041464595
:102BF00020554152542050726F746F636F6C204C9B
:102C0000454E2025750D0A005B25735D5B25645DCF
:102C1000203A204572726F723A20417272617920B7
:102C20006C656E677468206973206C6573732074BB
:102C300068616E203133206279746573206F722071
:102C4000696E76616C696420636F6D6D616E642E70
:102C50000A003D3D3D3D3D3D3D3D3D3D3D3D3D3D14
:102C60003D3D3D3D3D3D3D3D3D3D3D3D3D3D3D3D94
:102C70003D3D3D3D3D3D3D3D3D3D3D3D3D3D3D3D84
:102C80003D3D0D003D3D3D3D3D3D3D3D3D3D3D3DE1
:102C90003D3D3D3D3D3D3D3D3D53544F52455F44DF
:102CA0004154415F434D443D3D3D3D3D3D3D3D3DF6
:102CB0003D3D3D3D3D3D3D3D3D3D3D3D3D3D0D00B1
:102CC0003D3D3D3D3D3D3D3D3D3D3D3D3D3D3D3D34
:102CD0003D3D3D3D3D4D4541535552455F434D447E
:102CE0003D3D3D3D3D3D3D3D3D3D3D3D3D3D3D3D14
:102CF0003D3D3D3D3D3D3D0D003D3D3D3D3D3D3D71
:102D00003D3D3D3D3D3D3D3D3D3D3D3D3D3D5041DC
:102D100052414D455445525F53455454494E475FC7
:102D2000434D443D3D3D3D3D3D3D3D3D3D3D3D3DB6
:102D30003D3D3D3D3D3D3D3D3D3D0D003D3D3D3D30
:102D40003D3D3D3D3D3D3D3D3D3D3D3D3D3D3D3DB3
:102D50003D43414C4942524154455F4355525245CF
:102D60004E545F434D443D3D3D3D3D3D3D3D3D3D2C
:102D70003D3D3D3D3D3D3D3D3D3D3D3D3D0D003DF0
:102D80003D3D3D3D3D3D3D3D3D3D3D3D3D3D3D3D73
:102D90003D3D3D3D43414C4942524154455F564FB4
:102DA0004C544147455F434D442052455455524E83
:102DB0003D3D3D3D3D3D3D3D3D3D3D3D3D3D3D3D43
:102DC0003D3D3D3D3D3D3D0D003D3D3D3D3D3D3DA0
:102DD0003D3D3D3D3D3D3D3D3D3D3D3D3D3D434119
:102DE0004C4942524154455F564F4C544147455F10
:102DF000434D44205345543D3D3D3D3D3D3D3D3DCE
:102E00003D3D3D3D3D3D3D3D3D3D3D3D3D3D0D005F
:102E10003D3D3D3D3D3D3D3D3D3D3D3D3D3D3D3DE2
:102E20003D3D3D3D3D48414C4C5F4C415443485F26
:102E3000434F4E54524F4C5F434D44205345543DF5
:102E40003D3D3D3D3D3D3D3D3D3D3D3D3D3D3D3DB2
:102E50003D3D3D3D3D3D0D003078443220544F44D2
:102E60004F20212121007570646174655F61666582
:102E70005F70726F746F636F6C5F62756600507223
:102E80006F746F636F6C556E5061636B005B25737D
:102E90005D5B25645D203A20556E73796E636564D1
:102EA00020646174612062756666657220636F6E6E
:102EB00074656E74202873697A653A2025752062DE
:102EC00079746573293A200D0A005B25735D5B25D3
:102ED000645D203A204572726F723A20496E7661C5
:102EE0006C696420636F6E6E656374696F6E2068D1
:102EF000616E646C652E0A0052656164696E6720BC
:102F0000646174612066726F6D20666C6173682005
:102F10006D656D6F72792061742061646472657390
:102F2000733A20307825580A0043616C63756C61F0
:102F300074656420616464726573733A2030782527
:102F40003038580A00756E73796E63656444617435
:102F5000615265616442756653697A653A202575E8
:102F60000A00756E73796E636564446174614E75B1
:102F70006D3A2025750A0043616C63756C61746558
:102F8000642061646472657373206F666673657430
:102F90003A2025752000436F6E646974696F6E2056
:102FA000323A00686973746F726963616C5F64615F
:102FB00074615F75706C6F616400686973746F72BF
:102FC0006963616C5F646174615F7570646174658D
:102FD0005F636F6E6E6563745F706172616D005BDD
:102FE00025735D5B25645D203A20557064617469CA
:102FF0006E6720424C4520636F6E6E656374696F27
:103000006E20706172616D65746572732E20256427
:103010006D73005B25735D5B25645D203A2053650D
:103020006E74207265636F72642025752C2074693C
:103030006D657374616D703A202575005B25735D55
:103040005B25645D203A2052656164696E672025C6
:1030500075207265636F7264732066726F6D206293
:1030600075666665722C207374617274696E672070
:10307000617420696E646578202575000000000089
:10308000D12FED61002089620020D5620020F57EFD
:103090002C2095920020A996002051972820619716
:1030A0000020D597ED2042482043474D2048543317
:1030B0003242032B097300201D7300202173582016
:1030C0004006020201012D1001FFFFFFFFC9DB00D6
:1030D00020D9DB06FF20B9E5002001FF01FF01FF39
:1030E00001FF01FF01FF01FF01FF01FF01FF01FFE0
:1030F00001FF01FF01FF01FF0125000000000000AA
:04000005200038316E
:00000001FF
