"File: Work_Mode_Polling.c  Assembler  Version HGASM0202      Page 1


   1  0000              ; Generated by holtek-gcc v3.19, Mon Jul 14 16:56:27 2025
   2  0000              ; 
   3  0000              ; Configuration:
   4  0000              ;       with long instruction
   5  0000              ;       Single ROM, Multi-RAM
   6  0000              ;       bits_per_rom_unit:16
   7  0000              ;       with mp1
   8  0000              ;       with tbhp, address(0x9)
   9  0000              ;          Use tabrd-const
  10  0000              ;       
  11  0000              ; SFR address of long-instruction arch:
  12  0000              ;    mp0 = -1,1,0
  13  0000              ;    mp1 = 4,3,2
  14  0000              ;    mp2 = 14,13,12
  15  0000              ;    tbp = 9,7,8
  16  0000              ;    acc = 5
  17  0000              ;    pcl = 6
  18  0000              ;    status = 10
  19  0000              ;    bp = 11
  20  0000              ;    intc = 32
  21  0000              ;       
  22  0000              ;       
  23  0000              ; use 'tabrdc' instead of 'tabrd'
  24  0000              ;       
  25  0000              
  26  0000              #pragma translator "holtek-gcc 4.6.4" "3.19" "build 20130711"
  27  0000              ; Rebuild 718
  28  0000              
  29  0000              ir equ [2]
  30  0000              mp equ [3]
  31  0000              sbp equ [4]
  32  0000              acc equ [5]
  33  0000              bp equ [11]
  34  0000              tblp equ [7]
  35  0000              tbhp equ [9]
  36  0000              status equ [10]
  37  0000              c equ [10].0
  38  0000              ac equ [10].1
  39  0000              z equ [10].2
  40  0000              ov equ [10].3
  41  0000              cz equ [10].6
  42  0000              sc equ [10].7
  43  0000              intc equ [32]
  44  0000              
  45  0000              extern ra:byte
  46  0000              extern rb:byte
  47  0000              extern rc:byte
  48  0000              extern rd:byte
  49  0000              extern re:byte
  50  0000              extern rf:byte
  51  0000              extern rg:byte
  52  0000              extern rh:byte
  53  0000              extern _Crom2Prom:near
  54  0000              extern _Crom2PromNext:near
  55  0000              
  56  0000              RAMBANK 0 @BITDATASEC, @BITDATASEC1
  57  0000              @HCCINIT	.section 'data'
  58  0000              @HCCINIT0	.section 'data'
  59  0000              @BITDATASEC	 .section 'data'
"File: Work_Mode_Polling.ASM  Assembler  Version HGASM0202      Page 2

  60  0000              @BITDATASEC1	 .section 'data'
  61  0000              
  62  0000              #pragma debug scope 1 1
  63  0000              	extern __DELAY3:near
  64  0000              	extern __DELAYX3:near
  65  0000              	extern __DELAYX6:near
  66  0000              	extern __DELAYY5:near
  67  0000              	extern __DELAYY3:near
  68  0000              	extern _builtin_holtek_delay_2:byte
  69  0000              _cgmApi equ [128]
  70  0000              public _Sys_ReadCalibratePara
  71  0000              #pragma debug scope 2 1

  68  0000              #line 68 "d:\d200\product\git\bh66f2455_evm_cgm\2.code\bh66f2455_driver\application_projects\source\Work_Mode_Polling.c"
  68  0000              _Sys_ReadCalibratePara .section 'code'
  68  0000              _Sys_ReadCalibratePara proc
  69  0000              #line 69 "d:\d200\product\git\bh66f2455_evm_cgm\2.code\bh66f2455_driver\application_projects\source\Work_Mode_Polling.c"
  69  0000  0F1D        	mov a,29
  69  0001  0080     E  	mov _Eeprom_ReadBuff_2[4],a
  69  0002  1F00     E  	clr _Eeprom_ReadBuff_2[5]
  69  0003  0F99        	mov a,low (offset _cgmApi+25)
  69  0004  0080     E  	mov _Eeprom_ReadBuff_2[2],a
  69  0005  0F00        	mov a,high (offset _cgmApi+25)
  69  0006  0080     E  	mov _Eeprom_ReadBuff_2[3],a
  69  0007  1F00     E  	clr _Eeprom_ReadBuff_2[0]
  69  0008  1F00     E  	clr _Eeprom_ReadBuff_2[1]
  69  0009  2000     E  	call _Eeprom_ReadBuff
  70  000A              #line 70 "d:\d200\product\git\bh66f2455_evm_cgm\2.code\bh66f2455_driver\application_projects\source\Work_Mode_Polling.c"
  70  000A  4723        	mov a,[163]
  70  000B  4524        	or a,[164]
  70  000C  390A        	snz z
  70  000D  2800     R  	jmp _L2
  72  000E              #line 72 "d:\d200\product\git\bh66f2455_evm_cgm\2.code\bh66f2455_driver\application_projects\source\Work_Mode_Polling.c"
  72  000E  0FE0        	mov a,-32
  72  000F  40A3        	mov [163],a
  72  0010  0F15        	mov a,21
  72  0011  40A4        	mov [164],a
  72  0012              _L2:
  74  0012              #line 74 "d:\d200\product\git\bh66f2455_evm_cgm\2.code\bh66f2455_driver\application_projects\source\Work_Mode_Polling.c"
  74  0012  4725        	mov a,[165]
  74  0013  4526        	or a,[166]
  74  0014  390A        	snz z
  74  0015  2800     R  	jmp _L3
  76  0016              #line 76 "d:\d200\product\git\bh66f2455_evm_cgm\2.code\bh66f2455_driver\application_projects\source\Work_Mode_Polling.c"
  76  0016  0F10        	mov a,16
  76  0017  40A5        	mov [165],a
  76  0018  0F27        	mov a,39
  76  0019  40A6        	mov [166],a
  76  001A              _L3:
  78  001A              #line 78 "d:\d200\product\git\bh66f2455_evm_cgm\2.code\bh66f2455_driver\application_projects\source\Work_Mode_Polling.c"
  78  001A  472B        	mov a,[171]
  78  001B  0A55        	sub a,85
  78  001C  3D0A        	sz z
  78  001D  2800     R  	jmp _L4
  80  001E              #line 80 "d:\d200\product\git\bh66f2455_evm_cgm\2.code\bh66f2455_driver\application_projects\source\Work_Mode_Polling.c"
  80  001E  5F2C        	clr [172]
  80  001F  5F2D        	clr [173]
  81  0020              #line 81 "d:\d200\product\git\bh66f2455_evm_cgm\2.code\bh66f2455_driver\application_projects\source\Work_Mode_Polling.c"
  81  0020  5F2E        	clr [174]
  81  0021  5F2F        	clr [175]
"File: Work_Mode_Polling.c  Assembler  Version HGASM0202      Page 3

  81  0022              _L4:
  83  0022              #line 83 "d:\d200\product\git\bh66f2455_evm_cgm\2.code\bh66f2455_driver\application_projects\source\Work_Mode_Polling.c"
  83  0022  4730        	mov a,[176]
  83  0023  0A55        	sub a,85
  83  0024  3D0A        	sz z
  83  0025  2800     R  	jmp _L1
  85  0026              #line 85 "d:\d200\product\git\bh66f2455_evm_cgm\2.code\bh66f2455_driver\application_projects\source\Work_Mode_Polling.c"
  85  0026  0F16        	mov a,22
  85  0027  40B1        	mov [177],a
  86  0028              #line 86 "d:\d200\product\git\bh66f2455_evm_cgm\2.code\bh66f2455_driver\application_projects\source\Work_Mode_Polling.c"
  86  0028  5F32        	clr [178]
  86  0029              _L1:
  86  0029  0003        	ret
  86  002A              _Sys_ReadCalibratePara endp
  86  002A              #line 86 "d:\d200\product\git\bh66f2455_evm_cgm\2.code\bh66f2455_driver\application_projects\source\Work_Mode_Polling.c"
  86  002A              #pragma debug scope 1 1
  86  002A              public _BatVolStart
  86  002A              #pragma debug scope 3 1
  91  002A              #line 91 "d:\d200\product\git\bh66f2455_evm_cgm\2.code\bh66f2455_driver\application_projects\source\Work_Mode_Polling.c"
  91  0000              _BatVolStart .section 'code'
  91  0000              _BatVolStart proc
  91  0000  0003        	ret
  91  0001              _BatVolStart endp
  91  0001              #line 91 "d:\d200\product\git\bh66f2455_evm_cgm\2.code\bh66f2455_driver\application_projects\source\Work_Mode_Polling.c"
  91  0001              #pragma debug scope 1 1
  91  0001              ___pac equ [21]
  91  0001              ___papu equ [22]
  91  0001              ___pawu equ [23]
  91  0001              ___intc1 equ [33]
  91  0001              ___intc0 equ [32]
  91  0001              ___wdtc equ [30]
  91  0001              public _TemperatureStartOffset
  91  0001              #pragma debug scope 4 1
 108  0001              #line 108 "d:\d200\product\git\bh66f2455_evm_cgm\2.code\bh66f2455_driver\application_projects\source\Work_Mode_Polling.c"
 108  0000              _TemperatureStartOffset .section 'code'
 108  0000              _TemperatureStartOffset proc
 108  0000  0009[           local _TemperatureStartOffset_2 db 9 dup(?)	; 0,9
            00
            ]
 108  0009              #pragma debug struct_end
 108  0009              #pragma debug struct_end
 108  0009              #pragma debug variable 42 4 _TemperatureStartOffset_2+0 "adc24Cfg"
 109  0009              #line 109 "d:\d200\product\git\bh66f2455_evm_cgm\2.code\bh66f2455_driver\application_projects\source\Work_Mode_Polling.c"
 109  0000  3295        	set [21].5
 109  0001  3296        	set [22].5
 109  0002  3697        	clr [23].5
 113  0003              #line 113 "d:\d200\product\git\bh66f2455_evm_cgm\2.code\bh66f2455_driver\application_projects\source\Work_Mode_Polling.c"
 113  0003  0F16        	mov a,22
 113  0004  0080     R  	mov _TemperatureStartOffset_2[0],a
 114  0005              #line 114 "d:\d200\product\git\bh66f2455_evm_cgm\2.code\bh66f2455_driver\application_projects\source\Work_Mode_Polling.c"
 114  0005  1F00     R  	clr _TemperatureStartOffset_2[1]
 115  0006              #line 115 "d:\d200\product\git\bh66f2455_evm_cgm\2.code\bh66f2455_driver\application_projects\source\Work_Mode_Polling.c"
 115  0006  0FDD        	mov a,221
 115  0007  0080     R  	mov _TemperatureStartOffset_2[2],a
 116  0008              #line 116 "d:\d200\product\git\bh66f2455_evm_cgm\2.code\bh66f2455_driver\application_projects\source\Work_Mode_Polling.c"
 116  0008  0FE0        	mov a,224
 116  0009  0080     R  	mov _TemperatureStartOffset_2[3],a
 117  000A              #line 117 "d:\d200\product\git\bh66f2455_evm_cgm\2.code\bh66f2455_driver\application_projects\source\Work_Mode_Polling.c"
 117  000A  1F00     R  	clr _TemperatureStartOffset_2[4]
 118  000B              #line 118 "d:\d200\product\git\bh66f2455_evm_cgm\2.code\bh66f2455_driver\application_projects\source\Work_Mode_Polling.c"
"File: Work_Mode_Polling.c  Assembler  Version HGASM0202      Page 4

 118  000B  0F08        	mov a,8
 118  000C  0080     R  	mov _TemperatureStartOffset_2[5],a
 119  000D              #line 119 "d:\d200\product\git\bh66f2455_evm_cgm\2.code\bh66f2455_driver\application_projects\source\Work_Mode_Polling.c"
 119  000D  1F00     R  	clr _TemperatureStartOffset_2[6]
 120  000E              #line 120 "d:\d200\product\git\bh66f2455_evm_cgm\2.code\bh66f2455_driver\application_projects\source\Work_Mode_Polling.c"
 120  000E  0F16        	mov a,22
 120  000F  0080     E  	mov _Adc24_Cfg_2[0],a
 120  0010  1F00     E  	clr _Adc24_Cfg_2[1]
 120  0011  0FDD        	mov a,221
 120  0012  0080     E  	mov _Adc24_Cfg_2[2],a
 120  0013  0FE0        	mov a,224
 120  0014  0080     E  	mov _Adc24_Cfg_2[3],a
 120  0015  1F00     E  	clr _Adc24_Cfg_2[4]
 120  0016  0F08        	mov a,8
 120  0017  0080     E  	mov _Adc24_Cfg_2[5],a
 120  0018  1F00     E  	clr _Adc24_Cfg_2[6]
 120  0019  2000     E  	call _Adc24_Cfg
 122  001A              #line 122 "d:\d200\product\git\bh66f2455_evm_cgm\2.code\bh66f2455_driver\application_projects\source\Work_Mode_Polling.c"
 122  001A  3400     E  	clr _adc24SourceData[6].1
 123  001B              #line 123 "d:\d200\product\git\bh66f2455_evm_cgm\2.code\bh66f2455_driver\application_projects\source\Work_Mode_Polling.c"
 123  001B  0F04        	mov a,4
 123  001C  0080     E  	mov _adc24SourceData[4],a
 123  001D  1F00     E  	clr _adc24SourceData[5]
 123  001E              #pragma debug scope 5 4
 123  001E              ;begin block, line: 123.-1
 123  001E              #pragma debug struct_end
 123  001E              #pragma debug struct_end
 123  001E              #pragma debug variable 43 5 _TemperatureStartOffset_2+7 "oscCfg"
 127  001E              #line 127 "d:\d200\product\git\bh66f2455_evm_cgm\2.code\bh66f2455_driver\application_projects\source\Work_Mode_Polling.c"
 127  001E  0F02        	mov a,2
 127  001F  0080     R  	mov _TemperatureStartOffset_2[7],a
 128  0020              #line 128 "d:\d200\product\git\bh66f2455_evm_cgm\2.code\bh66f2455_driver\application_projects\source\Work_Mode_Polling.c"
 128  0020  0F11        	mov a,17
 128  0021  0080     R  	mov _TemperatureStartOffset_2[8],a
 129  0022              #line 129 "d:\d200\product\git\bh66f2455_evm_cgm\2.code\bh66f2455_driver\application_projects\source\Work_Mode_Polling.c"
 129  0022  0F00     R  	mov a,low offset _TemperatureStartOffset_2
 129  0023  0080     E  	mov ra,a
 129  0024  0F00     R  	mov a,high offset _TemperatureStartOffset_2
 129  0025  0080     E  	mov rb,a
 129  0026  0F07        	mov a,7
 129  0027  0300     E  	add a,ra
 129  0028  0080     E  	mov _Oscillators_Cfg_2[0],a
 129  0029  0F00        	mov a,0
 129  002A  1300     E  	adc a,rb
 129  002B  0080     E  	mov _Oscillators_Cfg_2[1],a
 129  002C  2000     E  	call _Oscillators_Cfg
 129  002D              #pragma debug scope 4 1
 132  002D              #line 132 "d:\d200\product\git\bh66f2455_evm_cgm\2.code\bh66f2455_driver\application_projects\source\Work_Mode_Polling.c"
 132  002D  0700     R  	mov a,_TemperatureStartOffset_2[0]
 132  002E  0080     E  	mov _Adc24_Enable_2[0],a
 132  002F  0700     R  	mov a,_TemperatureStartOffset_2[1]
 132  0030  0080     E  	mov _Adc24_Enable_2[1],a
 132  0031  0700     R  	mov a,_TemperatureStartOffset_2[2]
 132  0032  0080     E  	mov _Adc24_Enable_2[2],a
 132  0033  0700     R  	mov a,_TemperatureStartOffset_2[3]
 132  0034  0080     E  	mov _Adc24_Enable_2[3],a
 132  0035  0700     R  	mov a,_TemperatureStartOffset_2[4]
 132  0036  0080     E  	mov _Adc24_Enable_2[4],a
 132  0037  0700     R  	mov a,_TemperatureStartOffset_2[5]
 132  0038  0080     E  	mov _Adc24_Enable_2[5],a
"File: Work_Mode_Polling.c  Assembler  Version HGASM0202      Page 5

 132  0039  0700     R  	mov a,_TemperatureStartOffset_2[6]
 132  003A  0080     E  	mov _Adc24_Enable_2[6],a
 132  003B  2000     E  	call _Adc24_Enable
 133  003C              #line 133 "d:\d200\product\git\bh66f2455_evm_cgm\2.code\bh66f2455_driver\application_projects\source\Work_Mode_Polling.c"
 133  003C  3221        	set [33].4
 133  003D  3720        	clr [32].6
 133  003E  31A0        	set [32].3
 135  003F              #line 135 "d:\d200\product\git\bh66f2455_evm_cgm\2.code\bh66f2455_driver\application_projects\source\Work_Mode_Polling.c"
 135  003F  0FA8        	mov a,168
 135  0040  009E        	mov [30],a
 136  0041              #line 136 "d:\d200\product\git\bh66f2455_evm_cgm\2.code\bh66f2455_driver\application_projects\source\Work_Mode_Polling.c"
 136  0041              ;# 136 "d:\d200\product\git\bh66f2455_evm_cgm\2.code\bh66f2455_driver\application_projects\source\Work_Mode_Polling.c" 1
 136  0041  0001        	clr wdt
 137  0042              #line 137 "d:\d200\product\git\bh66f2455_evm_cgm\2.code\bh66f2455_driver\application_projects\source\Work_Mode_Polling.c"
 137  0042              ;# 137 "d:\d200\product\git\bh66f2455_evm_cgm\2.code\bh66f2455_driver\application_projects\source\Work_Mode_Polling.c" 1
 137  0042  0002        	halt
 137  0043              #pragma debug scope 6 4
 137  0043              ;begin block, line: 137.-1
 137  0043              #pragma debug struct_end
 137  0043              #pragma debug struct_end
 137  0043              #pragma debug variable 44 6 _TemperatureStartOffset_2+7 "oscCfg"
 141  0043              #line 141 "d:\d200\product\git\bh66f2455_evm_cgm\2.code\bh66f2455_driver\application_projects\source\Work_Mode_Polling.c"
 141  0043  1F00     R  	clr _TemperatureStartOffset_2[7]
 142  0044              #line 142 "d:\d200\product\git\bh66f2455_evm_cgm\2.code\bh66f2455_driver\application_projects\source\Work_Mode_Polling.c"
 142  0044  0F01        	mov a,1
 142  0045  0080     R  	mov _TemperatureStartOffset_2[8],a
 143  0046              #line 143 "d:\d200\product\git\bh66f2455_evm_cgm\2.code\bh66f2455_driver\application_projects\source\Work_Mode_Polling.c"
 143  0046  0F00     R  	mov a,low offset _TemperatureStartOffset_2
 143  0047  0080     E  	mov ra,a
 143  0048  0F00     R  	mov a,high offset _TemperatureStartOffset_2
 143  0049  0080     E  	mov rb,a
 143  004A  0F07        	mov a,7
 143  004B  0300     E  	add a,ra
 143  004C  0080     E  	mov _Oscillators_Cfg_2[0],a
 143  004D  0F00        	mov a,0
 143  004E  1300     E  	adc a,rb
 143  004F  0080     E  	mov _Oscillators_Cfg_2[1],a
 143  0050  2000     E  	call _Oscillators_Cfg
 143  0051              #pragma debug scope 4 1
 146  0051              #line 146 "d:\d200\product\git\bh66f2455_evm_cgm\2.code\bh66f2455_driver\application_projects\source\Work_Mode_Polling.c"
 146  0051  3295        	set [21].5
 146  0052  3296        	set [22].5
 146  0053  3297        	set [23].5
 147  0054              #line 147 "d:\d200\product\git\bh66f2455_evm_cgm\2.code\bh66f2455_driver\application_projects\source\Work_Mode_Polling.c"
 147  0054  0F52        	mov a,82
 147  0055  009E        	mov [30],a
 147  0056  0003        	ret
 147  0057              _TemperatureStartOffset endp
 147  0057              #line 147 "d:\d200\product\git\bh66f2455_evm_cgm\2.code\bh66f2455_driver\application_projects\source\Work_Mode_Polling.c"
 147  0057              #pragma debug scope 1 1
 147  0057              ___pas0 equ [123]
 147  0057              ___pa equ [20]
 147  0057              public _TemperatureStart
 147  0057              #pragma debug scope 7 1
 151  0057              #line 151 "d:\d200\product\git\bh66f2455_evm_cgm\2.code\bh66f2455_driver\application_projects\source\Work_Mode_Polling.c"
 151  0000              _TemperatureStart .section 'code'
 151  0000              _TemperatureStart proc
 151  0000  0009[           local _TemperatureStart_2 db 9 dup(?)	; 0,9
            00
            ]
"File: Work_Mode_Polling.c  Assembler  Version HGASM0202      Page 6

 151  0009              #pragma debug struct_end
 151  0009              #pragma debug struct_end
 151  0009              #pragma debug variable 45 7 _TemperatureStart_2+0 "adc24Cfg"
 152  0009              #line 152 "d:\d200\product\git\bh66f2455_evm_cgm\2.code\bh66f2455_driver\application_projects\source\Work_Mode_Polling.c"
 152  0000  3295        	set [21].5
 152  0001  3296        	set [22].5
 152  0002  3697        	clr [23].5
 158  0003              #line 158 "d:\d200\product\git\bh66f2455_evm_cgm\2.code\bh66f2455_driver\application_projects\source\Work_Mode_Polling.c"
 158  0003  35FB        	clr [123].3
 158  0004  357B        	clr [123].2
 159  0005              #line 159 "d:\d200\product\git\bh66f2455_evm_cgm\2.code\bh66f2455_driver\application_projects\source\Work_Mode_Polling.c"
 159  0005  3495        	clr [21].1
 160  0006              #line 160 "d:\d200\product\git\bh66f2455_evm_cgm\2.code\bh66f2455_driver\application_projects\source\Work_Mode_Polling.c"
 160  0006  3494        	clr [20].1
 164  0007              #line 164 "d:\d200\product\git\bh66f2455_evm_cgm\2.code\bh66f2455_driver\application_projects\source\Work_Mode_Polling.c"
 164  0007  0F1A        	mov a,26
 164  0008  0080     R  	mov _TemperatureStart_2[0],a
 165  0009              #line 165 "d:\d200\product\git\bh66f2455_evm_cgm\2.code\bh66f2455_driver\application_projects\source\Work_Mode_Polling.c"
 165  0009  1F00     R  	clr _TemperatureStart_2[1]
 166  000A              #line 166 "d:\d200\product\git\bh66f2455_evm_cgm\2.code\bh66f2455_driver\application_projects\source\Work_Mode_Polling.c"
 166  000A  0F8D        	mov a,141
 166  000B  0080     R  	mov _TemperatureStart_2[2],a
 167  000C              #line 167 "d:\d200\product\git\bh66f2455_evm_cgm\2.code\bh66f2455_driver\application_projects\source\Work_Mode_Polling.c"
 167  000C  0FE0        	mov a,224
 167  000D  0080     R  	mov _TemperatureStart_2[3],a
 168  000E              #line 168 "d:\d200\product\git\bh66f2455_evm_cgm\2.code\bh66f2455_driver\application_projects\source\Work_Mode_Polling.c"
 168  000E  1F00     R  	clr _TemperatureStart_2[4]
 169  000F              #line 169 "d:\d200\product\git\bh66f2455_evm_cgm\2.code\bh66f2455_driver\application_projects\source\Work_Mode_Polling.c"
 169  000F  0F08        	mov a,8
 169  0010  0080     R  	mov _TemperatureStart_2[5],a
 170  0011              #line 170 "d:\d200\product\git\bh66f2455_evm_cgm\2.code\bh66f2455_driver\application_projects\source\Work_Mode_Polling.c"
 170  0011  1F00     R  	clr _TemperatureStart_2[6]
 171  0012              #line 171 "d:\d200\product\git\bh66f2455_evm_cgm\2.code\bh66f2455_driver\application_projects\source\Work_Mode_Polling.c"
 171  0012  0F1A        	mov a,26
 171  0013  0080     E  	mov _Adc24_Cfg_2[0],a
 171  0014  1F00     E  	clr _Adc24_Cfg_2[1]
 171  0015  0F8D        	mov a,141
 171  0016  0080     E  	mov _Adc24_Cfg_2[2],a
 171  0017  0FE0        	mov a,224
 171  0018  0080     E  	mov _Adc24_Cfg_2[3],a
 171  0019  1F00     E  	clr _Adc24_Cfg_2[4]
 171  001A  0F08        	mov a,8
 171  001B  0080     E  	mov _Adc24_Cfg_2[5],a
 171  001C  1F00     E  	clr _Adc24_Cfg_2[6]
 171  001D  2000     E  	call _Adc24_Cfg
 173  001E              #line 173 "d:\d200\product\git\bh66f2455_evm_cgm\2.code\bh66f2455_driver\application_projects\source\Work_Mode_Polling.c"
 173  001E  3400     E  	clr _adc24SourceData[6].1
 174  001F              #line 174 "d:\d200\product\git\bh66f2455_evm_cgm\2.code\bh66f2455_driver\application_projects\source\Work_Mode_Polling.c"
 174  001F  0F04        	mov a,4
 174  0020  0080     E  	mov _adc24SourceData[4],a
 174  0021  1F00     E  	clr _adc24SourceData[5]
 174  0022              #pragma debug scope 8 7
 174  0022              ;begin block, line: 174.-1
 174  0022              #pragma debug struct_end
 174  0022              #pragma debug struct_end
 174  0022              #pragma debug variable 46 8 _TemperatureStart_2+7 "oscCfg"
 178  0022              #line 178 "d:\d200\product\git\bh66f2455_evm_cgm\2.code\bh66f2455_driver\application_projects\source\Work_Mode_Polling.c"
 178  0022  0F02        	mov a,2
 178  0023  0080     R  	mov _TemperatureStart_2[7],a
 179  0024              #line 179 "d:\d200\product\git\bh66f2455_evm_cgm\2.code\bh66f2455_driver\application_projects\source\Work_Mode_Polling.c"
"File: Work_Mode_Polling.c  Assembler  Version HGASM0202      Page 7

 179  0024  0F11        	mov a,17
 179  0025  0080     R  	mov _TemperatureStart_2[8],a
 180  0026              #line 180 "d:\d200\product\git\bh66f2455_evm_cgm\2.code\bh66f2455_driver\application_projects\source\Work_Mode_Polling.c"
 180  0026  0F00     R  	mov a,low offset _TemperatureStart_2
 180  0027  0080     E  	mov ra,a
 180  0028  0F00     R  	mov a,high offset _TemperatureStart_2
 180  0029  0080     E  	mov rb,a
 180  002A  0F07        	mov a,7
 180  002B  0300     E  	add a,ra
 180  002C  0080     E  	mov _Oscillators_Cfg_2[0],a
 180  002D  0F00        	mov a,0
 180  002E  1300     E  	adc a,rb
 180  002F  0080     E  	mov _Oscillators_Cfg_2[1],a
 180  0030  2000     E  	call _Oscillators_Cfg
 180  0031              #pragma debug scope 7 1
 183  0031              #line 183 "d:\d200\product\git\bh66f2455_evm_cgm\2.code\bh66f2455_driver\application_projects\source\Work_Mode_Polling.c"
 183  0031  0700     R  	mov a,_TemperatureStart_2[0]
 183  0032  0080     E  	mov _Adc24_Enable_2[0],a
 183  0033  0700     R  	mov a,_TemperatureStart_2[1]
 183  0034  0080     E  	mov _Adc24_Enable_2[1],a
 183  0035  0700     R  	mov a,_TemperatureStart_2[2]
 183  0036  0080     E  	mov _Adc24_Enable_2[2],a
 183  0037  0700     R  	mov a,_TemperatureStart_2[3]
 183  0038  0080     E  	mov _Adc24_Enable_2[3],a
 183  0039  0700     R  	mov a,_TemperatureStart_2[4]
 183  003A  0080     E  	mov _Adc24_Enable_2[4],a
 183  003B  0700     R  	mov a,_TemperatureStart_2[5]
 183  003C  0080     E  	mov _Adc24_Enable_2[5],a
 183  003D  0700     R  	mov a,_TemperatureStart_2[6]
 183  003E  0080     E  	mov _Adc24_Enable_2[6],a
 183  003F  2000     E  	call _Adc24_Enable
 184  0040              #line 184 "d:\d200\product\git\bh66f2455_evm_cgm\2.code\bh66f2455_driver\application_projects\source\Work_Mode_Polling.c"
 184  0040  3221        	set [33].4
 184  0041  3720        	clr [32].6
 184  0042  31A0        	set [32].3
 186  0043              #line 186 "d:\d200\product\git\bh66f2455_evm_cgm\2.code\bh66f2455_driver\application_projects\source\Work_Mode_Polling.c"
 186  0043  0FA8        	mov a,168
 186  0044  009E        	mov [30],a
 187  0045              #line 187 "d:\d200\product\git\bh66f2455_evm_cgm\2.code\bh66f2455_driver\application_projects\source\Work_Mode_Polling.c"
 187  0045              ;# 187 "d:\d200\product\git\bh66f2455_evm_cgm\2.code\bh66f2455_driver\application_projects\source\Work_Mode_Polling.c" 1
 187  0045  0001        	clr wdt
 188  0046              #line 188 "d:\d200\product\git\bh66f2455_evm_cgm\2.code\bh66f2455_driver\application_projects\source\Work_Mode_Polling.c"
 188  0046              ;# 188 "d:\d200\product\git\bh66f2455_evm_cgm\2.code\bh66f2455_driver\application_projects\source\Work_Mode_Polling.c" 1
 188  0046  0002        	halt
 188  0047              #pragma debug scope 9 7
 188  0047              ;begin block, line: 188.-1
 188  0047              #pragma debug struct_end
 188  0047              #pragma debug struct_end
 188  0047              #pragma debug variable 47 9 _TemperatureStart_2+7 "oscCfg"
 192  0047              #line 192 "d:\d200\product\git\bh66f2455_evm_cgm\2.code\bh66f2455_driver\application_projects\source\Work_Mode_Polling.c"
 192  0047  1F00     R  	clr _TemperatureStart_2[7]
 193  0048              #line 193 "d:\d200\product\git\bh66f2455_evm_cgm\2.code\bh66f2455_driver\application_projects\source\Work_Mode_Polling.c"
 193  0048  0F01        	mov a,1
 193  0049  0080     R  	mov _TemperatureStart_2[8],a
 194  004A              #line 194 "d:\d200\product\git\bh66f2455_evm_cgm\2.code\bh66f2455_driver\application_projects\source\Work_Mode_Polling.c"
 194  004A  0F00     R  	mov a,low offset _TemperatureStart_2
 194  004B  0080     E  	mov ra,a
 194  004C  0F00     R  	mov a,high offset _TemperatureStart_2
 194  004D  0080     E  	mov rb,a
 194  004E  0F07        	mov a,7
"File: Work_Mode_Polling.c  Assembler  Version HGASM0202      Page 8

 194  004F  0300     E  	add a,ra
 194  0050  0080     E  	mov _Oscillators_Cfg_2[0],a
 194  0051  0F00        	mov a,0
 194  0052  1300     E  	adc a,rb
 194  0053  0080     E  	mov _Oscillators_Cfg_2[1],a
 194  0054  2000     E  	call _Oscillators_Cfg
 194  0055              #pragma debug scope 7 1
 197  0055              #line 197 "d:\d200\product\git\bh66f2455_evm_cgm\2.code\bh66f2455_driver\application_projects\source\Work_Mode_Polling.c"
 197  0055  3295        	set [21].5
 197  0056  3296        	set [22].5
 197  0057  3297        	set [23].5
 198  0058              #line 198 "d:\d200\product\git\bh66f2455_evm_cgm\2.code\bh66f2455_driver\application_projects\source\Work_Mode_Polling.c"
 198  0058  0F52        	mov a,82
 198  0059  009E        	mov [30],a
 198  005A  0003        	ret
 198  005B              _TemperatureStart endp
 198  005B              #line 198 "d:\d200\product\git\bh66f2455_evm_cgm\2.code\bh66f2455_driver\application_projects\source\Work_Mode_Polling.c"
 198  005B              #pragma debug scope 1 1
 198  005B              public _CurrentWe1Start
 198  005B              #pragma debug scope 10 1
 202  005B              #line 202 "d:\d200\product\git\bh66f2455_evm_cgm\2.code\bh66f2455_driver\application_projects\source\Work_Mode_Polling.c"
 202  0000              _CurrentWe1Start .section 'code'
 202  0000              _CurrentWe1Start proc
 202  0000  0009[           local _CurrentWe1Start_2 db 9 dup(?)	; 0,9
            00
            ]
 202  0009              #pragma debug struct_end
 202  0009              #pragma debug struct_end
 202  0009              #pragma debug variable 48 10 _CurrentWe1Start_2+0 "adc24Cfg"
 203  0009              #line 203 "d:\d200\product\git\bh66f2455_evm_cgm\2.code\bh66f2455_driver\application_projects\source\Work_Mode_Polling.c"
 203  0000  3295        	set [21].5
 203  0001  3296        	set [22].5
 203  0002  3697        	clr [23].5
 207  0003              #line 207 "d:\d200\product\git\bh66f2455_evm_cgm\2.code\bh66f2455_driver\application_projects\source\Work_Mode_Polling.c"
 207  0003  4731        	mov a,[177]
 207  0004  0080     E  	mov rb,a
 207  0005  0700     E  	mov a,rb
 207  0006  0080     R  	mov _CurrentWe1Start_2[0],a
 208  0007              #line 208 "d:\d200\product\git\bh66f2455_evm_cgm\2.code\bh66f2455_driver\application_projects\source\Work_Mode_Polling.c"
 208  0007  4732        	mov a,[178]
 208  0008  0080     E  	mov ra,a
 208  0009  0700     E  	mov a,ra
 208  000A  0080     R  	mov _CurrentWe1Start_2[1],a
 209  000B              #line 209 "d:\d200\product\git\bh66f2455_evm_cgm\2.code\bh66f2455_driver\application_projects\source\Work_Mode_Polling.c"
 209  000B  0F88        	mov a,136
 209  000C  0080     R  	mov _CurrentWe1Start_2[2],a
 210  000D              #line 210 "d:\d200\product\git\bh66f2455_evm_cgm\2.code\bh66f2455_driver\application_projects\source\Work_Mode_Polling.c"
 210  000D  0FE0        	mov a,224
 210  000E  0080     R  	mov _CurrentWe1Start_2[3],a
 211  000F              #line 211 "d:\d200\product\git\bh66f2455_evm_cgm\2.code\bh66f2455_driver\application_projects\source\Work_Mode_Polling.c"
 211  000F  1F00     R  	clr _CurrentWe1Start_2[4]
 212  0010              #line 212 "d:\d200\product\git\bh66f2455_evm_cgm\2.code\bh66f2455_driver\application_projects\source\Work_Mode_Polling.c"
 212  0010  0F08        	mov a,8
 212  0011  0080     R  	mov _CurrentWe1Start_2[5],a
 213  0012              #line 213 "d:\d200\product\git\bh66f2455_evm_cgm\2.code\bh66f2455_driver\application_projects\source\Work_Mode_Polling.c"
 213  0012  1F00     R  	clr _CurrentWe1Start_2[6]
 214  0013              #line 214 "d:\d200\product\git\bh66f2455_evm_cgm\2.code\bh66f2455_driver\application_projects\source\Work_Mode_Polling.c"
 214  0013  0700     E  	mov a,rb
 214  0014  0080     E  	mov _Adc24_Cfg_2[0],a
 214  0015  0700     E  	mov a,ra
"File: Work_Mode_Polling.c  Assembler  Version HGASM0202      Page 9

 214  0016  0080     E  	mov _Adc24_Cfg_2[1],a
 214  0017  0F88        	mov a,136
 214  0018  0080     E  	mov _Adc24_Cfg_2[2],a
 214  0019  0FE0        	mov a,224
 214  001A  0080     E  	mov _Adc24_Cfg_2[3],a
 214  001B  1F00     E  	clr _Adc24_Cfg_2[4]
 214  001C  0F08        	mov a,8
 214  001D  0080     E  	mov _Adc24_Cfg_2[5],a
 214  001E  1F00     E  	clr _Adc24_Cfg_2[6]
 214  001F  2000     E  	call _Adc24_Cfg
 216  0020              #line 216 "d:\d200\product\git\bh66f2455_evm_cgm\2.code\bh66f2455_driver\application_projects\source\Work_Mode_Polling.c"
 216  0020  3400     E  	clr _adc24SourceData[6].1
 217  0021              #line 217 "d:\d200\product\git\bh66f2455_evm_cgm\2.code\bh66f2455_driver\application_projects\source\Work_Mode_Polling.c"
 217  0021  0F04        	mov a,4
 217  0022  0080     E  	mov _adc24SourceData[4],a
 217  0023  1F00     E  	clr _adc24SourceData[5]
 217  0024              #pragma debug scope 11 10
 217  0024              ;begin block, line: 217.-1
 217  0024              #pragma debug struct_end
 217  0024              #pragma debug struct_end
 217  0024              #pragma debug variable 49 11 _CurrentWe1Start_2+7 "oscCfg"
 221  0024              #line 221 "d:\d200\product\git\bh66f2455_evm_cgm\2.code\bh66f2455_driver\application_projects\source\Work_Mode_Polling.c"
 221  0024  0F02        	mov a,2
 221  0025  0080     R  	mov _CurrentWe1Start_2[7],a
 222  0026              #line 222 "d:\d200\product\git\bh66f2455_evm_cgm\2.code\bh66f2455_driver\application_projects\source\Work_Mode_Polling.c"
 222  0026  0F11        	mov a,17
 222  0027  0080     R  	mov _CurrentWe1Start_2[8],a
 223  0028              #line 223 "d:\d200\product\git\bh66f2455_evm_cgm\2.code\bh66f2455_driver\application_projects\source\Work_Mode_Polling.c"
 223  0028  0F00     R  	mov a,low offset _CurrentWe1Start_2
 223  0029  0080     E  	mov ra,a
 223  002A  0F00     R  	mov a,high offset _CurrentWe1Start_2
 223  002B  0080     E  	mov rb,a
 223  002C  0F07        	mov a,7
 223  002D  0300     E  	add a,ra
 223  002E  0080     E  	mov _Oscillators_Cfg_2[0],a
 223  002F  0F00        	mov a,0
 223  0030  1300     E  	adc a,rb
 223  0031  0080     E  	mov _Oscillators_Cfg_2[1],a
 223  0032  2000     E  	call _Oscillators_Cfg
 223  0033              #pragma debug scope 10 1
 226  0033              #line 226 "d:\d200\product\git\bh66f2455_evm_cgm\2.code\bh66f2455_driver\application_projects\source\Work_Mode_Polling.c"
 226  0033  0700     R  	mov a,_CurrentWe1Start_2[0]
 226  0034  0080     E  	mov _Adc24_Enable_2[0],a
 226  0035  0700     R  	mov a,_CurrentWe1Start_2[1]
 226  0036  0080     E  	mov _Adc24_Enable_2[1],a
 226  0037  0700     R  	mov a,_CurrentWe1Start_2[2]
 226  0038  0080     E  	mov _Adc24_Enable_2[2],a
 226  0039  0700     R  	mov a,_CurrentWe1Start_2[3]
 226  003A  0080     E  	mov _Adc24_Enable_2[3],a
 226  003B  0700     R  	mov a,_CurrentWe1Start_2[4]
 226  003C  0080     E  	mov _Adc24_Enable_2[4],a
 226  003D  0700     R  	mov a,_CurrentWe1Start_2[5]
 226  003E  0080     E  	mov _Adc24_Enable_2[5],a
 226  003F  0700     R  	mov a,_CurrentWe1Start_2[6]
 226  0040  0080     E  	mov _Adc24_Enable_2[6],a
 226  0041  2000     E  	call _Adc24_Enable
 227  0042              #line 227 "d:\d200\product\git\bh66f2455_evm_cgm\2.code\bh66f2455_driver\application_projects\source\Work_Mode_Polling.c"
 227  0042  3221        	set [33].4
 227  0043  3720        	clr [32].6
 227  0044  31A0        	set [32].3
"File: Work_Mode_Polling.c  Assembler  Version HGASM0202      Page 10

 229  0045              #line 229 "d:\d200\product\git\bh66f2455_evm_cgm\2.code\bh66f2455_driver\application_projects\source\Work_Mode_Polling.c"
 229  0045  0FA8        	mov a,168
 229  0046  009E        	mov [30],a
 230  0047              #line 230 "d:\d200\product\git\bh66f2455_evm_cgm\2.code\bh66f2455_driver\application_projects\source\Work_Mode_Polling.c"
 230  0047              ;# 230 "d:\d200\product\git\bh66f2455_evm_cgm\2.code\bh66f2455_driver\application_projects\source\Work_Mode_Polling.c" 1
 230  0047  0001        	clr wdt
 231  0048              #line 231 "d:\d200\product\git\bh66f2455_evm_cgm\2.code\bh66f2455_driver\application_projects\source\Work_Mode_Polling.c"
 231  0048              ;# 231 "d:\d200\product\git\bh66f2455_evm_cgm\2.code\bh66f2455_driver\application_projects\source\Work_Mode_Polling.c" 1
 231  0048  0002        	halt
 231  0049              #pragma debug scope 12 10
 231  0049              ;begin block, line: 231.-1
 231  0049              #pragma debug struct_end
 231  0049              #pragma debug struct_end
 231  0049              #pragma debug variable 50 12 _CurrentWe1Start_2+7 "oscCfg"
 235  0049              #line 235 "d:\d200\product\git\bh66f2455_evm_cgm\2.code\bh66f2455_driver\application_projects\source\Work_Mode_Polling.c"
 235  0049  1F00     R  	clr _CurrentWe1Start_2[7]
 236  004A              #line 236 "d:\d200\product\git\bh66f2455_evm_cgm\2.code\bh66f2455_driver\application_projects\source\Work_Mode_Polling.c"
 236  004A  0F01        	mov a,1
 236  004B  0080     R  	mov _CurrentWe1Start_2[8],a
 237  004C              #line 237 "d:\d200\product\git\bh66f2455_evm_cgm\2.code\bh66f2455_driver\application_projects\source\Work_Mode_Polling.c"
 237  004C  0F00     R  	mov a,low offset _CurrentWe1Start_2
 237  004D  0080     E  	mov ra,a
 237  004E  0F00     R  	mov a,high offset _CurrentWe1Start_2
 237  004F  0080     E  	mov rb,a
 237  0050  0F07        	mov a,7
 237  0051  0300     E  	add a,ra
 237  0052  0080     E  	mov _Oscillators_Cfg_2[0],a
 237  0053  0F00        	mov a,0
 237  0054  1300     E  	adc a,rb
 237  0055  0080     E  	mov _Oscillators_Cfg_2[1],a
 237  0056  2000     E  	call _Oscillators_Cfg
 237  0057              #pragma debug scope 10 1
 240  0057              #line 240 "d:\d200\product\git\bh66f2455_evm_cgm\2.code\bh66f2455_driver\application_projects\source\Work_Mode_Polling.c"
 240  0057  3295        	set [21].5
 240  0058  3296        	set [22].5
 240  0059  3297        	set [23].5
 241  005A              #line 241 "d:\d200\product\git\bh66f2455_evm_cgm\2.code\bh66f2455_driver\application_projects\source\Work_Mode_Polling.c"
 241  005A  0F52        	mov a,82
 241  005B  009E        	mov [30],a
 243  005C              #line 243 "d:\d200\product\git\bh66f2455_evm_cgm\2.code\bh66f2455_driver\application_projects\source\Work_Mode_Polling.c"
 243  005C  1F00     R  	clr _sum[0]
 243  005D  1F00     R  	clr _sum[1]
 243  005E  1F00     R  	clr _sum[2]
 243  005F  1F00     R  	clr _sum[3]
 244  0060              #line 244 "d:\d200\product\git\bh66f2455_evm_cgm\2.code\bh66f2455_driver\application_projects\source\Work_Mode_Polling.c"
 244  0060  0F01        	mov a,1
 244  0061  4081        	mov [129],a
 247  0062              #line 247 "d:\d200\product\git\bh66f2455_evm_cgm\2.code\bh66f2455_driver\application_projects\source\Work_Mode_Polling.c"
 247  0062  1F00     R  	clr _adcAvgWE1[0]
 247  0063  1F00     R  	clr _adcAvgWE1[1]
 247  0064  1F00     R  	clr _adcAvgWE1[2]
 247  0065  1F00     R  	clr _adcAvgWE1[3]
 248  0066              #line 248 "d:\d200\product\git\bh66f2455_evm_cgm\2.code\bh66f2455_driver\application_projects\source\Work_Mode_Polling.c"
 248  0066  1F00     R  	clr _adcCntWE1[0]
 249  0067              #line 249 "d:\d200\product\git\bh66f2455_evm_cgm\2.code\bh66f2455_driver\application_projects\source\Work_Mode_Polling.c"
 249  0067  4713        	mov a,[147]
 249  0068  0080     R  	mov _lastNaWe1Raw[0],a
 249  0069  4714        	mov a,[148]
 249  006A  0080     R  	mov _lastNaWe1Raw[1],a
 249  006B  4715        	mov a,[149]
"File: Work_Mode_Polling.c  Assembler  Version HGASM0202      Page 11

 249  006C  0080     R  	mov _lastNaWe1Raw[2],a
 249  006D  4716        	mov a,[150]
 249  006E  0080     R  	mov _lastNaWe1Raw[3],a
 249  006F  0003        	ret
 249  0070              _CurrentWe1Start endp
 249  0070              #line 249 "d:\d200\product\git\bh66f2455_evm_cgm\2.code\bh66f2455_driver\application_projects\source\Work_Mode_Polling.c"
 249  0070              #pragma debug scope 1 1
 249  0070              public _CurrentWe2Start
 249  0070              #pragma debug scope 13 1
 253  0070              #line 253 "d:\d200\product\git\bh66f2455_evm_cgm\2.code\bh66f2455_driver\application_projects\source\Work_Mode_Polling.c"
 253  0000              _CurrentWe2Start .section 'code'
 253  0000              _CurrentWe2Start proc
 253  0000  0003        	ret
 253  0001              _CurrentWe2Start endp
 253  0001              #line 253 "d:\d200\product\git\bh66f2455_evm_cgm\2.code\bh66f2455_driver\application_projects\source\Work_Mode_Polling.c"
 253  0001              #pragma debug scope 1 1
 253  0001              public _BatVolPolling
 253  0001              #pragma debug scope 14 1
 258  0001              #line 258 "d:\d200\product\git\bh66f2455_evm_cgm\2.code\bh66f2455_driver\application_projects\source\Work_Mode_Polling.c"
 258  0000              _BatVolPolling .section 'code'
 258  0000              _BatVolPolling proc
 258  0000  0003        	ret
 258  0001              _BatVolPolling endp
 258  0001              #line 258 "d:\d200\product\git\bh66f2455_evm_cgm\2.code\bh66f2455_driver\application_projects\source\Work_Mode_Polling.c"
 258  0001              #pragma debug scope 1 1
 258  0001              public _TemperaturePolling
 258  0001              #pragma debug scope 15 1
 277  0001              #line 277 "d:\d200\product\git\bh66f2455_evm_cgm\2.code\bh66f2455_driver\application_projects\source\Work_Mode_Polling.c"
 277  0000              _TemperaturePolling .section 'code'
 277  0000              _TemperaturePolling proc
 277  0000  000C[           local _TemperaturePolling_2 db 12 dup(?)	; 0,12
            00
            ]
 278  000C              #line 278 "d:\d200\product\git\bh66f2455_evm_cgm\2.code\bh66f2455_driver\application_projects\source\Work_Mode_Polling.c"
 278  0000  0700     E  	mov a,_adcAutoModeBufP[0]
 278  0001  0080     E  	mov rb,a
 278  0002  0700     E  	mov a,_adcAutoModeBufP[1]
 278  0003  0080     E  	mov rc,a
 278  0004  3800     E  	snz _adc24SourceData[6].1
 278  0005  2800     R  	jmp _L19
 280  0006              #line 280 "d:\d200\product\git\bh66f2455_evm_cgm\2.code\bh66f2455_driver\application_projects\source\Work_Mode_Polling.c"
 280  0006  3400     E  	clr _adc24SourceData[6].1
 280  0007              #pragma debug scope 16 15
 280  0007              ;begin block, line: 280.-1
 280  0007              #pragma debug variable 13 16 _TemperaturePolling_2+0 "dataSum"
 283  0007              #line 283 "d:\d200\product\git\bh66f2455_evm_cgm\2.code\bh66f2455_driver\application_projects\source\Work_Mode_Polling.c"
 283  0007  1F00     R  	clr _TemperaturePolling_2[0]
 283  0008  1F00     R  	clr _TemperaturePolling_2[1]
 283  0009  1F00     R  	clr _TemperaturePolling_2[2]
 283  000A  1F00     R  	clr _TemperaturePolling_2[3]
 283  000B  0F08        	mov a,8
 283  000C  0080     E  	mov rh,a
 284  000D              #line 284 "d:\d200\product\git\bh66f2455_evm_cgm\2.code\bh66f2455_driver\application_projects\source\Work_Mode_Polling.c"
 284  000D  1F00     E  	clr ra
 284  000E              _L22:
 286  000E              #line 286 "d:\d200\product\git\bh66f2455_evm_cgm\2.code\bh66f2455_driver\application_projects\source\Work_Mode_Polling.c"
 286  000E  0700     E  	mov a,ra
 286  000F  0080     E  	mov rd,a
 286  0010  1F00     E  	clr re
 286  0011  340A        	clr c
"File: Work_Mode_Polling.c  Assembler  Version HGASM0202      Page 12

 286  0012  1A80     E  	rlc rd
 286  0013  1A80     E  	rlc re
 286  0014  340A        	clr c
 286  0015  1A80     E  	rlc rd
 286  0016  1A80     E  	rlc re
 286  0017  0F00     R  	mov a,low offset _adc24SourceDataBuf
 286  0018  0300     E  	add a,rd
 286  0019  0080     E  	mov rf,a
 286  001A  0F00     R  	mov a,high offset _adc24SourceDataBuf
 286  001B  1300     E  	adc a,re
 286  001C  0080     E  	mov rg,a
 286  001D  0700     E  	mov a,rf
 286  001E  0083        	mov mp,a
 286  001F  0700     E  	mov a,rg
 286  0020  0084        	mov sbp,a
 286  0021  0F00        	mov a,0
 286  0022  0082        	mov ir,a
 287  0023              #line 287 "d:\d200\product\git\bh66f2455_evm_cgm\2.code\bh66f2455_driver\application_projects\source\Work_Mode_Polling.c"
 287  0023  0700     E  	mov a,rb
 287  0024  0083        	mov mp,a
 287  0025  0700     E  	mov a,rc
 287  0026  0084        	mov sbp,a
 287  0027  2000     E  	call _Crom2Prom
 287  0028  0080     R  	mov _TemperaturePolling_2[4],a
 287  0029  0F00     R  	mov a,low (offset _adc24SourceDataBuf+1)
 287  002A  0300     E  	add a,rd
 287  002B  0083        	mov mp,a
 287  002C  0F00     R  	mov a,high (offset _adc24SourceDataBuf+1)
 287  002D  1300     E  	adc a,re
 287  002E  0084        	mov sbp,a
 287  002F  0700     R  	mov a,_TemperaturePolling_2[4]
 287  0030  0082        	mov ir,a
 288  0031              #line 288 "d:\d200\product\git\bh66f2455_evm_cgm\2.code\bh66f2455_driver\application_projects\source\Work_Mode_Polling.c"
 288  0031  0F01        	mov a,1
 288  0032  0300     E  	add a,rb
 288  0033  0083        	mov mp,a
 288  0034  0F00        	mov a,0
 288  0035  1300     E  	adc a,rc
 288  0036  0084        	mov sbp,a
 288  0037  2000     E  	call _Crom2Prom
 288  0038  0080     R  	mov _TemperaturePolling_2[4],a
 288  0039  0F00     R  	mov a,low (offset _adc24SourceDataBuf+2)
 288  003A  0300     E  	add a,rd
 288  003B  0083        	mov mp,a
 288  003C  0F00     R  	mov a,high (offset _adc24SourceDataBuf+2)
 288  003D  1300     E  	adc a,re
 288  003E  0084        	mov sbp,a
 288  003F  0700     R  	mov a,_TemperaturePolling_2[4]
 288  0040  0082        	mov ir,a
 289  0041              #line 289 "d:\d200\product\git\bh66f2455_evm_cgm\2.code\bh66f2455_driver\application_projects\source\Work_Mode_Polling.c"
 289  0041  0F03        	mov a,3
 289  0042  0300     E  	add a,rb
 289  0043  0080     R  	mov _TemperaturePolling_2[4],a
 289  0044  0F00        	mov a,0
 289  0045  1300     E  	adc a,rc
 289  0046  0080     R  	mov _TemperaturePolling_2[5],a
 289  0047  0F02        	mov a,2
 289  0048  0300     E  	add a,rb
 289  0049  0083        	mov mp,a
 289  004A  0F00        	mov a,0
"File: Work_Mode_Polling.c  Assembler  Version HGASM0202      Page 13

 289  004B  1300     E  	adc a,rc
 289  004C  0084        	mov sbp,a
 289  004D  2000     E  	call _Crom2Prom
 289  004E  0080     E  	mov rb,a
 289  004F  0F00     R  	mov a,low (offset _adc24SourceDataBuf+3)
 289  0050  0300     E  	add a,rd
 289  0051  0083        	mov mp,a
 289  0052  0F00     R  	mov a,high (offset _adc24SourceDataBuf+3)
 289  0053  1300     E  	adc a,re
 289  0054  0084        	mov sbp,a
 289  0055  0700     E  	mov a,rb
 289  0056  0082        	mov ir,a
 291  0057              #line 291 "d:\d200\product\git\bh66f2455_evm_cgm\2.code\bh66f2455_driver\application_projects\source\Work_Mode_Polling.c"
 291  0057  0700     E  	mov a,rf
 291  0058  0083        	mov mp,a
 291  0059  0700     E  	mov a,rg
 291  005A  0084        	mov sbp,a
 291  005B  2000     E  	call _Crom2Prom
 291  005C  0080     E  	mov rb,a
 291  005D  2000     E  	call _Crom2PromNext
 291  005E  0080     E  	mov rc,a
 291  005F  2000     E  	call _Crom2PromNext
 291  0060  0080     E  	mov rd,a
 291  0061  2000     E  	call _Crom2PromNext
 291  0062  0080     E  	mov re,a
 291  0063  0700     E  	mov a,rd
 291  0064  0080     E  	mov rb,a
 291  0065  0700     E  	mov a,re
 291  0066  0080     E  	mov rc,a
 291  0067  1F00     E  	clr re
 291  0068  3C00     E  	sz rc.7
 291  0069  1F80     E  	set re
 291  006A  1F00     E  	clr rd
 291  006B  3C00     E  	sz rc.7
 291  006C  1F80     E  	set rd
 291  006D  0700     E  	mov a,rf
 291  006E  0083        	mov mp,a
 291  006F  0700     E  	mov a,rg
 291  0070  0084        	mov sbp,a
 291  0071  0700     E  	mov a,rb
 291  0072  0082        	mov ir,a
 291  0073  1483        	inc mp
 291  0074  0700     E  	mov a,rc
 291  0075  0082        	mov ir,a
 291  0076  1483        	inc mp
 291  0077  0700     E  	mov a,rd
 291  0078  0082        	mov ir,a
 291  0079  1483        	inc mp
 291  007A  0700     E  	mov a,re
 291  007B  0082        	mov ir,a
 292  007C              #line 292 "d:\d200\product\git\bh66f2455_evm_cgm\2.code\bh66f2455_driver\application_projects\source\Work_Mode_Polling.c"
 292  007C  0700     E  	mov a,rb
 292  007D  0380     R  	addm a,_TemperaturePolling_2[0]
 292  007E  0700     E  	mov a,rc
 292  007F  1380     R  	adcm a,_TemperaturePolling_2[1]
 292  0080  0700     E  	mov a,rd
 292  0081  1380     R  	adcm a,_TemperaturePolling_2[2]
 292  0082  0700     E  	mov a,re
 292  0083  1380     R  	adcm a,_TemperaturePolling_2[3]
 284  0084              #line 284 "d:\d200\product\git\bh66f2455_evm_cgm\2.code\bh66f2455_driver\application_projects\source\Work_Mode_Polling.c"
"File: Work_Mode_Polling.c  Assembler  Version HGASM0202      Page 14

 284  0084  1480     E  	inc ra
 284  0085  1780     E  	sdz rh
 284  0086  2800     R  	jmp _LI1
 284  0087  2800     R  	jmp _L21
 284  0088              _LI1:
 289  0088              #line 289 "d:\d200\product\git\bh66f2455_evm_cgm\2.code\bh66f2455_driver\application_projects\source\Work_Mode_Polling.c"
 289  0088  0700     R  	mov a,_TemperaturePolling_2[4]
 289  0089  0080     E  	mov rb,a
 289  008A  0700     R  	mov a,_TemperaturePolling_2[5]
 289  008B  0080     E  	mov rc,a
 289  008C  2800     R  	jmp _L22
 289  008D              _L21:
 294  008D              #line 294 "d:\d200\product\git\bh66f2455_evm_cgm\2.code\bh66f2455_driver\application_projects\source\Work_Mode_Polling.c"
 294  008D  0700     R  	mov a,_TemperaturePolling_2[0]
 294  008E  0080     E  	mov re,a
 294  008F  0700     R  	mov a,_TemperaturePolling_2[1]
 294  0090  0080     E  	mov rf,a
 294  0091  0700     R  	mov a,_TemperaturePolling_2[2]
 294  0092  0080     E  	mov rg,a
 294  0093  0700     R  	mov a,_TemperaturePolling_2[3]
 294  0094  0080     E  	mov rh,a
 294  0095  3800     E  	snz rh.7
 294  0096  2800     R  	jmp _L23
 294  0097  0F07        	mov a,7
 294  0098  0380     E  	addm a,re
 294  0099  0F00        	mov a,0
 294  009A  1380     E  	adcm a,rf
 294  009B  1380     E  	adcm a,rg
 294  009C  1380     E  	adcm a,rh
 294  009D              _L23:
 294  009D  0700     E  	mov a,re
 294  009E  0080     E  	mov ra,a
 294  009F  0700     E  	mov a,rf
 294  00A0  0080     E  	mov rb,a
 294  00A1  0700     E  	mov a,rg
 294  00A2  0080     E  	mov rc,a
 294  00A3  0700     E  	mov a,rh
 294  00A4  0080     E  	mov rd,a
 294  00A5  0F03        	mov a,3
 294  00A6              _LI2:
 294  00A6  340A        	clr c
 294  00A7  3C00     E  	sz rd.7
 294  00A8  300A        	set c
 294  00A9  1B80     E  	rrc rd
 294  00AA  1B80     E  	rrc rc
 294  00AB  1B80     E  	rrc rb
 294  00AC  1B80     E  	rrc ra
 294  00AD  1785        	sdz acc
 294  00AE  2800     R  	jmp _LI2
 294  00AF  0700     E  	mov a,ra
 294  00B0  0080     R  	mov _TemperaturePolling_2[0],a
 294  00B1  0700     E  	mov a,rb
 294  00B2  0080     R  	mov _TemperaturePolling_2[1],a
 294  00B3  0700     E  	mov a,rc
 294  00B4  0080     R  	mov _TemperaturePolling_2[2],a
 294  00B5  0700     E  	mov a,rd
 294  00B6  0080     R  	mov _TemperaturePolling_2[3],a
 297  00B7              #line 297 "d:\d200\product\git\bh66f2455_evm_cgm\2.code\bh66f2455_driver\application_projects\source\Work_Mode_Polling.c"
 297  00B7  4709        	mov a,[137]
 297  00B8  0080     E  	mov rd,a
"File: Work_Mode_Polling.c  Assembler  Version HGASM0202      Page 15

 297  00B9  470A        	mov a,[138]
 297  00BA  0080     E  	mov re,a
 297  00BB  1F00     E  	clr rf
 297  00BC  1F00     E  	clr rg
 297  00BD  0700     E  	mov a,rd
 297  00BE  0080     E  	mov _builtin_holtek_mulsi3_2[0],a
 297  00BF  0700     E  	mov a,re
 297  00C0  0080     E  	mov _builtin_holtek_mulsi3_2[1],a
 297  00C1  0700     E  	mov a,rf
 297  00C2  0080     E  	mov _builtin_holtek_mulsi3_2[2],a
 297  00C3  0700     E  	mov a,rg
 297  00C4  0080     E  	mov _builtin_holtek_mulsi3_2[3],a
 297  00C5  0700     R  	mov a,_TemperaturePolling_2[0]
 297  00C6  0080     E  	mov _builtin_holtek_mulsi3_2[4],a
 297  00C7  0700     R  	mov a,_TemperaturePolling_2[1]
 297  00C8  0080     E  	mov _builtin_holtek_mulsi3_2[5],a
 297  00C9  0700     R  	mov a,_TemperaturePolling_2[2]
 297  00CA  0080     E  	mov _builtin_holtek_mulsi3_2[6],a
 297  00CB  0700     R  	mov a,_TemperaturePolling_2[3]
 297  00CC  0080     E  	mov _builtin_holtek_mulsi3_2[7],a
 297  00CD  2000     E  	call _builtin_holtek_mulsi3
 297  00CE  0700     E  	mov a,_builtin_holtek_mulsi3_2[8]
 297  00CF  0080     E  	mov re,a
 297  00D0  0700     E  	mov a,_builtin_holtek_mulsi3_2[9]
 297  00D1  0080     E  	mov rf,a
 297  00D2  0700     E  	mov a,_builtin_holtek_mulsi3_2[10]
 297  00D3  0080     E  	mov rg,a
 297  00D4  0700     E  	mov a,_builtin_holtek_mulsi3_2[11]
 297  00D5  0080     E  	mov rh,a
 297  00D6  0F00        	mov a,0
 297  00D7  0200     R  	sub a,_TemperaturePolling_2[0]
 297  00D8  0080     E  	mov ra,a
 297  00D9  0F80        	mov a,128
 297  00DA  1200     R  	sbc a,_TemperaturePolling_2[1]
 297  00DB  0080     E  	mov rb,a
 297  00DC  0F00        	mov a,0
 297  00DD  1200     R  	sbc a,_TemperaturePolling_2[2]
 297  00DE  0080     E  	mov rc,a
 297  00DF  0F00        	mov a,0
 297  00E0  1200     R  	sbc a,_TemperaturePolling_2[3]
 297  00E1  0080     E  	mov rd,a
 297  00E2  0700     E  	mov a,ra
 297  00E3  0080     R  	mov _TemperaturePolling_2[8],a
 297  00E4  0700     E  	mov a,rb
 297  00E5  0080     R  	mov _TemperaturePolling_2[9],a
 297  00E6  0700     E  	mov a,rc
 297  00E7  0080     R  	mov _TemperaturePolling_2[10],a
 297  00E8  0700     E  	mov a,rd
 297  00E9  0080     R  	mov _TemperaturePolling_2[11],a
 297  00EA  0700     E  	mov a,re  
 297  00EB  0080     E  	mov _builtin_holtek_udivmodsi4_2[0],a  
 297  00EC  0700     E  	mov a,rf  
 297  00ED  0080     E  	mov _builtin_holtek_udivmodsi4_2[1],a
 297  00EE  0700     E  	mov a,rg  
 297  00EF  0080     E  	mov _builtin_holtek_udivmodsi4_2[2],a  
 297  00F0  0700     E  	mov a,rh  
 297  00F1  0080     E  	mov _builtin_holtek_udivmodsi4_2[3],a
 297  00F2  0700     E  	mov a,ra  
 297  00F3  0080     E  	mov _builtin_holtek_udivmodsi4_2[4],a  
 297  00F4  0700     E  	mov a,rb  
"File: Work_Mode_Polling.c  Assembler  Version HGASM0202      Page 16

 297  00F5  0080     E  	mov _builtin_holtek_udivmodsi4_2[5],a
 297  00F6  0700     E  	mov a,rc  
 297  00F7  0080     E  	mov _builtin_holtek_udivmodsi4_2[6],a  
 297  00F8  0700     E  	mov a,rd  
 297  00F9  0080     E  	mov _builtin_holtek_udivmodsi4_2[7],a
 297  00FA  2000     E  	call _builtin_holtek_divmodsi4
 297  00FB  0700     E  	mov a,_builtin_holtek_udivmodsi4_2[0]  
 297  00FC  0080     E  	mov rd,a  
 297  00FD  0700     E  	mov a,_builtin_holtek_udivmodsi4_2[1]  
 297  00FE  0080     E  	mov re,a
 297  00FF  0700     E  	mov a,_builtin_holtek_udivmodsi4_2[2]  
 297  0100  0080     E  	mov rf,a  
 297  0101  0700     E  	mov a,_builtin_holtek_udivmodsi4_2[3]  
 297  0102  0080     E  	mov rg,a
 297  0103  0700     E  	mov a,rd
 297  0104  408D        	mov [141],a
 297  0105  0700     E  	mov a,re
 297  0106  408E        	mov [142],a
 299  0107              #line 299 "d:\d200\product\git\bh66f2455_evm_cgm\2.code\bh66f2455_driver\application_projects\source\Work_Mode_Polling.c"
 299  0107  31FB        	set [123].3
 299  0108  317B        	set [123].2
 302  0109              #line 302 "d:\d200\product\git\bh66f2455_evm_cgm\2.code\bh66f2455_driver\application_projects\source\Work_Mode_Polling.c"
 302  0109  0F01        	mov a,1
 302  010A  4083        	mov [131],a
 303  010B              #line 303 "d:\d200\product\git\bh66f2455_evm_cgm\2.code\bh66f2455_driver\application_projects\source\Work_Mode_Polling.c"
 303  010B  2000     E  	call _DRDY_Ready
 304  010C              #line 304 "d:\d200\product\git\bh66f2455_evm_cgm\2.code\bh66f2455_driver\application_projects\source\Work_Mode_Polling.c"
 304  010C              ;# 304 "d:\d200\product\git\bh66f2455_evm_cgm\2.code\bh66f2455_driver\application_projects\source\Work_Mode_Polling.c" 1
 304  010C              	IF 3000>263690
 304  010C              ;# 304 "d:\d200\product\git\bh66f2455_evm_cgm\2.code\bh66f2455_driver\application_projects\source\Work_Mode_Polling.c" 1
 304  010C              	ERRMESSAGE 'the value 3000of the argument exceeds the maxinum 263690'
 304  010C              	ENDIF
 304  010C              ;# 304 "d:\d200\product\git\bh66f2455_evm_cgm\2.code\bh66f2455_driver\application_projects\source\Work_Mode_Polling.c" 1
 304  010C              	IF 3000<0
 304  010C              ;# 304 "d:\d200\product\git\bh66f2455_evm_cgm\2.code\bh66f2455_driver\application_projects\source\Work_Mode_Polling.c" 1
 304  010C              	ERRMESSAGE 'the value 3000 of the argument exceeds the mininum 0'
 304  010C              	ENDIF
 304  010C              ;# 304 "d:\d200\product\git\bh66f2455_evm_cgm\2.code\bh66f2455_driver\application_projects\source\Work_Mode_Polling.c" 1
 304  010C              	IF 3000==0
 304  010C              ;# 304 "d:\d200\product\git\bh66f2455_evm_cgm\2.code\bh66f2455_driver\application_projects\source\Work_Mode_Polling.c" 1
 304  010C              	JMP $
 304  010C              	ENDIF
 304  010C              ;# 304 "d:\d200\product\git\bh66f2455_evm_cgm\2.code\bh66f2455_driver\application_projects\source\Work_Mode_Polling.c" 1
 304  010C              	IF 3000==1
 304  010C              ;# 304 "d:\d200\product\git\bh66f2455_evm_cgm\2.code\bh66f2455_driver\application_projects\source\Work_Mode_Polling.c" 1
 304  010C              	NOP
 304  010C              	ENDIF
 304  010C              ;# 304 "d:\d200\product\git\bh66f2455_evm_cgm\2.code\bh66f2455_driver\application_projects\source\Work_Mode_Polling.c" 1
 304  010C              	IF 3000==2
 304  010C              ;# 304 "d:\d200\product\git\bh66f2455_evm_cgm\2.code\bh66f2455_driver\application_projects\source\Work_Mode_Polling.c" 1
 304  010C              	NOP
 304  010C              ;# 304 "d:\d200\product\git\bh66f2455_evm_cgm\2.code\bh66f2455_driver\application_projects\source\Work_Mode_Polling.c" 1
 304  010C              	NOP
 304  010C              	ENDIF
 304  010C              ;# 304 "d:\d200\product\git\bh66f2455_evm_cgm\2.code\bh66f2455_driver\application_projects\source\Work_Mode_Polling.c" 1
 304  010C              	IF 3000==3
 304  010C              ;# 304 "d:\d200\product\git\bh66f2455_evm_cgm\2.code\bh66f2455_driver\application_projects\source\Work_Mode_Polling.c" 1
 304  010C              	NOP
 304  010C              ;# 304 "d:\d200\product\git\bh66f2455_evm_cgm\2.code\bh66f2455_driver\application_projects\source\Work_Mode_Polling.c" 1
 304  010C              	NOP
"File: Work_Mode_Polling.c  Assembler  Version HGASM0202      Page 17

 304  010C              ;# 304 "d:\d200\product\git\bh66f2455_evm_cgm\2.code\bh66f2455_driver\application_projects\source\Work_Mode_Polling.c" 1
 304  010C              	NOP
 304  010C              	ENDIF
 304  010C              ;# 304 "d:\d200\product\git\bh66f2455_evm_cgm\2.code\bh66f2455_driver\application_projects\source\Work_Mode_Polling.c" 1
 304  010C              	IF (3000<8) AND (3000>3)
 304  010C              ;# 304 "d:\d200\product\git\bh66f2455_evm_cgm\2.code\bh66f2455_driver\application_projects\source\Work_Mode_Polling.c" 1
 304  010C              	CALL __DELAY3 + 7 -3000
 304  010C              	ENDIF
 304  010C              ;# 304 "d:\d200\product\git\bh66f2455_evm_cgm\2.code\bh66f2455_driver\application_projects\source\Work_Mode_Polling.c" 1
 304  010C              	IF (3000< 0404h) AND (3000>7)
 304  010C              ;# 304 "d:\d200\product\git\bh66f2455_evm_cgm\2.code\bh66f2455_driver\application_projects\source\Work_Mode_Polling.c" 1
 304  010C              	MOV A,3000/4-1
 304  010C              ;# 304 "d:\d200\product\git\bh66f2455_evm_cgm\2.code\bh66f2455_driver\application_projects\source\Work_Mode_Polling.c" 1
 304  010C              	CALL __DELAYX3 + 3 -(3000 MOD 4)
 304  010C              	ENDIF
 304  010C              ;# 304 "d:\d200\product\git\bh66f2455_evm_cgm\2.code\bh66f2455_driver\application_projects\source\Work_Mode_Polling.c" 1
 304  010C              	IF (3000< 0x40B) AND (3000> 0403h)
 304  010C              ;# 304 "d:\d200\product\git\bh66f2455_evm_cgm\2.code\bh66f2455_driver\application_projects\source\Work_Mode_Polling.c" 1
 304  010C              	MOV A,0 
 304  010C              ;# 304 "d:\d200\product\git\bh66f2455_evm_cgm\2.code\bh66f2455_driver\application_projects\source\Work_Mode_Polling.c" 1
 304  010C              	CALL __DELAYX6 + 0x40a -3000
 304  010C              	ENDIF
 304  010C              ;# 304 "d:\d200\product\git\bh66f2455_evm_cgm\2.code\bh66f2455_driver\application_projects\source\Work_Mode_Polling.c" 1
 304  010C              	IF (3000 >= 0x40b) AND ((((3000-9)%0402h)/4+1)>256)
 304  010C              ;# 304 "d:\d200\product\git\bh66f2455_evm_cgm\2.code\bh66f2455_driver\application_projects\source\Work_Mode_Polling.c" 1
 304  010C              	MOV A,(3000-9)/0402h
 304  010C              ;# 304 "d:\d200\product\git\bh66f2455_evm_cgm\2.code\bh66f2455_driver\application_projects\source\Work_Mode_Polling.c" 1
 304  010C              	MOV _builtin_holtek_delay_2,A
 304  010C              ;# 304 "d:\d200\product\git\bh66f2455_evm_cgm\2.code\bh66f2455_driver\application_projects\source\Work_Mode_Polling.c" 1
 304  010C              	MOV A,0
 304  010C              ;# 304 "d:\d200\product\git\bh66f2455_evm_cgm\2.code\bh66f2455_driver\application_projects\source\Work_Mode_Polling.c" 1
 304  010C              	CALL __DELAYY5 +5- (((3000-9)%0402h)%6)
 304  010C              	ENDIF
 304  010C              ;# 304 "d:\d200\product\git\bh66f2455_evm_cgm\2.code\bh66f2455_driver\application_projects\source\Work_Mode_Polling.c" 1
 304  010C              	IF (3000 >= 0x40b) AND ((((3000-9)%0402h)/4+1)<=256)
 304  010C              ;# 304 "d:\d200\product\git\bh66f2455_evm_cgm\2.code\bh66f2455_driver\application_projects\source\Work_Mode_Polling.c" 1
 304  010C  0F02        	MOV A,(3000-9)/0402h
 304  010D              ;# 304 "d:\d200\product\git\bh66f2455_evm_cgm\2.code\bh66f2455_driver\application_projects\source\Work_Mode_Polling.c" 1
 304  010D  0080     E  	MOV _builtin_holtek_delay_2,A
 304  010E              ;# 304 "d:\d200\product\git\bh66f2455_evm_cgm\2.code\bh66f2455_driver\application_projects\source\Work_Mode_Polling.c" 1
 304  010E  0FEB        	MOV A,((3000-9)%0402h)/4+1
 304  010F              ;# 304 "d:\d200\product\git\bh66f2455_evm_cgm\2.code\bh66f2455_driver\application_projects\source\Work_Mode_Polling.c" 1
 304  010F  2000     E  	CALL __DELAYY3 +3-(((3000-9)%0402h)%4)
 304  0110              	ENDIF
 304  0110              _L19:
 304  0110              #pragma debug scope 15 1
 304  0110  0003        	ret
 304  0111              _TemperaturePolling endp
 304  0111              #line 304 "d:\d200\product\git\bh66f2455_evm_cgm\2.code\bh66f2455_driver\application_projects\source\Work_Mode_Polling.c"
 304  0111              #pragma debug scope 1 1
 304  0111              ___fbrc equ [82]
 304  0111              public _CurrentWe1Polling
 304  0111              #pragma debug scope 17 1
 310  0111              #line 310 "d:\d200\product\git\bh66f2455_evm_cgm\2.code\bh66f2455_driver\application_projects\source\Work_Mode_Polling.c"
 310  0000              _CurrentWe1Polling .section 'code'
 310  0000              _CurrentWe1Polling proc
 310  0000  0010[           local _CurrentWe1Polling_2 db 16 dup(?)	; 0,16
            00
            ]
 311  0010              #line 311 "d:\d200\product\git\bh66f2455_evm_cgm\2.code\bh66f2455_driver\application_projects\source\Work_Mode_Polling.c"
"File: Work_Mode_Polling.c  Assembler  Version HGASM0202      Page 18

 311  0000  3800     E  	snz _adc24SourceData[6].1
 311  0001  2800     R  	jmp _L27
 311  0002              #pragma debug scope 18 17
 311  0002              ;begin block, line: 311.-1
 311  0002              #pragma debug scope 19 18
 311  0002              ;begin block, line: 311.-1
 311  0002              #pragma debug variable 13 19 _CurrentWe1Polling_2+0 "opaMv_x10"
 313  0002              #line 313 "d:\d200\product\git\bh66f2455_evm_cgm\2.code\bh66f2455_driver\application_projects\source\Work_Mode_Polling.c"
 313  0002  3400     E  	clr _adc24SourceData[6].1
 313  0003              #pragma debug scope 20 19
 313  0003              ;begin block, line: 313.-1
 317  0003              #line 317 "d:\d200\product\git\bh66f2455_evm_cgm\2.code\bh66f2455_driver\application_projects\source\Work_Mode_Polling.c"
 317  0003  0700     E  	mov a,_adcAutoModeBufP[0]
 317  0004  0080     E  	mov rb,a
 317  0005  0700     E  	mov a,_adcAutoModeBufP[1]
 317  0006  0080     E  	mov rc,a
 317  0007  0F08        	mov a,8
 317  0008  0080     E  	mov rh,a
 318  0009              #line 318 "d:\d200\product\git\bh66f2455_evm_cgm\2.code\bh66f2455_driver\application_projects\source\Work_Mode_Polling.c"
 318  0009  1F00     E  	clr ra
 318  000A              _L30:
 320  000A              #line 320 "d:\d200\product\git\bh66f2455_evm_cgm\2.code\bh66f2455_driver\application_projects\source\Work_Mode_Polling.c"
 320  000A  0700     E  	mov a,ra
 320  000B  0080     E  	mov rd,a
 320  000C  1F00     E  	clr re
 320  000D  340A        	clr c
 320  000E  1A80     E  	rlc rd
 320  000F  1A80     E  	rlc re
 320  0010  340A        	clr c
 320  0011  1A80     E  	rlc rd
 320  0012  1A80     E  	rlc re
 320  0013  0F00     R  	mov a,low offset _adc24SourceDataBuf
 320  0014  0300     E  	add a,rd
 320  0015  0080     E  	mov rf,a
 320  0016  0F00     R  	mov a,high offset _adc24SourceDataBuf
 320  0017  1300     E  	adc a,re
 320  0018  0080     E  	mov rg,a
 320  0019  0700     E  	mov a,rf
 320  001A  0083        	mov mp,a
 320  001B  0700     E  	mov a,rg
 320  001C  0084        	mov sbp,a
 320  001D  0F00        	mov a,0
 320  001E  0082        	mov ir,a
 321  001F              #line 321 "d:\d200\product\git\bh66f2455_evm_cgm\2.code\bh66f2455_driver\application_projects\source\Work_Mode_Polling.c"
 321  001F  0700     E  	mov a,rb
 321  0020  0083        	mov mp,a
 321  0021  0700     E  	mov a,rc
 321  0022  0084        	mov sbp,a
 321  0023  2000     E  	call _Crom2Prom
 321  0024  0080     R  	mov _CurrentWe1Polling_2[4],a
 321  0025  0F00     R  	mov a,low (offset _adc24SourceDataBuf+1)
 321  0026  0300     E  	add a,rd
 321  0027  0083        	mov mp,a
 321  0028  0F00     R  	mov a,high (offset _adc24SourceDataBuf+1)
 321  0029  1300     E  	adc a,re
 321  002A  0084        	mov sbp,a
 321  002B  0700     R  	mov a,_CurrentWe1Polling_2[4]
 321  002C  0082        	mov ir,a
 322  002D              #line 322 "d:\d200\product\git\bh66f2455_evm_cgm\2.code\bh66f2455_driver\application_projects\source\Work_Mode_Polling.c"
 322  002D  0F01        	mov a,1
"File: Work_Mode_Polling.c  Assembler  Version HGASM0202      Page 19

 322  002E  0300     E  	add a,rb
 322  002F  0083        	mov mp,a
 322  0030  0F00        	mov a,0
 322  0031  1300     E  	adc a,rc
 322  0032  0084        	mov sbp,a
 322  0033  2000     E  	call _Crom2Prom
 322  0034  0080     R  	mov _CurrentWe1Polling_2[4],a
 322  0035  0F00     R  	mov a,low (offset _adc24SourceDataBuf+2)
 322  0036  0300     E  	add a,rd
 322  0037  0083        	mov mp,a
 322  0038  0F00     R  	mov a,high (offset _adc24SourceDataBuf+2)
 322  0039  1300     E  	adc a,re
 322  003A  0084        	mov sbp,a
 322  003B  0700     R  	mov a,_CurrentWe1Polling_2[4]
 322  003C  0082        	mov ir,a
 323  003D              #line 323 "d:\d200\product\git\bh66f2455_evm_cgm\2.code\bh66f2455_driver\application_projects\source\Work_Mode_Polling.c"
 323  003D  0F03        	mov a,3
 323  003E  0300     E  	add a,rb
 323  003F  0080     R  	mov _CurrentWe1Polling_2[4],a
 323  0040  0F00        	mov a,0
 323  0041  1300     E  	adc a,rc
 323  0042  0080     R  	mov _CurrentWe1Polling_2[5],a
 323  0043  0F02        	mov a,2
 323  0044  0300     E  	add a,rb
 323  0045  0083        	mov mp,a
 323  0046  0F00        	mov a,0
 323  0047  1300     E  	adc a,rc
 323  0048  0084        	mov sbp,a
 323  0049  2000     E  	call _Crom2Prom
 323  004A  0080     E  	mov rb,a
 323  004B  0F00     R  	mov a,low (offset _adc24SourceDataBuf+3)
 323  004C  0300     E  	add a,rd
 323  004D  0083        	mov mp,a
 323  004E  0F00     R  	mov a,high (offset _adc24SourceDataBuf+3)
 323  004F  1300     E  	adc a,re
 323  0050  0084        	mov sbp,a
 323  0051  0700     E  	mov a,rb
 323  0052  0082        	mov ir,a
 325  0053              #line 325 "d:\d200\product\git\bh66f2455_evm_cgm\2.code\bh66f2455_driver\application_projects\source\Work_Mode_Polling.c"
 325  0053  0700     E  	mov a,rf
 325  0054  0083        	mov mp,a
 325  0055  0700     E  	mov a,rg
 325  0056  0084        	mov sbp,a
 325  0057  2000     E  	call _Crom2Prom
 325  0058  0080     E  	mov rb,a
 325  0059  2000     E  	call _Crom2PromNext
 325  005A  0080     E  	mov rc,a
 325  005B  2000     E  	call _Crom2PromNext
 325  005C  0080     E  	mov rd,a
 325  005D  2000     E  	call _Crom2PromNext
 325  005E  0080     E  	mov re,a
 325  005F  0700     E  	mov a,rd
 325  0060  0080     E  	mov rb,a
 325  0061  0700     E  	mov a,re
 325  0062  0080     E  	mov rc,a
 325  0063  1F00     E  	clr re
 325  0064  3C00     E  	sz rc.7
 325  0065  1F80     E  	set re
 325  0066  1F00     E  	clr rd
 325  0067  3C00     E  	sz rc.7
"File: Work_Mode_Polling.c  Assembler  Version HGASM0202      Page 20

 325  0068  1F80     E  	set rd
 325  0069  0700     E  	mov a,rf
 325  006A  0083        	mov mp,a
 325  006B  0700     E  	mov a,rg
 325  006C  0084        	mov sbp,a
 325  006D  0700     E  	mov a,rb
 325  006E  0082        	mov ir,a
 325  006F  1483        	inc mp
 325  0070  0700     E  	mov a,rc
 325  0071  0082        	mov ir,a
 325  0072  1483        	inc mp
 325  0073  0700     E  	mov a,rd
 325  0074  0082        	mov ir,a
 325  0075  1483        	inc mp
 325  0076  0700     E  	mov a,re
 325  0077  0082        	mov ir,a
 318  0078              #line 318 "d:\d200\product\git\bh66f2455_evm_cgm\2.code\bh66f2455_driver\application_projects\source\Work_Mode_Polling.c"
 318  0078  1480     E  	inc ra
 318  0079  1780     E  	sdz rh
 318  007A  2800     R  	jmp _LI3
 318  007B  2800     R  	jmp _L29
 318  007C              _LI3:
 323  007C              #line 323 "d:\d200\product\git\bh66f2455_evm_cgm\2.code\bh66f2455_driver\application_projects\source\Work_Mode_Polling.c"
 323  007C  0700     R  	mov a,_CurrentWe1Polling_2[4]
 323  007D  0080     E  	mov rb,a
 323  007E  0700     R  	mov a,_CurrentWe1Polling_2[5]
 323  007F  0080     E  	mov rc,a
 323  0080  2800     R  	jmp _L30
 323  0081              _L29:
 318  0081              #line 318 "d:\d200\product\git\bh66f2455_evm_cgm\2.code\bh66f2455_driver\application_projects\source\Work_Mode_Polling.c"
 318  0081  0F08        	mov a,8
 318  0082  0080     E  	mov rh,a
 318  0083  1F00     R  	clr _CurrentWe1Polling_2[12]
 318  0084  1F00     R  	clr _CurrentWe1Polling_2[13]
 318  0085  1F00     R  	clr _CurrentWe1Polling_2[14]
 318  0086  1F00     R  	clr _CurrentWe1Polling_2[15]
 318  0087  1F00     R  	clr _CurrentWe1Polling_2[4]
 318  0088  1F00     R  	clr _CurrentWe1Polling_2[5]
 318  0089  1F00     R  	clr _CurrentWe1Polling_2[6]
 318  008A  0F80        	mov a,-128
 318  008B  0080     R  	mov _CurrentWe1Polling_2[7],a
 318  008C  1F80     R  	set _CurrentWe1Polling_2[8]
 318  008D  1F80     R  	set _CurrentWe1Polling_2[9]
 318  008E  1F80     R  	set _CurrentWe1Polling_2[10]
 318  008F  0F7F        	mov a,127
 318  0090  0080     R  	mov _CurrentWe1Polling_2[11],a
 318  0091  1F00     E  	clr ra
 318  0092              _L34:
 318  0092              #pragma debug scope 19 18
 318  0092              #pragma debug scope 21 19
 318  0092              ;begin block, line: 318.-1
 338  0092              #line 338 "d:\d200\product\git\bh66f2455_evm_cgm\2.code\bh66f2455_driver\application_projects\source\Work_Mode_Polling.c"
 338  0092  0700     E  	mov a,ra
 338  0093  0080     E  	mov rb,a
 338  0094  1F00     E  	clr rc
 338  0095  340A        	clr c
 338  0096  1A80     E  	rlc rb
 338  0097  1A80     E  	rlc rc
 338  0098  340A        	clr c
 338  0099  1A80     E  	rlc rb
"File: Work_Mode_Polling.c  Assembler  Version HGASM0202      Page 21

 338  009A  1A80     E  	rlc rc
 338  009B  0F00     R  	mov a,low offset _adc24SourceDataBuf
 338  009C  0300     E  	add a,rb
 338  009D  0083        	mov mp,a
 338  009E  0F00     R  	mov a,high offset _adc24SourceDataBuf
 338  009F  1300     E  	adc a,rc
 338  00A0  0084        	mov sbp,a
 338  00A1  2000     E  	call _Crom2Prom
 338  00A2  0080     E  	mov rd,a
 338  00A3  2000     E  	call _Crom2PromNext
 338  00A4  0080     E  	mov re,a
 338  00A5  2000     E  	call _Crom2PromNext
 338  00A6  0080     E  	mov rf,a
 338  00A7  2000     E  	call _Crom2PromNext
 338  00A8  0080     E  	mov rg,a
 338  00A9  0700     E  	mov a,rd
 338  00AA  0200     R  	sub a,_CurrentWe1Polling_2[8]
 338  00AB  0700     E  	mov a,re
 338  00AC  1200     R  	sbc a,_CurrentWe1Polling_2[9]
 338  00AD  0700     E  	mov a,rf
 338  00AE  1200     R  	sbc a,_CurrentWe1Polling_2[10]
 338  00AF  0700     E  	mov a,rg
 338  00B0  1200     R  	sbc a,_CurrentWe1Polling_2[11]
 338  00B1  3B8A        	snz sc
 338  00B2  2800     R  	jmp _L31
 338  00B3  0700     E  	mov a,rd
 338  00B4  0080     R  	mov _CurrentWe1Polling_2[8],a
 338  00B5  0700     E  	mov a,re
 338  00B6  0080     R  	mov _CurrentWe1Polling_2[9],a
 338  00B7  0700     E  	mov a,rf
 338  00B8  0080     R  	mov _CurrentWe1Polling_2[10],a
 338  00B9  0700     E  	mov a,rg
 338  00BA  0080     R  	mov _CurrentWe1Polling_2[11],a
 338  00BB              _L31:
 338  00BB  0700     R  	mov a,_CurrentWe1Polling_2[4]
 338  00BC  0200     E  	sub a,rd
 338  00BD  0700     R  	mov a,_CurrentWe1Polling_2[5]
 338  00BE  1200     E  	sbc a,re
 338  00BF  0700     R  	mov a,_CurrentWe1Polling_2[6]
 338  00C0  1200     E  	sbc a,rf
 338  00C1  0700     R  	mov a,_CurrentWe1Polling_2[7]
 338  00C2  1200     E  	sbc a,rg
 338  00C3  3B8A        	snz sc
 338  00C4  2800     R  	jmp _L32
 338  00C5  0700     E  	mov a,rd
 338  00C6  0080     R  	mov _CurrentWe1Polling_2[4],a
 338  00C7  0700     E  	mov a,re
 338  00C8  0080     R  	mov _CurrentWe1Polling_2[5],a
 338  00C9  0700     E  	mov a,rf
 338  00CA  0080     R  	mov _CurrentWe1Polling_2[6],a
 338  00CB  0700     E  	mov a,rg
 338  00CC  0080     R  	mov _CurrentWe1Polling_2[7],a
 338  00CD              _L32:
 347  00CD              #line 347 "d:\d200\product\git\bh66f2455_evm_cgm\2.code\bh66f2455_driver\application_projects\source\Work_Mode_Polling.c"
 347  00CD  0700     E  	mov a,rd
 347  00CE  0380     R  	addm a,_CurrentWe1Polling_2[12]
 347  00CF  0700     E  	mov a,re
 347  00D0  1380     R  	adcm a,_CurrentWe1Polling_2[13]
 347  00D1  0700     E  	mov a,rf
 347  00D2  1380     R  	adcm a,_CurrentWe1Polling_2[14]
"File: Work_Mode_Polling.c  Assembler  Version HGASM0202      Page 22

 347  00D3  0700     E  	mov a,rg
 347  00D4  1380     R  	adcm a,_CurrentWe1Polling_2[15]
 336  00D5              #line 336 "d:\d200\product\git\bh66f2455_evm_cgm\2.code\bh66f2455_driver\application_projects\source\Work_Mode_Polling.c"
 336  00D5  1480     E  	inc ra
 336  00D6  1780     E  	sdz rh
 336  00D7  2800     R  	jmp _L34
 336  00D8  0700     R  	mov a,_CurrentWe1Polling_2[4]
 336  00D9  0300     R  	add a,_CurrentWe1Polling_2[8]
 336  00DA  0080     E  	mov rd,a
 336  00DB  0700     R  	mov a,_CurrentWe1Polling_2[5]
 336  00DC  1300     R  	adc a,_CurrentWe1Polling_2[9]
 336  00DD  0080     E  	mov re,a
 336  00DE  0700     R  	mov a,_CurrentWe1Polling_2[6]
 336  00DF  1300     R  	adc a,_CurrentWe1Polling_2[10]
 336  00E0  0080     E  	mov rf,a
 336  00E1  0700     R  	mov a,_CurrentWe1Polling_2[7]
 336  00E2  1300     R  	adc a,_CurrentWe1Polling_2[11]
 336  00E3  0080     E  	mov rg,a
 349  00E4              #line 349 "d:\d200\product\git\bh66f2455_evm_cgm\2.code\bh66f2455_driver\application_projects\source\Work_Mode_Polling.c"
 349  00E4  0700     R  	mov a,_CurrentWe1Polling_2[12]
 349  00E5  0280     E  	subm a,rd
 349  00E6  0700     R  	mov a,_CurrentWe1Polling_2[13]
 349  00E7  1280     E  	sbcm a,re
 349  00E8  0700     R  	mov a,_CurrentWe1Polling_2[14]
 349  00E9  1280     E  	sbcm a,rf
 349  00EA  0700     R  	mov a,_CurrentWe1Polling_2[15]
 349  00EB  1280     E  	sbcm a,rg
 350  00EC              #line 350 "d:\d200\product\git\bh66f2455_evm_cgm\2.code\bh66f2455_driver\application_projects\source\Work_Mode_Polling.c"
 350  00EC  0700     E  	mov a,rd  
 350  00ED  0080     E  	mov _builtin_holtek_udivmodsi4_2[0],a  
 350  00EE  0700     E  	mov a,re  
 350  00EF  0080     E  	mov _builtin_holtek_udivmodsi4_2[1],a
 350  00F0  0700     E  	mov a,rf  
 350  00F1  0080     E  	mov _builtin_holtek_udivmodsi4_2[2],a  
 350  00F2  0700     E  	mov a,rg  
 350  00F3  0080     E  	mov _builtin_holtek_udivmodsi4_2[3],a
 350  00F4  0F06        	mov a,6  
 350  00F5  0080     E  	mov _builtin_holtek_udivmodsi4_2[4],a  
 350  00F6  0F00        	mov a,0  
 350  00F7  0080     E  	mov _builtin_holtek_udivmodsi4_2[5],a
 350  00F8  0F00        	mov a,0  
 350  00F9  0080     E  	mov _builtin_holtek_udivmodsi4_2[6],a  
 350  00FA  0F00        	mov a,0  
 350  00FB  0080     E  	mov _builtin_holtek_udivmodsi4_2[7],a
 350  00FC  2000     E  	call _builtin_holtek_divmodsi4
 350  00FD  0700     E  	mov a,_builtin_holtek_udivmodsi4_2[0]  
 350  00FE  0080     E  	mov rd,a  
 350  00FF  0700     E  	mov a,_builtin_holtek_udivmodsi4_2[1]  
 350  0100  0080     E  	mov re,a
 350  0101  0700     E  	mov a,_builtin_holtek_udivmodsi4_2[2]  
 350  0102  0080     E  	mov rf,a  
 350  0103  0700     E  	mov a,_builtin_holtek_udivmodsi4_2[3]  
 350  0104  0080     E  	mov rg,a
 350  0105              #pragma debug scope 19 18
 357  0105              #line 357 "d:\d200\product\git\bh66f2455_evm_cgm\2.code\bh66f2455_driver\application_projects\source\Work_Mode_Polling.c"
 357  0105  0700     E  	mov a,rd
 357  0106  0080     E  	mov _builtin_holtek_mulsi3_2[0],a
 357  0107  0700     E  	mov a,re
 357  0108  0080     E  	mov _builtin_holtek_mulsi3_2[1],a
 357  0109  0700     E  	mov a,rf
"File: Work_Mode_Polling.c  Assembler  Version HGASM0202      Page 23

 357  010A  0080     E  	mov _builtin_holtek_mulsi3_2[2],a
 357  010B  0700     E  	mov a,rg
 357  010C  0080     E  	mov _builtin_holtek_mulsi3_2[3],a
 357  010D  0F35        	mov a,53
 357  010E  0080     E  	mov _builtin_holtek_mulsi3_2[4],a
 357  010F  0F0C        	mov a,12
 357  0110  0080     E  	mov _builtin_holtek_mulsi3_2[5],a
 357  0111  0F00        	mov a,0
 357  0112  0080     E  	mov _builtin_holtek_mulsi3_2[6],a
 357  0113  0F00        	mov a,0
 357  0114  0080     E  	mov _builtin_holtek_mulsi3_2[7],a
 357  0115  2000     E  	call _builtin_holtek_mulsi3
 357  0116  0700     E  	mov a,_builtin_holtek_mulsi3_2[8]
 357  0117  0080     E  	mov re,a
 357  0118  0700     E  	mov a,_builtin_holtek_mulsi3_2[9]
 357  0119  0080     E  	mov rf,a
 357  011A  0700     E  	mov a,_builtin_holtek_mulsi3_2[10]
 357  011B  0080     E  	mov rg,a
 357  011C  0700     E  	mov a,_builtin_holtek_mulsi3_2[11]
 357  011D  0080     E  	mov rh,a
 357  011E  3800     E  	snz rh.7
 357  011F  2800     R  	jmp _L35
 357  0120  0FFF        	mov a,255
 357  0121  0380     E  	addm a,re
 357  0122  0F1F        	mov a,31
 357  0123  1380     E  	adcm a,rf
 357  0124  0F00        	mov a,0
 357  0125  1380     E  	adcm a,rg
 357  0126  1380     E  	adcm a,rh
 357  0127              _L35:
 357  0127  0700     E  	mov a,re
 357  0128  0080     E  	mov ra,a
 357  0129  0700     E  	mov a,rf
 357  012A  0080     E  	mov rb,a
 357  012B  0700     E  	mov a,rg
 357  012C  0080     E  	mov rc,a
 357  012D  0700     E  	mov a,rh
 357  012E  0080     E  	mov rd,a
 357  012F  0F0D        	mov a,13
 357  0130              _LI4:
 357  0130  340A        	clr c
 357  0131  3C00     E  	sz rd.7
 357  0132  300A        	set c
 357  0133  1B80     E  	rrc rd
 357  0134  1B80     E  	rrc rc
 357  0135  1B80     E  	rrc rb
 357  0136  1B80     E  	rrc ra
 357  0137  1785        	sdz acc
 357  0138  2800     R  	jmp _LI4
 357  0139  0700     E  	mov a,ra
 357  013A  0080     R  	mov _CurrentWe1Polling_2[0],a
 357  013B  0700     E  	mov a,rb
 357  013C  0080     R  	mov _CurrentWe1Polling_2[1],a
 357  013D  0700     E  	mov a,rc
 357  013E  0080     R  	mov _CurrentWe1Polling_2[2],a
 357  013F  0700     E  	mov a,rd
 357  0140  0080     R  	mov _CurrentWe1Polling_2[3],a
 360  0141              #line 360 "d:\d200\product\git\bh66f2455_evm_cgm\2.code\bh66f2455_driver\application_projects\source\Work_Mode_Polling.c"
 360  0141  0F01        	mov a,1
 360  0142  4083        	mov [131],a
"File: Work_Mode_Polling.c  Assembler  Version HGASM0202      Page 24

 361  0143              #line 361 "d:\d200\product\git\bh66f2455_evm_cgm\2.code\bh66f2455_driver\application_projects\source\Work_Mode_Polling.c"
 361  0143  2000     E  	call _DRDY_Ready
 364  0144              #line 364 "d:\d200\product\git\bh66f2455_evm_cgm\2.code\bh66f2455_driver\application_projects\source\Work_Mode_Polling.c"
 364  0144  3BD2        	snz [82].7
 364  0145  2800     R  	jmp _L37
 366  0146              #line 366 "d:\d200\product\git\bh66f2455_evm_cgm\2.code\bh66f2455_driver\application_projects\source\Work_Mode_Polling.c"
 366  0146  3F52        	sz [82].6
 366  0147  2800     R  	jmp _L38
 366  0148  3ED2        	sz [82].5
 366  0149  2800     R  	jmp _L38
 366  014A  3E52        	sz [82].4
 366  014B  2800     R  	jmp _L38
 368  014C              #line 368 "d:\d200\product\git\bh66f2455_evm_cgm\2.code\bh66f2455_driver\application_projects\source\Work_Mode_Polling.c"
 368  014C  0FF4        	mov a,-12
 368  014D  40A3        	mov [163],a
 368  014E  0F01        	mov a,1
 368  014F  40A4        	mov [164],a
 368  0150              _L38:
 370  0150              #line 370 "d:\d200\product\git\bh66f2455_evm_cgm\2.code\bh66f2455_driver\application_projects\source\Work_Mode_Polling.c"
 370  0150  3F52        	sz [82].6
 370  0151  2800     R  	jmp _L39
 370  0152  3ED2        	sz [82].5
 370  0153  2800     R  	jmp _L39
 370  0154  3A52        	snz [82].4
 370  0155  2800     R  	jmp _L39
 372  0156              #line 372 "d:\d200\product\git\bh66f2455_evm_cgm\2.code\bh66f2455_driver\application_projects\source\Work_Mode_Polling.c"
 372  0156  0FE8        	mov a,-24
 372  0157  40A3        	mov [163],a
 372  0158  0F03        	mov a,3
 372  0159  40A4        	mov [164],a
 372  015A              _L39:
 374  015A              #line 374 "d:\d200\product\git\bh66f2455_evm_cgm\2.code\bh66f2455_driver\application_projects\source\Work_Mode_Polling.c"
 374  015A  3F52        	sz [82].6
 374  015B  2800     R  	jmp _L40
 374  015C  3AD2        	snz [82].5
 374  015D  2800     R  	jmp _L40
 374  015E  3E52        	sz [82].4
 374  015F  2800     R  	jmp _L40
 376  0160              #line 376 "d:\d200\product\git\bh66f2455_evm_cgm\2.code\bh66f2455_driver\application_projects\source\Work_Mode_Polling.c"
 376  0160  0FD0        	mov a,-48
 376  0161  40A3        	mov [163],a
 376  0162  0F07        	mov a,7
 376  0163  40A4        	mov [164],a
 376  0164              _L40:
 378  0164              #line 378 "d:\d200\product\git\bh66f2455_evm_cgm\2.code\bh66f2455_driver\application_projects\source\Work_Mode_Polling.c"
 378  0164  3F52        	sz [82].6
 378  0165  2800     R  	jmp _L41
 378  0166  3AD2        	snz [82].5
 378  0167  2800     R  	jmp _L41
 378  0168  3A52        	snz [82].4
 378  0169  2800     R  	jmp _L41
 380  016A              #line 380 "d:\d200\product\git\bh66f2455_evm_cgm\2.code\bh66f2455_driver\application_projects\source\Work_Mode_Polling.c"
 380  016A  0FA0        	mov a,-96
 380  016B  40A3        	mov [163],a
 380  016C  0F0F        	mov a,15
 380  016D  40A4        	mov [164],a
 380  016E              _L41:
 382  016E              #line 382 "d:\d200\product\git\bh66f2455_evm_cgm\2.code\bh66f2455_driver\application_projects\source\Work_Mode_Polling.c"
 382  016E  3B52        	snz [82].6
 382  016F  2800     R  	jmp _L37
"File: Work_Mode_Polling.c  Assembler  Version HGASM0202      Page 25

 382  0170  3ED2        	sz [82].5
 382  0171  2800     R  	jmp _L37
 382  0172  3E52        	sz [82].4
 382  0173  2800     R  	jmp _L37
 384  0174              #line 384 "d:\d200\product\git\bh66f2455_evm_cgm\2.code\bh66f2455_driver\application_projects\source\Work_Mode_Polling.c"
 384  0174  0F40        	mov a,64
 384  0175  40A3        	mov [163],a
 384  0176  0F1F        	mov a,31
 384  0177  40A4        	mov [164],a
 384  0178              _L37:
 389  0178              #line 389 "d:\d200\product\git\bh66f2455_evm_cgm\2.code\bh66f2455_driver\application_projects\source\Work_Mode_Polling.c"
 389  0178  0700     R  	mov a,_CurrentWe1Polling_2[0]
 389  0179  0080     E  	mov _builtin_holtek_mulsi3_2[0],a
 389  017A  0700     R  	mov a,_CurrentWe1Polling_2[1]
 389  017B  0080     E  	mov _builtin_holtek_mulsi3_2[1],a
 389  017C  0700     R  	mov a,_CurrentWe1Polling_2[2]
 389  017D  0080     E  	mov _builtin_holtek_mulsi3_2[2],a
 389  017E  0700     R  	mov a,_CurrentWe1Polling_2[3]
 389  017F  0080     E  	mov _builtin_holtek_mulsi3_2[3],a
 389  0180  0F10        	mov a,16
 389  0181  0080     E  	mov _builtin_holtek_mulsi3_2[4],a
 389  0182  0F27        	mov a,39
 389  0183  0080     E  	mov _builtin_holtek_mulsi3_2[5],a
 389  0184  0F00        	mov a,0
 389  0185  0080     E  	mov _builtin_holtek_mulsi3_2[6],a
 389  0186  0F00        	mov a,0
 389  0187  0080     E  	mov _builtin_holtek_mulsi3_2[7],a
 389  0188  2000     E  	call _builtin_holtek_mulsi3
 389  0189  0700     E  	mov a,_builtin_holtek_mulsi3_2[8]
 389  018A  0080     R  	mov _CurrentWe1Polling_2[4],a
 389  018B  0700     E  	mov a,_builtin_holtek_mulsi3_2[9]
 389  018C  0080     R  	mov _CurrentWe1Polling_2[5],a
 389  018D  0700     E  	mov a,_builtin_holtek_mulsi3_2[10]
 389  018E  0080     R  	mov _CurrentWe1Polling_2[6],a
 389  018F  0700     E  	mov a,_builtin_holtek_mulsi3_2[11]
 389  0190  0080     R  	mov _CurrentWe1Polling_2[7],a
 389  0191  4723        	mov a,[163]
 389  0192  0080     E  	mov rd,a
 389  0193  4724        	mov a,[164]
 389  0194  0080     E  	mov re,a
 389  0195  1F00     E  	clr rf
 389  0196  1F00     E  	clr rg
 389  0197  0700     R  	mov a,_CurrentWe1Polling_2[4]  
 389  0198  0080     E  	mov _builtin_holtek_udivmodsi4_2[0],a  
 389  0199  0700     R  	mov a,_CurrentWe1Polling_2[5]  
 389  019A  0080     E  	mov _builtin_holtek_udivmodsi4_2[1],a
 389  019B  0700     R  	mov a,_CurrentWe1Polling_2[6]  
 389  019C  0080     E  	mov _builtin_holtek_udivmodsi4_2[2],a  
 389  019D  0700     R  	mov a,_CurrentWe1Polling_2[7]  
 389  019E  0080     E  	mov _builtin_holtek_udivmodsi4_2[3],a
 389  019F  0700     E  	mov a,rd  
 389  01A0  0080     E  	mov _builtin_holtek_udivmodsi4_2[4],a  
 389  01A1  0700     E  	mov a,re  
 389  01A2  0080     E  	mov _builtin_holtek_udivmodsi4_2[5],a
 389  01A3  0700     E  	mov a,rf  
 389  01A4  0080     E  	mov _builtin_holtek_udivmodsi4_2[6],a  
 389  01A5  0700     E  	mov a,rg  
 389  01A6  0080     E  	mov _builtin_holtek_udivmodsi4_2[7],a
 389  01A7  2000     E  	call _builtin_holtek_divmodsi4
 389  01A8  0700     E  	mov a,_builtin_holtek_udivmodsi4_2[0]  
"File: Work_Mode_Polling.c  Assembler  Version HGASM0202      Page 26

 389  01A9  0080     E  	mov rd,a  
 389  01AA  0700     E  	mov a,_builtin_holtek_udivmodsi4_2[1]  
 389  01AB  0080     E  	mov re,a
 389  01AC  0700     E  	mov a,_builtin_holtek_udivmodsi4_2[2]  
 389  01AD  0080     E  	mov rf,a  
 389  01AE  0700     E  	mov a,_builtin_holtek_udivmodsi4_2[3]  
 389  01AF  0080     E  	mov rg,a
 389  01B0  0700     E  	mov a,rd
 389  01B1  422C        	sub a,[172]
 389  01B2  4093        	mov [147],a
 389  01B3  0700     E  	mov a,re
 389  01B4  522D        	sbc a,[173]
 389  01B5  4094        	mov [148],a
 389  01B6  1F05        	clr acc
 389  01B7  7FAD        	sz [173].7
 389  01B8  1F85        	set acc
 389  01B9  4095        	mov [149],a
 389  01BA  4096        	mov [150],a
 389  01BB  0700     E  	mov a,rf
 389  01BC  5295        	sbcm a,[149]
 389  01BD  0700     E  	mov a,rg
 389  01BE  5296        	sbcm a,[150]
 390  01BF              #line 390 "d:\d200\product\git\bh66f2455_evm_cgm\2.code\bh66f2455_driver\application_projects\source\Work_Mode_Polling.c"
 390  01BF  4725        	mov a,[165]
 390  01C0  0080     E  	mov rd,a
 390  01C1  4726        	mov a,[166]
 390  01C2  0080     E  	mov re,a
 390  01C3  1F00     E  	clr rf
 390  01C4  1F00     E  	clr rg
 390  01C5  0700     E  	mov a,rd
 390  01C6  0080     E  	mov _builtin_holtek_mulsi3_2[0],a
 390  01C7  0700     E  	mov a,re
 390  01C8  0080     E  	mov _builtin_holtek_mulsi3_2[1],a
 390  01C9  0700     E  	mov a,rf
 390  01CA  0080     E  	mov _builtin_holtek_mulsi3_2[2],a
 390  01CB  0700     E  	mov a,rg
 390  01CC  0080     E  	mov _builtin_holtek_mulsi3_2[3],a
 390  01CD  4713        	mov a,[147]
 390  01CE  0080     E  	mov _builtin_holtek_mulsi3_2[4],a
 390  01CF  4714        	mov a,[148]
 390  01D0  0080     E  	mov _builtin_holtek_mulsi3_2[5],a
 390  01D1  4715        	mov a,[149]
 390  01D2  0080     E  	mov _builtin_holtek_mulsi3_2[6],a
 390  01D3  4716        	mov a,[150]
 390  01D4  0080     E  	mov _builtin_holtek_mulsi3_2[7],a
 390  01D5  2000     E  	call _builtin_holtek_mulsi3
 390  01D6  0700     E  	mov a,_builtin_holtek_mulsi3_2[8]
 390  01D7  0080     E  	mov rd,a
 390  01D8  0700     E  	mov a,_builtin_holtek_mulsi3_2[9]
 390  01D9  0080     E  	mov re,a
 390  01DA  0700     E  	mov a,_builtin_holtek_mulsi3_2[10]
 390  01DB  0080     E  	mov rf,a
 390  01DC  0700     E  	mov a,_builtin_holtek_mulsi3_2[11]
 390  01DD  0080     E  	mov rg,a
 390  01DE  0700     E  	mov a,rd  
 390  01DF  0080     E  	mov _builtin_holtek_udivmodsi4_2[0],a  
 390  01E0  0700     E  	mov a,re  
 390  01E1  0080     E  	mov _builtin_holtek_udivmodsi4_2[1],a
 390  01E2  0700     E  	mov a,rf  
 390  01E3  0080     E  	mov _builtin_holtek_udivmodsi4_2[2],a  
"File: Work_Mode_Polling.c  Assembler  Version HGASM0202      Page 27

 390  01E4  0700     E  	mov a,rg  
 390  01E5  0080     E  	mov _builtin_holtek_udivmodsi4_2[3],a
 390  01E6  0F10        	mov a,16  
 390  01E7  0080     E  	mov _builtin_holtek_udivmodsi4_2[4],a  
 390  01E8  0F27        	mov a,39  
 390  01E9  0080     E  	mov _builtin_holtek_udivmodsi4_2[5],a
 390  01EA  0F00        	mov a,0  
 390  01EB  0080     E  	mov _builtin_holtek_udivmodsi4_2[6],a  
 390  01EC  0F00        	mov a,0  
 390  01ED  0080     E  	mov _builtin_holtek_udivmodsi4_2[7],a
 390  01EE  2000     E  	call _builtin_holtek_divmodsi4
 390  01EF  0700     E  	mov a,_builtin_holtek_udivmodsi4_2[0]  
 390  01F0  0080     E  	mov rd,a  
 390  01F1  0700     E  	mov a,_builtin_holtek_udivmodsi4_2[1]  
 390  01F2  0080     E  	mov re,a
 390  01F3  0700     E  	mov a,_builtin_holtek_udivmodsi4_2[2]  
 390  01F4  0080     E  	mov rf,a  
 390  01F5  0700     E  	mov a,_builtin_holtek_udivmodsi4_2[3]  
 390  01F6  0080     E  	mov rg,a
 390  01F7  0700     E  	mov a,rd
 390  01F8  408F        	mov [143],a
 390  01F9  0700     E  	mov a,re
 390  01FA  4090        	mov [144],a
 394  01FB              #line 394 "d:\d200\product\git\bh66f2455_evm_cgm\2.code\bh66f2455_driver\application_projects\source\Work_Mode_Polling.c"
 394  01FB  0F01        	mov a,1
 394  01FC  4083        	mov [131],a
 394  01FD              _L27:
 394  01FD              #pragma debug scope 18 17
 394  01FD              #pragma debug scope 17 1
 394  01FD  0003        	ret
 394  01FE              _CurrentWe1Polling endp
 394  01FE              #line 394 "d:\d200\product\git\bh66f2455_evm_cgm\2.code\bh66f2455_driver\application_projects\source\Work_Mode_Polling.c"
 394  01FE              #pragma debug scope 1 1
 394  01FE              public _CurrentWe2Polling
 394  01FE              #pragma debug scope 22 1
 399  01FE              #line 399 "d:\d200\product\git\bh66f2455_evm_cgm\2.code\bh66f2455_driver\application_projects\source\Work_Mode_Polling.c"
 399  0000              _CurrentWe2Polling .section 'code'
 399  0000              _CurrentWe2Polling proc
 399  0000  0003        	ret
 399  0001              _CurrentWe2Polling endp
 399  0001              #line 399 "d:\d200\product\git\bh66f2455_evm_cgm\2.code\bh66f2455_driver\application_projects\source\Work_Mode_Polling.c"
 399  0001              #pragma debug scope 1 1
 399  0001              public _ThirdElAfeInit
 399  0001              #pragma debug scope 23 1
 404  0001              #line 404 "d:\d200\product\git\bh66f2455_evm_cgm\2.code\bh66f2455_driver\application_projects\source\Work_Mode_Polling.c"
 404  0000              _ThirdElAfeInit .section 'code'
 404  0000              _ThirdElAfeInit proc
 404  0000  0012[           local _ThirdElAfeInit_2 db 18 dup(?)	; 0,18
            00
            ]
 404  0012              #pragma debug struct_end
 404  0012              #pragma debug struct_end
 404  0012              #pragma debug struct_end
 404  0012              #pragma debug struct_end
 404  0012              #pragma debug variable 52 23 _ThirdElAfeInit_2+0 "afePower"
 404  0012              #pragma debug struct_end
 404  0012              #pragma debug struct_end
 404  0012              #pragma debug struct_end
 404  0012              #pragma debug struct_end
 404  0012              #pragma debug variable 54 23 _ThirdElAfeInit_2+13 "opa"
"File: Work_Mode_Polling.c  Assembler  Version HGASM0202      Page 28

 407  0012              #line 407 "d:\d200\product\git\bh66f2455_evm_cgm\2.code\bh66f2455_driver\application_projects\source\Work_Mode_Polling.c"
 407  0000  0F01        	mov a,1
 407  0001  0080     R  	mov _ThirdElAfeInit_2[0],a
 408  0002              #line 408 "d:\d200\product\git\bh66f2455_evm_cgm\2.code\bh66f2455_driver\application_projects\source\Work_Mode_Polling.c"
 408  0002  1F00     R  	clr _ThirdElAfeInit_2[1]
 409  0003              #line 409 "d:\d200\product\git\bh66f2455_evm_cgm\2.code\bh66f2455_driver\application_projects\source\Work_Mode_Polling.c"
 409  0003  471A        	mov a,[154]
 409  0004  0080     E  	mov ra,a
 409  0005  0700     E  	mov a,ra
 409  0006  0080     R  	mov _ThirdElAfeInit_2[2],a
 410  0007              #line 410 "d:\d200\product\git\bh66f2455_evm_cgm\2.code\bh66f2455_driver\application_projects\source\Work_Mode_Polling.c"
 410  0007  0F01        	mov a,1
 410  0008  0080     R  	mov _ThirdElAfeInit_2[3],a
 412  0009              #line 412 "d:\d200\product\git\bh66f2455_evm_cgm\2.code\bh66f2455_driver\application_projects\source\Work_Mode_Polling.c"
 412  0009  0F01        	mov a,1
 412  000A  0080     R  	mov _ThirdElAfeInit_2[4],a
 413  000B              #line 413 "d:\d200\product\git\bh66f2455_evm_cgm\2.code\bh66f2455_driver\application_projects\source\Work_Mode_Polling.c"
 413  000B  471D        	mov a,[157]
 413  000C  0080     R  	mov _ThirdElAfeInit_2[5],a
 413  000D  471E        	mov a,[158]
 413  000E  0080     R  	mov _ThirdElAfeInit_2[6],a
 415  000F              #line 415 "d:\d200\product\git\bh66f2455_evm_cgm\2.code\bh66f2455_driver\application_projects\source\Work_Mode_Polling.c"
 415  000F  0F01        	mov a,1
 415  0010  0080     R  	mov _ThirdElAfeInit_2[10],a
 416  0011              #line 416 "d:\d200\product\git\bh66f2455_evm_cgm\2.code\bh66f2455_driver\application_projects\source\Work_Mode_Polling.c"
 416  0011  4721        	mov a,[161]
 416  0012  0080     E  	mov rb,a
 416  0013  4722        	mov a,[162]
 416  0014  0080     E  	mov rc,a
 416  0015  0700     E  	mov a,rb
 416  0016  0080     R  	mov _ThirdElAfeInit_2[11],a
 416  0017  0700     E  	mov a,rc
 416  0018  0080     R  	mov _ThirdElAfeInit_2[12],a
 425  0019              #line 425 "d:\d200\product\git\bh66f2455_evm_cgm\2.code\bh66f2455_driver\application_projects\source\Work_Mode_Polling.c"
 425  0019  0F01        	mov a,1
 425  001A  0080     E  	mov _ThirdElAfeCfg_2[13],a
 425  001B  1F80     E  	set _ThirdElAfeCfg_2[14]
 425  001C  0700     R  	mov a,_ThirdElAfeInit_2[15]
 425  001D  0080     E  	mov _ThirdElAfeCfg_2[15],a
 425  001E  0700     R  	mov a,_ThirdElAfeInit_2[16]
 425  001F  0080     E  	mov _ThirdElAfeCfg_2[16],a
 425  0020  0F01        	mov a,1
 425  0021  0080     E  	mov _ThirdElAfeCfg_2[17],a
 425  0022  0F01        	mov a,1
 425  0023  0080     E  	mov _ThirdElAfeCfg_2[0],a
 425  0024  1F00     E  	clr _ThirdElAfeCfg_2[1]
 425  0025  0700     E  	mov a,ra
 425  0026  0080     E  	mov _ThirdElAfeCfg_2[2],a
 425  0027  0F01        	mov a,1
 425  0028  0080     E  	mov _ThirdElAfeCfg_2[3],a
 425  0029  0F01        	mov a,1
 425  002A  0080     E  	mov _ThirdElAfeCfg_2[4],a
 425  002B  0700     R  	mov a,_ThirdElAfeInit_2[5]
 425  002C  0080     E  	mov _ThirdElAfeCfg_2[5],a
 425  002D  0700     R  	mov a,_ThirdElAfeInit_2[6]
 425  002E  0080     E  	mov _ThirdElAfeCfg_2[6],a
 425  002F  0700     R  	mov a,_ThirdElAfeInit_2[7]
 425  0030  0080     E  	mov _ThirdElAfeCfg_2[7],a
 425  0031  0700     R  	mov a,_ThirdElAfeInit_2[8]
 425  0032  0080     E  	mov _ThirdElAfeCfg_2[8],a
"File: Work_Mode_Polling.c  Assembler  Version HGASM0202      Page 29

 425  0033  0700     R  	mov a,_ThirdElAfeInit_2[9]
 425  0034  0080     E  	mov _ThirdElAfeCfg_2[9],a
 425  0035  0F01        	mov a,1
 425  0036  0080     E  	mov _ThirdElAfeCfg_2[10],a
 425  0037  0700     E  	mov a,rb
 425  0038  0080     E  	mov _ThirdElAfeCfg_2[11],a
 425  0039  0700     R  	mov a,_ThirdElAfeInit_2[12]
 425  003A  0080     E  	mov _ThirdElAfeCfg_2[12],a
 425  003B  2000     E  	call _ThirdElAfeCfg
 425  003C  0003        	ret
 425  003D              _ThirdElAfeInit endp
 425  003D              #line 425 "d:\d200\product\git\bh66f2455_evm_cgm\2.code\bh66f2455_driver\application_projects\source\Work_Mode_Polling.c"
 425  003D              #pragma debug scope 1 1
 425  003D              public _Sys_Afe
 425  003D              #pragma debug scope 24 1
 429  003D              #line 429 "d:\d200\product\git\bh66f2455_evm_cgm\2.code\bh66f2455_driver\application_projects\source\Work_Mode_Polling.c"
 429  0000              _Sys_Afe .section 'code'
 429  0000              _Sys_Afe proc
 430  0000              #line 430 "d:\d200\product\git\bh66f2455_evm_cgm\2.code\bh66f2455_driver\application_projects\source\Work_Mode_Polling.c"
 430  0000  5086        	sz [134]
 430  0001  2800     R  	jmp _L64
 432  0002              #line 432 "d:\d200\product\git\bh66f2455_evm_cgm\2.code\bh66f2455_driver\application_projects\source\Work_Mode_Polling.c"
 432  0002  2000     R  	call _ThirdElAfeInit
 434  0003              #line 434 "d:\d200\product\git\bh66f2455_evm_cgm\2.code\bh66f2455_driver\application_projects\source\Work_Mode_Polling.c"
 434  0003  5486        	inc [134]
 434  0004  2800     R  	jmp _L63
 434  0005              _L64:
 436  0005              #line 436 "d:\d200\product\git\bh66f2455_evm_cgm\2.code\bh66f2455_driver\application_projects\source\Work_Mode_Polling.c"
 436  0005  5706        	sdza [134]
 436  0006  2800     R  	jmp _L66
 438  0007              #line 438 "d:\d200\product\git\bh66f2455_evm_cgm\2.code\bh66f2455_driver\application_projects\source\Work_Mode_Polling.c"
 438  0007  5E08        	snz [136]
 438  0008  2800     R  	jmp _L63
 440  0009              #line 440 "d:\d200\product\git\bh66f2455_evm_cgm\2.code\bh66f2455_driver\application_projects\source\Work_Mode_Polling.c"
 440  0009  5486        	inc [134]
 441  000A              #line 441 "d:\d200\product\git\bh66f2455_evm_cgm\2.code\bh66f2455_driver\application_projects\source\Work_Mode_Polling.c"
 441  000A  5F07        	clr [135]
 441  000B  2800     R  	jmp _L63
 441  000C              _L66:
 444  000C              #line 444 "d:\d200\product\git\bh66f2455_evm_cgm\2.code\bh66f2455_driver\application_projects\source\Work_Mode_Polling.c"
 444  000C  4706        	mov a,[134]
 444  000D  0A02        	sub a,2
 444  000E  390A        	snz z
 444  000F  2800     R  	jmp _L63
 446  0010              #line 446 "d:\d200\product\git\bh66f2455_evm_cgm\2.code\bh66f2455_driver\application_projects\source\Work_Mode_Polling.c"
 446  0010  7908        	snz [136].2
 446  0011  2800     R  	jmp _L69
 448  0012              #line 448 "d:\d200\product\git\bh66f2455_evm_cgm\2.code\bh66f2455_driver\application_projects\source\Work_Mode_Polling.c"
 448  0012  5087        	sz [135]
 448  0013  2800     R  	jmp _L70
 450  0014              #line 450 "d:\d200\product\git\bh66f2455_evm_cgm\2.code\bh66f2455_driver\application_projects\source\Work_Mode_Polling.c"
 450  0014  2000     R  	call _CurrentWe1Start
 450  0015  2800     R  	jmp _L80
 450  0016              _L70:
 453  0016              #line 453 "d:\d200\product\git\bh66f2455_evm_cgm\2.code\bh66f2455_driver\application_projects\source\Work_Mode_Polling.c"
 453  0016  5707        	sdza [135]
 453  0017  2800     R  	jmp _L71
 455  0018              #line 455 "d:\d200\product\git\bh66f2455_evm_cgm\2.code\bh66f2455_driver\application_projects\source\Work_Mode_Polling.c"
 455  0018  2000     R  	call _CurrentWe1Polling
 455  0019  2800     R  	jmp _L71
"File: Work_Mode_Polling.c  Assembler  Version HGASM0202      Page 30

 455  001A              _L69:
 458  001A              #line 458 "d:\d200\product\git\bh66f2455_evm_cgm\2.code\bh66f2455_driver\application_projects\source\Work_Mode_Polling.c"
 458  001A  7C08        	sz [136].0
 458  001B  2800     R  	jmp _L82
 470  001C              #line 470 "d:\d200\product\git\bh66f2455_evm_cgm\2.code\bh66f2455_driver\application_projects\source\Work_Mode_Polling.c"
 470  001C  7888        	snz [136].1
 470  001D  2800     R  	jmp _L74
 472  001E              #line 472 "d:\d200\product\git\bh66f2455_evm_cgm\2.code\bh66f2455_driver\application_projects\source\Work_Mode_Polling.c"
 472  001E  5087        	sz [135]
 472  001F  2800     R  	jmp _L75
 474  0020              #line 474 "d:\d200\product\git\bh66f2455_evm_cgm\2.code\bh66f2455_driver\application_projects\source\Work_Mode_Polling.c"
 474  0020  2000     R  	call _TemperatureStart
 474  0021              _L80:
 475  0021              #line 475 "d:\d200\product\git\bh66f2455_evm_cgm\2.code\bh66f2455_driver\application_projects\source\Work_Mode_Polling.c"
 475  0021  5487        	inc [135]
 475  0022  2800     R  	jmp _L71
 475  0023              _L75:
 477  0023              #line 477 "d:\d200\product\git\bh66f2455_evm_cgm\2.code\bh66f2455_driver\application_projects\source\Work_Mode_Polling.c"
 477  0023  5707        	sdza [135]
 477  0024  2800     R  	jmp _L71
 479  0025              #line 479 "d:\d200\product\git\bh66f2455_evm_cgm\2.code\bh66f2455_driver\application_projects\source\Work_Mode_Polling.c"
 479  0025  2000     R  	call _TemperaturePolling
 479  0026  2800     R  	jmp _L71
 479  0027              _L74:
 483  0027              #line 483 "d:\d200\product\git\bh66f2455_evm_cgm\2.code\bh66f2455_driver\application_projects\source\Work_Mode_Polling.c"
 483  0027  7988        	snz [136].3
 483  0028  2800     R  	jmp _L71
 483  0029              _L82:
 485  0029              #line 485 "d:\d200\product\git\bh66f2455_evm_cgm\2.code\bh66f2455_driver\application_projects\source\Work_Mode_Polling.c"
 485  0029  5E07        	snz [135]
 485  002A  2800     R  	jmp _L80
 490  002B              #line 490 "d:\d200\product\git\bh66f2455_evm_cgm\2.code\bh66f2455_driver\application_projects\source\Work_Mode_Polling.c"
 490  002B  4707        	mov a,[135]
 490  002C  0080     E  	mov ra,a
 490  002D              _L71:
 496  002D              #line 496 "d:\d200\product\git\bh66f2455_evm_cgm\2.code\bh66f2455_driver\application_projects\source\Work_Mode_Polling.c"
 496  002D  5088        	sz [136]
 496  002E  2800     R  	jmp _L63
 498  002F              #line 498 "d:\d200\product\git\bh66f2455_evm_cgm\2.code\bh66f2455_driver\application_projects\source\Work_Mode_Polling.c"
 498  002F  0F01        	mov a,1
 498  0030  4086        	mov [134],a
 498  0031              _L63:
 498  0031  0003        	ret
 498  0032              _Sys_Afe endp
 498  0032              #line 498 "d:\d200\product\git\bh66f2455_evm_cgm\2.code\bh66f2455_driver\application_projects\source\Work_Mode_Polling.c"
 498  0032              #pragma debug scope 1 1
 498  0032              public _Sys_Calibrite
 498  0032              #pragma debug scope 25 1
 504  0032              #line 504 "d:\d200\product\git\bh66f2455_evm_cgm\2.code\bh66f2455_driver\application_projects\source\Work_Mode_Polling.c"
 504  0000              _Sys_Calibrite .section 'code'
 504  0000              _Sys_Calibrite proc
 505  0000              #line 505 "d:\d200\product\git\bh66f2455_evm_cgm\2.code\bh66f2455_driver\application_projects\source\Work_Mode_Polling.c"
 505  0000  5086        	sz [134]
 505  0001  2800     R  	jmp _L84
 507  0002              #line 507 "d:\d200\product\git\bh66f2455_evm_cgm\2.code\bh66f2455_driver\application_projects\source\Work_Mode_Polling.c"
 507  0002  5087        	sz [135]
 507  0003  2800     R  	jmp _L85
 510  0004              #line 510 "d:\d200\product\git\bh66f2455_evm_cgm\2.code\bh66f2455_driver\application_projects\source\Work_Mode_Polling.c"
 510  0004  2000     R  	call _ThirdElAfeInit
 512  0005              #line 512 "d:\d200\product\git\bh66f2455_evm_cgm\2.code\bh66f2455_driver\application_projects\source\Work_Mode_Polling.c"
"File: Work_Mode_Polling.c  Assembler  Version HGASM0202      Page 31

 512  0005  2000     R  	call _CurrentWe1Start
 514  0006              #line 514 "d:\d200\product\git\bh66f2455_evm_cgm\2.code\bh66f2455_driver\application_projects\source\Work_Mode_Polling.c"
 514  0006  5F2C        	clr [172]
 514  0007  5F2D        	clr [173]
 514  0008  2800     R  	jmp _L103
 514  0009              _L85:
 518  0009              #line 518 "d:\d200\product\git\bh66f2455_evm_cgm\2.code\bh66f2455_driver\application_projects\source\Work_Mode_Polling.c"
 518  0009  5707        	sdza [135]
 518  000A  2800     R  	jmp _L87
 521  000B              #line 521 "d:\d200\product\git\bh66f2455_evm_cgm\2.code\bh66f2455_driver\application_projects\source\Work_Mode_Polling.c"
 521  000B  2000     R  	call _CurrentWe1Polling
 522  000C              #line 522 "d:\d200\product\git\bh66f2455_evm_cgm\2.code\bh66f2455_driver\application_projects\source\Work_Mode_Polling.c"
 522  000C  5E03        	snz [131]
 522  000D  2800     R  	jmp _L83
 524  000E              #line 524 "d:\d200\product\git\bh66f2455_evm_cgm\2.code\bh66f2455_driver\application_projects\source\Work_Mode_Polling.c"
 524  000E  4713        	mov a,[147]
 524  000F  0080     E  	mov rd,a
 524  0010  4714        	mov a,[148]
 524  0011  0080     E  	mov re,a
 524  0012  4715        	mov a,[149]
 524  0013  0080     E  	mov rf,a
 524  0014  4716        	mov a,[150]
 524  0015  0080     E  	mov rg,a
 524  0016  0700     E  	mov a,rd
 524  0017  40AC        	mov [172],a
 524  0018  0700     E  	mov a,re
 524  0019  40AD        	mov [173],a
 525  001A              #line 525 "d:\d200\product\git\bh66f2455_evm_cgm\2.code\bh66f2455_driver\application_projects\source\Work_Mode_Polling.c"
 525  001A  0F55        	mov a,85
 525  001B  40AB        	mov [171],a
 526  001C              #line 526 "d:\d200\product\git\bh66f2455_evm_cgm\2.code\bh66f2455_driver\application_projects\source\Work_Mode_Polling.c"
 526  001C  0F05        	mov a,5
 526  001D  0080     E  	mov _Eeprom_WriteBuf_2[4],a
 526  001E  1F00     E  	clr _Eeprom_WriteBuf_2[5]
 526  001F  0F2B        	mov a,43
 526  0020  0300     R  	add a,_cgmApiP[0]
 526  0021  0080     E  	mov _Eeprom_WriteBuf_2[2],a
 526  0022  0F00        	mov a,0
 526  0023  1300     R  	adc a,_cgmApiP[1]
 526  0024  0080     E  	mov _Eeprom_WriteBuf_2[3],a
 526  0025  0F12        	mov a,18
 526  0026  0080     E  	mov _Eeprom_WriteBuf_2[0],a
 526  0027  1F00     E  	clr _Eeprom_WriteBuf_2[1]
 526  0028  2000     E  	call _Eeprom_WriteBuf
 527  0029              #line 527 "d:\d200\product\git\bh66f2455_evm_cgm\2.code\bh66f2455_driver\application_projects\source\Work_Mode_Polling.c"
 527  0029  0F05        	mov a,5
 527  002A  0080     E  	mov _Eeprom_ReadBuff_2[4],a
 527  002B  1F00     E  	clr _Eeprom_ReadBuff_2[5]
 527  002C  0F2B        	mov a,43
 527  002D  0300     R  	add a,_cgmApiP[0]
 527  002E  0080     E  	mov _Eeprom_ReadBuff_2[2],a
 527  002F  0F00        	mov a,0
 527  0030  1300     R  	adc a,_cgmApiP[1]
 527  0031  0080     E  	mov _Eeprom_ReadBuff_2[3],a
 527  0032  0F12        	mov a,18
 527  0033  0080     E  	mov _Eeprom_ReadBuff_2[0],a
 527  0034  1F00     E  	clr _Eeprom_ReadBuff_2[1]
 527  0035  2000     E  	call _Eeprom_ReadBuff
 528  0036              #line 528 "d:\d200\product\git\bh66f2455_evm_cgm\2.code\bh66f2455_driver\application_projects\source\Work_Mode_Polling.c"
 528  0036              ;# 528 "d:\d200\product\git\bh66f2455_evm_cgm\2.code\bh66f2455_driver\application_projects\source\Work_Mode_Polling.c" 1
"File: Work_Mode_Polling.c  Assembler  Version HGASM0202      Page 32

 528  0036              	IF 2000>263690
 528  0036              ;# 528 "d:\d200\product\git\bh66f2455_evm_cgm\2.code\bh66f2455_driver\application_projects\source\Work_Mode_Polling.c" 1
 528  0036              	ERRMESSAGE 'the value 2000of the argument exceeds the maxinum 263690'
 528  0036              	ENDIF
 528  0036              ;# 528 "d:\d200\product\git\bh66f2455_evm_cgm\2.code\bh66f2455_driver\application_projects\source\Work_Mode_Polling.c" 1
 528  0036              	IF 2000<0
 528  0036              ;# 528 "d:\d200\product\git\bh66f2455_evm_cgm\2.code\bh66f2455_driver\application_projects\source\Work_Mode_Polling.c" 1
 528  0036              	ERRMESSAGE 'the value 2000 of the argument exceeds the mininum 0'
 528  0036              	ENDIF
 528  0036              ;# 528 "d:\d200\product\git\bh66f2455_evm_cgm\2.code\bh66f2455_driver\application_projects\source\Work_Mode_Polling.c" 1
 528  0036              	IF 2000==0
 528  0036              ;# 528 "d:\d200\product\git\bh66f2455_evm_cgm\2.code\bh66f2455_driver\application_projects\source\Work_Mode_Polling.c" 1
 528  0036              	JMP $
 528  0036              	ENDIF
 528  0036              ;# 528 "d:\d200\product\git\bh66f2455_evm_cgm\2.code\bh66f2455_driver\application_projects\source\Work_Mode_Polling.c" 1
 528  0036              	IF 2000==1
 528  0036              ;# 528 "d:\d200\product\git\bh66f2455_evm_cgm\2.code\bh66f2455_driver\application_projects\source\Work_Mode_Polling.c" 1
 528  0036              	NOP
 528  0036              	ENDIF
 528  0036              ;# 528 "d:\d200\product\git\bh66f2455_evm_cgm\2.code\bh66f2455_driver\application_projects\source\Work_Mode_Polling.c" 1
 528  0036              	IF 2000==2
 528  0036              ;# 528 "d:\d200\product\git\bh66f2455_evm_cgm\2.code\bh66f2455_driver\application_projects\source\Work_Mode_Polling.c" 1
 528  0036              	NOP
 528  0036              ;# 528 "d:\d200\product\git\bh66f2455_evm_cgm\2.code\bh66f2455_driver\application_projects\source\Work_Mode_Polling.c" 1
 528  0036              	NOP
 528  0036              	ENDIF
 528  0036              ;# 528 "d:\d200\product\git\bh66f2455_evm_cgm\2.code\bh66f2455_driver\application_projects\source\Work_Mode_Polling.c" 1
 528  0036              	IF 2000==3
 528  0036              ;# 528 "d:\d200\product\git\bh66f2455_evm_cgm\2.code\bh66f2455_driver\application_projects\source\Work_Mode_Polling.c" 1
 528  0036              	NOP
 528  0036              ;# 528 "d:\d200\product\git\bh66f2455_evm_cgm\2.code\bh66f2455_driver\application_projects\source\Work_Mode_Polling.c" 1
 528  0036              	NOP
 528  0036              ;# 528 "d:\d200\product\git\bh66f2455_evm_cgm\2.code\bh66f2455_driver\application_projects\source\Work_Mode_Polling.c" 1
 528  0036              	NOP
 528  0036              	ENDIF
 528  0036              ;# 528 "d:\d200\product\git\bh66f2455_evm_cgm\2.code\bh66f2455_driver\application_projects\source\Work_Mode_Polling.c" 1
 528  0036              	IF (2000<8) AND (2000>3)
 528  0036              ;# 528 "d:\d200\product\git\bh66f2455_evm_cgm\2.code\bh66f2455_driver\application_projects\source\Work_Mode_Polling.c" 1
 528  0036              	CALL __DELAY3 + 7 -2000
 528  0036              	ENDIF
 528  0036              ;# 528 "d:\d200\product\git\bh66f2455_evm_cgm\2.code\bh66f2455_driver\application_projects\source\Work_Mode_Polling.c" 1
 528  0036              	IF (2000< 0404h) AND (2000>7)
 528  0036              ;# 528 "d:\d200\product\git\bh66f2455_evm_cgm\2.code\bh66f2455_driver\application_projects\source\Work_Mode_Polling.c" 1
 528  0036              	MOV A,2000/4-1
 528  0036              ;# 528 "d:\d200\product\git\bh66f2455_evm_cgm\2.code\bh66f2455_driver\application_projects\source\Work_Mode_Polling.c" 1
 528  0036              	CALL __DELAYX3 + 3 -(2000 MOD 4)
 528  0036              	ENDIF
 528  0036              ;# 528 "d:\d200\product\git\bh66f2455_evm_cgm\2.code\bh66f2455_driver\application_projects\source\Work_Mode_Polling.c" 1
 528  0036              	IF (2000< 0x40B) AND (2000> 0403h)
 528  0036              ;# 528 "d:\d200\product\git\bh66f2455_evm_cgm\2.code\bh66f2455_driver\application_projects\source\Work_Mode_Polling.c" 1
 528  0036              	MOV A,0 
 528  0036              ;# 528 "d:\d200\product\git\bh66f2455_evm_cgm\2.code\bh66f2455_driver\application_projects\source\Work_Mode_Polling.c" 1
 528  0036              	CALL __DELAYX6 + 0x40a -2000
 528  0036              	ENDIF
 528  0036              ;# 528 "d:\d200\product\git\bh66f2455_evm_cgm\2.code\bh66f2455_driver\application_projects\source\Work_Mode_Polling.c" 1
 528  0036              	IF (2000 >= 0x40b) AND ((((2000-9)%0402h)/4+1)>256)
 528  0036              ;# 528 "d:\d200\product\git\bh66f2455_evm_cgm\2.code\bh66f2455_driver\application_projects\source\Work_Mode_Polling.c" 1
 528  0036              	MOV A,(2000-9)/0402h
 528  0036              ;# 528 "d:\d200\product\git\bh66f2455_evm_cgm\2.code\bh66f2455_driver\application_projects\source\Work_Mode_Polling.c" 1
 528  0036              	MOV _builtin_holtek_delay_2,A
"File: Work_Mode_Polling.c  Assembler  Version HGASM0202      Page 33

 528  0036              ;# 528 "d:\d200\product\git\bh66f2455_evm_cgm\2.code\bh66f2455_driver\application_projects\source\Work_Mode_Polling.c" 1
 528  0036              	MOV A,0
 528  0036              ;# 528 "d:\d200\product\git\bh66f2455_evm_cgm\2.code\bh66f2455_driver\application_projects\source\Work_Mode_Polling.c" 1
 528  0036              	CALL __DELAYY5 +5- (((2000-9)%0402h)%6)
 528  0036              	ENDIF
 528  0036              ;# 528 "d:\d200\product\git\bh66f2455_evm_cgm\2.code\bh66f2455_driver\application_projects\source\Work_Mode_Polling.c" 1
 528  0036              	IF (2000 >= 0x40b) AND ((((2000-9)%0402h)/4+1)<=256)
 528  0036              ;# 528 "d:\d200\product\git\bh66f2455_evm_cgm\2.code\bh66f2455_driver\application_projects\source\Work_Mode_Polling.c" 1
 528  0036  0F01        	MOV A,(2000-9)/0402h
 528  0037              ;# 528 "d:\d200\product\git\bh66f2455_evm_cgm\2.code\bh66f2455_driver\application_projects\source\Work_Mode_Polling.c" 1
 528  0037  0080     E  	MOV _builtin_holtek_delay_2,A
 528  0038              ;# 528 "d:\d200\product\git\bh66f2455_evm_cgm\2.code\bh66f2455_driver\application_projects\source\Work_Mode_Polling.c" 1
 528  0038  0FF2        	MOV A,((2000-9)%0402h)/4+1
 528  0039              ;# 528 "d:\d200\product\git\bh66f2455_evm_cgm\2.code\bh66f2455_driver\application_projects\source\Work_Mode_Polling.c" 1
 528  0039  2000     E  	CALL __DELAYY3 +3-(((2000-9)%0402h)%4)
 528  003A              	ENDIF
 528  003A              _L103:
 529  003A              #line 529 "d:\d200\product\git\bh66f2455_evm_cgm\2.code\bh66f2455_driver\application_projects\source\Work_Mode_Polling.c"
 529  003A  5487        	inc [135]
 529  003B  2800     R  	jmp _L83
 529  003C              _L87:
 532  003C              #line 532 "d:\d200\product\git\bh66f2455_evm_cgm\2.code\bh66f2455_driver\application_projects\source\Work_Mode_Polling.c"
 532  003C  4707        	mov a,[135]
 532  003D  0080     E  	mov ra,a
 532  003E  2800     R  	jmp _L83
 532  003F              _L84:
 537  003F              #line 537 "d:\d200\product\git\bh66f2455_evm_cgm\2.code\bh66f2455_driver\application_projects\source\Work_Mode_Polling.c"
 537  003F  5706        	sdza [134]
 537  0040  2800     R  	jmp _L83
 539  0041              #line 539 "d:\d200\product\git\bh66f2455_evm_cgm\2.code\bh66f2455_driver\application_projects\source\Work_Mode_Polling.c"
 539  0041  7908        	snz [136].2
 539  0042  2800     R  	jmp _L90
 541  0043              #line 541 "d:\d200\product\git\bh66f2455_evm_cgm\2.code\bh66f2455_driver\application_projects\source\Work_Mode_Polling.c"
 541  0043  5087        	sz [135]
 541  0044  2800     R  	jmp _L91
 543  0045              #line 543 "d:\d200\product\git\bh66f2455_evm_cgm\2.code\bh66f2455_driver\application_projects\source\Work_Mode_Polling.c"
 543  0045  2000     R  	call _CurrentWe1Start
 543  0046  2800     R  	jmp _L103
 543  0047              _L91:
 546  0047              #line 546 "d:\d200\product\git\bh66f2455_evm_cgm\2.code\bh66f2455_driver\application_projects\source\Work_Mode_Polling.c"
 546  0047  5707        	sdza [135]
 546  0048  2800     R  	jmp _L83
 548  0049              #line 548 "d:\d200\product\git\bh66f2455_evm_cgm\2.code\bh66f2455_driver\application_projects\source\Work_Mode_Polling.c"
 548  0049  2000     R  	call _CurrentWe1Polling
 549  004A              #line 549 "d:\d200\product\git\bh66f2455_evm_cgm\2.code\bh66f2455_driver\application_projects\source\Work_Mode_Polling.c"
 549  004A  5E03        	snz [131]
 549  004B  2800     R  	jmp _L83
 551  004C              #line 551 "d:\d200\product\git\bh66f2455_evm_cgm\2.code\bh66f2455_driver\application_projects\source\Work_Mode_Polling.c"
 551  004C  7508        	clr [136].2
 552  004D              #line 552 "d:\d200\product\git\bh66f2455_evm_cgm\2.code\bh66f2455_driver\application_projects\source\Work_Mode_Polling.c"
 552  004D  5F07        	clr [135]
 553  004E              #line 553 "d:\d200\product\git\bh66f2455_evm_cgm\2.code\bh66f2455_driver\application_projects\source\Work_Mode_Polling.c"
 553  004E  5E08        	snz [136]
 553  004F  2800     R  	jmp _L92
 555  0050              #line 555 "d:\d200\product\git\bh66f2455_evm_cgm\2.code\bh66f2455_driver\application_projects\source\Work_Mode_Polling.c"
 555  0050  5F03        	clr [131]
 555  0051  2800     R  	jmp _L83
 555  0052              _L92:
 559  0052              #line 559 "d:\d200\product\git\bh66f2455_evm_cgm\2.code\bh66f2455_driver\application_projects\source\Work_Mode_Polling.c"
 559  0052  0F08        	mov a,8
"File: Work_Mode_Polling.c  Assembler  Version HGASM0202      Page 34

 559  0053  0080     E  	mov _Eeprom_WriteBuf_2[4],a
 559  0054  1F00     E  	clr _Eeprom_WriteBuf_2[5]
 559  0055  0FA3        	mov a,low (offset _cgmApi+35)
 559  0056  0080     E  	mov _Eeprom_WriteBuf_2[2],a
 559  0057  0F00        	mov a,high (offset _cgmApi+35)
 559  0058  0080     E  	mov _Eeprom_WriteBuf_2[3],a
 559  0059  0F0A        	mov a,10
 559  005A  0080     E  	mov _Eeprom_WriteBuf_2[0],a
 559  005B  1F00     E  	clr _Eeprom_WriteBuf_2[1]
 559  005C  2000     E  	call _Eeprom_WriteBuf
 560  005D              #line 560 "d:\d200\product\git\bh66f2455_evm_cgm\2.code\bh66f2455_driver\application_projects\source\Work_Mode_Polling.c"
 560  005D              ;# 560 "d:\d200\product\git\bh66f2455_evm_cgm\2.code\bh66f2455_driver\application_projects\source\Work_Mode_Polling.c" 1
 560  005D              	IF 2000>263690
 560  005D              ;# 560 "d:\d200\product\git\bh66f2455_evm_cgm\2.code\bh66f2455_driver\application_projects\source\Work_Mode_Polling.c" 1
 560  005D              	ERRMESSAGE 'the value 2000of the argument exceeds the maxinum 263690'
 560  005D              	ENDIF
 560  005D              ;# 560 "d:\d200\product\git\bh66f2455_evm_cgm\2.code\bh66f2455_driver\application_projects\source\Work_Mode_Polling.c" 1
 560  005D              	IF 2000<0
 560  005D              ;# 560 "d:\d200\product\git\bh66f2455_evm_cgm\2.code\bh66f2455_driver\application_projects\source\Work_Mode_Polling.c" 1
 560  005D              	ERRMESSAGE 'the value 2000 of the argument exceeds the mininum 0'
 560  005D              	ENDIF
 560  005D              ;# 560 "d:\d200\product\git\bh66f2455_evm_cgm\2.code\bh66f2455_driver\application_projects\source\Work_Mode_Polling.c" 1
 560  005D              	IF 2000==0
 560  005D              ;# 560 "d:\d200\product\git\bh66f2455_evm_cgm\2.code\bh66f2455_driver\application_projects\source\Work_Mode_Polling.c" 1
 560  005D              	JMP $
 560  005D              	ENDIF
 560  005D              ;# 560 "d:\d200\product\git\bh66f2455_evm_cgm\2.code\bh66f2455_driver\application_projects\source\Work_Mode_Polling.c" 1
 560  005D              	IF 2000==1
 560  005D              ;# 560 "d:\d200\product\git\bh66f2455_evm_cgm\2.code\bh66f2455_driver\application_projects\source\Work_Mode_Polling.c" 1
 560  005D              	NOP
 560  005D              	ENDIF
 560  005D              ;# 560 "d:\d200\product\git\bh66f2455_evm_cgm\2.code\bh66f2455_driver\application_projects\source\Work_Mode_Polling.c" 1
 560  005D              	IF 2000==2
 560  005D              ;# 560 "d:\d200\product\git\bh66f2455_evm_cgm\2.code\bh66f2455_driver\application_projects\source\Work_Mode_Polling.c" 1
 560  005D              	NOP
 560  005D              ;# 560 "d:\d200\product\git\bh66f2455_evm_cgm\2.code\bh66f2455_driver\application_projects\source\Work_Mode_Polling.c" 1
 560  005D              	NOP
 560  005D              	ENDIF
 560  005D              ;# 560 "d:\d200\product\git\bh66f2455_evm_cgm\2.code\bh66f2455_driver\application_projects\source\Work_Mode_Polling.c" 1
 560  005D              	IF 2000==3
 560  005D              ;# 560 "d:\d200\product\git\bh66f2455_evm_cgm\2.code\bh66f2455_driver\application_projects\source\Work_Mode_Polling.c" 1
 560  005D              	NOP
 560  005D              ;# 560 "d:\d200\product\git\bh66f2455_evm_cgm\2.code\bh66f2455_driver\application_projects\source\Work_Mode_Polling.c" 1
 560  005D              	NOP
 560  005D              ;# 560 "d:\d200\product\git\bh66f2455_evm_cgm\2.code\bh66f2455_driver\application_projects\source\Work_Mode_Polling.c" 1
 560  005D              	NOP
 560  005D              	ENDIF
 560  005D              ;# 560 "d:\d200\product\git\bh66f2455_evm_cgm\2.code\bh66f2455_driver\application_projects\source\Work_Mode_Polling.c" 1
 560  005D              	IF (2000<8) AND (2000>3)
 560  005D              ;# 560 "d:\d200\product\git\bh66f2455_evm_cgm\2.code\bh66f2455_driver\application_projects\source\Work_Mode_Polling.c" 1
 560  005D              	CALL __DELAY3 + 7 -2000
 560  005D              	ENDIF
 560  005D              ;# 560 "d:\d200\product\git\bh66f2455_evm_cgm\2.code\bh66f2455_driver\application_projects\source\Work_Mode_Polling.c" 1
 560  005D              	IF (2000< 0404h) AND (2000>7)
 560  005D              ;# 560 "d:\d200\product\git\bh66f2455_evm_cgm\2.code\bh66f2455_driver\application_projects\source\Work_Mode_Polling.c" 1
 560  005D              	MOV A,2000/4-1
 560  005D              ;# 560 "d:\d200\product\git\bh66f2455_evm_cgm\2.code\bh66f2455_driver\application_projects\source\Work_Mode_Polling.c" 1
 560  005D              	CALL __DELAYX3 + 3 -(2000 MOD 4)
 560  005D              	ENDIF
 560  005D              ;# 560 "d:\d200\product\git\bh66f2455_evm_cgm\2.code\bh66f2455_driver\application_projects\source\Work_Mode_Polling.c" 1
"File: Work_Mode_Polling.c  Assembler  Version HGASM0202      Page 35

 560  005D              	IF (2000< 0x40B) AND (2000> 0403h)
 560  005D              ;# 560 "d:\d200\product\git\bh66f2455_evm_cgm\2.code\bh66f2455_driver\application_projects\source\Work_Mode_Polling.c" 1
 560  005D              	MOV A,0 
 560  005D              ;# 560 "d:\d200\product\git\bh66f2455_evm_cgm\2.code\bh66f2455_driver\application_projects\source\Work_Mode_Polling.c" 1
 560  005D              	CALL __DELAYX6 + 0x40a -2000
 560  005D              	ENDIF
 560  005D              ;# 560 "d:\d200\product\git\bh66f2455_evm_cgm\2.code\bh66f2455_driver\application_projects\source\Work_Mode_Polling.c" 1
 560  005D              	IF (2000 >= 0x40b) AND ((((2000-9)%0402h)/4+1)>256)
 560  005D              ;# 560 "d:\d200\product\git\bh66f2455_evm_cgm\2.code\bh66f2455_driver\application_projects\source\Work_Mode_Polling.c" 1
 560  005D              	MOV A,(2000-9)/0402h
 560  005D              ;# 560 "d:\d200\product\git\bh66f2455_evm_cgm\2.code\bh66f2455_driver\application_projects\source\Work_Mode_Polling.c" 1
 560  005D              	MOV _builtin_holtek_delay_2,A
 560  005D              ;# 560 "d:\d200\product\git\bh66f2455_evm_cgm\2.code\bh66f2455_driver\application_projects\source\Work_Mode_Polling.c" 1
 560  005D              	MOV A,0
 560  005D              ;# 560 "d:\d200\product\git\bh66f2455_evm_cgm\2.code\bh66f2455_driver\application_projects\source\Work_Mode_Polling.c" 1
 560  005D              	CALL __DELAYY5 +5- (((2000-9)%0402h)%6)
 560  005D              	ENDIF
 560  005D              ;# 560 "d:\d200\product\git\bh66f2455_evm_cgm\2.code\bh66f2455_driver\application_projects\source\Work_Mode_Polling.c" 1
 560  005D              	IF (2000 >= 0x40b) AND ((((2000-9)%0402h)/4+1)<=256)
 560  005D              ;# 560 "d:\d200\product\git\bh66f2455_evm_cgm\2.code\bh66f2455_driver\application_projects\source\Work_Mode_Polling.c" 1
 560  005D  0F01        	MOV A,(2000-9)/0402h
 560  005E              ;# 560 "d:\d200\product\git\bh66f2455_evm_cgm\2.code\bh66f2455_driver\application_projects\source\Work_Mode_Polling.c" 1
 560  005E  0080     E  	MOV _builtin_holtek_delay_2,A
 560  005F              ;# 560 "d:\d200\product\git\bh66f2455_evm_cgm\2.code\bh66f2455_driver\application_projects\source\Work_Mode_Polling.c" 1
 560  005F  0FF2        	MOV A,((2000-9)%0402h)/4+1
 560  0060              ;# 560 "d:\d200\product\git\bh66f2455_evm_cgm\2.code\bh66f2455_driver\application_projects\source\Work_Mode_Polling.c" 1
 560  0060  2000     E  	CALL __DELAYY3 +3-(((2000-9)%0402h)%4)
 560  0061              	ENDIF
 560  0061  2800     R  	jmp _L83
 560  0062              _L90:
 566  0062              #line 566 "d:\d200\product\git\bh66f2455_evm_cgm\2.code\bh66f2455_driver\application_projects\source\Work_Mode_Polling.c"
 566  0062  7988        	snz [136].3
 566  0063  2800     R  	jmp _L83
 568  0064              #line 568 "d:\d200\product\git\bh66f2455_evm_cgm\2.code\bh66f2455_driver\application_projects\source\Work_Mode_Polling.c"
 568  0064  5E07        	snz [135]
 568  0065  2800     R  	jmp _L103
 573  0066              #line 573 "d:\d200\product\git\bh66f2455_evm_cgm\2.code\bh66f2455_driver\application_projects\source\Work_Mode_Polling.c"
 573  0066  5707        	sdza [135]
 573  0067  2800     R  	jmp _L83
 576  0068              #line 576 "d:\d200\product\git\bh66f2455_evm_cgm\2.code\bh66f2455_driver\application_projects\source\Work_Mode_Polling.c"
 576  0068  5E03        	snz [131]
 576  0069  2800     R  	jmp _L83
 578  006A              #line 578 "d:\d200\product\git\bh66f2455_evm_cgm\2.code\bh66f2455_driver\application_projects\source\Work_Mode_Polling.c"
 578  006A  7588        	clr [136].3
 579  006B              #line 579 "d:\d200\product\git\bh66f2455_evm_cgm\2.code\bh66f2455_driver\application_projects\source\Work_Mode_Polling.c"
 579  006B  0F08        	mov a,8
 579  006C  0080     E  	mov _Eeprom_WriteBuf_2[4],a
 579  006D  1F00     E  	clr _Eeprom_WriteBuf_2[5]
 579  006E  0FA3        	mov a,low (offset _cgmApi+35)
 579  006F  0080     E  	mov _Eeprom_WriteBuf_2[2],a
 579  0070  0F00        	mov a,high (offset _cgmApi+35)
 579  0071  0080     E  	mov _Eeprom_WriteBuf_2[3],a
 579  0072  0F0A        	mov a,10
 579  0073  0080     E  	mov _Eeprom_WriteBuf_2[0],a
 579  0074  1F00     E  	clr _Eeprom_WriteBuf_2[1]
 579  0075  2000     E  	call _Eeprom_WriteBuf
 579  0076              _L83:
 579  0076  0003        	ret
 579  0077              _Sys_Calibrite endp
 579  0077              #line 579 "d:\d200\product\git\bh66f2455_evm_cgm\2.code\bh66f2455_driver\application_projects\source\Work_Mode_Polling.c"
"File: Work_Mode_Polling.c  Assembler  Version HGASM0202      Page 36

 579  0077              #pragma debug scope 1 1
 579  0077              public _Work_Mode_Polling
 579  0077              #pragma debug scope 26 1
 588  0077              #line 588 "d:\d200\product\git\bh66f2455_evm_cgm\2.code\bh66f2455_driver\application_projects\source\Work_Mode_Polling.c"
 588  0000              _Work_Mode_Polling .section 'code'
 588  0000              _Work_Mode_Polling proc
 588  0000  00              local _Work_Mode_Polling_2 db 1 dup(?)	; 0,1
 589  0001              #line 589 "d:\d200\product\git\bh66f2455_evm_cgm\2.code\bh66f2455_driver\application_projects\source\Work_Mode_Polling.c"
 589  0000  4705        	mov a,[133]
 589  0001  0080     R  	mov _Work_Mode_Polling_2[0],a
 589  0002  0700     R  	mov a,_Work_Mode_Polling_2[0]
 589  0003  0A02        	sub a,2
 589  0004  3D0A        	sz z
 589  0005  2800     R  	jmp _L106
 589  0006              #line 589 "d:\d200\product\git\bh66f2455_evm_cgm\2.code\bh66f2455_driver\application_projects\source\Work_Mode_Polling.c"
 589  0006  0700     R  	mov a,_Work_Mode_Polling_2[0]
 589  0007  0A04        	sub a,4
 589  0008  390A        	snz z
 589  0009  2800     R  	jmp _L104
 595  000A              #line 595 "d:\d200\product\git\bh66f2455_evm_cgm\2.code\bh66f2455_driver\application_projects\source\Work_Mode_Polling.c"
 595  000A  2000     R  	call _Sys_Calibrite
 596  000B              #line 596 "d:\d200\product\git\bh66f2455_evm_cgm\2.code\bh66f2455_driver\application_projects\source\Work_Mode_Polling.c"
 596  000B  2800     R  	jmp _L104
 596  000C              _L106:
 592  000C              #line 592 "d:\d200\product\git\bh66f2455_evm_cgm\2.code\bh66f2455_driver\application_projects\source\Work_Mode_Polling.c"
 592  000C  2000     R  	call _Sys_Afe
 592  000D              _L104:
 592  000D  0003        	ret
 592  000E              _Work_Mode_Polling endp
 592  000E              #line 592 "d:\d200\product\git\bh66f2455_evm_cgm\2.code\bh66f2455_driver\application_projects\source\Work_Mode_Polling.c"
 592  000E              #pragma debug scope 1 1
 592  000E              public _Init_AFE
 592  000E              #pragma debug scope 27 1
  47  000E              #line 47 "d:\d200\product\git\bh66f2455_evm_cgm\2.code\bh66f2455_driver\application_projects\source\Work_Mode_Polling.c"
  47  0000              _Init_AFE .section 'code'
  47  0000              _Init_AFE proc
  49  0000              #line 49 "d:\d200\product\git\bh66f2455_evm_cgm\2.code\bh66f2455_driver\application_projects\source\Work_Mode_Polling.c"
  49  0000  0F02        	mov a,2
  49  0001  4085        	mov [133],a
  50  0002              #line 50 "d:\d200\product\git\bh66f2455_evm_cgm\2.code\bh66f2455_driver\application_projects\source\Work_Mode_Polling.c"
  50  0002  5F06        	clr [134]
  51  0003              #line 51 "d:\d200\product\git\bh66f2455_evm_cgm\2.code\bh66f2455_driver\application_projects\source\Work_Mode_Polling.c"
  51  0003  0F04        	mov a,4
  51  0004  4088        	mov [136],a
  52  0005              #line 52 "d:\d200\product\git\bh66f2455_evm_cgm\2.code\bh66f2455_driver\application_projects\source\Work_Mode_Polling.c"
  52  0005  3400     E  	clr _deviceApi[0].3
  59  0006              #line 59 "d:\d200\product\git\bh66f2455_evm_cgm\2.code\bh66f2455_driver\application_projects\source\Work_Mode_Polling.c"
  59  0006  2000     R  	call _Work_Mode_Polling
  61  0007              #line 61 "d:\d200\product\git\bh66f2455_evm_cgm\2.code\bh66f2455_driver\application_projects\source\Work_Mode_Polling.c"
  61  0007  0F80        	mov a,low offset _cgmApi
  61  0008  0080     R  	mov _cgmApiP[0],a
  61  0009  0F00        	mov a,high offset _cgmApi
  61  000A  0080     R  	mov _cgmApiP[1],a
  62  000B              #line 62 "d:\d200\product\git\bh66f2455_evm_cgm\2.code\bh66f2455_driver\application_projects\source\Work_Mode_Polling.c"
  62  000B  5F04        	clr [132]
  64  000C              #line 64 "d:\d200\product\git\bh66f2455_evm_cgm\2.code\bh66f2455_driver\application_projects\source\Work_Mode_Polling.c"
  64  000C  1F00     R  	clr _isNotFirstOffsetWe1[0]
  64  000D  0003        	ret
  64  000E              _Init_AFE endp
  64  000E              #line 64 "d:\d200\product\git\bh66f2455_evm_cgm\2.code\bh66f2455_driver\application_projects\source\Work_Mode_Polling.c"
"File: Work_Mode_Polling.c  Assembler  Version HGASM0202      Page 37

  64  000E              #pragma debug scope 1 1
  44  000E              #line 44 "d:\d200\product\git\bh66f2455_evm_cgm\2.code\bh66f2455_driver\application_projects\source\Work_Mode_Polling.c"
  44  000E              public _adc24SourceDataBuf
  44  0000              @HCCINIT0_adc24SourceDataBuf .section 'data'
  44  0000  0054[       _adc24SourceDataBuf	db 84 dup(0)
            00
            ]
  44  0054              #pragma debug struct_end
  44  0054              #pragma debug struct_end
  44  0054              #pragma debug union_end
  44  0054              #pragma debug union_end
  44  0054              #pragma debug struct_end
  44  0054              #pragma debug struct_end
  44  0054              #pragma debug array 58 57 21 1
  44  0054              #pragma debug array 58 57 21 1
  44  0054              #pragma debug variable 58 1 _adc24SourceDataBuf "adc24SourceDataBuf"
  44  0054              
  44  0000              @HCCINIT .section 'data'
  44  0000              @HCCINIT0_isNotFirstOffsetWe1 .section 'data'
  44  0000              _isNotFirstOffsetWe1	db 0
  44  0001              #pragma debug variable 8 1 _isNotFirstOffsetWe1 "isNotFirstOffsetWe1"
  44  0001              
  44  0000              @HCCINIT .section 'data'
  26  0000              #line 26 "d:\d200\product\git\bh66f2455_evm_cgm\2.code\bh66f2455_driver\application_projects\source\Work_Mode_Polling.c"
  26  0000              public _lastNaWe1Raw
  26  0000              @HCCINIT0_lastNaWe1Raw .section 'data'
  26  0000  0004[       _lastNaWe1Raw	db 4 dup(0)
            00
            ]
  26  0004              #pragma debug variable 13 1 _lastNaWe1Raw "lastNaWe1Raw"
  26  0004              
  26  0000              @HCCINIT .section 'data'
  24  0000              #line 24 "d:\d200\product\git\bh66f2455_evm_cgm\2.code\bh66f2455_driver\application_projects\source\Work_Mode_Polling.c"
  24  0000              public _adcCntWE1
  24  0000              @HCCINIT0_adcCntWE1 .section 'data'
  24  0000              _adcCntWE1	db 0
  24  0001              #pragma debug variable 8 1 _adcCntWE1 "adcCntWE1"
  24  0001              
  24  0000              @HCCINIT .section 'data'
  23  0000              #line 23 "d:\d200\product\git\bh66f2455_evm_cgm\2.code\bh66f2455_driver\application_projects\source\Work_Mode_Polling.c"
  23  0000              public _adcAvgWE1
  23  0000              @HCCINIT0_adcAvgWE1 .section 'data'
  23  0000  0004[       _adcAvgWE1	db 4 dup(0)
            00
            ]
  23  0004              #pragma debug variable 13 1 _adcAvgWE1 "adcAvgWE1"
  23  0004              
  23  0000              @HCCINIT .section 'data'
  20  0000              #line 20 "d:\d200\product\git\bh66f2455_evm_cgm\2.code\bh66f2455_driver\application_projects\source\Work_Mode_Polling.c"
  20  0000              public _cgmApiP
  20  0000              @HCCINIT0_cgmApiP .section 'data'
  20  0000  0002[       _cgmApiP	db 2 dup(0)
            00
            ]
  20  0002              #pragma debug struct_end
  20  0002              #pragma debug struct_end
  20  0002              #pragma debug pointer 60 59 1
  20  0002              #pragma debug pointer 60 59 1
  20  0002              #pragma debug variable 60 1 _cgmApiP "cgmApiP"
  20  0002              
"File: Work_Mode_Polling.c  Assembler  Version HGASM0202      Page 38

  20  0000              @HCCINIT .section 'data'
  18  0000              #line 18 "d:\d200\product\git\bh66f2455_evm_cgm\2.code\bh66f2455_driver\application_projects\source\Work_Mode_Polling.c"
  18  0000              public _sum
  18  0000              @HCCINIT0_sum .section 'data'
  18  0000  0004[       _sum	db 4 dup(0)
            00
            ]
  18  0004              #pragma debug variable 13 1 _sum "sum"
  18  0004              
  18  0000              @HCCINIT .section 'data'
  15  0000              #line 15 "d:\d200\product\git\bh66f2455_evm_cgm\2.code\bh66f2455_driver\application_projects\source\Work_Mode_Polling.c"
  15  0000              public _Temp
  15  0000              @HCCINIT0_Temp .section 'data'
  15  0000  0002[       _Temp	db 2 dup(0)
            00
            ]
  15  0002              #pragma debug variable 12 1 _Temp "Temp"
  15  0002              
  15  0000              @HCCINIT .section 'data'
  15  0000              #pragma debug struct_end
  15  0000              #pragma debug struct_end
  15  0000              #pragma debug union_end
  15  0000              #pragma debug union_end
  15  0000              #pragma debug variable 62 1 ___pa "__pa" 1
  15  0000              #pragma debug struct_end
  15  0000              #pragma debug struct_end
  15  0000              #pragma debug union_end
  15  0000              #pragma debug union_end
  15  0000              #pragma debug variable 64 1 ___pac "__pac" 1
  15  0000              #pragma debug struct_end
  15  0000              #pragma debug struct_end
  15  0000              #pragma debug union_end
  15  0000              #pragma debug union_end
  15  0000              #pragma debug variable 66 1 ___papu "__papu" 1
  15  0000              #pragma debug struct_end
  15  0000              #pragma debug struct_end
  15  0000              #pragma debug union_end
  15  0000              #pragma debug union_end
  15  0000              #pragma debug variable 68 1 ___pawu "__pawu" 1
  15  0000              #pragma debug struct_end
  15  0000              #pragma debug struct_end
  15  0000              #pragma debug union_end
  15  0000              #pragma debug union_end
  15  0000              #pragma debug variable 70 1 ___wdtc "__wdtc" 1
  15  0000              #pragma debug struct_end
  15  0000              #pragma debug struct_end
  15  0000              #pragma debug union_end
  15  0000              #pragma debug union_end
  15  0000              #pragma debug variable 72 1 ___intc0 "__intc0" 1
  15  0000              #pragma debug struct_end
  15  0000              #pragma debug struct_end
  15  0000              #pragma debug union_end
  15  0000              #pragma debug union_end
  15  0000              #pragma debug variable 74 1 ___intc1 "__intc1" 1
  15  0000              #pragma debug struct_end
  15  0000              #pragma debug struct_end
  15  0000              #pragma debug union_end
  15  0000              #pragma debug union_end
  15  0000              #pragma debug variable 76 1 ___fbrc "__fbrc" 1
  15  0000              #pragma debug struct_end
"File: Work_Mode_Polling.c  Assembler  Version HGASM0202      Page 39

  15  0000              #pragma debug struct_end
  15  0000              #pragma debug union_end
  15  0000              #pragma debug union_end
  15  0000              #pragma debug variable 78 1 ___pas0 "__pas0" 1
  15  0000              #pragma debug struct_end
  15  0000              #pragma debug struct_end
  15  0000              #pragma debug variable 79 1 _cgmApi "cgmApi" 59
  15  0000              
  15  0000              ; output external variables
  15  0000              extern _deviceApi:byte
  15  0000              extern _adcAutoModeBufP:byte
  15  0000              extern _adc24SourceData:byte
  15  0000              extern _Eeprom_ReadBuff_2:byte
  15  0000              extern _Eeprom_ReadBuff:near
  15  0000              extern _Adc24_Cfg_2:byte
  15  0000              extern _Adc24_Cfg:near
  15  0000              extern _Oscillators_Cfg_2:byte
  15  0000              extern _Oscillators_Cfg:near
  15  0000              extern _Adc24_Enable_2:byte
  15  0000              extern _Adc24_Enable:near
  15  0000              extern _builtin_holtek_mulsi3_2:byte
  15  0000              extern _builtin_holtek_mulsi3:near
  15  0000              extern _builtin_holtek_divmodsi4:near
  15  0000              extern _builtin_holtek_udivmodsi4_2:byte
  15  0000              extern _builtin_holtek_udivmodsi4:near
  15  0000              extern _DRDY_Ready:near
  15  0000              extern _ThirdElAfeCfg_2:byte
  15  0000              extern _ThirdElAfeCfg:near
  15  0000              extern _Eeprom_WriteBuf_2:byte
  15  0000              extern _Eeprom_WriteBuf:near
  15  0000              
  15  0000              ; 
  15  0000              ; Generated by holtek-gcc v3.19, Mon Jul 14 16:56:27 2025
  15  0000              ; Rebuild 718
  15  0000              ; end of file


        0 Errors, 0