"File: User_Protocol.c  Assembler  Version HGASM0202      Page 1


   1  0000              ; Generated by holtek-gcc v3.19, Mon Jul 14 16:56:27 2025
   2  0000              ; 
   3  0000              ; Configuration:
   4  0000              ;       with long instruction
   5  0000              ;       Single ROM, Multi-RAM
   6  0000              ;       bits_per_rom_unit:16
   7  0000              ;       with mp1
   8  0000              ;       with tbhp, address(0x9)
   9  0000              ;          Use tabrd-const
  10  0000              ;       
  11  0000              ; SFR address of long-instruction arch:
  12  0000              ;    mp0 = -1,1,0
  13  0000              ;    mp1 = 4,3,2
  14  0000              ;    mp2 = 14,13,12
  15  0000              ;    tbp = 9,7,8
  16  0000              ;    acc = 5
  17  0000              ;    pcl = 6
  18  0000              ;    status = 10
  19  0000              ;    bp = 11
  20  0000              ;    intc = 32
  21  0000              ;       
  22  0000              ;       
  23  0000              ; use 'tabrdc' instead of 'tabrd'
  24  0000              ;       
  25  0000              
  26  0000              #pragma translator "holtek-gcc 4.6.4" "3.19" "build 20130711"
  27  0000              ; Rebuild 718
  28  0000              
  29  0000              ir equ [2]
  30  0000              mp equ [3]
  31  0000              sbp equ [4]
  32  0000              acc equ [5]
  33  0000              bp equ [11]
  34  0000              tblp equ [7]
  35  0000              tbhp equ [9]
  36  0000              status equ [10]
  37  0000              c equ [10].0
  38  0000              ac equ [10].1
  39  0000              z equ [10].2
  40  0000              ov equ [10].3
  41  0000              cz equ [10].6
  42  0000              sc equ [10].7
  43  0000              intc equ [32]
  44  0000              
  45  0000              extern ra:byte
  46  0000              extern rb:byte
  47  0000              extern rc:byte
  48  0000              extern rd:byte
  49  0000              extern re:byte
  50  0000              extern rf:byte
  51  0000              extern rg:byte
  52  0000              extern rh:byte
  53  0000              extern _Crom2Prom:near
  54  0000              extern _Crom2PromNext:near
  55  0000              
  56  0000              RAMBANK 0 @BITDATASEC, @BITDATASEC1
  57  0000              @HCCINIT	.section 'data'
  58  0000              @HCCINIT0	.section 'data'
  59  0000              @BITDATASEC	 .section 'data'
"File: User_Protocol.ASM  Assembler  Version HGASM0202      Page 2

  60  0000              @BITDATASEC1	 .section 'data'
  61  0000              
  62  0000              #pragma debug scope 1 1
  63  0000              	extern __DELAY3:near
  64  0000              	extern __DELAYX3:near
  65  0000              	extern __DELAYX6:near
  66  0000              	extern __DELAYY5:near
  67  0000              	extern __DELAYY3:near
  68  0000              	extern _builtin_holtek_delay_2:byte
  69  0000              #pragma debug scope 2 1

  42  0000              #line 42 "d:\d200\product\git\bh66f2455_evm_cgm\2.code\bh66f2455_driver\application_projects\source\User_Protocol.c"
  42  0000              ___GetCheckLRC_constprop_0 .section 'code'
  42  0000              ___GetCheckLRC_constprop_0 proc
  42  0000  0003[           local ___GetCheckLRC_constprop_0_2 db 3 dup(?)	; 3,0
            00
            ]
  42  0003              #pragma debug pointer 42 8 2
  42  0003              #pragma debug pointer 42 8 2
  42  0003              #pragma debug variable 42 2 ___GetCheckLRC_constprop_0_2+0 "buf"
  42  0003              #pragma debug variable 8 2 ___GetCheckLRC_constprop_0_2+2 "endN"
  47  0003              #line 47 "d:\d200\product\git\bh66f2455_evm_cgm\2.code\bh66f2455_driver\application_projects\source\User_Protocol.c"
  47  0000  1F00     E  	clr rd
  46  0001              #line 46 "d:\d200\product\git\bh66f2455_evm_cgm\2.code\bh66f2455_driver\application_projects\source\User_Protocol.c"
  46  0001  1F00     E  	clr ra
  46  0002              _L3:
  49  0002              #line 49 "d:\d200\product\git\bh66f2455_evm_cgm\2.code\bh66f2455_driver\application_projects\source\User_Protocol.c"
  49  0002  0F01        	mov a,1
  49  0003  0300     R  	add a,___GetCheckLRC_constprop_0_2[0]
  49  0004  0080     E  	mov rb,a
  49  0005  0F00        	mov a,0
  49  0006  1300     R  	adc a,___GetCheckLRC_constprop_0_2[1]
  49  0007  0080     E  	mov rc,a
  49  0008  0700     R  	mov a,___GetCheckLRC_constprop_0_2[0]
  49  0009  0083        	mov mp,a
  49  000A  0700     R  	mov a,___GetCheckLRC_constprop_0_2[1]
  49  000B  0084        	mov sbp,a
  49  000C  2000     E  	call _Crom2Prom
  49  000D  0080     E  	mov re,a
  49  000E  0700     E  	mov a,re
  49  000F  0380     E  	addm a,ra
  47  0010              #line 47 "d:\d200\product\git\bh66f2455_evm_cgm\2.code\bh66f2455_driver\application_projects\source\User_Protocol.c"
  47  0010  1480     E  	inc rd
  47  0011  0700     R  	mov a,___GetCheckLRC_constprop_0_2[2]
  47  0012  0200     E  	sub a,rd
  47  0013  380A        	snz c
  47  0014  2800     R  	jmp _L2
  49  0015              #line 49 "d:\d200\product\git\bh66f2455_evm_cgm\2.code\bh66f2455_driver\application_projects\source\User_Protocol.c"
  49  0015  0700     E  	mov a,rb
  49  0016  0080     R  	mov ___GetCheckLRC_constprop_0_2[0],a
  49  0017  0700     E  	mov a,rc
  49  0018  0080     R  	mov ___GetCheckLRC_constprop_0_2[1],a
  49  0019  2800     R  	jmp _L3
  49  001A              _L2:
  51  001A              #line 51 "d:\d200\product\git\bh66f2455_evm_cgm\2.code\bh66f2455_driver\application_projects\source\User_Protocol.c"
  51  001A  0F00        	mov a,0
  51  001B  0280     E  	subm a,ra
  53  001C              #line 53 "d:\d200\product\git\bh66f2455_evm_cgm\2.code\bh66f2455_driver\application_projects\source\User_Protocol.c"
  53  001C  0700     E  	mov a,ra
  53  001D  0003        	ret
"File: User_Protocol.c  Assembler  Version HGASM0202      Page 3

  53  001E              ___GetCheckLRC_constprop_0 endp
  53  001E              #line 53 "d:\d200\product\git\bh66f2455_evm_cgm\2.code\bh66f2455_driver\application_projects\source\User_Protocol.c"
  53  001E              #pragma debug scope 1 1
  53  001E              public _TxAfeSetParameter
  53  001E              #pragma debug scope 3 1
  56  001E              #line 56 "d:\d200\product\git\bh66f2455_evm_cgm\2.code\bh66f2455_driver\application_projects\source\User_Protocol.c"
  56  0000              _TxAfeSetParameter .section 'code'
  56  0000              _TxAfeSetParameter proc
  58  0000              #line 58 "d:\d200\product\git\bh66f2455_evm_cgm\2.code\bh66f2455_driver\application_projects\source\User_Protocol.c"
  58  0000  0FAA        	mov a,170
  58  0001  0080     R  	mov _txBuf[0],a
  59  0002              #line 59 "d:\d200\product\git\bh66f2455_evm_cgm\2.code\bh66f2455_driver\application_projects\source\User_Protocol.c"
  59  0002  0F0D        	mov a,13
  59  0003  0080     R  	mov _txBuf[1],a
  60  0004              #line 60 "d:\d200\product\git\bh66f2455_evm_cgm\2.code\bh66f2455_driver\application_projects\source\User_Protocol.c"
  60  0004  0FB0        	mov a,176
  60  0005  0080     R  	mov _txBuf[2],a
  61  0006              #line 61 "d:\d200\product\git\bh66f2455_evm_cgm\2.code\bh66f2455_driver\application_projects\source\User_Protocol.c"
  61  0006  0700     R  	mov a,_read_write[0]
  61  0007  0080     R  	mov _txBuf[3],a
  62  0008              #line 62 "d:\d200\product\git\bh66f2455_evm_cgm\2.code\bh66f2455_driver\application_projects\source\User_Protocol.c"
  62  0008  0700     R  	mov a,_read_write_result[0]
  62  0009  0080     R  	mov _txBuf[4],a
  63  000A              #line 63 "d:\d200\product\git\bh66f2455_evm_cgm\2.code\bh66f2455_driver\application_projects\source\User_Protocol.c"
  63  000A  0700     R  	mov a,_parameter_address[0]
  63  000B  0080     R  	mov _txBuf[5],a
  64  000C              #line 64 "d:\d200\product\git\bh66f2455_evm_cgm\2.code\bh66f2455_driver\application_projects\source\User_Protocol.c"
  64  000C  0700     R  	mov a,_parameter_value[0]
  64  000D  0080     R  	mov _txBuf[6],a
  65  000E              #line 65 "d:\d200\product\git\bh66f2455_evm_cgm\2.code\bh66f2455_driver\application_projects\source\User_Protocol.c"
  65  000E  0700     R  	mov a,_parameter_value[1]
  65  000F  0080     R  	mov _txBuf[7],a
  66  0010              #line 66 "d:\d200\product\git\bh66f2455_evm_cgm\2.code\bh66f2455_driver\application_projects\source\User_Protocol.c"
  66  0010  1F00     R  	clr _txBuf[8]
  67  0011              #line 67 "d:\d200\product\git\bh66f2455_evm_cgm\2.code\bh66f2455_driver\application_projects\source\User_Protocol.c"
  67  0011  1F00     R  	clr _txBuf[9]
  68  0012              #line 68 "d:\d200\product\git\bh66f2455_evm_cgm\2.code\bh66f2455_driver\application_projects\source\User_Protocol.c"
  68  0012  1F00     R  	clr _txBuf[10]
  69  0013              #line 69 "d:\d200\product\git\bh66f2455_evm_cgm\2.code\bh66f2455_driver\application_projects\source\User_Protocol.c"
  69  0013  1F00     R  	clr _txBuf[11]
  70  0014              #line 70 "d:\d200\product\git\bh66f2455_evm_cgm\2.code\bh66f2455_driver\application_projects\source\User_Protocol.c"
  70  0014  0700     R  	mov a,_txBuf[1]
  70  0015  0BFE        	add a,254
  70  0016  0080     R  	mov ___GetCheckLRC_constprop_0_2[2],a
  70  0017  0F00     R  	mov a,low offset _txBuf
  70  0018  0080     R  	mov ___GetCheckLRC_constprop_0_2[0],a
  70  0019  0F00     R  	mov a,high offset _txBuf
  70  001A  0080     R  	mov ___GetCheckLRC_constprop_0_2[1],a
  70  001B  2000     R  	call ___GetCheckLRC_constprop_0
  70  001C  0080     E  	mov ra,a
  70  001D  0700     E  	mov a,ra
  70  001E  0080     R  	mov _txBuf[12],a
  74  001F              #line 74 "d:\d200\product\git\bh66f2455_evm_cgm\2.code\bh66f2455_driver\application_projects\source\User_Protocol.c"
  74  001F  0700     R  	mov a,_txBuf[1]
  74  0020  0080     E  	mov _Uart_TxByte_Interrupt_2[2],a
  74  0021  0F00     R  	mov a,low offset _txBuf
  74  0022  0080     E  	mov _Uart_TxByte_Interrupt_2[0],a
  74  0023  0F00     R  	mov a,high offset _txBuf
  74  0024  0080     E  	mov _Uart_TxByte_Interrupt_2[1],a
  74  0025  2000     E  	call _Uart_TxByte_Interrupt
"File: User_Protocol.c  Assembler  Version HGASM0202      Page 4

  74  0026  0003        	ret
  74  0027              _TxAfeSetParameter endp
  74  0027              #line 74 "d:\d200\product\git\bh66f2455_evm_cgm\2.code\bh66f2455_driver\application_projects\source\User_Protocol.c"
  74  0027              #pragma debug scope 1 1
  74  0027              public _TxCalVoltage
  74  0027              #pragma debug scope 4 1
  83  0027              #line 83 "d:\d200\product\git\bh66f2455_evm_cgm\2.code\bh66f2455_driver\application_projects\source\User_Protocol.c"
  83  0000              _TxCalVoltage .section 'code'
  83  0000              _TxCalVoltage proc
  84  0000              #line 84 "d:\d200\product\git\bh66f2455_evm_cgm\2.code\bh66f2455_driver\application_projects\source\User_Protocol.c"
  84  0000  0FAA        	mov a,170
  84  0001  0080     R  	mov _txBuf[0],a
  85  0002              #line 85 "d:\d200\product\git\bh66f2455_evm_cgm\2.code\bh66f2455_driver\application_projects\source\User_Protocol.c"
  85  0002  0F0D        	mov a,13
  85  0003  0080     R  	mov _txBuf[1],a
  86  0004              #line 86 "d:\d200\product\git\bh66f2455_evm_cgm\2.code\bh66f2455_driver\application_projects\source\User_Protocol.c"
  86  0004  0FC1        	mov a,193
  86  0005  0080     R  	mov _txBuf[2],a
  88  0006              #line 88 "d:\d200\product\git\bh66f2455_evm_cgm\2.code\bh66f2455_driver\application_projects\source\User_Protocol.c"
  88  0006  0F1A        	mov a,26
  88  0007  0300     E  	add a,_cgmApiP[0]
  88  0008  0080     E  	mov rd,a
  88  0009  0F00        	mov a,0
  88  000A  1300     E  	adc a,_cgmApiP[1]
  88  000B  0080     E  	mov re,a
  88  000C  1F00     E  	clr rb
  88  000D  1F00     E  	clr rc
  88  000E              _L8:
  91  000E              #line 91 "d:\d200\product\git\bh66f2455_evm_cgm\2.code\bh66f2455_driver\application_projects\source\User_Protocol.c"
  91  000E  0700     E  	mov a,rb
  91  000F  0300     E  	add a,rd
  91  0010  0083        	mov mp,a
  91  0011  0700     E  	mov a,rc
  91  0012  1300     E  	adc a,re
  91  0013  0084        	mov sbp,a
  91  0014  2000     E  	call _Crom2Prom
  91  0015  0080     E  	mov ra,a
  91  0016  0F00     R  	mov a,low (offset _txBuf+3)
  91  0017  0300     E  	add a,rb
  91  0018  0083        	mov mp,a
  91  0019  0F00     R  	mov a,high (offset _txBuf+3)
  91  001A  1300     E  	adc a,rc
  91  001B  0084        	mov sbp,a
  91  001C  0700     E  	mov a,ra
  91  001D  0082        	mov ir,a
  91  001E  1480     E  	inc rb
  91  001F  3D0A        	sz z
  91  0020  1480     E  	inc rc
  89  0021              #line 89 "d:\d200\product\git\bh66f2455_evm_cgm\2.code\bh66f2455_driver\application_projects\source\User_Protocol.c"
  89  0021  0700     E  	mov a,rb
  89  0022  0C09        	xor a,9
  89  0023  0500     E  	or a,rc
  89  0024  390A        	snz z
  89  0025  2800     R  	jmp _L8
  94  0026              #line 94 "d:\d200\product\git\bh66f2455_evm_cgm\2.code\bh66f2455_driver\application_projects\source\User_Protocol.c"
  94  0026  0700     R  	mov a,_txBuf[1]
  94  0027  0BFE        	add a,254
  94  0028  0080     R  	mov ___GetCheckLRC_constprop_0_2[2],a
  94  0029  0F00     R  	mov a,low offset _txBuf
  94  002A  0080     R  	mov ___GetCheckLRC_constprop_0_2[0],a
"File: User_Protocol.c  Assembler  Version HGASM0202      Page 5

  94  002B  0F00     R  	mov a,high offset _txBuf
  94  002C  0080     R  	mov ___GetCheckLRC_constprop_0_2[1],a
  94  002D  2000     R  	call ___GetCheckLRC_constprop_0
  94  002E  0080     E  	mov ra,a
  94  002F  0700     E  	mov a,ra
  94  0030  0080     R  	mov _txBuf[12],a
  96  0031              #line 96 "d:\d200\product\git\bh66f2455_evm_cgm\2.code\bh66f2455_driver\application_projects\source\User_Protocol.c"
  96  0031  0700     R  	mov a,_txBuf[1]
  96  0032  0080     E  	mov _Uart_TxByte_Interrupt_2[2],a
  96  0033  0F00     R  	mov a,low offset _txBuf
  96  0034  0080     E  	mov _Uart_TxByte_Interrupt_2[0],a
  96  0035  0F00     R  	mov a,high offset _txBuf
  96  0036  0080     E  	mov _Uart_TxByte_Interrupt_2[1],a
  96  0037  2000     E  	call _Uart_TxByte_Interrupt
  96  0038  0003        	ret
  96  0039              _TxCalVoltage endp
  96  0039              #line 96 "d:\d200\product\git\bh66f2455_evm_cgm\2.code\bh66f2455_driver\application_projects\source\User_Protocol.c"
  96  0039              #pragma debug scope 1 1
  96  0039              public _TxCalCurrent
  96  0039              #pragma debug scope 5 1
 105  0039              #line 105 "d:\d200\product\git\bh66f2455_evm_cgm\2.code\bh66f2455_driver\application_projects\source\User_Protocol.c"
 105  0000              _TxCalCurrent .section 'code'
 105  0000              _TxCalCurrent proc
 106  0000              #line 106 "d:\d200\product\git\bh66f2455_evm_cgm\2.code\bh66f2455_driver\application_projects\source\User_Protocol.c"
 106  0000  0FAA        	mov a,170
 106  0001  0080     R  	mov _txBuf[0],a
 107  0002              #line 107 "d:\d200\product\git\bh66f2455_evm_cgm\2.code\bh66f2455_driver\application_projects\source\User_Protocol.c"
 107  0002  0F0D        	mov a,13
 107  0003  0080     R  	mov _txBuf[1],a
 108  0004              #line 108 "d:\d200\product\git\bh66f2455_evm_cgm\2.code\bh66f2455_driver\application_projects\source\User_Protocol.c"
 108  0004  0FC2        	mov a,194
 108  0005  0080     R  	mov _txBuf[2],a
 109  0006              #line 109 "d:\d200\product\git\bh66f2455_evm_cgm\2.code\bh66f2455_driver\application_projects\source\User_Protocol.c"
 109  0006  0700     E  	mov a,_cgmApiP[0]
 109  0007  0080     E  	mov rb,a
 109  0008  0700     E  	mov a,_cgmApiP[1]
 109  0009  0080     E  	mov rc,a
 109  000A  0F13        	mov a,19
 109  000B  0300     E  	add a,rb
 109  000C  0080     E  	mov rd,a
 109  000D  0F00        	mov a,0
 109  000E  1300     E  	adc a,rc
 109  000F  0080     E  	mov re,a
 109  0010  0700     E  	mov a,rd
 109  0011  0083        	mov mp,a
 109  0012  0700     E  	mov a,re
 109  0013  0084        	mov sbp,a
 109  0014  2000     E  	call _Crom2Prom
 109  0015  0080     R  	mov _txBuf[3],a
 110  0016              #line 110 "d:\d200\product\git\bh66f2455_evm_cgm\2.code\bh66f2455_driver\application_projects\source\User_Protocol.c"
 110  0016  2000     E  	call _Crom2Prom
 110  0017  0080     E  	mov rd,a
 110  0018  2000     E  	call _Crom2PromNext
 110  0019  0080     E  	mov re,a
 110  001A  2000     E  	call _Crom2PromNext
 110  001B  0080     E  	mov rf,a
 110  001C  2000     E  	call _Crom2PromNext
 110  001D  0080     E  	mov rg,a
 110  001E  0700     E  	mov a,re
 110  001F  0080     R  	mov _txBuf[4],a
"File: User_Protocol.c  Assembler  Version HGASM0202      Page 6

 111  0020              #line 111 "d:\d200\product\git\bh66f2455_evm_cgm\2.code\bh66f2455_driver\application_projects\source\User_Protocol.c"
 111  0020  0F0F        	mov a,15
 111  0021  0300     E  	add a,rb
 111  0022  0080     E  	mov rd,a
 111  0023  0F00        	mov a,0
 111  0024  1300     E  	adc a,rc
 111  0025  0080     E  	mov re,a
 111  0026  0700     E  	mov a,rd
 111  0027  0083        	mov mp,a
 111  0028  0700     E  	mov a,re
 111  0029  0084        	mov sbp,a
 111  002A  2000     E  	call _Crom2Prom
 111  002B  0080     R  	mov _txBuf[5],a
 112  002C              #line 112 "d:\d200\product\git\bh66f2455_evm_cgm\2.code\bh66f2455_driver\application_projects\source\User_Protocol.c"
 112  002C  2000     E  	call _Crom2Prom
 112  002D  0080     E  	mov rd,a
 112  002E  2000     E  	call _Crom2PromNext
 112  002F  0080     E  	mov re,a
 112  0030  0700     E  	mov a,re
 112  0031  0080     R  	mov _txBuf[6],a
 113  0032              #line 113 "d:\d200\product\git\bh66f2455_evm_cgm\2.code\bh66f2455_driver\application_projects\source\User_Protocol.c"
 113  0032  0F17        	mov a,23
 113  0033  0300     E  	add a,rb
 113  0034  0080     E  	mov rd,a
 113  0035  0F00        	mov a,0
 113  0036  1300     E  	adc a,rc
 113  0037  0080     E  	mov re,a
 113  0038  0700     E  	mov a,rd
 113  0039  0083        	mov mp,a
 113  003A  0700     E  	mov a,re
 113  003B  0084        	mov sbp,a
 113  003C  2000     E  	call _Crom2Prom
 113  003D  0080     R  	mov _txBuf[7],a
 114  003E              #line 114 "d:\d200\product\git\bh66f2455_evm_cgm\2.code\bh66f2455_driver\application_projects\source\User_Protocol.c"
 114  003E  2000     E  	call _Crom2Prom
 114  003F  0080     E  	mov rd,a
 114  0040  2000     E  	call _Crom2PromNext
 114  0041  0080     E  	mov re,a
 114  0042  0700     E  	mov a,re
 114  0043  0080     R  	mov _txBuf[8],a
 115  0044              #line 115 "d:\d200\product\git\bh66f2455_evm_cgm\2.code\bh66f2455_driver\application_projects\source\User_Protocol.c"
 115  0044  0F11        	mov a,17
 115  0045  0380     E  	addm a,rb
 115  0046  0F00        	mov a,0
 115  0047  1380     E  	adcm a,rc
 115  0048  0700     E  	mov a,rb
 115  0049  0083        	mov mp,a
 115  004A  0700     E  	mov a,rc
 115  004B  0084        	mov sbp,a
 115  004C  2000     E  	call _Crom2Prom
 115  004D  0080     R  	mov _txBuf[9],a
 116  004E              #line 116 "d:\d200\product\git\bh66f2455_evm_cgm\2.code\bh66f2455_driver\application_projects\source\User_Protocol.c"
 116  004E  2000     E  	call _Crom2Prom
 116  004F  0080     E  	mov rb,a
 116  0050  2000     E  	call _Crom2PromNext
 116  0051  0080     E  	mov rc,a
 116  0052  0700     E  	mov a,rc
 116  0053  0080     R  	mov _txBuf[10],a
 117  0054              #line 117 "d:\d200\product\git\bh66f2455_evm_cgm\2.code\bh66f2455_driver\application_projects\source\User_Protocol.c"
 117  0054  1F00     R  	clr _txBuf[11]
"File: User_Protocol.c  Assembler  Version HGASM0202      Page 7

 118  0055              #line 118 "d:\d200\product\git\bh66f2455_evm_cgm\2.code\bh66f2455_driver\application_projects\source\User_Protocol.c"
 118  0055  0700     R  	mov a,_txBuf[1]
 118  0056  0BFE        	add a,254
 118  0057  0080     R  	mov ___GetCheckLRC_constprop_0_2[2],a
 118  0058  0F00     R  	mov a,low offset _txBuf
 118  0059  0080     R  	mov ___GetCheckLRC_constprop_0_2[0],a
 118  005A  0F00     R  	mov a,high offset _txBuf
 118  005B  0080     R  	mov ___GetCheckLRC_constprop_0_2[1],a
 118  005C  2000     R  	call ___GetCheckLRC_constprop_0
 118  005D  0080     E  	mov ra,a
 118  005E  0700     E  	mov a,ra
 118  005F  0080     R  	mov _txBuf[12],a
 120  0060              #line 120 "d:\d200\product\git\bh66f2455_evm_cgm\2.code\bh66f2455_driver\application_projects\source\User_Protocol.c"
 120  0060  0700     R  	mov a,_txBuf[1]
 120  0061  0080     E  	mov _Uart_TxByte_Interrupt_2[2],a
 120  0062  0F00     R  	mov a,low offset _txBuf
 120  0063  0080     E  	mov _Uart_TxByte_Interrupt_2[0],a
 120  0064  0F00     R  	mov a,high offset _txBuf
 120  0065  0080     E  	mov _Uart_TxByte_Interrupt_2[1],a
 120  0066  2000     E  	call _Uart_TxByte_Interrupt
 120  0067  0003        	ret
 120  0068              _TxCalCurrent endp
 120  0068              #line 120 "d:\d200\product\git\bh66f2455_evm_cgm\2.code\bh66f2455_driver\application_projects\source\User_Protocol.c"
 120  0068              #pragma debug scope 1 1
 120  0068              public _TxRestartNum
 120  0068              #pragma debug scope 6 1
 129  0068              #line 129 "d:\d200\product\git\bh66f2455_evm_cgm\2.code\bh66f2455_driver\application_projects\source\User_Protocol.c"
 129  0000              _TxRestartNum .section 'code'
 129  0000              _TxRestartNum proc
 130  0000              #line 130 "d:\d200\product\git\bh66f2455_evm_cgm\2.code\bh66f2455_driver\application_projects\source\User_Protocol.c"
 130  0000  0FAA        	mov a,170
 130  0001  0080     R  	mov _txBuf[0],a
 131  0002              #line 131 "d:\d200\product\git\bh66f2455_evm_cgm\2.code\bh66f2455_driver\application_projects\source\User_Protocol.c"
 131  0002  0F0D        	mov a,13
 131  0003  0080     R  	mov _txBuf[1],a
 132  0004              #line 132 "d:\d200\product\git\bh66f2455_evm_cgm\2.code\bh66f2455_driver\application_projects\source\User_Protocol.c"
 132  0004  0FF0        	mov a,240
 132  0005  0080     R  	mov _txBuf[2],a
 133  0006              #line 133 "d:\d200\product\git\bh66f2455_evm_cgm\2.code\bh66f2455_driver\application_projects\source\User_Protocol.c"
 133  0006  0700     E  	mov a,_cgmApiP[0]
 133  0007  0080     E  	mov rb,a
 133  0008  0700     E  	mov a,_cgmApiP[1]
 133  0009  0080     E  	mov rc,a
 133  000A  0F3A        	mov a,58
 133  000B  0300     E  	add a,rb
 133  000C  0083        	mov mp,a
 133  000D  0F00        	mov a,0
 133  000E  1300     E  	adc a,rc
 133  000F  0084        	mov sbp,a
 133  0010  2000     E  	call _Crom2Prom
 133  0011  0080     R  	mov _txBuf[3],a
 134  0012              #line 134 "d:\d200\product\git\bh66f2455_evm_cgm\2.code\bh66f2455_driver\application_projects\source\User_Protocol.c"
 134  0012  0F36        	mov a,54
 134  0013  0380     E  	addm a,rb
 134  0014  0F00        	mov a,0
 134  0015  1380     E  	adcm a,rc
 134  0016  0700     E  	mov a,rb
 134  0017  0083        	mov mp,a
 134  0018  0700     E  	mov a,rc
 134  0019  0084        	mov sbp,a
"File: User_Protocol.c  Assembler  Version HGASM0202      Page 8

 134  001A  2000     E  	call _Crom2Prom
 134  001B  0080     R  	mov _txBuf[4],a
 135  001C              #line 135 "d:\d200\product\git\bh66f2455_evm_cgm\2.code\bh66f2455_driver\application_projects\source\User_Protocol.c"
 135  001C  2000     E  	call _Crom2Prom
 135  001D  0080     E  	mov rd,a
 135  001E  2000     E  	call _Crom2PromNext
 135  001F  0080     E  	mov re,a
 135  0020  2000     E  	call _Crom2PromNext
 135  0021  0080     E  	mov rf,a
 135  0022  2000     E  	call _Crom2PromNext
 135  0023  0080     E  	mov rg,a
 135  0024  0700     E  	mov a,re
 135  0025  0080     R  	mov _txBuf[5],a
 136  0026              #line 136 "d:\d200\product\git\bh66f2455_evm_cgm\2.code\bh66f2455_driver\application_projects\source\User_Protocol.c"
 136  0026  0700     E  	mov a,rb
 136  0027  0083        	mov mp,a
 136  0028  0700     E  	mov a,rc
 136  0029  0084        	mov sbp,a
 136  002A  2000     E  	call _Crom2Prom
 136  002B  0080     E  	mov rd,a
 136  002C  2000     E  	call _Crom2PromNext
 136  002D  0080     E  	mov re,a
 136  002E  2000     E  	call _Crom2PromNext
 136  002F  0080     E  	mov rf,a
 136  0030  2000     E  	call _Crom2PromNext
 136  0031  0080     E  	mov rg,a
 136  0032  0700     E  	mov a,rf
 136  0033  0080     R  	mov _txBuf[6],a
 137  0034              #line 137 "d:\d200\product\git\bh66f2455_evm_cgm\2.code\bh66f2455_driver\application_projects\source\User_Protocol.c"
 137  0034  0700     E  	mov a,rb
 137  0035  0083        	mov mp,a
 137  0036  0700     E  	mov a,rc
 137  0037  0084        	mov sbp,a
 137  0038  2000     E  	call _Crom2Prom
 137  0039  0080     E  	mov rd,a
 137  003A  2000     E  	call _Crom2PromNext
 137  003B  0080     E  	mov re,a
 137  003C  2000     E  	call _Crom2PromNext
 137  003D  0080     E  	mov rf,a
 137  003E  2000     E  	call _Crom2PromNext
 137  003F  0080     E  	mov rg,a
 137  0040  0700     E  	mov a,rg
 137  0041  0080     R  	mov _txBuf[7],a
 138  0042              #line 138 "d:\d200\product\git\bh66f2455_evm_cgm\2.code\bh66f2455_driver\application_projects\source\User_Protocol.c"
 138  0042  1F00     R  	clr _txBuf[8]
 139  0043              #line 139 "d:\d200\product\git\bh66f2455_evm_cgm\2.code\bh66f2455_driver\application_projects\source\User_Protocol.c"
 139  0043  1F00     R  	clr _txBuf[9]
 140  0044              #line 140 "d:\d200\product\git\bh66f2455_evm_cgm\2.code\bh66f2455_driver\application_projects\source\User_Protocol.c"
 140  0044  1F00     R  	clr _txBuf[10]
 141  0045              #line 141 "d:\d200\product\git\bh66f2455_evm_cgm\2.code\bh66f2455_driver\application_projects\source\User_Protocol.c"
 141  0045  1F00     R  	clr _txBuf[11]
 142  0046              #line 142 "d:\d200\product\git\bh66f2455_evm_cgm\2.code\bh66f2455_driver\application_projects\source\User_Protocol.c"
 142  0046  0700     R  	mov a,_txBuf[1]
 142  0047  0BFE        	add a,254
 142  0048  0080     R  	mov ___GetCheckLRC_constprop_0_2[2],a
 142  0049  0F00     R  	mov a,low offset _txBuf
 142  004A  0080     R  	mov ___GetCheckLRC_constprop_0_2[0],a
 142  004B  0F00     R  	mov a,high offset _txBuf
 142  004C  0080     R  	mov ___GetCheckLRC_constprop_0_2[1],a
 142  004D  2000     R  	call ___GetCheckLRC_constprop_0
"File: User_Protocol.c  Assembler  Version HGASM0202      Page 9

 142  004E  0080     E  	mov ra,a
 142  004F  0700     E  	mov a,ra
 142  0050  0080     R  	mov _txBuf[12],a
 144  0051              #line 144 "d:\d200\product\git\bh66f2455_evm_cgm\2.code\bh66f2455_driver\application_projects\source\User_Protocol.c"
 144  0051  0700     R  	mov a,_txBuf[1]
 144  0052  0080     E  	mov _Uart_TxByte_Interrupt_2[2],a
 144  0053  0F00     R  	mov a,low offset _txBuf
 144  0054  0080     E  	mov _Uart_TxByte_Interrupt_2[0],a
 144  0055  0F00     R  	mov a,high offset _txBuf
 144  0056  0080     E  	mov _Uart_TxByte_Interrupt_2[1],a
 144  0057  2000     E  	call _Uart_TxByte_Interrupt
 144  0058  0003        	ret
 144  0059              _TxRestartNum endp
 144  0059              #line 144 "d:\d200\product\git\bh66f2455_evm_cgm\2.code\bh66f2455_driver\application_projects\source\User_Protocol.c"
 144  0059              #pragma debug scope 1 1
 144  0059              public _TxAfeMeasureData
 144  0059              #pragma debug scope 7 1
 153  0059              #line 153 "d:\d200\product\git\bh66f2455_evm_cgm\2.code\bh66f2455_driver\application_projects\source\User_Protocol.c"
 153  0000              _TxAfeMeasureData .section 'code'
 153  0000              _TxAfeMeasureData proc
 153  0000  00              local _TxAfeMeasureData_2 db 1 dup(?)	; 0,1
 154  0001              #line 154 "d:\d200\product\git\bh66f2455_evm_cgm\2.code\bh66f2455_driver\application_projects\source\User_Protocol.c"
 154  0000  0FAA        	mov a,170
 154  0001  0080     R  	mov _txBuf[0],a
 155  0002              #line 155 "d:\d200\product\git\bh66f2455_evm_cgm\2.code\bh66f2455_driver\application_projects\source\User_Protocol.c"
 155  0002  0F0D        	mov a,13
 155  0003  0080     R  	mov _txBuf[1],a
 156  0004              #line 156 "d:\d200\product\git\bh66f2455_evm_cgm\2.code\bh66f2455_driver\application_projects\source\User_Protocol.c"
 156  0004  0FD1        	mov a,209
 156  0005  0080     R  	mov _txBuf[2],a
 157  0006              #line 157 "d:\d200\product\git\bh66f2455_evm_cgm\2.code\bh66f2455_driver\application_projects\source\User_Protocol.c"
 157  0006  0700     E  	mov a,_cgmApiP[0]
 157  0007  0080     E  	mov rb,a
 157  0008  0700     E  	mov a,_cgmApiP[1]
 157  0009  0080     E  	mov rc,a
 157  000A  0F08        	mov a,8
 157  000B  0300     E  	add a,rb
 157  000C  0083        	mov mp,a
 157  000D  0F00        	mov a,0
 157  000E  1300     E  	adc a,rc
 157  000F  0084        	mov sbp,a
 157  0010  2000     E  	call _Crom2Prom
 157  0011  0080     R  	mov _TxAfeMeasureData_2[0],a
 157  0012  3800     R  	snz _TxAfeMeasureData_2[0].0
 157  0013  2800     R  	jmp _L12
 159  0014              #line 159 "d:\d200\product\git\bh66f2455_evm_cgm\2.code\bh66f2455_driver\application_projects\source\User_Protocol.c"
 159  0014  3000     R  	set _deviceApi[2].0
 160  0015              #line 160 "d:\d200\product\git\bh66f2455_evm_cgm\2.code\bh66f2455_driver\application_projects\source\User_Protocol.c"
 160  0015  2000     E  	call _Crom2Prom
 160  0016  0080     E  	mov ra,a
 160  0017  3400     E  	clr ra.0
 160  0018  0700     E  	mov a,ra
 160  0019  0082        	mov ir,a
 160  001A              _L12:
 162  001A              #line 162 "d:\d200\product\git\bh66f2455_evm_cgm\2.code\bh66f2455_driver\application_projects\source\User_Protocol.c"
 162  001A  0F08        	mov a,8
 162  001B  0300     E  	add a,rb
 162  001C  0083        	mov mp,a
 162  001D  0F00        	mov a,0
 162  001E  1300     E  	adc a,rc
"File: User_Protocol.c  Assembler  Version HGASM0202      Page 10

 162  001F  0084        	mov sbp,a
 162  0020  2000     E  	call _Crom2Prom
 162  0021  0080     R  	mov _TxAfeMeasureData_2[0],a
 162  0022  3800     R  	snz _TxAfeMeasureData_2[0].1
 162  0023  2800     R  	jmp _L13
 164  0024              #line 164 "d:\d200\product\git\bh66f2455_evm_cgm\2.code\bh66f2455_driver\application_projects\source\User_Protocol.c"
 164  0024  3000     R  	set _deviceApi[2].1
 165  0025              #line 165 "d:\d200\product\git\bh66f2455_evm_cgm\2.code\bh66f2455_driver\application_projects\source\User_Protocol.c"
 165  0025  2000     E  	call _Crom2Prom
 165  0026  0080     E  	mov ra,a
 165  0027  3400     E  	clr ra.1
 165  0028  0700     E  	mov a,ra
 165  0029  0082        	mov ir,a
 165  002A              _L13:
 167  002A              #line 167 "d:\d200\product\git\bh66f2455_evm_cgm\2.code\bh66f2455_driver\application_projects\source\User_Protocol.c"
 167  002A  0F08        	mov a,8
 167  002B  0300     E  	add a,rb
 167  002C  0083        	mov mp,a
 167  002D  0F00        	mov a,0
 167  002E  1300     E  	adc a,rc
 167  002F  0084        	mov sbp,a
 167  0030  2000     E  	call _Crom2Prom
 167  0031  0080     R  	mov _TxAfeMeasureData_2[0],a
 167  0032  3800     R  	snz _TxAfeMeasureData_2[0].2
 167  0033  2800     R  	jmp _L14
 169  0034              #line 169 "d:\d200\product\git\bh66f2455_evm_cgm\2.code\bh66f2455_driver\application_projects\source\User_Protocol.c"
 169  0034  3000     R  	set _deviceApi[2].2
 170  0035              #line 170 "d:\d200\product\git\bh66f2455_evm_cgm\2.code\bh66f2455_driver\application_projects\source\User_Protocol.c"
 170  0035  2000     E  	call _Crom2Prom
 170  0036  0080     E  	mov ra,a
 170  0037  3400     E  	clr ra.2
 170  0038  0700     E  	mov a,ra
 170  0039  0082        	mov ir,a
 170  003A              _L14:
 172  003A              #line 172 "d:\d200\product\git\bh66f2455_evm_cgm\2.code\bh66f2455_driver\application_projects\source\User_Protocol.c"
 172  003A  0F08        	mov a,8
 172  003B  0300     E  	add a,rb
 172  003C  0083        	mov mp,a
 172  003D  0F00        	mov a,0
 172  003E  1300     E  	adc a,rc
 172  003F  0084        	mov sbp,a
 172  0040  2000     E  	call _Crom2Prom
 172  0041  0080     R  	mov _TxAfeMeasureData_2[0],a
 172  0042  3800     R  	snz _TxAfeMeasureData_2[0].3
 172  0043  2800     R  	jmp _L15
 174  0044              #line 174 "d:\d200\product\git\bh66f2455_evm_cgm\2.code\bh66f2455_driver\application_projects\source\User_Protocol.c"
 174  0044  3000     R  	set _deviceApi[2].3
 175  0045              #line 175 "d:\d200\product\git\bh66f2455_evm_cgm\2.code\bh66f2455_driver\application_projects\source\User_Protocol.c"
 175  0045  2000     E  	call _Crom2Prom
 175  0046  0080     E  	mov ra,a
 175  0047  3400     E  	clr ra.3
 175  0048  0700     E  	mov a,ra
 175  0049  0082        	mov ir,a
 175  004A              _L15:
 177  004A              #line 177 "d:\d200\product\git\bh66f2455_evm_cgm\2.code\bh66f2455_driver\application_projects\source\User_Protocol.c"
 177  004A  0700     R  	mov a,_deviceApi[2]
 177  004B  0080     R  	mov _txBuf[3],a
 180  004C              #line 180 "d:\d200\product\git\bh66f2455_evm_cgm\2.code\bh66f2455_driver\application_projects\source\User_Protocol.c"
 180  004C  0F0B        	mov a,11
 180  004D  0300     E  	add a,rb
"File: User_Protocol.c  Assembler  Version HGASM0202      Page 11

 180  004E  0080     E  	mov rd,a
 180  004F  0F00        	mov a,0
 180  0050  1300     E  	adc a,rc
 180  0051  0080     E  	mov re,a
 180  0052  1F00     E  	clr rb
 180  0053  1F00     E  	clr rc
 180  0054              _L17:
 183  0054              #line 183 "d:\d200\product\git\bh66f2455_evm_cgm\2.code\bh66f2455_driver\application_projects\source\User_Protocol.c"
 183  0054  0700     E  	mov a,rb
 183  0055  0300     E  	add a,rd
 183  0056  0083        	mov mp,a
 183  0057  0700     E  	mov a,rc
 183  0058  1300     E  	adc a,re
 183  0059  0084        	mov sbp,a
 183  005A  2000     E  	call _Crom2Prom
 183  005B  0080     E  	mov ra,a
 183  005C  0F00     R  	mov a,low (offset _txBuf+4)
 183  005D  0300     E  	add a,rb
 183  005E  0083        	mov mp,a
 183  005F  0F00     R  	mov a,high (offset _txBuf+4)
 183  0060  1300     E  	adc a,rc
 183  0061  0084        	mov sbp,a
 183  0062  0700     E  	mov a,ra
 183  0063  0082        	mov ir,a
 183  0064  1480     E  	inc rb
 183  0065  3D0A        	sz z
 183  0066  1480     E  	inc rc
 181  0067              #line 181 "d:\d200\product\git\bh66f2455_evm_cgm\2.code\bh66f2455_driver\application_projects\source\User_Protocol.c"
 181  0067  0700     E  	mov a,rb
 181  0068  0C08        	xor a,8
 181  0069  0500     E  	or a,rc
 181  006A  390A        	snz z
 181  006B  2800     R  	jmp _L17
 186  006C              #line 186 "d:\d200\product\git\bh66f2455_evm_cgm\2.code\bh66f2455_driver\application_projects\source\User_Protocol.c"
 186  006C  0700     R  	mov a,_txBuf[1]
 186  006D  0BFE        	add a,254
 186  006E  0080     R  	mov ___GetCheckLRC_constprop_0_2[2],a
 186  006F  0F00     R  	mov a,low offset _txBuf
 186  0070  0080     R  	mov ___GetCheckLRC_constprop_0_2[0],a
 186  0071  0F00     R  	mov a,high offset _txBuf
 186  0072  0080     R  	mov ___GetCheckLRC_constprop_0_2[1],a
 186  0073  2000     R  	call ___GetCheckLRC_constprop_0
 186  0074  0080     E  	mov ra,a
 186  0075  0700     E  	mov a,ra
 186  0076  0080     R  	mov _txBuf[12],a
 188  0077              #line 188 "d:\d200\product\git\bh66f2455_evm_cgm\2.code\bh66f2455_driver\application_projects\source\User_Protocol.c"
 188  0077  0700     R  	mov a,_txBuf[1]
 188  0078  0080     E  	mov _Uart_TxByte_Interrupt_2[2],a
 188  0079  0F00     R  	mov a,low offset _txBuf
 188  007A  0080     E  	mov _Uart_TxByte_Interrupt_2[0],a
 188  007B  0F00     R  	mov a,high offset _txBuf
 188  007C  0080     E  	mov _Uart_TxByte_Interrupt_2[1],a
 188  007D  2000     E  	call _Uart_TxByte_Interrupt
 188  007E  0003        	ret
 188  007F              _TxAfeMeasureData endp
 188  007F              #line 188 "d:\d200\product\git\bh66f2455_evm_cgm\2.code\bh66f2455_driver\application_projects\source\User_Protocol.c"
 188  007F              #pragma debug scope 1 1
 188  007F              public _ProtocolUnPack
 188  007F              #pragma debug scope 8 1
 233  007F              #line 233 "d:\d200\product\git\bh66f2455_evm_cgm\2.code\bh66f2455_driver\application_projects\source\User_Protocol.c"
"File: User_Protocol.c  Assembler  Version HGASM0202      Page 12

 233  0000              _ProtocolUnPack .section 'code'
 233  0000              _ProtocolUnPack proc
 233  0000  0002[           local _ProtocolUnPack_2 db 2 dup(?)	; 0,2
            00
            ]
 233  0000  0080     R  	mov _ProtocolUnPack_2[0],a
 233  0001              #pragma debug variable 8 8 _ProtocolUnPack_2+0 "data"
 234  0001              #line 234 "d:\d200\product\git\bh66f2455_evm_cgm\2.code\bh66f2455_driver\application_projects\source\User_Protocol.c"
 234  0001  0700     R  	mov a,_uartRevState[0]
 234  0002  0A00        	sub a,0
 234  0003  3D0A        	sz z
 234  0004  2800     R  	jmp _L32
 234  0005  0A01        	sub a,(1)-(0)
 234  0006  3D0A        	sz z
 234  0007  2800     R  	jmp _L33
 234  0008              #line 234 "d:\d200\product\git\bh66f2455_evm_cgm\2.code\bh66f2455_driver\application_projects\source\User_Protocol.c"
 234  0008  0700     R  	mov a,_uartRevState[0]
 234  0009  0A02        	sub a,2
 234  000A  3D0A        	sz z
 234  000B  2800     R  	jmp _L34
 234  000C  0700     R  	mov a,_uartRevState[0]
 234  000D  0A03        	sub a,3
 234  000E  390A        	snz z
 234  000F  2800     R  	jmp _L41
 234  0010  2800     R  	jmp _L42
 234  0011              _L32:
 237  0011              #line 237 "d:\d200\product\git\bh66f2455_evm_cgm\2.code\bh66f2455_driver\application_projects\source\User_Protocol.c"
 237  0011  0700     R  	mov a,_ProtocolUnPack_2[0]
 237  0012  0A55        	sub a,85
 237  0013  390A        	snz z
 237  0014  2800     R  	jmp _L41
 240  0015              #line 240 "d:\d200\product\git\bh66f2455_evm_cgm\2.code\bh66f2455_driver\application_projects\source\User_Protocol.c"
 240  0015  1F00     R  	clr _uartDataLen[0]
 242  0016              #line 242 "d:\d200\product\git\bh66f2455_evm_cgm\2.code\bh66f2455_driver\application_projects\source\User_Protocol.c"
 242  0016  1F00     R  	clr _uartCmd[0]
 243  0017              #line 243 "d:\d200\product\git\bh66f2455_evm_cgm\2.code\bh66f2455_driver\application_projects\source\User_Protocol.c"
 243  0017  0F01        	mov a,1
 243  0018  0080     R  	mov _uartRxCount[0],a
 243  0019  0F55        	mov a,85
 243  001A  0080     R  	mov _rxBuf[0],a
 244  001B              #line 244 "d:\d200\product\git\bh66f2455_evm_cgm\2.code\bh66f2455_driver\application_projects\source\User_Protocol.c"
 244  001B  0F01        	mov a,1
 244  001C  0080     R  	mov _uartRevState[0],a
 244  001D  2800     R  	jmp _L41
 244  001E              _L33:
 248  001E              #line 248 "d:\d200\product\git\bh66f2455_evm_cgm\2.code\bh66f2455_driver\application_projects\source\User_Protocol.c"
 248  001E  0700     R  	mov a,_ProtocolUnPack_2[0]
 248  001F  0A0D        	sub a,13
 248  0020  390A        	snz z
 248  0021  2800     R  	jmp _L37
 250  0022              #line 250 "d:\d200\product\git\bh66f2455_evm_cgm\2.code\bh66f2455_driver\application_projects\source\User_Protocol.c"
 250  0022  0700     R  	mov a,_uartRxCount[0]
 250  0023  0080     E  	mov ra,a
 250  0024  1400     E  	inca ra
 250  0025  0080     R  	mov _uartRxCount[0],a
 250  0026  0F00     R  	mov a,low offset _rxBuf
 250  0027  0300     E  	add a,ra
 250  0028  0083        	mov mp,a
 250  0029  0F00     R  	mov a,high offset _rxBuf
 250  002A  1F04        	clr sbp
"File: User_Protocol.c  Assembler  Version HGASM0202      Page 13

 250  002B  1384        	adcm a,sbp
 250  002C  0F0D        	mov a,13
 250  002D  0082        	mov ir,a
 251  002E              #line 251 "d:\d200\product\git\bh66f2455_evm_cgm\2.code\bh66f2455_driver\application_projects\source\User_Protocol.c"
 251  002E  0F0D        	mov a,13
 251  002F  0080     R  	mov _uartDataLen[0],a
 252  0030              #line 252 "d:\d200\product\git\bh66f2455_evm_cgm\2.code\bh66f2455_driver\application_projects\source\User_Protocol.c"
 252  0030  0F02        	mov a,2
 252  0031  0080     R  	mov _uartRevState[0],a
 252  0032  2800     R  	jmp _L41
 252  0033              _L37:
 256  0033              #line 256 "d:\d200\product\git\bh66f2455_evm_cgm\2.code\bh66f2455_driver\application_projects\source\User_Protocol.c"
 256  0033  1F00     R  	clr _uartRevState[0]
 256  0034  2800     R  	jmp _L41
 256  0035              _L34:
 260  0035              #line 260 "d:\d200\product\git\bh66f2455_evm_cgm\2.code\bh66f2455_driver\application_projects\source\User_Protocol.c"
 260  0035  0700     R  	mov a,_uartRxCount[0]
 260  0036  0080     E  	mov ra,a
 260  0037  1400     E  	inca ra
 260  0038  0080     R  	mov _uartRxCount[0],a
 260  0039  0F00     R  	mov a,low offset _rxBuf
 260  003A  0300     E  	add a,ra
 260  003B  0083        	mov mp,a
 260  003C  0F00     R  	mov a,high offset _rxBuf
 260  003D  1F04        	clr sbp
 260  003E  1384        	adcm a,sbp
 260  003F  0700     R  	mov a,_ProtocolUnPack_2[0]
 260  0040  0082        	mov ir,a
 261  0041              #line 261 "d:\d200\product\git\bh66f2455_evm_cgm\2.code\bh66f2455_driver\application_projects\source\User_Protocol.c"
 261  0041  0700     R  	mov a,_ProtocolUnPack_2[0]
 261  0042  0080     R  	mov _uartCmd[0],a
 262  0043              #line 262 "d:\d200\product\git\bh66f2455_evm_cgm\2.code\bh66f2455_driver\application_projects\source\User_Protocol.c"
 262  0043  0F03        	mov a,3
 262  0044  0080     R  	mov _uartRevState[0],a
 262  0045  2800     R  	jmp _L41
 262  0046              _L42:
 265  0046              #line 265 "d:\d200\product\git\bh66f2455_evm_cgm\2.code\bh66f2455_driver\application_projects\source\User_Protocol.c"
 265  0046  0700     R  	mov a,_uartRxCount[0]
 265  0047  0080     E  	mov ra,a
 265  0048  1400     E  	inca ra
 265  0049  0080     R  	mov _ProtocolUnPack_2[1],a
 265  004A  0700     R  	mov a,_ProtocolUnPack_2[1]
 265  004B  0080     R  	mov _uartRxCount[0],a
 265  004C  0F00     R  	mov a,low offset _rxBuf
 265  004D  0300     E  	add a,ra
 265  004E  0083        	mov mp,a
 265  004F  0F00     R  	mov a,high offset _rxBuf
 265  0050  1F04        	clr sbp
 265  0051  1384        	adcm a,sbp
 265  0052  0700     R  	mov a,_ProtocolUnPack_2[0]
 265  0053  0082        	mov ir,a
 266  0054              #line 266 "d:\d200\product\git\bh66f2455_evm_cgm\2.code\bh66f2455_driver\application_projects\source\User_Protocol.c"
 266  0054  0700     R  	mov a,_ProtocolUnPack_2[1]
 266  0055  0200     R  	sub a,_uartDataLen[0]
 266  0056  390A        	snz z
 266  0057  2800     R  	jmp _L41
 266  0058              #pragma debug scope 9 8
 266  0058              ;begin block, line: 266.-1
 268  0058              #line 268 "d:\d200\product\git\bh66f2455_evm_cgm\2.code\bh66f2455_driver\application_projects\source\User_Protocol.c"
 268  0058  1F00     R  	clr _uartRevState[0]
"File: User_Protocol.c  Assembler  Version HGASM0202      Page 14

 270  0059              #line 270 "d:\d200\product\git\bh66f2455_evm_cgm\2.code\bh66f2455_driver\application_projects\source\User_Protocol.c"
 270  0059  1500     E  	deca ra
 270  005A  0080     R  	mov ___GetCheckLRC_constprop_0_2[2],a
 270  005B  0F00     R  	mov a,low offset _rxBuf
 270  005C  0080     R  	mov ___GetCheckLRC_constprop_0_2[0],a
 270  005D  0F00     R  	mov a,high offset _rxBuf
 270  005E  0080     R  	mov ___GetCheckLRC_constprop_0_2[1],a
 270  005F  2000     R  	call ___GetCheckLRC_constprop_0
 270  0060  0080     E  	mov rc,a
 271  0061              #line 271 "d:\d200\product\git\bh66f2455_evm_cgm\2.code\bh66f2455_driver\application_projects\source\User_Protocol.c"
 271  0061  0F00     R  	mov a,low (offset _rxBuf-1)
 271  0062  0300     R  	add a,_ProtocolUnPack_2[1]
 271  0063  0083        	mov mp,a
 271  0064  0F00     R  	mov a,high (offset _rxBuf-1)
 271  0065  1F04        	clr sbp
 271  0066  1384        	adcm a,sbp
 271  0067  2000     E  	call _Crom2Prom
 271  0068  0080     E  	mov rb,a
 271  0069  0F01        	mov a,1
 271  006A  0080     E  	mov ra,a
 271  006B  0700     E  	mov a,rc
 271  006C  0200     E  	sub a,rb
 271  006D  3D0A        	sz z
 271  006E  2800     R  	jmp _L31
 271  006F              _L41:
 271  006F              #pragma debug scope 8 1
 280  006F              #line 280 "d:\d200\product\git\bh66f2455_evm_cgm\2.code\bh66f2455_driver\application_projects\source\User_Protocol.c"
 280  006F  1F00     E  	clr ra
 280  0070              _L31:
 281  0070              #line 281 "d:\d200\product\git\bh66f2455_evm_cgm\2.code\bh66f2455_driver\application_projects\source\User_Protocol.c"
 281  0070  0700     E  	mov a,ra
 281  0071  0003        	ret
 281  0072              _ProtocolUnPack endp
 281  0072              #line 281 "d:\d200\product\git\bh66f2455_evm_cgm\2.code\bh66f2455_driver\application_projects\source\User_Protocol.c"
 281  0072              #pragma debug scope 1 1
 281  0072              ___pa equ [20]
 281  0072              public _DRDY_Ready
 281  0072              #pragma debug scope 10 1
 599  0072              #line 599 "d:\d200\product\git\bh66f2455_evm_cgm\2.code\bh66f2455_driver\application_projects\source\User_Protocol.c"
 599  0000              _DRDY_Ready .section 'code'
 599  0000              _DRDY_Ready proc
 609  0000              #line 609 "d:\d200\product\git\bh66f2455_evm_cgm\2.code\bh66f2455_driver\application_projects\source\User_Protocol.c"
 609  0000  0F03        	mov a,3
 609  0001  0300     E  	add a,_cgmApiP[0]
 609  0002  0083        	mov mp,a
 609  0003  0F00        	mov a,0
 609  0004  1300     E  	adc a,_cgmApiP[1]
 609  0005  0084        	mov sbp,a
 609  0006  2000     E  	call _Crom2Prom
 609  0007  0080     E  	mov ra,a
 609  0008  1E00     E  	snz ra
 609  0009  2800     R  	jmp _L43
 620  000A              #line 620 "d:\d200\product\git\bh66f2455_evm_cgm\2.code\bh66f2455_driver\application_projects\source\User_Protocol.c"
 620  000A  3614        	clr [20].4
 620  000B              _L43:
 620  000B  0003        	ret
 620  000C              _DRDY_Ready endp
 620  000C              #line 620 "d:\d200\product\git\bh66f2455_evm_cgm\2.code\bh66f2455_driver\application_projects\source\User_Protocol.c"
 620  000C              #pragma debug scope 1 1
 620  000C              public _Protocol_ReceiveLoop
"File: User_Protocol.c  Assembler  Version HGASM0202      Page 15

 620  000C              #pragma debug scope 11 1
 284  000C              #line 284 "d:\d200\product\git\bh66f2455_evm_cgm\2.code\bh66f2455_driver\application_projects\source\User_Protocol.c"
 284  0000              _Protocol_ReceiveLoop .section 'code'
 284  0000              _Protocol_ReceiveLoop proc
 284  0000  0006[           local _Protocol_ReceiveLoop_2 db 6 dup(?)	; 0,6
            00
            ]
 284  0000  0080     E  	mov ra,a
 284  0001  0080     R  	mov _Protocol_ReceiveLoop_2[4],a
 284  0002              #pragma debug variable 8 11 _Protocol_ReceiveLoop_2+4 "data"
 285  0002              #line 285 "d:\d200\product\git\bh66f2455_evm_cgm\2.code\bh66f2455_driver\application_projects\source\User_Protocol.c"
 285  0002  0700     E  	mov a,ra
 285  0003  2000     R  	call _ProtocolUnPack
 285  0004  0080     E  	mov ra,a
 285  0005  1E00     E  	snz ra
 285  0006  2800     R  	jmp _L46
 287  0007              #line 287 "d:\d200\product\git\bh66f2455_evm_cgm\2.code\bh66f2455_driver\application_projects\source\User_Protocol.c"
 287  0007  0700     R  	mov a,_uartCmd[0]
 287  0008  0AB0        	sub a,176
 287  0009  3D0A        	sz z
 287  000A  2800     R  	jmp _L49
 287  000B  0A11        	sub a,(193)-(176)
 287  000C  3D0A        	sz z
 287  000D  2800     R  	jmp _L50
 287  000E  0700     R  	mov a,_uartCmd[0]
 287  000F  0AC2        	sub a,194
 287  0010  3D0A        	sz z
 287  0011  2800     R  	jmp _L51
 287  0012  0A0F        	sub a,(209)-(194)
 287  0013  3D0A        	sz z
 287  0014  2800     R  	jmp _L52
 287  0015  0700     R  	mov a,_uartCmd[0]
 287  0016  0AF0        	sub a,240
 287  0017  390A        	snz z
 287  0018  2800     R  	jmp _L46
 287  0019  2800     R  	jmp _L101
 287  001A              _L49:
 291  001A              #line 291 "d:\d200\product\git\bh66f2455_evm_cgm\2.code\bh66f2455_driver\application_projects\source\User_Protocol.c"
 291  001A  0700     R  	mov a,_rxBuf[3]
 291  001B  0080     R  	mov _read_write[0],a
 292  001C              #line 292 "d:\d200\product\git\bh66f2455_evm_cgm\2.code\bh66f2455_driver\application_projects\source\User_Protocol.c"
 292  001C  0700     R  	mov a,_rxBuf[4]
 292  001D  0080     R  	mov _Protocol_ReceiveLoop_2[5],a
 292  001E  0700     R  	mov a,_Protocol_ReceiveLoop_2[5]
 292  001F  0080     R  	mov _parameter_address[0],a
 293  0020              #line 293 "d:\d200\product\git\bh66f2455_evm_cgm\2.code\bh66f2455_driver\application_projects\source\User_Protocol.c"
 293  0020  0700     R  	mov a,_rxBuf[6]
 293  0021  0080     E  	mov rc,a
 293  0022  1F00     E  	clr rb
 293  0023  0700     R  	mov a,_rxBuf[5]
 293  0024  0580     E  	orm a,rb
 293  0025  0700     E  	mov a,rb
 293  0026  0080     R  	mov _parameter_value[0],a
 293  0027  0700     E  	mov a,rc
 293  0028  0080     R  	mov _parameter_value[1],a
 294  0029              #line 294 "d:\d200\product\git\bh66f2455_evm_cgm\2.code\bh66f2455_driver\application_projects\source\User_Protocol.c"
 294  0029  1F00     R  	clr _read_write_result[0]
 295  002A              #line 295 "d:\d200\product\git\bh66f2455_evm_cgm\2.code\bh66f2455_driver\application_projects\source\User_Protocol.c"
 295  002A  1080     R  	sz _Protocol_ReceiveLoop_2[5]
 295  002B  2800     R  	jmp _L54
"File: User_Protocol.c  Assembler  Version HGASM0202      Page 16

 297  002C              #line 297 "d:\d200\product\git\bh66f2455_evm_cgm\2.code\bh66f2455_driver\application_projects\source\User_Protocol.c"
 297  002C  1080     R  	sz _read_write[0]
 297  002D  2800     R  	jmp _L92
 299  002E              #line 299 "d:\d200\product\git\bh66f2455_evm_cgm\2.code\bh66f2455_driver\application_projects\source\User_Protocol.c"
 299  002E  0F03        	mov a,3
 299  002F  0080     R  	mov _parameter_value[0],a
 299  0030  1F00     R  	clr _parameter_value[1]
 299  0031  2800     R  	jmp _L56
 299  0032              _L54:
 299  0032  0700     E  	mov a,_cgmApiP[0]
 299  0033  0080     E  	mov rd,a
 299  0034  0700     E  	mov a,_cgmApiP[1]
 299  0035  0080     E  	mov re,a
 306  0036              #line 306 "d:\d200\product\git\bh66f2455_evm_cgm\2.code\bh66f2455_driver\application_projects\source\User_Protocol.c"
 306  0036  1700     R  	sdza _Protocol_ReceiveLoop_2[5]
 306  0037  2800     R  	jmp _L57
 308  0038              #line 308 "d:\d200\product\git\bh66f2455_evm_cgm\2.code\bh66f2455_driver\application_projects\source\User_Protocol.c"
 308  0038  1080     R  	sz _read_write[0]
 308  0039  2800     R  	jmp _L58
 310  003A              #line 310 "d:\d200\product\git\bh66f2455_evm_cgm\2.code\bh66f2455_driver\application_projects\source\User_Protocol.c"
 310  003A  0F31        	mov a,49
 310  003B  0300     E  	add a,rd
 310  003C  0083        	mov mp,a
 310  003D  0F00        	mov a,0
 310  003E  1300     E  	adc a,re
 310  003F  0084        	mov sbp,a
 310  0040  2800     R  	jmp _L90
 310  0041              _L58:
 314  0041              #line 314 "d:\d200\product\git\bh66f2455_evm_cgm\2.code\bh66f2455_driver\application_projects\source\User_Protocol.c"
 314  0041  0FF0        	mov a,240
 314  0042  0300     E  	add a,rb
 314  0043  0080     E  	mov rf,a
 314  0044  0FFF        	mov a,255
 314  0045  1300     E  	adc a,rc
 314  0046  0080     E  	mov rg,a
 314  0047  0F09        	mov a,9
 314  0048  0200     E  	sub a,rf
 314  0049  0F00        	mov a,0
 314  004A  1200     E  	sbc a,rg
 314  004B  380A        	snz c
 314  004C  2800     R  	jmp _L59
 316  004D              #line 316 "d:\d200\product\git\bh66f2455_evm_cgm\2.code\bh66f2455_driver\application_projects\source\User_Protocol.c"
 316  004D  0F30        	mov a,48
 316  004E  0300     E  	add a,rd
 316  004F  0080     E  	mov rf,a
 316  0050  0F00        	mov a,0
 316  0051  1300     E  	adc a,re
 316  0052  0080     E  	mov rg,a
 316  0053  0700     E  	mov a,rf
 316  0054  0083        	mov mp,a
 316  0055  0700     E  	mov a,rg
 316  0056  0084        	mov sbp,a
 316  0057  0F55        	mov a,85
 316  0058  0082        	mov ir,a
 317  0059              #line 317 "d:\d200\product\git\bh66f2455_evm_cgm\2.code\bh66f2455_driver\application_projects\source\User_Protocol.c"
 317  0059  0F31        	mov a,49
 317  005A  0300     E  	add a,rd
 317  005B  0083        	mov mp,a
 317  005C  0F00        	mov a,0
 317  005D  1300     E  	adc a,re
"File: User_Protocol.c  Assembler  Version HGASM0202      Page 17

 317  005E  0084        	mov sbp,a
 317  005F  0700     E  	mov a,rb
 317  0060  0082        	mov ir,a
 318  0061              #line 318 "d:\d200\product\git\bh66f2455_evm_cgm\2.code\bh66f2455_driver\application_projects\source\User_Protocol.c"
 318  0061  0F03        	mov a,3
 318  0062  0080     E  	mov _Eeprom_WriteBuf_2[4],a
 318  0063  1F00     E  	clr _Eeprom_WriteBuf_2[5]
 318  0064  0700     E  	mov a,rf
 318  0065  0080     E  	mov _Eeprom_WriteBuf_2[2],a
 318  0066  0700     E  	mov a,rg
 318  0067  0080     E  	mov _Eeprom_WriteBuf_2[3],a
 318  0068  0F17        	mov a,23
 318  0069  0080     E  	mov _Eeprom_WriteBuf_2[0],a
 318  006A  1F00     E  	clr _Eeprom_WriteBuf_2[1]
 318  006B  2000     E  	call _Eeprom_WriteBuf
 319  006C              #line 319 "d:\d200\product\git\bh66f2455_evm_cgm\2.code\bh66f2455_driver\application_projects\source\User_Protocol.c"
 319  006C  0F03        	mov a,3
 319  006D  0080     E  	mov _Eeprom_ReadBuff_2[4],a
 319  006E  1F00     E  	clr _Eeprom_ReadBuff_2[5]
 319  006F  0F30        	mov a,48
 319  0070  0300     E  	add a,_cgmApiP[0]
 319  0071  0080     E  	mov _Eeprom_ReadBuff_2[2],a
 319  0072  0F00        	mov a,0
 319  0073  1300     E  	adc a,_cgmApiP[1]
 319  0074  0080     E  	mov _Eeprom_ReadBuff_2[3],a
 319  0075  0F17        	mov a,23
 319  0076  0080     E  	mov _Eeprom_ReadBuff_2[0],a
 319  0077  1F00     E  	clr _Eeprom_ReadBuff_2[1]
 319  0078  2000     E  	call _Eeprom_ReadBuff
 320  0079              #line 320 "d:\d200\product\git\bh66f2455_evm_cgm\2.code\bh66f2455_driver\application_projects\source\User_Protocol.c"
 320  0079  0700     E  	mov a,_cgmApiP[0]
 320  007A  0080     E  	mov rb,a
 320  007B  0700     E  	mov a,_cgmApiP[1]
 320  007C  0080     E  	mov rc,a
 320  007D  0F31        	mov a,49
 320  007E  0300     E  	add a,rb
 320  007F  0083        	mov mp,a
 320  0080  0F00        	mov a,0
 320  0081  1300     E  	adc a,rc
 320  0082  0084        	mov sbp,a
 320  0083  2800     R  	jmp _L100
 320  0084              _L62:
 340  0084              #line 340 "d:\d200\product\git\bh66f2455_evm_cgm\2.code\bh66f2455_driver\application_projects\source\User_Protocol.c"
 340  0084  0F05        	mov a,5
 340  0085  0200     E  	sub a,rb
 340  0086  0F00        	mov a,0
 340  0087  1200     E  	sbc a,rc
 340  0088  3C0A        	sz c
 340  0089  2800     R  	jmp _L63
 340  008A  0FF3        	mov a,243
 340  008B  0300     E  	add a,rb
 340  008C  0080     E  	mov rf,a
 340  008D  0FFF        	mov a,255
 340  008E  1300     E  	adc a,rc
 340  008F  0080     E  	mov rg,a
 340  0090  0F02        	mov a,2
 340  0091  0200     E  	sub a,rf
 340  0092  0F00        	mov a,0
 340  0093  1200     E  	sbc a,rg
 340  0094  3C0A        	sz c
"File: User_Protocol.c  Assembler  Version HGASM0202      Page 18

 340  0095  2800     R  	jmp _L63
 340  0096  0700     E  	mov a,rb
 340  0097  0C80        	xor a,128
 340  0098  0500     E  	or a,rc
 340  0099  3D0A        	sz z
 340  009A  2800     R  	jmp _L63
 340  009B              _L59:
 327  009B              #line 327 "d:\d200\product\git\bh66f2455_evm_cgm\2.code\bh66f2455_driver\application_projects\source\User_Protocol.c"
 327  009B  0F02        	mov a,2
 327  009C  0080     R  	mov _read_write_result[0],a
 327  009D  2800     R  	jmp _L56
 327  009E              _L57:
 331  009E              #line 331 "d:\d200\product\git\bh66f2455_evm_cgm\2.code\bh66f2455_driver\application_projects\source\User_Protocol.c"
 331  009E  0700     R  	mov a,_Protocol_ReceiveLoop_2[5]
 331  009F  0A02        	sub a,2
 331  00A0  390A        	snz z
 331  00A1  2800     R  	jmp _L61
 333  00A2              #line 333 "d:\d200\product\git\bh66f2455_evm_cgm\2.code\bh66f2455_driver\application_projects\source\User_Protocol.c"
 333  00A2  1080     R  	sz _read_write[0]
 333  00A3  2800     R  	jmp _L62
 335  00A4              #line 335 "d:\d200\product\git\bh66f2455_evm_cgm\2.code\bh66f2455_driver\application_projects\source\User_Protocol.c"
 335  00A4  0F32        	mov a,50
 335  00A5  0300     E  	add a,rd
 335  00A6  0083        	mov mp,a
 335  00A7  0F00        	mov a,0
 335  00A8  1300     E  	adc a,re
 335  00A9  0084        	mov sbp,a
 335  00AA              _L90:
 335  00AA  2000     E  	call _Crom2Prom
 335  00AB  0080     E  	mov ra,a
 335  00AC  0700     E  	mov a,ra
 335  00AD  0080     R  	mov _parameter_value[0],a
 335  00AE  1F00     R  	clr _parameter_value[1]
 335  00AF  2800     R  	jmp _L56
 335  00B0              _L63:
 342  00B0              #line 342 "d:\d200\product\git\bh66f2455_evm_cgm\2.code\bh66f2455_driver\application_projects\source\User_Protocol.c"
 342  00B0  0F30        	mov a,48
 342  00B1  0300     E  	add a,rd
 342  00B2  0083        	mov mp,a
 342  00B3  0F00        	mov a,0
 342  00B4  1300     E  	adc a,re
 342  00B5  0084        	mov sbp,a
 342  00B6  0F55        	mov a,85
 342  00B7  0082        	mov ir,a
 343  00B8              #line 343 "d:\d200\product\git\bh66f2455_evm_cgm\2.code\bh66f2455_driver\application_projects\source\User_Protocol.c"
 343  00B8  0F32        	mov a,50
 343  00B9  0380     E  	addm a,rd
 343  00BA  0F00        	mov a,0
 343  00BB  1380     E  	adcm a,re
 343  00BC  0700     E  	mov a,rd
 343  00BD  0083        	mov mp,a
 343  00BE  0700     E  	mov a,re
 343  00BF  0084        	mov sbp,a
 343  00C0  0700     E  	mov a,rb
 343  00C1  0082        	mov ir,a
 344  00C2              #line 344 "d:\d200\product\git\bh66f2455_evm_cgm\2.code\bh66f2455_driver\application_projects\source\User_Protocol.c"
 344  00C2  0F03        	mov a,3
 344  00C3  0080     E  	mov _Eeprom_WriteBuf_2[4],a
 344  00C4  1F00     E  	clr _Eeprom_WriteBuf_2[5]
 344  00C5  0700     E  	mov a,rd
"File: User_Protocol.c  Assembler  Version HGASM0202      Page 19

 344  00C6  0080     E  	mov _Eeprom_WriteBuf_2[2],a
 344  00C7  0700     E  	mov a,re
 344  00C8  0080     E  	mov _Eeprom_WriteBuf_2[3],a
 344  00C9  0F17        	mov a,23
 344  00CA  0080     E  	mov _Eeprom_WriteBuf_2[0],a
 344  00CB  1F00     E  	clr _Eeprom_WriteBuf_2[1]
 344  00CC  2000     E  	call _Eeprom_WriteBuf
 345  00CD              #line 345 "d:\d200\product\git\bh66f2455_evm_cgm\2.code\bh66f2455_driver\application_projects\source\User_Protocol.c"
 345  00CD  0F03        	mov a,3
 345  00CE  0080     E  	mov _Eeprom_ReadBuff_2[4],a
 345  00CF  1F00     E  	clr _Eeprom_ReadBuff_2[5]
 345  00D0  0F32        	mov a,50
 345  00D1  0300     E  	add a,_cgmApiP[0]
 345  00D2  0080     E  	mov _Eeprom_ReadBuff_2[2],a
 345  00D3  0F00        	mov a,0
 345  00D4  1300     E  	adc a,_cgmApiP[1]
 345  00D5  0080     E  	mov _Eeprom_ReadBuff_2[3],a
 345  00D6  0F17        	mov a,23
 345  00D7  0080     E  	mov _Eeprom_ReadBuff_2[0],a
 345  00D8  1F00     E  	clr _Eeprom_ReadBuff_2[1]
 345  00D9  2000     E  	call _Eeprom_ReadBuff
 346  00DA              #line 346 "d:\d200\product\git\bh66f2455_evm_cgm\2.code\bh66f2455_driver\application_projects\source\User_Protocol.c"
 346  00DA  0700     E  	mov a,_cgmApiP[0]
 346  00DB  0080     E  	mov rb,a
 346  00DC  0700     E  	mov a,_cgmApiP[1]
 346  00DD  0080     E  	mov rc,a
 346  00DE  0F32        	mov a,50
 346  00DF  0300     E  	add a,rb
 346  00E0  0083        	mov mp,a
 346  00E1  0F00        	mov a,0
 346  00E2  1300     E  	adc a,rc
 346  00E3  0084        	mov sbp,a
 346  00E4              _L100:
 346  00E4  2000     E  	call _Crom2Prom
 346  00E5  0080     E  	mov rd,a
 346  00E6  1F00     E  	clr re
 346  00E7  0700     E  	mov a,rd
 346  00E8  0200     R  	sub a,_parameter_value[0]
 346  00E9  0700     E  	mov a,re
 346  00EA  1200     R  	sbc a,_parameter_value[1]
 346  00EB  3B0A        	snz cz
 346  00EC  2800     R  	jmp _L92
 346  00ED  0F30        	mov a,48
 346  00EE  0300     E  	add a,rb
 346  00EF  0083        	mov mp,a
 346  00F0  0F00        	mov a,0
 346  00F1  1300     E  	adc a,rc
 346  00F2  0084        	mov sbp,a
 346  00F3  2000     E  	call _Crom2Prom
 346  00F4  0080     E  	mov ra,a
 346  00F5  0700     E  	mov a,ra
 346  00F6  0A55        	sub a,85
 346  00F7  390A        	snz z
 346  00F8  2800     R  	jmp _L92
 346  00F9  2800     R  	jmp _L56
 346  00FA              _L61:
 357  00FA              #line 357 "d:\d200\product\git\bh66f2455_evm_cgm\2.code\bh66f2455_driver\application_projects\source\User_Protocol.c"
 357  00FA  0700     R  	mov a,_Protocol_ReceiveLoop_2[5]
 357  00FB  0A03        	sub a,3
 357  00FC  390A        	snz z
"File: User_Protocol.c  Assembler  Version HGASM0202      Page 20

 357  00FD  2800     R  	jmp _L66
 359  00FE              #line 359 "d:\d200\product\git\bh66f2455_evm_cgm\2.code\bh66f2455_driver\application_projects\source\User_Protocol.c"
 359  00FE  1080     R  	sz _read_write[0]
 359  00FF  2800     R  	jmp _L67
 361  0100              #line 361 "d:\d200\product\git\bh66f2455_evm_cgm\2.code\bh66f2455_driver\application_projects\source\User_Protocol.c"
 361  0100  0F1A        	mov a,26
 361  0101  0300     E  	add a,rd
 361  0102  0083        	mov mp,a
 361  0103  0F00        	mov a,0
 361  0104  1300     E  	adc a,re
 361  0105  0084        	mov sbp,a
 361  0106  2800     R  	jmp _L90
 361  0107              _L67:
 365  0107              #line 365 "d:\d200\product\git\bh66f2455_evm_cgm\2.code\bh66f2455_driver\application_projects\source\User_Protocol.c"
 365  0107  0FFF        	mov a,255
 365  0108  0300     E  	add a,rb
 365  0109  0080     E  	mov rf,a
 365  010A  0FFF        	mov a,255
 365  010B  1300     E  	adc a,rc
 365  010C  0080     E  	mov rg,a
 365  010D  0FFE        	mov a,254
 365  010E  0200     E  	sub a,rf
 365  010F  0F00        	mov a,0
 365  0110  1200     E  	sbc a,rg
 365  0111  380A        	snz c
 365  0112  2800     R  	jmp _L68
 367  0113              #line 367 "d:\d200\product\git\bh66f2455_evm_cgm\2.code\bh66f2455_driver\application_projects\source\User_Protocol.c"
 367  0113  0F1A        	mov a,26
 367  0114  0300     E  	add a,rd
 367  0115  0083        	mov mp,a
 367  0116  0F00        	mov a,0
 367  0117  1300     E  	adc a,re
 367  0118  0084        	mov sbp,a
 367  0119  0700     E  	mov a,rb
 367  011A  0082        	mov ir,a
 368  011B              #line 368 "d:\d200\product\git\bh66f2455_evm_cgm\2.code\bh66f2455_driver\application_projects\source\User_Protocol.c"
 368  011B  2000     E  	call _Crom2Prom
 368  011C  0080     E  	mov ra,a
 368  011D  0700     E  	mov a,ra
 368  011E  2000     E  	call _ConfigureViref
 369  011F              #line 369 "d:\d200\product\git\bh66f2455_evm_cgm\2.code\bh66f2455_driver\application_projects\source\User_Protocol.c"
 369  011F  0F01        	mov a,1
 369  0120  0080     E  	mov _Eeprom_WriteBuf_2[4],a
 369  0121  1F00     E  	clr _Eeprom_WriteBuf_2[5]
 369  0122  0F1A        	mov a,26
 369  0123  0300     E  	add a,_cgmApiP[0]
 369  0124  0080     E  	mov _Eeprom_WriteBuf_2[2],a
 369  0125  0F00        	mov a,0
 369  0126  1300     E  	adc a,_cgmApiP[1]
 369  0127  0080     E  	mov _Eeprom_WriteBuf_2[3],a
 369  0128  0F01        	mov a,1
 369  0129  0080     E  	mov _Eeprom_WriteBuf_2[0],a
 369  012A  1F00     E  	clr _Eeprom_WriteBuf_2[1]
 369  012B  2000     E  	call _Eeprom_WriteBuf
 370  012C              #line 370 "d:\d200\product\git\bh66f2455_evm_cgm\2.code\bh66f2455_driver\application_projects\source\User_Protocol.c"
 370  012C  0F01        	mov a,1
 370  012D  0080     E  	mov _Eeprom_ReadBuff_2[4],a
 370  012E  1F00     E  	clr _Eeprom_ReadBuff_2[5]
 370  012F  0F1A        	mov a,26
 370  0130  0300     E  	add a,_cgmApiP[0]
"File: User_Protocol.c  Assembler  Version HGASM0202      Page 21

 370  0131  0080     E  	mov _Eeprom_ReadBuff_2[2],a
 370  0132  0F00        	mov a,0
 370  0133  1300     E  	adc a,_cgmApiP[1]
 370  0134  0080     E  	mov _Eeprom_ReadBuff_2[3],a
 370  0135  0F01        	mov a,1
 370  0136  0080     E  	mov _Eeprom_ReadBuff_2[0],a
 370  0137  1F00     E  	clr _Eeprom_ReadBuff_2[1]
 370  0138  2000     E  	call _Eeprom_ReadBuff
 371  0139              #line 371 "d:\d200\product\git\bh66f2455_evm_cgm\2.code\bh66f2455_driver\application_projects\source\User_Protocol.c"
 371  0139  0F1A        	mov a,26
 371  013A  0300     E  	add a,_cgmApiP[0]
 371  013B  0083        	mov mp,a
 371  013C  0F00        	mov a,0
 371  013D  1300     E  	adc a,_cgmApiP[1]
 371  013E  0084        	mov sbp,a
 371  013F  2000     E  	call _Crom2Prom
 371  0140  0080     E  	mov rb,a
 371  0141  1F00     E  	clr rc
 371  0142  2800     R  	jmp _L98
 371  0143              _L68:
 376  0143              #line 376 "d:\d200\product\git\bh66f2455_evm_cgm\2.code\bh66f2455_driver\application_projects\source\User_Protocol.c"
 376  0143  0700     E  	mov a,rb
 376  0144  0500     E  	or a,rc
 376  0145  390A        	snz z
 376  0146  2800     R  	jmp _L59
 378  0147              #line 378 "d:\d200\product\git\bh66f2455_evm_cgm\2.code\bh66f2455_driver\application_projects\source\User_Protocol.c"
 378  0147  0F1A        	mov a,26
 378  0148  0300     E  	add a,rd
 378  0149  0083        	mov mp,a
 378  014A  0F00        	mov a,0
 378  014B  1300     E  	adc a,re
 378  014C  0084        	mov sbp,a
 378  014D  0F00        	mov a,0
 378  014E  0082        	mov ir,a
 379  014F              #line 379 "d:\d200\product\git\bh66f2455_evm_cgm\2.code\bh66f2455_driver\application_projects\source\User_Protocol.c"
 379  014F  2000     E  	call _Crom2Prom
 379  0150  0080     E  	mov ra,a
 379  0151  0700     E  	mov a,ra
 379  0152  2000     E  	call _ConfigureViref
 379  0153  2800     R  	jmp _L56
 379  0154              _L66:
 387  0154              #line 387 "d:\d200\product\git\bh66f2455_evm_cgm\2.code\bh66f2455_driver\application_projects\source\User_Protocol.c"
 387  0154  0700     R  	mov a,_Protocol_ReceiveLoop_2[5]
 387  0155  0A04        	sub a,4
 387  0156  390A        	snz z
 387  0157  2800     R  	jmp _L69
 389  0158              #line 389 "d:\d200\product\git\bh66f2455_evm_cgm\2.code\bh66f2455_driver\application_projects\source\User_Protocol.c"
 389  0158  1080     R  	sz _read_write[0]
 389  0159  2800     R  	jmp _L70
 391  015A              #line 391 "d:\d200\product\git\bh66f2455_evm_cgm\2.code\bh66f2455_driver\application_projects\source\User_Protocol.c"
 391  015A  0F1D        	mov a,29
 391  015B  0300     E  	add a,rd
 391  015C  0083        	mov mp,a
 391  015D  0F00        	mov a,0
 391  015E  1300     E  	adc a,re
 391  015F  0084        	mov sbp,a
 391  0160  2800     R  	jmp _L91
 391  0161              _L70:
 396  0161              #line 396 "d:\d200\product\git\bh66f2455_evm_cgm\2.code\bh66f2455_driver\application_projects\source\User_Protocol.c"
 396  0161  0FFF        	mov a,255
"File: User_Protocol.c  Assembler  Version HGASM0202      Page 22

 396  0162  0200     E  	sub a,rb
 396  0163  0F0F        	mov a,15
 396  0164  1200     E  	sbc a,rc
 396  0165  380A        	snz c
 396  0166  2800     R  	jmp _L59
 398  0167              #line 398 "d:\d200\product\git\bh66f2455_evm_cgm\2.code\bh66f2455_driver\application_projects\source\User_Protocol.c"
 398  0167  0F1D        	mov a,29
 398  0168  0380     E  	addm a,rd
 398  0169  0F00        	mov a,0
 398  016A  1380     E  	adcm a,re
 398  016B  0700     E  	mov a,rd
 398  016C  0083        	mov mp,a
 398  016D  0700     E  	mov a,re
 398  016E  0084        	mov sbp,a
 398  016F  0700     E  	mov a,rb
 398  0170  0082        	mov ir,a
 398  0171  1483        	inc mp
 398  0172  0700     E  	mov a,rc
 398  0173  0082        	mov ir,a
 399  0174              #line 399 "d:\d200\product\git\bh66f2455_evm_cgm\2.code\bh66f2455_driver\application_projects\source\User_Protocol.c"
 399  0174  0700     E  	mov a,rd
 399  0175  0083        	mov mp,a
 399  0176  0700     E  	mov a,re
 399  0177  0084        	mov sbp,a
 399  0178  2000     E  	call _Crom2Prom
 399  0179  0080     E  	mov rb,a
 399  017A  2000     E  	call _Crom2PromNext
 399  017B  0080     E  	mov rc,a
 399  017C  0700     E  	mov a,rb
 399  017D  0080     E  	mov _ConfigureDAC1_2[0],a
 399  017E  0700     E  	mov a,rc
 399  017F  0080     E  	mov _ConfigureDAC1_2[1],a
 399  0180  2000     E  	call _ConfigureDAC1
 400  0181              #line 400 "d:\d200\product\git\bh66f2455_evm_cgm\2.code\bh66f2455_driver\application_projects\source\User_Protocol.c"
 400  0181  0F02        	mov a,2
 400  0182  0080     E  	mov _Eeprom_WriteBuf_2[4],a
 400  0183  1F00     E  	clr _Eeprom_WriteBuf_2[5]
 400  0184  0F1D        	mov a,29
 400  0185  0300     E  	add a,_cgmApiP[0]
 400  0186  0080     E  	mov _Eeprom_WriteBuf_2[2],a
 400  0187  0F00        	mov a,0
 400  0188  1300     E  	adc a,_cgmApiP[1]
 400  0189  0080     E  	mov _Eeprom_WriteBuf_2[3],a
 400  018A  0F04        	mov a,4
 400  018B  0080     E  	mov _Eeprom_WriteBuf_2[0],a
 400  018C  1F00     E  	clr _Eeprom_WriteBuf_2[1]
 400  018D  2000     E  	call _Eeprom_WriteBuf
 401  018E              #line 401 "d:\d200\product\git\bh66f2455_evm_cgm\2.code\bh66f2455_driver\application_projects\source\User_Protocol.c"
 401  018E  0F02        	mov a,2
 401  018F  0080     E  	mov _Eeprom_ReadBuff_2[4],a
 401  0190  1F00     E  	clr _Eeprom_ReadBuff_2[5]
 401  0191  0F1D        	mov a,29
 401  0192  0300     E  	add a,_cgmApiP[0]
 401  0193  0080     E  	mov _Eeprom_ReadBuff_2[2],a
 401  0194  0F00        	mov a,0
 401  0195  1300     E  	adc a,_cgmApiP[1]
 401  0196  0080     E  	mov _Eeprom_ReadBuff_2[3],a
 401  0197  0F04        	mov a,4
 401  0198  0080     E  	mov _Eeprom_ReadBuff_2[0],a
 401  0199  1F00     E  	clr _Eeprom_ReadBuff_2[1]
"File: User_Protocol.c  Assembler  Version HGASM0202      Page 23

 401  019A  2000     E  	call _Eeprom_ReadBuff
 402  019B              #line 402 "d:\d200\product\git\bh66f2455_evm_cgm\2.code\bh66f2455_driver\application_projects\source\User_Protocol.c"
 402  019B  0F1D        	mov a,29
 402  019C  0300     E  	add a,_cgmApiP[0]
 402  019D  0083        	mov mp,a
 402  019E  0F00        	mov a,0
 402  019F  1300     E  	adc a,_cgmApiP[1]
 402  01A0  0084        	mov sbp,a
 402  01A1  2800     R  	jmp _L96
 402  01A2              _L69:
 413  01A2              #line 413 "d:\d200\product\git\bh66f2455_evm_cgm\2.code\bh66f2455_driver\application_projects\source\User_Protocol.c"
 413  01A2  0700     R  	mov a,_Protocol_ReceiveLoop_2[5]
 413  01A3  0A05        	sub a,5
 413  01A4  390A        	snz z
 413  01A5  2800     R  	jmp _L71
 415  01A6              #line 415 "d:\d200\product\git\bh66f2455_evm_cgm\2.code\bh66f2455_driver\application_projects\source\User_Protocol.c"
 415  01A6  1080     R  	sz _read_write[0]
 415  01A7  2800     R  	jmp _L72
 417  01A8              #line 417 "d:\d200\product\git\bh66f2455_evm_cgm\2.code\bh66f2455_driver\application_projects\source\User_Protocol.c"
 417  01A8  0F1F        	mov a,31
 417  01A9  0300     E  	add a,rd
 417  01AA  0083        	mov mp,a
 417  01AB  0F00        	mov a,0
 417  01AC  1300     E  	adc a,re
 417  01AD  0084        	mov sbp,a
 417  01AE              _L91:
 417  01AE  2000     E  	call _Crom2Prom
 417  01AF  0080     E  	mov rb,a
 417  01B0  2000     E  	call _Crom2PromNext
 417  01B1  0080     E  	mov rc,a
 417  01B2  0700     E  	mov a,rb
 417  01B3  0080     R  	mov _parameter_value[0],a
 417  01B4  0700     E  	mov a,rc
 417  01B5  0080     R  	mov _parameter_value[1],a
 417  01B6  2800     R  	jmp _L56
 417  01B7              _L72:
 421  01B7              #line 421 "d:\d200\product\git\bh66f2455_evm_cgm\2.code\bh66f2455_driver\application_projects\source\User_Protocol.c"
 421  01B7  0FFF        	mov a,255
 421  01B8  0200     E  	sub a,rb
 421  01B9  0F0F        	mov a,15
 421  01BA  1200     E  	sbc a,rc
 421  01BB  380A        	snz c
 421  01BC  2800     R  	jmp _L59
 423  01BD              #line 423 "d:\d200\product\git\bh66f2455_evm_cgm\2.code\bh66f2455_driver\application_projects\source\User_Protocol.c"
 423  01BD  0F1F        	mov a,31
 423  01BE  0380     E  	addm a,rd
 423  01BF  0F00        	mov a,0
 423  01C0  1380     E  	adcm a,re
 423  01C1  0700     E  	mov a,rd
 423  01C2  0083        	mov mp,a
 423  01C3  0700     E  	mov a,re
 423  01C4  0084        	mov sbp,a
 423  01C5  0700     E  	mov a,rb
 423  01C6  0082        	mov ir,a
 423  01C7  1483        	inc mp
 423  01C8  0700     E  	mov a,rc
 423  01C9  0082        	mov ir,a
 424  01CA              #line 424 "d:\d200\product\git\bh66f2455_evm_cgm\2.code\bh66f2455_driver\application_projects\source\User_Protocol.c"
 424  01CA  0700     E  	mov a,rd
 424  01CB  0083        	mov mp,a
"File: User_Protocol.c  Assembler  Version HGASM0202      Page 24

 424  01CC  0700     E  	mov a,re
 424  01CD  0084        	mov sbp,a
 424  01CE  2000     E  	call _Crom2Prom
 424  01CF  0080     E  	mov rb,a
 424  01D0  2000     E  	call _Crom2PromNext
 424  01D1  0080     E  	mov rc,a
 424  01D2  0700     E  	mov a,rb
 424  01D3  0080     E  	mov _ConfigureDAC2_2[0],a
 424  01D4  0700     E  	mov a,rc
 424  01D5  0080     E  	mov _ConfigureDAC2_2[1],a
 424  01D6  2000     E  	call _ConfigureDAC2
 425  01D7              #line 425 "d:\d200\product\git\bh66f2455_evm_cgm\2.code\bh66f2455_driver\application_projects\source\User_Protocol.c"
 425  01D7  0F02        	mov a,2
 425  01D8  0080     E  	mov _Eeprom_WriteBuf_2[4],a
 425  01D9  1F00     E  	clr _Eeprom_WriteBuf_2[5]
 425  01DA  0F1F        	mov a,31
 425  01DB  0300     E  	add a,_cgmApiP[0]
 425  01DC  0080     E  	mov _Eeprom_WriteBuf_2[2],a
 425  01DD  0F00        	mov a,0
 425  01DE  1300     E  	adc a,_cgmApiP[1]
 425  01DF  0080     E  	mov _Eeprom_WriteBuf_2[3],a
 425  01E0  0F06        	mov a,6
 425  01E1  0080     E  	mov _Eeprom_WriteBuf_2[0],a
 425  01E2  1F00     E  	clr _Eeprom_WriteBuf_2[1]
 425  01E3  2000     E  	call _Eeprom_WriteBuf
 426  01E4              #line 426 "d:\d200\product\git\bh66f2455_evm_cgm\2.code\bh66f2455_driver\application_projects\source\User_Protocol.c"
 426  01E4  0F02        	mov a,2
 426  01E5  0080     E  	mov _Eeprom_ReadBuff_2[4],a
 426  01E6  1F00     E  	clr _Eeprom_ReadBuff_2[5]
 426  01E7  0F1F        	mov a,31
 426  01E8  0300     E  	add a,_cgmApiP[0]
 426  01E9  0080     E  	mov _Eeprom_ReadBuff_2[2],a
 426  01EA  0F00        	mov a,0
 426  01EB  1300     E  	adc a,_cgmApiP[1]
 426  01EC  0080     E  	mov _Eeprom_ReadBuff_2[3],a
 426  01ED  0F06        	mov a,6
 426  01EE  0080     E  	mov _Eeprom_ReadBuff_2[0],a
 426  01EF  1F00     E  	clr _Eeprom_ReadBuff_2[1]
 426  01F0  2000     E  	call _Eeprom_ReadBuff
 427  01F1              #line 427 "d:\d200\product\git\bh66f2455_evm_cgm\2.code\bh66f2455_driver\application_projects\source\User_Protocol.c"
 427  01F1  0F1F        	mov a,31
 427  01F2  0300     E  	add a,_cgmApiP[0]
 427  01F3  0083        	mov mp,a
 427  01F4  0F00        	mov a,0
 427  01F5  1300     E  	adc a,_cgmApiP[1]
 427  01F6  0084        	mov sbp,a
 427  01F7  2800     R  	jmp _L96
 427  01F8              _L71:
 438  01F8              #line 438 "d:\d200\product\git\bh66f2455_evm_cgm\2.code\bh66f2455_driver\application_projects\source\User_Protocol.c"
 438  01F8  0700     R  	mov a,_Protocol_ReceiveLoop_2[5]
 438  01F9  0A06        	sub a,6
 438  01FA  390A        	snz z
 438  01FB  2800     R  	jmp _L73
 440  01FC              #line 440 "d:\d200\product\git\bh66f2455_evm_cgm\2.code\bh66f2455_driver\application_projects\source\User_Protocol.c"
 440  01FC  1080     R  	sz _read_write[0]
 440  01FD  2800     R  	jmp _L74
 442  01FE              #line 442 "d:\d200\product\git\bh66f2455_evm_cgm\2.code\bh66f2455_driver\application_projects\source\User_Protocol.c"
 442  01FE  0F21        	mov a,33
 442  01FF  0300     E  	add a,rd
 442  0200  0083        	mov mp,a
"File: User_Protocol.c  Assembler  Version HGASM0202      Page 25

 442  0201  0F00        	mov a,0
 442  0202  1300     E  	adc a,re
 442  0203  0084        	mov sbp,a
 442  0204  2800     R  	jmp _L91
 442  0205              _L74:
 446  0205              #line 446 "d:\d200\product\git\bh66f2455_evm_cgm\2.code\bh66f2455_driver\application_projects\source\User_Protocol.c"
 446  0205  0FFF        	mov a,255
 446  0206  0200     E  	sub a,rb
 446  0207  0F0F        	mov a,15
 446  0208  1200     E  	sbc a,rc
 446  0209  380A        	snz c
 446  020A  2800     R  	jmp _L59
 448  020B              #line 448 "d:\d200\product\git\bh66f2455_evm_cgm\2.code\bh66f2455_driver\application_projects\source\User_Protocol.c"
 448  020B  0F21        	mov a,33
 448  020C  0380     E  	addm a,rd
 448  020D  0F00        	mov a,0
 448  020E  1380     E  	adcm a,re
 448  020F  0700     E  	mov a,rd
 448  0210  0083        	mov mp,a
 448  0211  0700     E  	mov a,re
 448  0212  0084        	mov sbp,a
 448  0213  0700     E  	mov a,rb
 448  0214  0082        	mov ir,a
 448  0215  1483        	inc mp
 448  0216  0700     E  	mov a,rc
 448  0217  0082        	mov ir,a
 449  0218              #line 449 "d:\d200\product\git\bh66f2455_evm_cgm\2.code\bh66f2455_driver\application_projects\source\User_Protocol.c"
 449  0218  0700     E  	mov a,rd
 449  0219  0083        	mov mp,a
 449  021A  0700     E  	mov a,re
 449  021B  0084        	mov sbp,a
 449  021C  2000     E  	call _Crom2Prom
 449  021D  0080     E  	mov rb,a
 449  021E  2000     E  	call _Crom2PromNext
 449  021F  0080     E  	mov rc,a
 449  0220  0700     E  	mov a,rb
 449  0221  0080     E  	mov _ConfigureDAC3_2[0],a
 449  0222  0700     E  	mov a,rc
 449  0223  0080     E  	mov _ConfigureDAC3_2[1],a
 449  0224  2000     E  	call _ConfigureDAC3
 450  0225              #line 450 "d:\d200\product\git\bh66f2455_evm_cgm\2.code\bh66f2455_driver\application_projects\source\User_Protocol.c"
 450  0225  0F02        	mov a,2
 450  0226  0080     E  	mov _Eeprom_WriteBuf_2[4],a
 450  0227  1F00     E  	clr _Eeprom_WriteBuf_2[5]
 450  0228  0F21        	mov a,33
 450  0229  0300     E  	add a,_cgmApiP[0]
 450  022A  0080     E  	mov _Eeprom_WriteBuf_2[2],a
 450  022B  0F00        	mov a,0
 450  022C  1300     E  	adc a,_cgmApiP[1]
 450  022D  0080     E  	mov _Eeprom_WriteBuf_2[3],a
 450  022E  0F08        	mov a,8
 450  022F  0080     E  	mov _Eeprom_WriteBuf_2[0],a
 450  0230  1F00     E  	clr _Eeprom_WriteBuf_2[1]
 450  0231  2000     E  	call _Eeprom_WriteBuf
 451  0232              #line 451 "d:\d200\product\git\bh66f2455_evm_cgm\2.code\bh66f2455_driver\application_projects\source\User_Protocol.c"
 451  0232  0F02        	mov a,2
 451  0233  0080     E  	mov _Eeprom_ReadBuff_2[4],a
 451  0234  1F00     E  	clr _Eeprom_ReadBuff_2[5]
 451  0235  0F21        	mov a,33
 451  0236  0300     E  	add a,_cgmApiP[0]
"File: User_Protocol.c  Assembler  Version HGASM0202      Page 26

 451  0237  0080     E  	mov _Eeprom_ReadBuff_2[2],a
 451  0238  0F00        	mov a,0
 451  0239  1300     E  	adc a,_cgmApiP[1]
 451  023A  0080     E  	mov _Eeprom_ReadBuff_2[3],a
 451  023B  0F08        	mov a,8
 451  023C  0080     E  	mov _Eeprom_ReadBuff_2[0],a
 451  023D  1F00     E  	clr _Eeprom_ReadBuff_2[1]
 451  023E  2000     E  	call _Eeprom_ReadBuff
 452  023F              #line 452 "d:\d200\product\git\bh66f2455_evm_cgm\2.code\bh66f2455_driver\application_projects\source\User_Protocol.c"
 452  023F  0F21        	mov a,33
 452  0240  0300     E  	add a,_cgmApiP[0]
 452  0241  0083        	mov mp,a
 452  0242  0F00        	mov a,0
 452  0243  1300     E  	adc a,_cgmApiP[1]
 452  0244  0084        	mov sbp,a
 452  0245              _L96:
 452  0245  2000     E  	call _Crom2Prom
 452  0246  0080     E  	mov rb,a
 452  0247  2000     E  	call _Crom2PromNext
 452  0248  0080     E  	mov rc,a
 452  0249              _L98:
 452  0249  0700     E  	mov a,rb
 452  024A  0200     R  	sub a,_parameter_value[0]
 452  024B  0700     E  	mov a,rc
 452  024C  1200     R  	sbc a,_parameter_value[1]
 452  024D  3F0A        	sz cz
 452  024E  2800     R  	jmp _L56
 452  024F              _L92:
 454  024F              #line 454 "d:\d200\product\git\bh66f2455_evm_cgm\2.code\bh66f2455_driver\application_projects\source\User_Protocol.c"
 454  024F  0F03        	mov a,3
 454  0250  0080     R  	mov _read_write_result[0],a
 454  0251  2800     R  	jmp _L56
 454  0252              _L73:
 465  0252              #line 465 "d:\d200\product\git\bh66f2455_evm_cgm\2.code\bh66f2455_driver\application_projects\source\User_Protocol.c"
 465  0252  0F01        	mov a,1
 465  0253  0080     R  	mov _read_write_result[0],a
 465  0254              _L56:
 467  0254              #line 467 "d:\d200\product\git\bh66f2455_evm_cgm\2.code\bh66f2455_driver\application_projects\source\User_Protocol.c"
 467  0254  3000     R  	set _deviceApi[1].0
 468  0255              #line 468 "d:\d200\product\git\bh66f2455_evm_cgm\2.code\bh66f2455_driver\application_projects\source\User_Protocol.c"
 468  0255  0F03        	mov a,3
 468  0256  0300     E  	add a,_cgmApiP[0]
 468  0257  0083        	mov mp,a
 468  0258  0F00        	mov a,0
 468  0259  1300     E  	adc a,_cgmApiP[1]
 468  025A  0084        	mov sbp,a
 468  025B  0F01        	mov a,1
 468  025C  0082        	mov ir,a
 469  025D              #line 469 "d:\d200\product\git\bh66f2455_evm_cgm\2.code\bh66f2455_driver\application_projects\source\User_Protocol.c"
 469  025D  2000     R  	call _DRDY_Ready
 470  025E              #line 470 "d:\d200\product\git\bh66f2455_evm_cgm\2.code\bh66f2455_driver\application_projects\source\User_Protocol.c"
 470  025E              ;# 470 "d:\d200\product\git\bh66f2455_evm_cgm\2.code\bh66f2455_driver\application_projects\source\User_Protocol.c" 1
 470  025E              	IF 3000>263690
 470  025E              ;# 470 "d:\d200\product\git\bh66f2455_evm_cgm\2.code\bh66f2455_driver\application_projects\source\User_Protocol.c" 1
 470  025E              	ERRMESSAGE 'the value 3000of the argument exceeds the maxinum 263690'
 470  025E              	ENDIF
 470  025E              ;# 470 "d:\d200\product\git\bh66f2455_evm_cgm\2.code\bh66f2455_driver\application_projects\source\User_Protocol.c" 1
 470  025E              	IF 3000<0
 470  025E              ;# 470 "d:\d200\product\git\bh66f2455_evm_cgm\2.code\bh66f2455_driver\application_projects\source\User_Protocol.c" 1
 470  025E              	ERRMESSAGE 'the value 3000 of the argument exceeds the mininum 0'
"File: User_Protocol.c  Assembler  Version HGASM0202      Page 27

 470  025E              	ENDIF
 470  025E              ;# 470 "d:\d200\product\git\bh66f2455_evm_cgm\2.code\bh66f2455_driver\application_projects\source\User_Protocol.c" 1
 470  025E              	IF 3000==0
 470  025E              ;# 470 "d:\d200\product\git\bh66f2455_evm_cgm\2.code\bh66f2455_driver\application_projects\source\User_Protocol.c" 1
 470  025E              	JMP $
 470  025E              	ENDIF
 470  025E              ;# 470 "d:\d200\product\git\bh66f2455_evm_cgm\2.code\bh66f2455_driver\application_projects\source\User_Protocol.c" 1
 470  025E              	IF 3000==1
 470  025E              ;# 470 "d:\d200\product\git\bh66f2455_evm_cgm\2.code\bh66f2455_driver\application_projects\source\User_Protocol.c" 1
 470  025E              	NOP
 470  025E              	ENDIF
 470  025E              ;# 470 "d:\d200\product\git\bh66f2455_evm_cgm\2.code\bh66f2455_driver\application_projects\source\User_Protocol.c" 1
 470  025E              	IF 3000==2
 470  025E              ;# 470 "d:\d200\product\git\bh66f2455_evm_cgm\2.code\bh66f2455_driver\application_projects\source\User_Protocol.c" 1
 470  025E              	NOP
 470  025E              ;# 470 "d:\d200\product\git\bh66f2455_evm_cgm\2.code\bh66f2455_driver\application_projects\source\User_Protocol.c" 1
 470  025E              	NOP
 470  025E              	ENDIF
 470  025E              ;# 470 "d:\d200\product\git\bh66f2455_evm_cgm\2.code\bh66f2455_driver\application_projects\source\User_Protocol.c" 1
 470  025E              	IF 3000==3
 470  025E              ;# 470 "d:\d200\product\git\bh66f2455_evm_cgm\2.code\bh66f2455_driver\application_projects\source\User_Protocol.c" 1
 470  025E              	NOP
 470  025E              ;# 470 "d:\d200\product\git\bh66f2455_evm_cgm\2.code\bh66f2455_driver\application_projects\source\User_Protocol.c" 1
 470  025E              	NOP
 470  025E              ;# 470 "d:\d200\product\git\bh66f2455_evm_cgm\2.code\bh66f2455_driver\application_projects\source\User_Protocol.c" 1
 470  025E              	NOP
 470  025E              	ENDIF
 470  025E              ;# 470 "d:\d200\product\git\bh66f2455_evm_cgm\2.code\bh66f2455_driver\application_projects\source\User_Protocol.c" 1
 470  025E              	IF (3000<8) AND (3000>3)
 470  025E              ;# 470 "d:\d200\product\git\bh66f2455_evm_cgm\2.code\bh66f2455_driver\application_projects\source\User_Protocol.c" 1
 470  025E              	CALL __DELAY3 + 7 -3000
 470  025E              	ENDIF
 470  025E              ;# 470 "d:\d200\product\git\bh66f2455_evm_cgm\2.code\bh66f2455_driver\application_projects\source\User_Protocol.c" 1
 470  025E              	IF (3000< 0404h) AND (3000>7)
 470  025E              ;# 470 "d:\d200\product\git\bh66f2455_evm_cgm\2.code\bh66f2455_driver\application_projects\source\User_Protocol.c" 1
 470  025E              	MOV A,3000/4-1
 470  025E              ;# 470 "d:\d200\product\git\bh66f2455_evm_cgm\2.code\bh66f2455_driver\application_projects\source\User_Protocol.c" 1
 470  025E              	CALL __DELAYX3 + 3 -(3000 MOD 4)
 470  025E              	ENDIF
 470  025E              ;# 470 "d:\d200\product\git\bh66f2455_evm_cgm\2.code\bh66f2455_driver\application_projects\source\User_Protocol.c" 1
 470  025E              	IF (3000< 0x40B) AND (3000> 0403h)
 470  025E              ;# 470 "d:\d200\product\git\bh66f2455_evm_cgm\2.code\bh66f2455_driver\application_projects\source\User_Protocol.c" 1
 470  025E              	MOV A,0 
 470  025E              ;# 470 "d:\d200\product\git\bh66f2455_evm_cgm\2.code\bh66f2455_driver\application_projects\source\User_Protocol.c" 1
 470  025E              	CALL __DELAYX6 + 0x40a -3000
 470  025E              	ENDIF
 470  025E              ;# 470 "d:\d200\product\git\bh66f2455_evm_cgm\2.code\bh66f2455_driver\application_projects\source\User_Protocol.c" 1
 470  025E              	IF (3000 >= 0x40b) AND ((((3000-9)%0402h)/4+1)>256)
 470  025E              ;# 470 "d:\d200\product\git\bh66f2455_evm_cgm\2.code\bh66f2455_driver\application_projects\source\User_Protocol.c" 1
 470  025E              	MOV A,(3000-9)/0402h
 470  025E              ;# 470 "d:\d200\product\git\bh66f2455_evm_cgm\2.code\bh66f2455_driver\application_projects\source\User_Protocol.c" 1
 470  025E              	MOV _builtin_holtek_delay_2,A
 470  025E              ;# 470 "d:\d200\product\git\bh66f2455_evm_cgm\2.code\bh66f2455_driver\application_projects\source\User_Protocol.c" 1
 470  025E              	MOV A,0
 470  025E              ;# 470 "d:\d200\product\git\bh66f2455_evm_cgm\2.code\bh66f2455_driver\application_projects\source\User_Protocol.c" 1
 470  025E              	CALL __DELAYY5 +5- (((3000-9)%0402h)%6)
 470  025E              	ENDIF
 470  025E              ;# 470 "d:\d200\product\git\bh66f2455_evm_cgm\2.code\bh66f2455_driver\application_projects\source\User_Protocol.c" 1
 470  025E              	IF (3000 >= 0x40b) AND ((((3000-9)%0402h)/4+1)<=256)
 470  025E              ;# 470 "d:\d200\product\git\bh66f2455_evm_cgm\2.code\bh66f2455_driver\application_projects\source\User_Protocol.c" 1
"File: User_Protocol.c  Assembler  Version HGASM0202      Page 28

 470  025E  0F02        	MOV A,(3000-9)/0402h
 470  025F              ;# 470 "d:\d200\product\git\bh66f2455_evm_cgm\2.code\bh66f2455_driver\application_projects\source\User_Protocol.c" 1
 470  025F  0080     E  	MOV _builtin_holtek_delay_2,A
 470  0260              ;# 470 "d:\d200\product\git\bh66f2455_evm_cgm\2.code\bh66f2455_driver\application_projects\source\User_Protocol.c" 1
 470  0260  0FEB        	MOV A,((3000-9)%0402h)/4+1
 470  0261              ;# 470 "d:\d200\product\git\bh66f2455_evm_cgm\2.code\bh66f2455_driver\application_projects\source\User_Protocol.c" 1
 470  0261  2000     E  	CALL __DELAYY3 +3-(((3000-9)%0402h)%4)
 470  0262              	ENDIF
 472  0262              #line 472 "d:\d200\product\git\bh66f2455_evm_cgm\2.code\bh66f2455_driver\application_projects\source\User_Protocol.c"
 472  0262  2800     R  	jmp _L46
 472  0263              _L50:
 474  0263              #line 474 "d:\d200\product\git\bh66f2455_evm_cgm\2.code\bh66f2455_driver\application_projects\source\User_Protocol.c"
 474  0263  0700     E  	mov a,_cgmApiP[0]
 474  0264  0080     E  	mov rb,a
 474  0265  0700     E  	mov a,_cgmApiP[1]
 474  0266  0080     E  	mov rc,a
 474  0267  0F05        	mov a,5
 474  0268  0300     E  	add a,rb
 474  0269  0083        	mov mp,a
 474  026A  0F00        	mov a,0
 474  026B  1300     E  	adc a,rc
 474  026C  0084        	mov sbp,a
 474  026D  0F04        	mov a,4
 474  026E  0082        	mov ir,a
 475  026F              #line 475 "d:\d200\product\git\bh66f2455_evm_cgm\2.code\bh66f2455_driver\application_projects\source\User_Protocol.c"
 475  026F  0F06        	mov a,6
 475  0270  0300     E  	add a,rb
 475  0271  0083        	mov mp,a
 475  0272  0F00        	mov a,0
 475  0273  1300     E  	adc a,rc
 475  0274  0084        	mov sbp,a
 475  0275  0F00        	mov a,0
 475  0276  0082        	mov ir,a
 476  0277              #line 476 "d:\d200\product\git\bh66f2455_evm_cgm\2.code\bh66f2455_driver\application_projects\source\User_Protocol.c"
 476  0277  0F07        	mov a,7
 476  0278  0300     E  	add a,rb
 476  0279  0083        	mov mp,a
 476  027A  0F00        	mov a,0
 476  027B  1300     E  	adc a,rc
 476  027C  0084        	mov sbp,a
 476  027D  0F00        	mov a,0
 476  027E  0082        	mov ir,a
 478  027F              #line 478 "d:\d200\product\git\bh66f2455_evm_cgm\2.code\bh66f2455_driver\application_projects\source\User_Protocol.c"
 478  027F  0F09        	mov a,9
 478  0280  0080     E  	mov _Eeprom_WriteBuf_2[4],a
 478  0281  1F00     E  	clr _Eeprom_WriteBuf_2[5]
 478  0282  0F00     R  	mov a,low (offset _rxBuf+3)
 478  0283  0080     E  	mov _Eeprom_WriteBuf_2[2],a
 478  0284  0F00     R  	mov a,high (offset _rxBuf+3)
 478  0285  0080     E  	mov _Eeprom_WriteBuf_2[3],a
 478  0286  0F01        	mov a,1
 478  0287  0080     E  	mov _Eeprom_WriteBuf_2[0],a
 478  0288  1F00     E  	clr _Eeprom_WriteBuf_2[1]
 478  0289  2000     E  	call _Eeprom_WriteBuf
 479  028A              #line 479 "d:\d200\product\git\bh66f2455_evm_cgm\2.code\bh66f2455_driver\application_projects\source\User_Protocol.c"
 479  028A  0F09        	mov a,9
 479  028B  0080     E  	mov _Eeprom_ReadBuff_2[4],a
 479  028C  1F00     E  	clr _Eeprom_ReadBuff_2[5]
 479  028D  0F1A        	mov a,26
 479  028E  0300     E  	add a,_cgmApiP[0]
"File: User_Protocol.c  Assembler  Version HGASM0202      Page 29

 479  028F  0080     E  	mov _Eeprom_ReadBuff_2[2],a
 479  0290  0F00        	mov a,0
 479  0291  1300     E  	adc a,_cgmApiP[1]
 479  0292  0080     E  	mov _Eeprom_ReadBuff_2[3],a
 479  0293  0F01        	mov a,1
 479  0294  0080     E  	mov _Eeprom_ReadBuff_2[0],a
 479  0295  1F00     E  	clr _Eeprom_ReadBuff_2[1]
 479  0296  2000     E  	call _Eeprom_ReadBuff
 480  0297              #line 480 "d:\d200\product\git\bh66f2455_evm_cgm\2.code\bh66f2455_driver\application_projects\source\User_Protocol.c"
 480  0297  3000     R  	set _deviceApi[0].1
 481  0298              #line 481 "d:\d200\product\git\bh66f2455_evm_cgm\2.code\bh66f2455_driver\application_projects\source\User_Protocol.c"
 481  0298  2800     R  	jmp _L46
 481  0299              _L51:
 483  0299              #line 483 "d:\d200\product\git\bh66f2455_evm_cgm\2.code\bh66f2455_driver\application_projects\source\User_Protocol.c"
 483  0299  0700     E  	mov a,_cgmApiP[0]
 483  029A  0080     E  	mov rb,a
 483  029B  0700     E  	mov a,_cgmApiP[1]
 483  029C  0080     E  	mov rc,a
 483  029D  0F05        	mov a,5
 483  029E  0300     E  	add a,rb
 483  029F  0083        	mov mp,a
 483  02A0  0F00        	mov a,0
 483  02A1  1300     E  	adc a,rc
 483  02A2  0084        	mov sbp,a
 483  02A3  0F04        	mov a,4
 483  02A4  0082        	mov ir,a
 484  02A5              #line 484 "d:\d200\product\git\bh66f2455_evm_cgm\2.code\bh66f2455_driver\application_projects\source\User_Protocol.c"
 484  02A5  0F06        	mov a,6
 484  02A6  0300     E  	add a,rb
 484  02A7  0083        	mov mp,a
 484  02A8  0F00        	mov a,0
 484  02A9  1300     E  	adc a,rc
 484  02AA  0084        	mov sbp,a
 484  02AB  0F01        	mov a,1
 484  02AC  0082        	mov ir,a
 485  02AD              #line 485 "d:\d200\product\git\bh66f2455_evm_cgm\2.code\bh66f2455_driver\application_projects\source\User_Protocol.c"
 485  02AD  0F07        	mov a,7
 485  02AE  0300     E  	add a,rb
 485  02AF  0083        	mov mp,a
 485  02B0  0F00        	mov a,0
 485  02B1  1300     E  	adc a,rc
 485  02B2  0084        	mov sbp,a
 485  02B3  0F00        	mov a,0
 485  02B4  0082        	mov ir,a
 487  02B5              #line 487 "d:\d200\product\git\bh66f2455_evm_cgm\2.code\bh66f2455_driver\application_projects\source\User_Protocol.c"
 487  02B5  0F08        	mov a,8
 487  02B6  0080     E  	mov _Eeprom_WriteBuf_2[4],a
 487  02B7  1F00     E  	clr _Eeprom_WriteBuf_2[5]
 487  02B8  0F00     R  	mov a,low (offset _rxBuf+3)
 487  02B9  0080     E  	mov _Eeprom_WriteBuf_2[2],a
 487  02BA  0F00     R  	mov a,high (offset _rxBuf+3)
 487  02BB  0080     E  	mov _Eeprom_WriteBuf_2[3],a
 487  02BC  0F0A        	mov a,10
 487  02BD  0080     E  	mov _Eeprom_WriteBuf_2[0],a
 487  02BE  1F00     E  	clr _Eeprom_WriteBuf_2[1]
 487  02BF  2000     E  	call _Eeprom_WriteBuf
 488  02C0              #line 488 "d:\d200\product\git\bh66f2455_evm_cgm\2.code\bh66f2455_driver\application_projects\source\User_Protocol.c"
 488  02C0  0F08        	mov a,8
 488  02C1  0080     E  	mov _Eeprom_ReadBuff_2[4],a
 488  02C2  1F00     E  	clr _Eeprom_ReadBuff_2[5]
"File: User_Protocol.c  Assembler  Version HGASM0202      Page 30

 488  02C3  0F23        	mov a,35
 488  02C4  0300     E  	add a,_cgmApiP[0]
 488  02C5  0080     E  	mov _Eeprom_ReadBuff_2[2],a
 488  02C6  0F00        	mov a,0
 488  02C7  1300     E  	adc a,_cgmApiP[1]
 488  02C8  0080     E  	mov _Eeprom_ReadBuff_2[3],a
 488  02C9  0F0A        	mov a,10
 488  02CA  0080     E  	mov _Eeprom_ReadBuff_2[0],a
 488  02CB  1F00     E  	clr _Eeprom_ReadBuff_2[1]
 488  02CC  2000     E  	call _Eeprom_ReadBuff
 489  02CD              #line 489 "d:\d200\product\git\bh66f2455_evm_cgm\2.code\bh66f2455_driver\application_projects\source\User_Protocol.c"
 489  02CD  0700     E  	mov a,_cgmApiP[0]
 489  02CE  0080     E  	mov rb,a
 489  02CF  0700     E  	mov a,_cgmApiP[1]
 489  02D0  0080     E  	mov rc,a
 489  02D1  0F08        	mov a,8
 489  02D2  0300     E  	add a,rb
 489  02D3  0080     E  	mov rd,a
 489  02D4  0F00        	mov a,0
 489  02D5  1300     E  	adc a,rc
 489  02D6  0080     E  	mov re,a
 489  02D7  0700     E  	mov a,rd
 489  02D8  0083        	mov mp,a
 489  02D9  0700     E  	mov a,re
 489  02DA  0084        	mov sbp,a
 489  02DB  0F00        	mov a,0
 489  02DC  0082        	mov ir,a
 490  02DD              #line 490 "d:\d200\product\git\bh66f2455_evm_cgm\2.code\bh66f2455_driver\application_projects\source\User_Protocol.c"
 490  02DD  0F23        	mov a,35
 490  02DE  0300     E  	add a,rb
 490  02DF  0083        	mov mp,a
 490  02E0  0F00        	mov a,0
 490  02E1  1300     E  	adc a,rc
 490  02E2  0084        	mov sbp,a
 490  02E3  2000     E  	call _Crom2Prom
 490  02E4  0080     E  	mov rf,a
 490  02E5  2000     E  	call _Crom2PromNext
 490  02E6  0080     E  	mov rg,a
 490  02E7  0700     E  	mov a,rf
 490  02E8  0500     E  	or a,rg
 490  02E9  3D0A        	sz z
 490  02EA  2800     R  	jmp _L75
 492  02EB              #line 492 "d:\d200\product\git\bh66f2455_evm_cgm\2.code\bh66f2455_driver\application_projects\source\User_Protocol.c"
 492  02EB  0700     E  	mov a,rd
 492  02EC  0083        	mov mp,a
 492  02ED  0700     E  	mov a,re
 492  02EE  0084        	mov sbp,a
 492  02EF  0F04        	mov a,4
 492  02F0  0082        	mov ir,a
 492  02F1              _L75:
 494  02F1              #line 494 "d:\d200\product\git\bh66f2455_evm_cgm\2.code\bh66f2455_driver\application_projects\source\User_Protocol.c"
 494  02F1  0F27        	mov a,39
 494  02F2  0300     E  	add a,rb
 494  02F3  0083        	mov mp,a
 494  02F4  0F00        	mov a,0
 494  02F5  1300     E  	adc a,rc
 494  02F6  0084        	mov sbp,a
 494  02F7  2000     E  	call _Crom2Prom
 494  02F8  0080     E  	mov rd,a
 494  02F9  2000     E  	call _Crom2PromNext
"File: User_Protocol.c  Assembler  Version HGASM0202      Page 31

 494  02FA  0080     E  	mov re,a
 494  02FB  0700     E  	mov a,rd
 494  02FC  0500     E  	or a,re
 494  02FD  3D0A        	sz z
 494  02FE  2800     R  	jmp _L76
 496  02FF              #line 496 "d:\d200\product\git\bh66f2455_evm_cgm\2.code\bh66f2455_driver\application_projects\source\User_Protocol.c"
 496  02FF  0F08        	mov a,8
 496  0300  0300     E  	add a,rb
 496  0301  0083        	mov mp,a
 496  0302  0F00        	mov a,0
 496  0303  1300     E  	adc a,rc
 496  0304  0084        	mov sbp,a
 496  0305  2000     E  	call _Crom2Prom
 496  0306  0080     R  	mov _Protocol_ReceiveLoop_2[5],a
 496  0307  0700     R  	mov a,_Protocol_ReceiveLoop_2[5]
 496  0308  0B08        	add a,8
 496  0309  0080     E  	mov ra,a
 496  030A  0700     E  	mov a,ra
 496  030B  0082        	mov ir,a
 496  030C              _L76:
 498  030C              #line 498 "d:\d200\product\git\bh66f2455_evm_cgm\2.code\bh66f2455_driver\application_projects\source\User_Protocol.c"
 498  030C  3000     R  	set _deviceApi[0].2
 499  030D              #line 499 "d:\d200\product\git\bh66f2455_evm_cgm\2.code\bh66f2455_driver\application_projects\source\User_Protocol.c"
 499  030D  2800     R  	jmp _L46
 499  030E              _L52:
 501  030E              #line 501 "d:\d200\product\git\bh66f2455_evm_cgm\2.code\bh66f2455_driver\application_projects\source\User_Protocol.c"
 501  030E  0700     E  	mov a,_cgmApiP[0]
 501  030F  0080     E  	mov rb,a
 501  0310  0700     E  	mov a,_cgmApiP[1]
 501  0311  0080     E  	mov rc,a
 501  0312  0F05        	mov a,5
 501  0313  0300     E  	add a,rb
 501  0314  0083        	mov mp,a
 501  0315  0F00        	mov a,0
 501  0316  1300     E  	adc a,rc
 501  0317  0084        	mov sbp,a
 501  0318  0F02        	mov a,2
 501  0319  0082        	mov ir,a
 502  031A              #line 502 "d:\d200\product\git\bh66f2455_evm_cgm\2.code\bh66f2455_driver\application_projects\source\User_Protocol.c"
 502  031A  0F06        	mov a,6
 502  031B  0300     E  	add a,rb
 502  031C  0083        	mov mp,a
 502  031D  0F00        	mov a,0
 502  031E  1300     E  	adc a,rc
 502  031F  0084        	mov sbp,a
 502  0320  0F01        	mov a,1
 502  0321  0082        	mov ir,a
 503  0322              #line 503 "d:\d200\product\git\bh66f2455_evm_cgm\2.code\bh66f2455_driver\application_projects\source\User_Protocol.c"
 503  0322  0700     R  	mov a,_rxBuf[3]
 503  0323  0E0F        	and a,15
 503  0324  0080     E  	mov ra,a
 503  0325  0F08        	mov a,8
 503  0326  0300     E  	add a,rb
 503  0327  0083        	mov mp,a
 503  0328  0F00        	mov a,0
 503  0329  1300     E  	adc a,rc
 503  032A  0084        	mov sbp,a
 503  032B  0700     E  	mov a,ra
 503  032C  0082        	mov ir,a
 504  032D              #line 504 "d:\d200\product\git\bh66f2455_evm_cgm\2.code\bh66f2455_driver\application_projects\source\User_Protocol.c"
"File: User_Protocol.c  Assembler  Version HGASM0202      Page 32

 504  032D  0700     R  	mov a,_rxBuf[5]
 504  032E  0080     E  	mov re,a
 504  032F  1F00     E  	clr rd
 504  0330  0700     R  	mov a,_rxBuf[4]
 504  0331  0380     E  	addm a,rd
 504  0332  3C0A        	sz c
 504  0333  1480     E  	inc re
 504  0334  0F09        	mov a,9
 504  0335  0300     E  	add a,rb
 504  0336  0083        	mov mp,a
 504  0337  0F00        	mov a,0
 504  0338  1300     E  	adc a,rc
 504  0339  0084        	mov sbp,a
 504  033A  0700     E  	mov a,rd
 504  033B  0082        	mov ir,a
 504  033C  1483        	inc mp
 504  033D  0700     E  	mov a,re
 504  033E  0082        	mov ir,a
 505  033F              #line 505 "d:\d200\product\git\bh66f2455_evm_cgm\2.code\bh66f2455_driver\application_projects\source\User_Protocol.c"
 505  033F  3000     R  	set _deviceApi[0].3
 506  0340              #line 506 "d:\d200\product\git\bh66f2455_evm_cgm\2.code\bh66f2455_driver\application_projects\source\User_Protocol.c"
 506  0340  2800     R  	jmp _L46
 506  0341              _L101:
 515  0341              #line 515 "d:\d200\product\git\bh66f2455_evm_cgm\2.code\bh66f2455_driver\application_projects\source\User_Protocol.c"
 515  0341  3000     R  	set _deviceApi[0].7
 516  0342              #line 516 "d:\d200\product\git\bh66f2455_evm_cgm\2.code\bh66f2455_driver\application_projects\source\User_Protocol.c"
 516  0342  0F3A        	mov a,58
 516  0343  0300     E  	add a,_cgmApiP[0]
 516  0344  0083        	mov mp,a
 516  0345  0F00        	mov a,0
 516  0346  1300     E  	adc a,_cgmApiP[1]
 516  0347  0084        	mov sbp,a
 516  0348  0700     R  	mov a,_rxBuf[3]
 516  0349  0082        	mov ir,a
 517  034A              #line 517 "d:\d200\product\git\bh66f2455_evm_cgm\2.code\bh66f2455_driver\application_projects\source\User_Protocol.c"
 517  034A  2000     E  	call _Crom2Prom
 517  034B  0080     E  	mov ra,a
 517  034C  3800     E  	snz ra.0
 517  034D  2800     R  	jmp _L46
 517  034E              #pragma debug scope 12 11
 517  034E              ;begin block, line: 517.-1
 517  034E              #pragma debug variable 14 12 _Protocol_ReceiveLoop_2+0 "restartNum"
 519  034E              #line 519 "d:\d200\product\git\bh66f2455_evm_cgm\2.code\bh66f2455_driver\application_projects\source\User_Protocol.c"
 519  034E  1F00     R  	clr _Protocol_ReceiveLoop_2[0]
 519  034F  1F00     R  	clr _Protocol_ReceiveLoop_2[1]
 519  0350  1F00     R  	clr _Protocol_ReceiveLoop_2[2]
 519  0351  1F00     R  	clr _Protocol_ReceiveLoop_2[3]
 520  0352              #line 520 "d:\d200\product\git\bh66f2455_evm_cgm\2.code\bh66f2455_driver\application_projects\source\User_Protocol.c"
 520  0352  0F04        	mov a,4
 520  0353  0080     E  	mov _Eeprom_WriteBuf_2[4],a
 520  0354  1F00     E  	clr _Eeprom_WriteBuf_2[5]
 520  0355  0F00     R  	mov a,low offset _Protocol_ReceiveLoop_2
 520  0356  0080     E  	mov _Eeprom_WriteBuf_2[2],a
 520  0357  0F00     R  	mov a,high offset _Protocol_ReceiveLoop_2
 520  0358  0080     E  	mov _Eeprom_WriteBuf_2[3],a
 520  0359  0FFC        	mov a,-4
 520  035A  0080     E  	mov _Eeprom_WriteBuf_2[0],a
 520  035B  0F01        	mov a,1
 520  035C  0080     E  	mov _Eeprom_WriteBuf_2[1],a
 520  035D  2000     E  	call _Eeprom_WriteBuf
"File: User_Protocol.c  Assembler  Version HGASM0202      Page 33

 521  035E              #line 521 "d:\d200\product\git\bh66f2455_evm_cgm\2.code\bh66f2455_driver\application_projects\source\User_Protocol.c"
 521  035E  0F36        	mov a,54
 521  035F  0300     E  	add a,_cgmApiP[0]
 521  0360  0083        	mov mp,a
 521  0361  0F00        	mov a,0
 521  0362  1300     E  	adc a,_cgmApiP[1]
 521  0363  0084        	mov sbp,a
 521  0364  0700     R  	mov a,_Protocol_ReceiveLoop_2[0]
 521  0365  0082        	mov ir,a
 521  0366  1483        	inc mp
 521  0367  0700     R  	mov a,_Protocol_ReceiveLoop_2[1]
 521  0368  0082        	mov ir,a
 521  0369  1483        	inc mp
 521  036A  0700     R  	mov a,_Protocol_ReceiveLoop_2[2]
 521  036B  0082        	mov ir,a
 521  036C  1483        	inc mp
 521  036D  0700     R  	mov a,_Protocol_ReceiveLoop_2[3]
 521  036E  0082        	mov ir,a
 521  036F              _L46:
 521  036F              #pragma debug scope 11 1
 521  036F  0003        	ret
 521  0370              _Protocol_ReceiveLoop endp
 521  0370              #line 521 "d:\d200\product\git\bh66f2455_evm_cgm\2.code\bh66f2455_driver\application_projects\source\User_Protocol.c"
 521  0370              #pragma debug scope 1 1
 521  0370              public _Protocol_RxLoop
 521  0370              #pragma debug scope 13 1
 585  0370              #line 585 "d:\d200\product\git\bh66f2455_evm_cgm\2.code\bh66f2455_driver\application_projects\source\User_Protocol.c"
 585  0000              _Protocol_RxLoop .section 'code'
 585  0000              _Protocol_RxLoop proc
 585  0000  00              local _Protocol_RxLoop_2 db 1 dup(?)	; 0,1
 585  0001              #pragma debug variable 8 13 _Protocol_RxLoop_2+0 "data"
 589  0001              #line 589 "d:\d200\product\git\bh66f2455_evm_cgm\2.code\bh66f2455_driver\application_projects\source\User_Protocol.c"
 589  0000  2800     R  	jmp _L103
 589  0001              _L104:
 593  0001              #line 593 "d:\d200\product\git\bh66f2455_evm_cgm\2.code\bh66f2455_driver\application_projects\source\User_Protocol.c"
 593  0001  0700     R  	mov a,_Protocol_RxLoop_2[0]
 593  0002  2000     R  	call _Protocol_ReceiveLoop
 593  0003              _L103:
 589  0003              #line 589 "d:\d200\product\git\bh66f2455_evm_cgm\2.code\bh66f2455_driver\application_projects\source\User_Protocol.c"
 589  0003  0F00     R  	mov a,low offset _Protocol_RxLoop_2
 589  0004  0080     E  	mov _Uart_IsAvailable_ReadByte_2[0],a
 589  0005  0F00     R  	mov a,high offset _Protocol_RxLoop_2
 589  0006  0080     E  	mov _Uart_IsAvailable_ReadByte_2[1],a
 589  0007  2000     E  	call _Uart_IsAvailable_ReadByte
 589  0008  0080     E  	mov ra,a
 589  0009  1080     E  	sz ra
 589  000A  2800     R  	jmp _L104
 589  000B  0003        	ret
 589  000C              _Protocol_RxLoop endp
 589  000C              #line 589 "d:\d200\product\git\bh66f2455_evm_cgm\2.code\bh66f2455_driver\application_projects\source\User_Protocol.c"
 589  000C              #pragma debug scope 1 1
 589  000C              public _Protocol_TxLoop
 589  000C              #pragma debug scope 14 1
 531  000C              #line 531 "d:\d200\product\git\bh66f2455_evm_cgm\2.code\bh66f2455_driver\application_projects\source\User_Protocol.c"
 531  0000              _Protocol_TxLoop .section 'code'
 531  0000              _Protocol_TxLoop proc
 531  0000  0002[           local _Protocol_TxLoop_2 db 2 dup(?)	; 0,2
            00
            ]
 536  0002              #line 536 "d:\d200\product\git\bh66f2455_evm_cgm\2.code\bh66f2455_driver\application_projects\source\User_Protocol.c"
"File: User_Protocol.c  Assembler  Version HGASM0202      Page 34

 536  0000  1080     R  	sz _isWaitingBleRespond[0]
 536  0001  2800     R  	jmp _L105
 536  0002              #line 536 "d:\d200\product\git\bh66f2455_evm_cgm\2.code\bh66f2455_driver\application_projects\source\User_Protocol.c"
 536  0002  3C00     E  	sz _uartStatus[3].0
 536  0003  2800     R  	jmp _L105
 538  0004              #line 538 "d:\d200\product\git\bh66f2455_evm_cgm\2.code\bh66f2455_driver\application_projects\source\User_Protocol.c"
 538  0004  3800     R  	snz _deviceApi[1].0
 538  0005  2800     R  	jmp _L107
 538  0006  0F03        	mov a,3
 538  0007  0300     E  	add a,_cgmApiP[0]
 538  0008  0083        	mov mp,a
 538  0009  0F00        	mov a,0
 538  000A  1300     E  	adc a,_cgmApiP[1]
 538  000B  0084        	mov sbp,a
 538  000C  2000     E  	call _Crom2Prom
 538  000D  0080     R  	mov _Protocol_TxLoop_2[0],a
 538  000E  1E00     R  	snz _Protocol_TxLoop_2[0]
 538  000F  2800     R  	jmp _L107
 540  0010              #line 540 "d:\d200\product\git\bh66f2455_evm_cgm\2.code\bh66f2455_driver\application_projects\source\User_Protocol.c"
 540  0010  3400     R  	clr _deviceApi[1].0
 541  0011              #line 541 "d:\d200\product\git\bh66f2455_evm_cgm\2.code\bh66f2455_driver\application_projects\source\User_Protocol.c"
 541  0011  0F00        	mov a,0
 541  0012  0082        	mov ir,a
 542  0013              #line 542 "d:\d200\product\git\bh66f2455_evm_cgm\2.code\bh66f2455_driver\application_projects\source\User_Protocol.c"
 542  0013  2000     R  	call _TxAfeSetParameter
 542  0014  2800     R  	jmp _L138
 542  0015              _L107:
 545  0015              #line 545 "d:\d200\product\git\bh66f2455_evm_cgm\2.code\bh66f2455_driver\application_projects\source\User_Protocol.c"
 545  0015  0700     R  	mov a,_deviceApi[0]
 545  0016  0080     R  	mov _Protocol_TxLoop_2[0],a
 545  0017  3800     R  	snz _Protocol_TxLoop_2[0].3
 545  0018  2800     R  	jmp _L108
 545  0019  0F03        	mov a,3
 545  001A  0300     E  	add a,_cgmApiP[0]
 545  001B  0083        	mov mp,a
 545  001C  0F00        	mov a,0
 545  001D  1300     E  	adc a,_cgmApiP[1]
 545  001E  0084        	mov sbp,a
 545  001F  2000     E  	call _Crom2Prom
 545  0020  0080     R  	mov _Protocol_TxLoop_2[1],a
 545  0021  1E00     R  	snz _Protocol_TxLoop_2[1]
 545  0022  2800     R  	jmp _L108
 547  0023              #line 547 "d:\d200\product\git\bh66f2455_evm_cgm\2.code\bh66f2455_driver\application_projects\source\User_Protocol.c"
 547  0023  3400     R  	clr _deviceApi[0].3
 548  0024              #line 548 "d:\d200\product\git\bh66f2455_evm_cgm\2.code\bh66f2455_driver\application_projects\source\User_Protocol.c"
 548  0024  0F00        	mov a,0
 548  0025  0082        	mov ir,a
 549  0026              #line 549 "d:\d200\product\git\bh66f2455_evm_cgm\2.code\bh66f2455_driver\application_projects\source\User_Protocol.c"
 549  0026  2000     R  	call _TxAfeMeasureData
 549  0027  2800     R  	jmp _L138
 549  0028              _L108:
 552  0028              #line 552 "d:\d200\product\git\bh66f2455_evm_cgm\2.code\bh66f2455_driver\application_projects\source\User_Protocol.c"
 552  0028  3800     R  	snz _Protocol_TxLoop_2[0].1
 552  0029  2800     R  	jmp _L109
 552  002A  0F03        	mov a,3
 552  002B  0300     E  	add a,_cgmApiP[0]
 552  002C  0083        	mov mp,a
 552  002D  0F00        	mov a,0
 552  002E  1300     E  	adc a,_cgmApiP[1]
 552  002F  0084        	mov sbp,a
"File: User_Protocol.c  Assembler  Version HGASM0202      Page 35

 552  0030  2000     E  	call _Crom2Prom
 552  0031  0080     E  	mov ra,a
 552  0032  1E00     E  	snz ra
 552  0033  2800     R  	jmp _L109
 554  0034              #line 554 "d:\d200\product\git\bh66f2455_evm_cgm\2.code\bh66f2455_driver\application_projects\source\User_Protocol.c"
 554  0034  3400     R  	clr _deviceApi[0].1
 555  0035              #line 555 "d:\d200\product\git\bh66f2455_evm_cgm\2.code\bh66f2455_driver\application_projects\source\User_Protocol.c"
 555  0035  2000     R  	call _TxCalVoltage
 555  0036  2800     R  	jmp _L138
 555  0037              _L109:
 558  0037              #line 558 "d:\d200\product\git\bh66f2455_evm_cgm\2.code\bh66f2455_driver\application_projects\source\User_Protocol.c"
 558  0037  3800     R  	snz _Protocol_TxLoop_2[0].2
 558  0038  2800     R  	jmp _L110
 558  0039  0F03        	mov a,3
 558  003A  0300     E  	add a,_cgmApiP[0]
 558  003B  0083        	mov mp,a
 558  003C  0F00        	mov a,0
 558  003D  1300     E  	adc a,_cgmApiP[1]
 558  003E  0084        	mov sbp,a
 558  003F  2000     E  	call _Crom2Prom
 558  0040  0080     R  	mov _Protocol_TxLoop_2[1],a
 558  0041  1E00     R  	snz _Protocol_TxLoop_2[1]
 558  0042  2800     R  	jmp _L110
 560  0043              #line 560 "d:\d200\product\git\bh66f2455_evm_cgm\2.code\bh66f2455_driver\application_projects\source\User_Protocol.c"
 560  0043  3400     R  	clr _deviceApi[0].2
 561  0044              #line 561 "d:\d200\product\git\bh66f2455_evm_cgm\2.code\bh66f2455_driver\application_projects\source\User_Protocol.c"
 561  0044  0F00        	mov a,0
 561  0045  0082        	mov ir,a
 562  0046              #line 562 "d:\d200\product\git\bh66f2455_evm_cgm\2.code\bh66f2455_driver\application_projects\source\User_Protocol.c"
 562  0046  2000     R  	call _TxCalCurrent
 562  0047  2800     R  	jmp _L138
 562  0048              _L110:
 571  0048              #line 571 "d:\d200\product\git\bh66f2455_evm_cgm\2.code\bh66f2455_driver\application_projects\source\User_Protocol.c"
 571  0048  3800     R  	snz _Protocol_TxLoop_2[0].7
 571  0049  2800     R  	jmp _L105
 573  004A              #line 573 "d:\d200\product\git\bh66f2455_evm_cgm\2.code\bh66f2455_driver\application_projects\source\User_Protocol.c"
 573  004A  3400     R  	clr _deviceApi[0].7
 574  004B              #line 574 "d:\d200\product\git\bh66f2455_evm_cgm\2.code\bh66f2455_driver\application_projects\source\User_Protocol.c"
 574  004B  0F03        	mov a,3
 574  004C  0300     E  	add a,_cgmApiP[0]
 574  004D  0083        	mov mp,a
 574  004E  0F00        	mov a,0
 574  004F  1300     E  	adc a,_cgmApiP[1]
 574  0050  0084        	mov sbp,a
 574  0051  0F01        	mov a,1
 574  0052  0082        	mov ir,a
 575  0053              #line 575 "d:\d200\product\git\bh66f2455_evm_cgm\2.code\bh66f2455_driver\application_projects\source\User_Protocol.c"
 575  0053  2000     R  	call _DRDY_Ready
 576  0054              #line 576 "d:\d200\product\git\bh66f2455_evm_cgm\2.code\bh66f2455_driver\application_projects\source\User_Protocol.c"
 576  0054              ;# 576 "d:\d200\product\git\bh66f2455_evm_cgm\2.code\bh66f2455_driver\application_projects\source\User_Protocol.c" 1
 576  0054              	IF 3000>263690
 576  0054              ;# 576 "d:\d200\product\git\bh66f2455_evm_cgm\2.code\bh66f2455_driver\application_projects\source\User_Protocol.c" 1
 576  0054              	ERRMESSAGE 'the value 3000of the argument exceeds the maxinum 263690'
 576  0054              	ENDIF
 576  0054              ;# 576 "d:\d200\product\git\bh66f2455_evm_cgm\2.code\bh66f2455_driver\application_projects\source\User_Protocol.c" 1
 576  0054              	IF 3000<0
 576  0054              ;# 576 "d:\d200\product\git\bh66f2455_evm_cgm\2.code\bh66f2455_driver\application_projects\source\User_Protocol.c" 1
 576  0054              	ERRMESSAGE 'the value 3000 of the argument exceeds the mininum 0'
 576  0054              	ENDIF
 576  0054              ;# 576 "d:\d200\product\git\bh66f2455_evm_cgm\2.code\bh66f2455_driver\application_projects\source\User_Protocol.c" 1
"File: User_Protocol.c  Assembler  Version HGASM0202      Page 36

 576  0054              	IF 3000==0
 576  0054              ;# 576 "d:\d200\product\git\bh66f2455_evm_cgm\2.code\bh66f2455_driver\application_projects\source\User_Protocol.c" 1
 576  0054              	JMP $
 576  0054              	ENDIF
 576  0054              ;# 576 "d:\d200\product\git\bh66f2455_evm_cgm\2.code\bh66f2455_driver\application_projects\source\User_Protocol.c" 1
 576  0054              	IF 3000==1
 576  0054              ;# 576 "d:\d200\product\git\bh66f2455_evm_cgm\2.code\bh66f2455_driver\application_projects\source\User_Protocol.c" 1
 576  0054              	NOP
 576  0054              	ENDIF
 576  0054              ;# 576 "d:\d200\product\git\bh66f2455_evm_cgm\2.code\bh66f2455_driver\application_projects\source\User_Protocol.c" 1
 576  0054              	IF 3000==2
 576  0054              ;# 576 "d:\d200\product\git\bh66f2455_evm_cgm\2.code\bh66f2455_driver\application_projects\source\User_Protocol.c" 1
 576  0054              	NOP
 576  0054              ;# 576 "d:\d200\product\git\bh66f2455_evm_cgm\2.code\bh66f2455_driver\application_projects\source\User_Protocol.c" 1
 576  0054              	NOP
 576  0054              	ENDIF
 576  0054              ;# 576 "d:\d200\product\git\bh66f2455_evm_cgm\2.code\bh66f2455_driver\application_projects\source\User_Protocol.c" 1
 576  0054              	IF 3000==3
 576  0054              ;# 576 "d:\d200\product\git\bh66f2455_evm_cgm\2.code\bh66f2455_driver\application_projects\source\User_Protocol.c" 1
 576  0054              	NOP
 576  0054              ;# 576 "d:\d200\product\git\bh66f2455_evm_cgm\2.code\bh66f2455_driver\application_projects\source\User_Protocol.c" 1
 576  0054              	NOP
 576  0054              ;# 576 "d:\d200\product\git\bh66f2455_evm_cgm\2.code\bh66f2455_driver\application_projects\source\User_Protocol.c" 1
 576  0054              	NOP
 576  0054              	ENDIF
 576  0054              ;# 576 "d:\d200\product\git\bh66f2455_evm_cgm\2.code\bh66f2455_driver\application_projects\source\User_Protocol.c" 1
 576  0054              	IF (3000<8) AND (3000>3)
 576  0054              ;# 576 "d:\d200\product\git\bh66f2455_evm_cgm\2.code\bh66f2455_driver\application_projects\source\User_Protocol.c" 1
 576  0054              	CALL __DELAY3 + 7 -3000
 576  0054              	ENDIF
 576  0054              ;# 576 "d:\d200\product\git\bh66f2455_evm_cgm\2.code\bh66f2455_driver\application_projects\source\User_Protocol.c" 1
 576  0054              	IF (3000< 0404h) AND (3000>7)
 576  0054              ;# 576 "d:\d200\product\git\bh66f2455_evm_cgm\2.code\bh66f2455_driver\application_projects\source\User_Protocol.c" 1
 576  0054              	MOV A,3000/4-1
 576  0054              ;# 576 "d:\d200\product\git\bh66f2455_evm_cgm\2.code\bh66f2455_driver\application_projects\source\User_Protocol.c" 1
 576  0054              	CALL __DELAYX3 + 3 -(3000 MOD 4)
 576  0054              	ENDIF
 576  0054              ;# 576 "d:\d200\product\git\bh66f2455_evm_cgm\2.code\bh66f2455_driver\application_projects\source\User_Protocol.c" 1
 576  0054              	IF (3000< 0x40B) AND (3000> 0403h)
 576  0054              ;# 576 "d:\d200\product\git\bh66f2455_evm_cgm\2.code\bh66f2455_driver\application_projects\source\User_Protocol.c" 1
 576  0054              	MOV A,0 
 576  0054              ;# 576 "d:\d200\product\git\bh66f2455_evm_cgm\2.code\bh66f2455_driver\application_projects\source\User_Protocol.c" 1
 576  0054              	CALL __DELAYX6 + 0x40a -3000
 576  0054              	ENDIF
 576  0054              ;# 576 "d:\d200\product\git\bh66f2455_evm_cgm\2.code\bh66f2455_driver\application_projects\source\User_Protocol.c" 1
 576  0054              	IF (3000 >= 0x40b) AND ((((3000-9)%0402h)/4+1)>256)
 576  0054              ;# 576 "d:\d200\product\git\bh66f2455_evm_cgm\2.code\bh66f2455_driver\application_projects\source\User_Protocol.c" 1
 576  0054              	MOV A,(3000-9)/0402h
 576  0054              ;# 576 "d:\d200\product\git\bh66f2455_evm_cgm\2.code\bh66f2455_driver\application_projects\source\User_Protocol.c" 1
 576  0054              	MOV _builtin_holtek_delay_2,A
 576  0054              ;# 576 "d:\d200\product\git\bh66f2455_evm_cgm\2.code\bh66f2455_driver\application_projects\source\User_Protocol.c" 1
 576  0054              	MOV A,0
 576  0054              ;# 576 "d:\d200\product\git\bh66f2455_evm_cgm\2.code\bh66f2455_driver\application_projects\source\User_Protocol.c" 1
 576  0054              	CALL __DELAYY5 +5- (((3000-9)%0402h)%6)
 576  0054              	ENDIF
 576  0054              ;# 576 "d:\d200\product\git\bh66f2455_evm_cgm\2.code\bh66f2455_driver\application_projects\source\User_Protocol.c" 1
 576  0054              	IF (3000 >= 0x40b) AND ((((3000-9)%0402h)/4+1)<=256)
 576  0054              ;# 576 "d:\d200\product\git\bh66f2455_evm_cgm\2.code\bh66f2455_driver\application_projects\source\User_Protocol.c" 1
 576  0054  0F02        	MOV A,(3000-9)/0402h
 576  0055              ;# 576 "d:\d200\product\git\bh66f2455_evm_cgm\2.code\bh66f2455_driver\application_projects\source\User_Protocol.c" 1
"File: User_Protocol.c  Assembler  Version HGASM0202      Page 37

 576  0055  0080     E  	MOV _builtin_holtek_delay_2,A
 576  0056              ;# 576 "d:\d200\product\git\bh66f2455_evm_cgm\2.code\bh66f2455_driver\application_projects\source\User_Protocol.c" 1
 576  0056  0FEB        	MOV A,((3000-9)%0402h)/4+1
 576  0057              ;# 576 "d:\d200\product\git\bh66f2455_evm_cgm\2.code\bh66f2455_driver\application_projects\source\User_Protocol.c" 1
 576  0057  2000     E  	CALL __DELAYY3 +3-(((3000-9)%0402h)%4)
 576  0058              	ENDIF
 577  0058              #line 577 "d:\d200\product\git\bh66f2455_evm_cgm\2.code\bh66f2455_driver\application_projects\source\User_Protocol.c"
 577  0058  2000     R  	call _TxRestartNum
 577  0059              _L138:
 578  0059              #line 578 "d:\d200\product\git\bh66f2455_evm_cgm\2.code\bh66f2455_driver\application_projects\source\User_Protocol.c"
 578  0059  0F04        	mov a,4
 578  005A  0300     E  	add a,_cgmApiP[0]
 578  005B  0083        	mov mp,a
 578  005C  0F00        	mov a,0
 578  005D  1300     E  	adc a,_cgmApiP[1]
 578  005E  0084        	mov sbp,a
 578  005F  0F01        	mov a,1
 578  0060  0082        	mov ir,a
 578  0061              _L105:
 578  0061  0003        	ret
 578  0062              _Protocol_TxLoop endp
 578  0062              #line 578 "d:\d200\product\git\bh66f2455_evm_cgm\2.code\bh66f2455_driver\application_projects\source\User_Protocol.c"
 578  0062              #pragma debug scope 1 1
 578  0000              @HCCINIT0_uartRxCount .section 'data'
 578  0000              _uartRxCount	db 0
 578  0001              #pragma debug variable 8 1 _uartRxCount "uartRxCount"
 578  0001              
 578  0000              @HCCINIT .section 'data'
 578  0000              @HCCINIT0_uartCmd .section 'data'
 578  0000              _uartCmd	db 0
 578  0001              #pragma debug variable 8 1 _uartCmd "uartCmd"
 578  0001              
 578  0000              @HCCINIT .section 'data'
 578  0000              @HCCINIT0_uartDataLen .section 'data'
 578  0000              _uartDataLen	db 0
 578  0001              #pragma debug variable 8 1 _uartDataLen "uartDataLen"
 578  0001              
 578  0000              @HCCINIT .section 'data'
 578  0000              @HCCINIT0_uartRevState .section 'data'
 578  0000              _uartRevState	db 0
 578  0001              #pragma debug variable 8 1 _uartRevState "uartRevState"
 578  0001              
 578  0000              @HCCINIT .section 'data'
  40  0000              #line 40 "d:\d200\product\git\bh66f2455_evm_cgm\2.code\bh66f2455_driver\application_projects\source\User_Protocol.c"
  40  0000              public _deviceApi
  40  0000              @HCCINIT0_deviceApi .section 'data'
  40  0000  0003[       _deviceApi	db 3 dup(0)
            00
            ]
  40  0003              #pragma debug struct_end
  40  0003              #pragma debug struct_end
  40  0003              #pragma debug union_end
  40  0003              #pragma debug union_end
  40  0003              #pragma debug struct_end
  40  0003              #pragma debug struct_end
  40  0003              #pragma debug union_end
  40  0003              #pragma debug union_end
  40  0003              #pragma debug struct_end
  40  0003              #pragma debug struct_end
  40  0003              #pragma debug variable 47 1 _deviceApi "deviceApi"
"File: User_Protocol.c  Assembler  Version HGASM0202      Page 38

  40  0003              
  40  0000              @HCCINIT .section 'data'
  40  0000              @HCCINIT0_read_write_result .section 'data'
  40  0000              _read_write_result	db 0
  40  0001              #pragma debug variable 8 1 _read_write_result "read_write_result"
  40  0001              
  40  0000              @HCCINIT .section 'data'
  40  0000              @HCCINIT0_parameter_value .section 'data'
  40  0000  0002[       _parameter_value	db 2 dup(0)
            00
            ]
  40  0002              #pragma debug variable 12 1 _parameter_value "parameter_value"
  40  0002              
  40  0000              @HCCINIT .section 'data'
  40  0000              @HCCINIT0_parameter_address .section 'data'
  40  0000              _parameter_address	db 0
  40  0001              #pragma debug variable 8 1 _parameter_address "parameter_address"
  40  0001              
  40  0000              @HCCINIT .section 'data'
  40  0000              @HCCINIT0_read_write .section 'data'
  40  0000              _read_write	db 0
  40  0001              #pragma debug variable 8 1 _read_write "read_write"
  40  0001              
  40  0000              @HCCINIT .section 'data'
  33  0000              #line 33 "d:\d200\product\git\bh66f2455_evm_cgm\2.code\bh66f2455_driver\application_projects\source\User_Protocol.c"
  33  0000              public _txBuf
  33  0000              @HCCINIT0_txBuf .section 'data'
  33  0000  0020[       _txBuf	db 32 dup(0)
            00
            ]
  33  0020              #pragma debug array 48 8 32 1
  33  0020              #pragma debug array 48 8 32 1
  33  0020              #pragma debug variable 48 1 _txBuf "txBuf"
  33  0020              
  33  0000              @HCCINIT .section 'data'
  32  0000              #line 32 "d:\d200\product\git\bh66f2455_evm_cgm\2.code\bh66f2455_driver\application_projects\source\User_Protocol.c"
  32  0000              public _rxBuf
  32  0000              @HCCINIT0_rxBuf .section 'data'
  32  0000  0020[       _rxBuf	db 32 dup(0)
            00
            ]
  32  0020              #pragma debug variable 48 1 _rxBuf "rxBuf"
  32  0020              
  32  0000              @HCCINIT .section 'data'
  30  0000              #line 30 "d:\d200\product\git\bh66f2455_evm_cgm\2.code\bh66f2455_driver\application_projects\source\User_Protocol.c"
  30  0000              public _isWaitingBleRespond
  30  0000              @HCCINIT0_isWaitingBleRespond .section 'data'
  30  0000              _isWaitingBleRespond	db 0
  30  0001              #pragma debug variable 8 1 _isWaitingBleRespond "isWaitingBleRespond"
  30  0001              
  30  0000              @HCCINIT .section 'data'
  28  0000              #line 28 "d:\d200\product\git\bh66f2455_evm_cgm\2.code\bh66f2455_driver\application_projects\source\User_Protocol.c"
  28  0000              public _isDeepSleep
  28  0000              @HCCINIT0_isDeepSleep .section 'data'
  28  0000              _isDeepSleep	db 0
  28  0001              #pragma debug variable 8 1 _isDeepSleep "isDeepSleep"
  28  0001              
  28  0000              @HCCINIT .section 'data'
  28  0000              #pragma debug struct_end
  28  0000              #pragma debug struct_end
"File: User_Protocol.c  Assembler  Version HGASM0202      Page 39

  28  0000              #pragma debug union_end
  28  0000              #pragma debug union_end
  28  0000              #pragma debug variable 50 1 ___pa "__pa" 1
  28  0000              
  28  0000              ; output external variables
  28  0000              extern _uartStatus:byte
  28  0000              extern _cgmApiP:byte
  28  0000              extern _Uart_TxByte_Interrupt_2:byte
  28  0000              extern _Uart_TxByte_Interrupt:near
  28  0000              extern _Eeprom_WriteBuf_2:byte
  28  0000              extern _Eeprom_WriteBuf:near
  28  0000              extern _Eeprom_ReadBuff_2:byte
  28  0000              extern _Eeprom_ReadBuff:near
  28  0000              extern _ConfigureViref:near
  28  0000              extern _ConfigureDAC1_2:byte
  28  0000              extern _ConfigureDAC1:near
  28  0000              extern _ConfigureDAC2_2:byte
  28  0000              extern _ConfigureDAC2:near
  28  0000              extern _ConfigureDAC3_2:byte
  28  0000              extern _ConfigureDAC3:near
  28  0000              extern _Uart_IsAvailable_ReadByte_2:byte
  28  0000              extern _Uart_IsAvailable_ReadByte:near
  28  0000              
  28  0000              ; 
  28  0000              ; Generated by holtek-gcc v3.19, Mon Jul 14 16:56:27 2025
  28  0000              ; Rebuild 718
  28  0000              ; end of file


        0 Errors, 0