:020000041000EA
:100000004B2A110200000000A4030000EEC3A6E981
:100010007EEEE78880B500F087F90020002100F02F
:100020000DF8292000F00FF8202000F011F800F062
:1000300033F900F013F800F025F980BD4CF2B93C1B
:10004000C0F2000C604747F67D1CC0F2000C604710
:1000500047F6D12CC0F2000C6047000080B54FF08D
:10006000A040012100F075F900060BD1032000F03B
:1000700075F9000606D1012000F075F9000604BFED
:10008000002080BD00F074F94FF47A7000F075F92B
:10009000012080BD2DE9F04381B019B343F2B83897
:1000A0000F4606464FF0FF344FF00009C2F2000839
:1000B0003D46B7F5807F28BF4FF480754FF0A040D4
:1000C000314642462B46CDF8009000F05BF960B90E
:1000D00040462946224600F05AF904467F1B2E442A
:1000E000E6D103E04FF0FF3400E00124204601B0E8
:1000F000BDE8F08310B582B004464FF0000C4FF01D
:10010000A0404FF4805122462023CDF800C000F0DB
:1001100039F9000622D120461C214FF0FF3200F0B1
:1001200036F9E169814219D1E078112816D1A07819
:10013000022813D1E168B1F5002F0FD8606846F2AC
:100140007872C4F26A72904208D1A068FFF7A2FFE9
:100150002169401A18BF012002B010BD012002B071
:1001600010BD00002DE9F0410C4605460E184FF079
:100170000008B4F5803F07D3A8B228B94FF4803700
:100180000321102021E000BFB4F5004F08D328461A
:100190006FF3DF3020B94FF4004702210F2014E045
:1001A00029466FF31F31200BB1FA81F1B8EB143FF0
:1001B00018BF0120490901404FF008004FF4807733
:1001C00018BF0C2018BF4FF4805725FA00F082B2F8
:1001D0004FF0A04047F2305300F0DEF800060BD19C
:1001E0003D44B542A4EB070424BF0020BDE8F081E4
:1001F000B4F5803FC0D2C7E700F0BAF84FF47A7088
:1002000000F0BBF80120BDE8F08100002DE9F047C7
:1002100082B04FF000098AB343F2B83814460E4654
:100220000746C2F2000840F6B83A00BF2546B4F5CA
:10023000807F28BF4FF480754FF0A040394642467A
:100240002B46CDF8009000F09DF890B94FF0A040FB
:10025000314642462B46CDF80090CDF804A000F080
:10026000A0F848B92F44641B2E44DFD14FF0000999
:1002700004E04FF0010901E04FF00109484602B0E7
:10028000BDE8F08780B542F20400C1F200000068CA
:1002900000F08CF880BD0000B0B588B06846FFF76C
:1002A00029FF08B101243CE0DDE90501FFF75AFF11
:1002B00038B100F05DF84FF47A7000F05EF8012478
:1002C0002FE0DDE902020599FFF7A0FF38B100F049
:1002D0004FF84FF47A7000F050F8012421E00399B0
:1002E0000598FFF7D7FE0499884213D14FF0A0403C
:1002F0000021102247F23053002400F04DF805464B
:1003000000F036F828060CD04FF47A7000F035F87B
:10031000012406E000F02CF84FF47A7000F02DF87C
:100320000124204608B0B0BDEC20C6F205000168EB
:100330007F2221F002010160016821F004010160C7
:100340006FF0030143180431342943F8D82CF9D154
:10035000704748F6F57CC0F2000C604747F2613CFC
:10036000C0F2000C604747F21D3CC0F2000C604731
:1003700047F6717CC0F2000C604744F2717CC0F219
:10038000000C604748F69D2CC0F2000C604744F218
:10039000C17CC0F2000C604748F6A10CC0F2000C12
:1003A000604749F2D90CC0F2000C604744F62D0CAE
:1003B000C0F2000C604700000000000000000000D8
:1003C000000000000000000000000000000000002D
:1003D000000000000000000000000000000000001D
:1003E000000000000000000000000000000000000D
:1003F00000000000000000000000000000000000FD
:1004000000000000000000000000000000000000EC
:1004100000000000000000000000000000000000DC
:1004200000000000000000000000000000000000CC
:1004300000000000000000000000000000000000BC
:1004400000000000000000000000000000000000AC
:10045000000000000000000000000000000000009C
:10046000000000000000000000000000000000008C
:10047000000000000000000000000000000000007C
:10048000000000000000000000000000000000006C
:10049000000000000000000000000000000000005C
:1004A000000000000000000000000000000000004C
:1004B000000000000000000000000000000000003C
:1004C000000000000000000000000000000000002C
:1004D000000000000000000000000000000000001C
:1004E000000000000000000000000000000000000C
:1004F00000000000000000000000000000000000FC
:1005000000000000000000000000000000000000EB
:1005100000000000000000000000000000000000DB
:1005200000000000000000000000000000000000CB
:1005300000000000000000000000000000000000BB
:1005400000000000000000000000000000000000AB
:10055000000000000000000000000000000000009B
:10056000000000000000000000000000000000008B
:10057000000000000000000000000000000000007B
:10058000000000000000000000000000000000006B
:10059000000000000000000000000000000000005B
:1005A000000000000000000000000000000000004B
:1005B000000000000000000000000000000000003B
:1005C000000000000000000000000000000000002B
:1005D000000000000000000000000000000000001B
:1005E000000000000000000000000000000000000B
:1005F00000000000000000000000000000000000FB
:1006000000000000000000000000000000000000EA
:1006100000000000000000000000000000000000DA
:1006200000000000000000000000000000000000CA
:1006300000000000000000000000000000000000BA
:1006400000000000000000000000000000000000AA
:10065000000000000000000000000000000000009A
:10066000000000000000000000000000000000008A
:10067000000000000000000000000000000000007A
:10068000000000000000000000000000000000006A
:10069000000000000000000000000000000000005A
:1006A000000000000000000000000000000000004A
:1006B000000000000000000000000000000000003A
:1006C000000000000000000000000000000000002A
:1006D000000000000000000000000000000000001A
:1006E000000000000000000000000000000000000A
:1006F00000000000000000000000000000000000FA
:1007000000000000000000000000000000000000E9
:1007100000000000000000000000000000000000D9
:1007200000000000000000000000000000000000C9
:1007300000000000000000000000000000000000B9
:1007400000000000000000000000000000000000A9
:100750000000000000000000000000000000000099
:100760000000000000000000000000000000000089
:100770000000000000000000000000000000000079
:100780000000000000000000000000000000000069
:100790000000000000000000000000000000000059
:1007A0000000000000000000000000000000000049
:1007B0000000000000000000000000000000000039
:1007C0000000000000000000000000000000000029
:1007D0000000000000000000000000000000000019
:1007E0000000000000000000000000000000000009
:1007F00000000000000000000000000000000000F9
:1008000000000000000000000000000000000000E8
:1008100000000000000000000000000000000000D8
:1008200000000000000000000000000000000000C8
:1008300000000000000000000000000000000000B8
:1008400000000000000000000000000000000000A8
:100850000000000000000000000000000000000098
:100860000000000000000000000000000000000088
:100870000000000000000000000000000000000078
:100880000000000000000000000000000000000068
:100890000000000000000000000000000000000058
:1008A0000000000000000000000000000000000048
:1008B0000000000000000000000000000000000038
:1008C0000000000000000000000000000000000028
:1008D0000000000000000000000000000000000018
:1008E0000000000000000000000000000000000008
:1008F00000000000000000000000000000000000F8
:1009000000000000000000000000000000000000E7
:1009100000000000000000000000000000000000D7
:1009200000000000000000000000000000000000C7
:1009300000000000000000000000000000000000B7
:1009400000000000000000000000000000000000A7
:100950000000000000000000000000000000000097
:100960000000000000000000000000000000000087
:100970000000000000000000000000000000000077
:100980000000000000000000000000000000000067
:100990000000000000000000000000000000000057
:1009A0000000000000000000000000000000000047
:1009B0000000000000000000000000000000000037
:1009C0000000000000000000000000000000000027
:1009D0000000000000000000000000000000000017
:1009E0000000000000000000000000000000000007
:1009F00000000000000000000000000000000000F7
:100A000000000000000000000000000000000000E6
:100A100000000000000000000000000000000000D6
:100A200000000000000000000000000000000000C6
:100A300000000000000000000000000000000000B6
:100A400000000000000000000000000000000000A6
:100A50000000000000000000000000000000000096
:100A60000000000000000000000000000000000086
:100A70000000000000000000000000000000000076
:100A80000000000000000000000000000000000066
:100A90000000000000000000000000000000000056
:100AA0000000000000000000000000000000000046
:100AB0000000000000000000000000000000000036
:100AC0000000000000000000000000000000000026
:100AD0000000000000000000000000000000000016
:100AE0000000000000000000000000000000000006
:100AF00000000000000000000000000000000000F6
:100B000000000000000000000000000000000000E5
:100B100000000000000000000000000000000000D5
:100B200000000000000000000000000000000000C5
:100B300000000000000000000000000000000000B5
:100B400000000000000000000000000000000000A5
:100B50000000000000000000000000000000000095
:100B60000000000000000000000000000000000085
:100B70000000000000000000000000000000000075
:100B80000000000000000000000000000000000065
:100B90000000000000000000000000000000000055
:100BA0000000000000000000000000000000000045
:100BB0000000000000000000000000000000000035
:100BC0000000000000000000000000000000000025
:100BD0000000000000000000000000000000000015
:100BE0000000000000000000000000000000000005
:100BF00000000000000000000000000000000000F5
:100C000000000000000000000000000000000000E4
:100C100000000000000000000000000000000000D4
:100C200000000000000000000000000000000000C4
:100C300000000000000000000000000000000000B4
:100C400000000000000000000000000000000000A4
:100C50000000000000000000000000000000000094
:100C60000000000000000000000000000000000084
:100C70000000000000000000000000000000000074
:100C80000000000000000000000000000000000064
:100C90000000000000000000000000000000000054
:100CA0000000000000000000000000000000000044
:100CB0000000000000000000000000000000000034
:100CC0000000000000000000000000000000000024
:100CD0000000000000000000000000000000000014
:100CE0000000000000000000000000000000000004
:100CF00000000000000000000000000000000000F4
:100D000000000000000000000000000000000000E3
:100D100000000000000000000000000000000000D3
:100D200000000000000000000000000000000000C3
:100D300000000000000000000000000000000000B3
:100D400000000000000000000000000000000000A3
:100D50000000000000000000000000000000000093
:100D60000000000000000000000000000000000083
:100D70000000000000000000000000000000000073
:100D80000000000000000000000000000000000063
:100D90000000000000000000000000000000000053
:100DA0000000000000000000000000000000000043
:100DB0000000000000000000000000000000000033
:100DC0000000000000000000000000000000000023
:100DD0000000000000000000000000000000000013
:100DE0000000000000000000000000000000000003
:100DF00000000000000000000000000000000000F3
:100E000000000000000000000000000000000000E2
:100E100000000000000000000000000000000000D2
:100E200000000000000000000000000000000000C2
:100E300000000000000000000000000000000000B2
:100E400000000000000000000000000000000000A2
:100E50000000000000000000000000000000000092
:100E60000000000000000000000000000000000082
:100E70000000000000000000000000000000000072
:100E80000000000000000000000000000000000062
:100E90000000000000000000000000000000000052
:100EA0000000000000000000000000000000000042
:100EB0000000000000000000000000000000000032
:100EC0000000000000000000000000000000000022
:100ED0000000000000000000000000000000000012
:100EE0000000000000000000000000000000000002
:100EF00000000000000000000000000000000000F2
:100F000000000000000000000000000000000000E1
:100F100000000000000000000000000000000000D1
:100F200000000000000000000000000000000000C1
:100F300000000000000000000000000000000000B1
:100F400000000000000000000000000000000000A1
:100F50000000000000000000000000000000000091
:100F60000000000000000000000000000000000081
:100F70000000000000000000000000000000000071
:100F80000000000000000000000000000000000061
:100F90000000000000000000000000000000000051
:100FA0000000000000000000000000000000000041
:100FB0000000000000000000000000000000000031
:100FC0000000000000000000000000000000000021
:100FD0000000000000000000000000000000000011
:100FE0000000000000000000000000000000000001
:100FF00000000000000000000000000000000000F1
:020000041000EA
:1020000000400320E1210010F521001007220010FC
:10201000192200101B2200101D22001000000000D9
:10202000000000000000000000000000D1020000DD
:102030002122001000000000750300008103000051
:1020400027220010292200102B2200102D22001020
:102050002F220010312200103322001035220010F0
:1020600037220010392200103B2200103D220010C0
:102070003F22001041220010432200104522001090
:1020800047220010492200104B2200104D22001060
:102090004F22001051220010532200105522001030
:1020A00057220010592200105B2200105D22001000
:1020B0005F220010612200106322001065220010D0
:1020C00067220010692200106B2200106D220010A0
:1020D0006F22001071220010732200107522001070
:1020E00077220010792200107B2200107D22001040
:1020F0007F22001081220010832200108522001010
:1021000087220010892200108B2200108D220010DF
:102110008F220010912200109322001095220010AF
:1021200097220010992200109B220010000000004E
:10213000000000000000000000000000000000009F
:1021400000F002F800F08DF914A696E8000CB244F5
:10215000B344DA4501D100F084F9BAE80F000FA6C4
:1021600096E83000A5EB040504EB0607AAEB07048C
:10217000A7F101074FEA15154FEA3414A4F1010441
:10218000AC4201D300F06DF913F0010F18BFFB1A38
:1021900043F0010300F001F8DBE71847B401000049
:1021A000E4010000103A24BF78C878C1FAD8520779
:1021B00024BF30C830C144BF04680C6070470000C1
:1021C000704700000023002400250026103A28BF95
:1021D00078C1FBD8520728BF30C148BF0B60704799
:1021E000304880F30888304880F30A882F488047B9
:1021F0002F4800475FEA0E00EFF30881EFF30982F2
:102200002C4B9847FEE75FEA0E00EFF30881EFF3EF
:102210000982294B9847FEE7FEE7FEE7FEE7FEE767
:10222000FEE7FEE7FEE7FEE7FEE7FEE7FEE7FEE786
:10223000FEE7FEE7FEE7FEE7FEE7FEE7FEE7FEE776
:10224000FEE7FEE7FEE7FEE7FEE7FEE7FEE7FEE766
:10225000FEE7FEE7FEE7FEE7FEE7FEE7FEE7FEE756
:10226000FEE7FEE7FEE7FEE7FEE7FEE7FEE7FEE746
:10227000FEE7FEE7FEE7FEE7FEE7FEE7FEE7FEE736
:10228000FEE7FEE7FEE7FEE7FEE7FEE7FEE7FEE726
:10229000FEE7FEE7FEE7FEE7FEE7FEE77047000029
:1022A000003003200040032000300320BD22001036
:1022B00041210010A54800100D44001080B582B0E7
:1022C0004EF20000C6F2040000F03DF8002001903C
:1022D000009042F20001C1F2000100910190FFE77D
:1022E00001984A2810D8FFE70098019950F821007A
:1022F000019A47F20001C2F2010141F82200FFE712
:10230000019801300190EBE747F20000C2F20100B2
:102310004EF60851CEF2000108604EF68851CEF21A
:102320000001086840F4700008604EF61451CEF2C7
:102330000001086840F010000860086840F48070F0
:10234000086002B080BD4FF6310CC0F2000C60474F
:1023500074A1021000F0012054000000A42100101C
:10236000C8A1021054F0012014030100C421001080
:10237000C8A102100020032000100000C42100109A
:102380006E2900F0EB84702900F0418666291AF06E
:10239000508565291AF04D8567291AF04A8561290B
:1023A0001AF0498503681B0A28BF41F0800169299A
:1023B00000F09884642900F09584752900F09284D7
:1023C0006F2900F0CF85782900F00D86E92900F00B
:1023D0006985E42900F06685F52900F06385EF2919
:1023E00000F0CC85F82900F00C860368DB0928BFD3
:1023F00041F08001632901F07783732901F07C8328
:10240000E32901F08783F32901F08C8300207047D2
:102410001FB51AF09AFC0D480D4900F069FB01F058
:10242000A7FC04000020002119F0B2FD401C6060F0
:102430000020002119F0C2FDE06001F06DFC01F008
:1024400079FBFFF72BFF00F015FB1FBD00200320D9
:102450000030032010B5002001F02CFC01F0D3FB6C
:1024600010BDDFF810D0FFF7D3FF18F0D3FB01F059
:10247000F7FD00000040032003B4FFF7EBFF03BCAF
:1024800000F00EFB70B5064600F012FB056806F181
:102490000B0020F00704B4429CBF002070BD2B4607
:1024A0006A68BAB11068A04210D304F108018842EA
:1024B0003CBF5068586007D35168101941601168DB
:1024C000091B016058601460101D70BD13465268EE
:1024D000002AE7D12146284600F0F6FA0028DED18E
:1024E00070BD70B50446051F00F0E2FA0068002CCC
:1024F00014BF446870BD002C18BFAC423CBF2046DE
:102500006468F8D301680A18AA4218BF456003D16D
:102510002A6805461144016028684119A1421CBF80
:102520006C6070BD6168696021680844286070BD96
:1025300053EA020C00F069802DE9F04B4FF00006E1
:10254000002B1FBFB3FA83F503FA05F424FA05F64E
:102550005E4012BF1643B2FA82F502FA05F4C5F1E5
:1025600020051EBF22FA05FC44EA0C04203556EA79
:10257000044C4FEA144418BF641C4FF000084FF09D
:102580000009904271EB030C39D3002919BFB1FA4D
:1025900081F701FA07F6B0FA80F700FA07F6C7F1FB
:1025A00020071EBF20FA07FC46EA0C062037B6FBC0
:1025B000F4FCA7EB0507103F07F01F0BCBF120063B
:1025C0002CFA06F60CFA0BFB44BFB3460026202F6C
:1025D000A4BF5E464FF0000B5BEA060C08BF4FF04D
:1025E000010B19EB0B0948EB0608ABFB027C06FB61
:1025F00002CC0BFB03CCC01B71EB0C01C1E70B46FB
:10260000024641464846BDE8F08B13B5084318BF63
:102610004FF0FF300146AFF30080BDE81C4070472B
:1026200053EA020C23D010B54C1084EA530404D5AD
:102630004042C1F1000138BF491E1B4204D552423D
:10264000C3F1000338BF5B1EFFF772FF14F0804F29
:1026500004D04042C1F1000138BF491E14F0004FC0
:1026600004D05242C3F1000338BF5B1E10BD13B546
:1026700040424FF0000070EB0104B8BF012001F0B0
:10268000004100281CBF6FF000414FF0FF30AFF356
:1026900000801CBD0FB4044910B503AA029800F0D5
:1026A00091FB10BC5DF814FBA8F001207CB51D4621
:1026B00016460C00009007D04142A14202D32044AC
:1026C000401E01E04FF0FF30064B7B442A4669462E
:1026D0000190304600F05BFB002C02D0009A0021F4
:1026E00011707CBDE706000010B5002000F082FDEF
:1026F000FFF7B0FEBDE81040012000F0D1B90B4655
:102700000146184600F052BD0EB5054614460E4669
:1027100013A000F076FD284600F073FD16A000F02F
:1027200070FD304600F06DFD15A000F06AFD00213F
:102730008DF80B100A210DF10A008DF80A1008E03F
:1027400094FBF1F201FB124294FBF1F4303200F8F9
:10275000012D002CF4DC00F054FDFFF7C5FF000054
:102760002A2A2A20617373657274696F6E2066610C
:10277000696C65643A2000002C2066696C65200055
:102780002C206C696E65200010B5431C02E010F827
:10279000011B71B18107FAD14FF0013202C88C1AC6
:1027A0008C4314EAC211F9D0C01A0A0603D0C01E25
:1027B00010BDC01A10BD0A0401D0801E10BD090250
:1027C000FCD0401E10BD40EA010370B59B072ED11E
:1027D0004FF00136042A2AD308C810C99D1B9D4317
:1027E000121F15EAC61517D0D8B2E1B2401A50EA46
:1027F000056110D198B2A1B2401A50EA05410AD140
:1028000023F07F4024F07F41401A50EA052102D195
:10281000180EA0EB146070BDA342DBD018BA21BA29
:10282000884201D9012070BD4FF0FF3070BD0AB958
:10283000002070BD10F8013B11F8014B63B1A342B9
:102840000AD1521E08D010F8013B11F8014B1BB100
:10285000A34201D1521EEDD1181B70BD032A40F2D4
:10286000308010F0030C00F0158011F8013BBCF132
:10287000020F624498BF11F801CB00F8013B38BF4A
:1028800011F8013BA2F1040298BF00F801CB38BF58
:1028900000F8013B11F0030300F02580083AC0F076
:1028A000088051F8043B083A51F804CBA0E808101E
:1028B000F5E7121D5CBF51F8043B40F8043BAFF351
:1028C0000080D20724BF11F8013B11F801CB48BFAB
:1028D00011F8012B24BF00F8013B00F801CB48BFE1
:1028E00000F8012B704710B5203AC0F00B80B1E81A
:1028F0001850A0E81850B1E81850A0E81850203A35
:10290000BFF4F5AF5FEA027C24BFB1E81850A0E83D
:10291000185044BF18C918C0BDE810405FEA827C57
:1029200024BF51F8043B40F8043B08BF7047D2076E
:1029300028BF31F8023B48BF11F8012B28BF20F80F
:10294000023B48BF00F8012B704702F0FF0343EA47
:10295000032242EA024200F002B84FF000020429CA
:10296000C0F0128010F0030C00F01B80CCF1040CBE
:10297000BCF1020F18BF00F8012BA8BF20F8022BF2
:10298000A1EB0C0100F00DB85FEAC17C24BF00F898
:10299000012B00F8012B48BF00F8012B70474FF0C6
:1029A000000200B5134694469646203922BFA0E89F
:1029B0000C50A0E80C50B1F12001BFF4F7AF0907AB
:1029C00028BFA0E80C5048BF0CC05DF804EB89009C
:1029D00028BF40F8042B08BF704748BF20F8022BDF
:1029E00011F0804F18BF00F8012B70470000000065
:1029F00030B44FF0013C50F8042B51F8043BCCFAB2
:102A000052F4D51A20D1FCB950F8042B51F8043BEC
:102A1000CCFA52F4D51A17D1B4B950F8042B51F8A6
:102A2000043BCCFA52F4D51A0ED16CB950F8042BF1
:102A300051F8043BCCFA52F4D51A05D1002CDAD067
:102A400030BC4FF00000704729BAB1FA81F111F0A3
:102A50001801D1F120008440F2D1CA40CB4012F0DD
:102A6000FF0213F0FF0330BCD01A70477047704765
:102A70007047000008487CB57844009007487844C7
:102A8000009C0546019004E0204601680844804708
:102A9000241DAC42F8D17CBDF4760200F27602002F
:102AA00001491820ABBEFEE7260002000020704757
:102AB0000048704758F101200048704750F101204C
:102AC000704770477047704738B504460A46002083
:102AD0006946AFF30080002808BF38BD0246009960
:102AE000204600F0ADFB012038BD012001F038B9CF
:102AF000F8B5AFF30080054600200C460C2000BF5F
:102B00000646A819A0420DD9324669460020AFF307
:102B10000080070008BF01F023F90098A04218BF09
:102B20000546C419FFF7C4FF05600746F01D20F0F5
:102B300007004619284600F00AF8B44208BFF8BD5D
:102B4000A21B31463868BDE8F84000F079BB00218F
:102B50000160416070470C2070472DE9F0479146B5
:102B60000C468046FFF7A4FF0768604234EA000085
:102B700001D1042C02D20520BDE8F087601E40F090
:102B8000070609F10B0020F007054D4539D93B46F2
:102B90007A6882B31468101D404206EA000C64454E
:102BA00025D9A4EB0C00854221D8BCF1000F0BD035
:102BB000104601686244A1EB0C011160416851604C
:102BC000C0F800C058600346116805F10800814252
:102BD00005D35019491B016015605860034652F82F
:102BE000040F58600020C8F80020BDE8F0871346A5
:102BF0005268002ACED129463846FFF765FF0028E3
:102C0000C5D10620BDE8F08710B5FFF755FF006875
:102C100010BD10B50446FFF74FFF046010BD70B53E
:102C2000044685690068C10601D5302600E02026EB
:102C3000C00707D070BDD4E9012130469047206A13
:102C4000401C20626D1EF6D570BD70B504468569C6
:102C50000078C00707D170BDD4E90121202090473A
:102C6000206A401C20626D1EF6D570BD09684A05B9
:102C700001D540B27047C905FCD500B2704709685C
:102C80004A0501D5C0B27047C905FCD580B270476E
:102C900070B50C460546012A05D02878800600D577
:102CA000EA69002302E0012305E05B1C934202D2A3
:102CB000E05C0028F9D1A869E618C01AA861286A62
:102CC000184428622846FFF7AAFF04E0D5E901214D
:102CD00014F8010B9047B442F8D32846FFF7B5FF2C
:102CE00070BD00002DE9F0410646002410687529EA
:102CF000314616A510D0FFF7B9FF002802DA40428E
:102D000013A507E031688A0701D512A502E049073B
:102D100004D511A5012401E0FFF7B1FF00210A222B
:102D200006F1240709E0B0FBF2FCB0FBF2F302FB72
:102D30001C00303078541846491C0028F3D1234633
:102D40002A463046BDE8F04100F0DEBA000000003F
:102D50002D0000002B000000200000001168026818
:102D6000006A530501D508700AE0D30501D5088033
:102D700006E0130603D5C217C1E9000200E00860AF
:102D80000120704701694A1C02610878704700B54C
:102D90008FB0CDE901310021059105497944CDE994
:102DA00003101146684600F03DF90FB000BD000069
:102DB000E5FFFFFFD1E900239A4202D2531C0B60CA
:102DC00010707047074B70B50D467B44FFF7DFFF6F
:102DD0000446284600F0AAFE10B14FF0FF3070BD47
:102DE000204670BD7F7B01002DE9FF5F15468A46B6
:102DF0000446DFF8AC80F8440027D8E900103E46CE
:102E0000CDE9001010E03AF816106A4602A800F06A
:102E10002DFF411C07D02178890603D5E2693918B6
:102E200091420DD80744761C2078800602D5E069CF
:102E3000B84205DDAE42E6DB3AF816000028E2D1E2
:102E4000A069C01BA0612046FFF7E9FED8E9001089
:102E5000CDE90010002017E03AF818106A4602A8E1
:102E600000F004FFB0F1FF3F81460BD000250DF1CB
:102E7000080B05E0D4E901211BF8050090476D1C03
:102E80004D45F7D308F10100B0428046E4DB206AEB
:102E9000384420622046FFF7D8FEBDE8FF9F0000BF
:102EA00072A001002DE9F0418046D21D22F00702F8
:102EB0000025D2E90002F52915A614D0011E72F1F1
:102EC000000106DA0023D0EB030063EB020211A637
:102ED00008E0D8F800108B0701D50FA602E04907DB
:102EE00001D50EA601251146002408F1240704E0AF
:102EF00000F0C0F930323A55641C50EA0102F7D1B3
:102F00002B46324621464046BDE8F04100F0FCB970
:102F1000000000002D0000002B0000002000000039
:102F200030B4002100F1240408E002F00705D208C3
:102F3000303542EA4372DB086554491C52EA030506
:102F4000F3D10468002310A2250708D504F020045B
:102F50000C4304D0C46901230CA2641EC46130BCBC
:102F600000F0D2B910B5044621461068FFF787FE7D
:102F700002462046BDE810400023D1E7D21D22F0D2
:102F80000701D1E90023CBE700000000300000007A
:102F9000F0B40D460188090502D5214C7C4402E0BD
:102FA0001F4C7C440E34002100F1240608E002F09E
:102FB0000F071209E75D42EA03721B097754491CA7
:102FC00052EA0307F3D102780023120704D5702DCB
:102FD00006D009B1022311342246F0BC00F094B9A6
:102FE00001231034F8E770B504460D4621461068F9
:102FF000FFF745FE024629462046BDE87040002303
:10300000C6E7D21D22F00703D3E90023C0E7036817
:10301000126843F0200303600823C3610023B7E76D
:10302000D49E01002DE9F05F894604464FF0000A66
:10303000DFF874B1FB44C0F820A02046E16888475F
:10304000002874D0252806D0D4E901219047206AB1
:10305000401C2062F1E700265F462046E168884771
:103060002028054607DB312D05D2781910F8200CF1
:1030700008B10643F1E7B00701D526F00406C4F80D
:103080001CA00027C4F818A02A2D09D0284618F043
:1030900077FF38B304EB8708303DC8F8185019E0C3
:1030A00059F8041B204604EB87029161E1688847C8
:1030B000012F054618D1E069002820DA26F0200605
:1030C0001DE0D8F8180000EB800005EB4000303818
:1030D000C8F818002046E1688847054618F050FFF8
:1030E0000028EED1012F0AD02E2D08D12046E1680C
:1030F00088477F1C0546022F46F02006C4DBA069E6
:10310000002803DA404246F00106A061F00701D032
:1031100026F010066C2D0BD0682D09D04C2D39D01F
:103120006A2D35D0742D35D07A2D33D016E038E0A5
:10313000E1682F4620468847B842054609D16C2FE2
:1031400026D04FF48060E168064320468847054654
:1031500004E06C2F1AD04FF4807006430DB3A5F134
:103160004100192802D8203546F400664A4629460F
:10317000204626604E46FFF703F980B101280BD0A8
:10318000F61D26F0070000F1080956E74020E4E7A5
:103190008020D8E70020D6E706F104094DE728464D
:1031A00052E7206ABDE8F09F649E01002DE9F041DE
:1031B000074615460E461020FFF764F9040013D0A9
:1031C0006760C4E902650948AFF3008000F034F895
:1031D0000168216006490460002008600348AFF3DD
:1031E00000800020BDE8F0810120FBE714F0012001
:1031F00010F0012010B500F09BFDBDE8104000F07C
:1032000091BD10B5044602E0641C00F004F820787B
:103210000028F9D110BD08B569468DF800000320DB
:10322000ABBE08BD7047000010B500F0A1FD001D49
:1032300010BD00BF5D8D01000048704788F101207E
:10324000034640688C46002818BF88423CBF0346AE
:103250004068F8D318681844884207D00CF103007E
:1032600020F00700001D411A521A0146081D0A608D
:10327000FFF737B930B5B0F10A0271F100034FEA38
:10328000900E4EEA817EB0EB0E0061EB91014FEAA9
:10329000101E4EEA017E10EB0E0041EB11114FEAB9
:1032A000102E4EEA016E10EB0E0041EB11214FEA99
:1032B000104E4EEA014E10EB0E0041EB114140184A
:1032C00041F100014FEAD00040EA41704FEAD101DC
:1032D0004FEA810444EA907410EB800544EB01044A
:1032E0006D1944EB0404521BA3414FF0000348BF87
:1032F0000A3200D530BD401C41F1000130BD0B4603
:1033000001461846FFF75EBD2DE9F0470D46994688
:103310009246044600F124080168880604D5E06955
:1033200021F01001216000E00120A84201DD471BCF
:1033300000E00027A1697A1902EB0900081AA061D0
:103340002078C00602D42046FFF769FC002608E07A
:10335000D4E901211AF806009047206A401C761C27
:1033600020624E45F4DB2078C0060AD52046FFF7E0
:1033700056FC06E0D4E9012130209047206A401C29
:103380002062381EA7F10107F4DC07E0D4E901212F
:1033900018F805009047206A401C2062281EA5F1FD
:1033A0000105F3DC2046FFF750FC2078000602D52B
:1033B0000220BDE8F0870120FBE72DE9FF4F0C4616
:1033C0001E464FF0FF378BB0D2E90001DDF8608078
:1033D0000A908A46C1F30A5505B93D4600210846C0
:1033E0004FF00000BAF1000F00F4400005DA00EBE6
:1033F00080004FF4400101EA50004FEA9059B9F1C2
:10340000010F00DDB9460A9850EA4A000ED044F692
:103410001050A5F2FF3545432F14B8F1000F1ED010
:103420007542291E1EDDC9F100021CE0B8F1010F32
:103430004FF0000001D0302103E0F24305E02154B9
:10344000401CB042FBDB30460022002121540B9986
:10345000C1F80880C1E900200FB0BDE8F08FBD1BA6
:103460006D1CDEE74A4600DA694206A800F0C4FC9B
:1034700006AB93E8070003AB83E8070050460A99C0
:1034800017F08FFE8DE80700A0F500501F38009060
:103490000398002D0ADD42F21F014A46084400232A
:1034A00003A90390684618F0F9F809E0A0F5005068
:1034B0004A461F38002303A90390684618F003F911
:1034C0008DE807000004000C03D04FF0FF304108E6
:1034D00000E01046B8F1000F03D00022009215461C
:1034E0001EE0751E05D4FFF7C5FE303262556D1E15
:1034F000F9D5B3460122084302D000227F1C04E024
:103500002078302801D100227F1E002A099784D01C
:103510001DE0112D07DAFFF7ADFE303262556D1C4C
:1035200050EA0102F5D1084302D00098C8B10EE07C
:103530000021681E05E0235C625C63542254401E37
:10354000491C8142F7DBAB46A81B401E09900020B6
:1035500004F80B000B98099AC0F80880C0E9002B0A
:103560007AE711264FF0000857E72DE9F04F88461B
:103570000446D21D22F0070191B0D1E90001CDE946
:103580000A0118F084FA02460B98C00F01D02D20D2
:1035900007E02068810701D52B2002E0202101EA05
:1035A000C000032A099001D0072A05DB03464146E3
:1035B000204600F0E1FB0BE12078800601D5E069B0
:1035C00000E00620B8F1650F814606D0B8F1660F1D
:1035D00018D0B8F1670F70D131E00020B9F1110FA8
:1035E000009001DB112301E009F101030AAA01A9FE
:1035F0000CA8FFF7E2FEDDE90C70002609F10105D9
:10360000834647E001204B4600904FF000470AAA4E
:1036100001A90CA8FFF7D1FEDDE90DB00C995D46BC
:10362000002610B909F101000D18B9EB050003D40B
:10363000C0F1FF3609F10105A5EB09002BE0B9F156
:10364000010F01DA4FF001090020B9F1110F0090CC
:10365000484601DD112300E003460AAA01A90CA88F
:10366000FFF7ABFEDDE90C704D460026834620785F
:1036700000070AD4AB4500DA5D4601A8012D04DD40
:10368000411911F8011C302907D04F4502DA17F112
:10369000040F04DA012082460FE06D1EEEE7002FD2
:1036A00002DCED1B3E4403E0781CA84200DD7D1CDB
:1036B000B81B00F1010A4FF000472078000703D43F
:1036C000AA4501DB4FF0FF3A0021B7F1004F0DF1A1
:1036D00043088DF8431024D002202B23002F01DA59
:1036E0007F422D230A21021EA0F1010000DC5FB100
:1036F00097FBF1FC97FBF1F201FB1C7C17460CF1E8
:10370000300C08F801CDEEE7A8F101000370218824
:10371000090501D5452100E06521A0F1010800F867
:10372000011C09980FA9A1EB0807FF1D00B101209A
:10373000411901EBEA70A1693844081A401EA061E2
:103740002078C00602D42046FFF769FA099828B10C
:10375000D4E901219047206A401C20622078C006ED
:1037600022D52046FFF75BFA1EE0002E04DBB345AE
:1037700002DD01A8805D00E03020D4E901219047FE
:10378000206A401C2062761CAAF101005FEA000A50
:103790000AD100F0EDFAC0680168405CD4E901216B
:1037A0009047206A401C2062281EA5F10105DCDC40
:1037B00007E0D4E9012118F8010B9047206A401C6A
:1037C0002062381EA7F10107F3DC2046FFF73DFA1F
:1037D000032011B041E600002DE9F04F04460D46EC
:1037E000D21D22F0070089B0D0E90097484639463B
:1037F00018F04DF90246F80F01D02D2307E020689C
:10380000810701D52B2302E0202101EAC0038DF8B6
:1038100020300BB1012000E00020032A824601D0B5
:10382000072A04DB2946204600F0A6FA3FE120786B
:10383000800601D40D2500E0E569C7F30A560D2D79
:1038400049DA00214FEA175B08464FF00000002FCD
:1038500000F4400007DA00EB80004FF4400100EB79
:10386000D07001EA60008115012901DD4FF0FF31C0
:1038700000224FEA850CBCF1180F06D31346ACF1B9
:1038800018004FF08052C24003E04FF4801323FA37
:103890000CF30CF10C0CBCF1200F04D3ACF1200C98
:1038A00009FA0CF001E007FA0CF000294FF000488B
:1038B00001DD18B90FE00ED140450CD319EB020918
:1038C0005F4121B9404502D19F4329EA0209BBEB80
:1038D000175F00D0761C2088000502D57B4878440D
:1038E00002E07A487844193808AA302302F80A30EE
:1038F000037C0AF10101002E0AF1020A53546A46C0
:1039000002DC4FF0300101E04FF031014FF00108CF
:103910008DF8001002D0A6F2FF3603E059EA470105
:1039200000D06B4E002D02DC2178090704D54FF042
:1039300002082E218DF80110C44600210BE0C7F3C8
:1039400003433F01C35C491C6D1E02F80830052982
:1039500008F1010801DA002DF1DC00210CE000EB98
:103960001973491C1B786D1E082902F808304FEAAC
:10397000091908F1010801DA002DF0DC21688B0635
:1039800002D516E0A8F10108E04505DD02EB0803C9
:1039900013F8013C302BF5D0B8F1000F09DD02EB34
:1039A000080313F8013C2E2B03D1090701D4A8F119
:1039B0000108002D05DD3E2102F808106D1E08F1FA
:1039C0000108407C002E02F8080008F1010804DA22
:1039D0002D20764202F8080002E02B2002F80800B1
:1039E0000A214FF47A70864208F101080BDB96FB3E
:1039F000F0F3303302F8083096FBF0F308F10108D9
:103A000000FB136601E0642E0CDB642096FBF0F3F0
:103A1000303302F8083096FBF0F308F1010800FBA0
:103A2000136601E00A2E06DB96FBF1F0303002F857
:103A3000080008F1010896FBF1F001FB106030303E
:103A400002F80800A16908F1010808EB050202EB81
:103A50000A00081AA0612078C00602D42046FFF7A9
:103A6000DEF8216A08AE01EB0A00206204E0D4E926
:103A7000012116F8010B9047BAF1010AF7D220781C
:103A8000C00602D52046FFF7CAF86E4609E016F8D0
:103A9000010B3E280FD0D4E901219047206A401C39
:103AA0002062B8F10108F2D22046FFF7CEF809B043
:103AB0000320BDE8F08F206A2844206203E0D4E9A7
:103AC0000121302090476D1EEBD3F8E7DE95010011
:103AD00002FCFFFF10B5436913B1AFF3008001E0B2
:103AE000FFF7D6F8012010BD127800F124010A700A
:103AF00000224A700122EDE711684FF0FF32E9E73A
:103B000010B5436913B1AFF3008001E0FFF76CF922
:103B1000012010BD128800F1240182840022C28499
:103B20000122EDE711684FF0FF32E9E7007B00F07A
:103B30008000704710B542485421FEF730FF4148DD
:103B40005421FEF72CFF40485421FEF728FF3F493F
:103B50003B483C4A3F4B08603D490A603A4919607E
:103B6000531C0365481C1065012008653B48344A16
:103B700039A1784400F0D6F920B9384878440A3899
:103B800000F090FA37482F4A35A1784400F0CAF97E
:103B900020B9344878440A3800F084FA32482A4A76
:103BA0002FA1784400F0BEF920B92F4878440A3894
:103BB00000F078FA40232248DC000021224600F081
:103BC0008DF920B125487844543800F06BFA1D482F
:103BD00022464023002100F081F920B12148784499
:103BE000543800F05FFA184822461023002100F0F4
:103BF00075F9002806D01C487844BDE810405638B6
:103C000000F050BA10BD104870B5006D20F00104EE
:103C10000B4800F0FFF90B4800F0FCF90A4800F0EF
:103C2000F9F909E0206D20F00105204600F0F2F9D5
:103C30002046FEF756FC2C46002CF3D170BD000048
:103C400054F00120A8F00120FCF0012004F0012034
:103C500008F001200CF00120720000005D930100CB
:103C60007700000049930100359301002DE9F041F0
:103C700016460C460546FFF7D7FA036893F801018C
:103C8000012807D0FF2C12D8185D80B101202C70BC
:103C9000BDE8F081D3F807013246214603F207134D
:103CA000C7182846BC46BDE8F041002360474FF0E6
:103CB000FF30EDE72DE9F84306461548AFF30080E5
:103CC000FFF7BAFA134F8146E8464D4616E026B193
:103CD000E068B04201D0254610E0206828600C481A
:103CE000C7F80080AFF30080D4E901018847084895
:103CF000AFF300803968414500D04D462C68002C58
:103D0000E5D1002038600248AFF30080BDE8F883B9
:103D100014F0012010F001200148FEF7C7BE00009A
:103D200014F00120002801D0FEF7BABE7047000051
:103D300010B5002102A000F09CF9012010BD000088
:103D4000534947414252543A2041626E6F726D614D
:103D50006C207465726D696E6174696F6E0000002D
:103D600010B500F0A7F9BDE81040FFF7DBBF000079
:103D70000048704770F101202DE9F0411F460446CC
:103D800003260168072A01F4006004DB08B116A5C8
:103D900005E016A503E008B115A500E015A521F082
:103DA00010002060A069C01EA0610FB1401EA0617C
:103DB0002046FEF734FF4FB1D4E901213846904741
:103DC000206A401C2062C01C206206E0206AFAE7DC
:103DD000D4E9012115F8010B9047761EF8D2204650
:103DE000FEF733FFBDE8F0814E414E006E616E007C
:103DF000494E4600696E66002DE9F0478146164639
:103E00008AB0354878440DC88DE80D0032487844B2
:103E1000801C03AC0DC884E80D0041F69B300844BB
:103E2000372190FBF1F290FBF1F5A5F1800501FB44
:103E300012041B3C02D56442012000E00020DFF8A0
:103E400098A080460027FA44AAF1BE0A0EE0E007D7
:103E50000AD03246684607EB470101230AEB81018D
:103E600017F031FC8DE8070064107F1C002CEED1A8
:103E7000194F7F44AE3F19E0E80715D007EB041057
:103E80000DF1180A90E80E008AE80E00C068F042B2
:103E900001D1981908903246012306A903A817F00A
:103EA00012FC03AB83E807006D10641C002DE3D106
:103EB0004FF0010332466946B8F1000F03A802D063
:103EC00017F0ECFB01E017F0FEFBC9E90001C9F8AF
:103ED00008200AB0BDE8F0875491010070B5C468AD
:103EE000A50713D0650211D4B2F5807F09D0B2F5D1
:103EF000007F06D0B2F5806F08D1012300F12401C4
:103F000006E05D1E6FF07F46B54201D3012070BD13
:103F10000161C361416024F470611143C1600020FC
:103F200070BD00002DE9F0410C461646070047D051
:103F3000104600F06FF82078611C61280AD07228C2
:103F400002D077283CD102E00125002405E00225BB
:103F5000042402E0082448F2020511F8010B2B2882
:103F600006D0622809D011F8010C74280AD00BE0A1
:103F700045F0030544F00204EFE745F0040544F082
:103F80000104EAE744F010043846214600F0BAF88C
:103F9000411C15D00021316171604FF40071F56052
:103FA000F1617061200704D530460222002100F043
:103FB000DDF8306D40F0010030653046BDE8F0813D
:103FC0000020FBE72DE9F0410D460646104C206D20
:103FD000C10704D0410804D020F00104F7E72246CD
:103FE0000EE05420FEF74EFA07000ED0206D47F089
:103FF00001010843542120653846FEF7D0FC3A46BB
:1040000029463046BDE8F0418CE70020D6E70000A5
:1040100054F001202DE9F04704464FF0FF38002608
:10402000C568D4E90497A80718D0204600F05AF9CB
:10403000384600F071F8002800DA4646280502D517
:104040004846FEF74EFA4C212046FEF7A8FC206DAC
:1040500020F0010020653046BDE8F0874046FBE7D0
:1040600010B50446AFF300802046BDE81040FEF7CF
:1040700003BA70B505460C460A2000E06D1CFFF738
:10408000CAF835B128780028F8D102E0641CFFF79F
:10409000C2F814B120780028F8D1BDE870400A2099
:1040A000FFF7B9B810B500F061F9BDE81040FFF7AF
:1040B00039BE000010B5012805D0002103A0FFF78C
:1040C000D8FF012010BD09A1F8E70000534947526D
:1040D000544D454D3A204F7574206F6620686561D8
:1040E00070206D656D6F7279000000003A204865A0
:1040F0006170206D656D6F727920636F727275707B
:10410000746564000EB5CDE90001FEF73DFB029039
:1041100069460120ABBE0EBD08B56946009002207D
:10412000ABBE08BD1FB58DE8070069460520ABBED4
:1041300004B010BD1FB58DE80F0069460620ABBE68
:10414000F6E708B5694600900920ABBE08BD1CB56E
:10415000CDE9000169460A20ABBE1CBD704708B519
:10416000694600900C20ABBE08BD00002DE9F0416F
:10417000044616460D464769007B80072ED0384618
:10418000FFF7DFFF50BB3EB3012E02D0022E25D138
:1041900004E0204600F004F905441DE03846FFF72E
:1041A000DEFFE168002841F01001E16005DA2046F9
:1041B00000F058F80120BDE8F081C9030BD5626812
:1041C000E16A914200D81146A26911442269891A14
:1041D000814200DD08460544002D01DA0220EAE7AD
:1041E000E16A6068E268814206D29103E06203D529
:1041F00022F4003141F01002A6690027AE4213DC20
:10420000E16A814201D90B4600E0034603EB060C4C
:104210002369ACEB030CAC4506DD814201D98C4629
:1042200000E084469C4505D1A760276042F020004D
:10423000A5620DE0AD1BE669AE1B8142A66000D908
:104240000846C01A281A20605819606022F0200021
:1042500003490840E060002084F84870ABE70000A4
:10426000BFCFD7FFC16821F4001141F08001C160C8
:1042700000218160016070472DE9F74F15460C461B
:104280004FF0FF3B3848D768D2F814A0074209D056
:104290005046A969FFF75BFF002819DB3248C0438D
:1042A0000740EF604FF000496FF000484C4501D3E4
:1042B000464600E0264600993B4650463246FFF708
:1042C00031FFA96920F00042B21A1144A96128B156
:1042D0002846FFF7C7FF5846BDE8FE8FA41BE5D16F
:1042E0000020F9E770B504460569C06A6168884234
:1042F00000D80846E16821F42011E160C90312D515
:10430000A84208D02246411B2846FFF7B5FF10B14E
:104310004FF0FF3070BD0020E562C4E90150E06855
:1043200020F48030E060002070BD10B50446C06805
:1043300020F02000E060A16AA06988420DD02046EC
:10434000FFF7D0FFE06820F4405040F01000E0603C
:10435000A06AA0612069E062606044F24001E06808
:104360008843E06010BD00001000020010B5014657
:1043700002A0FFF77EFE012010BD00005349475206
:10438000545245443A2052656469726563743A2018
:1043900063616E2774206F70656E3A200000000024
:1043A00010B50146C268900703D0900607D5886A09
:1043B0000AE0FEF781FB01210160881E10BD8B69B8
:1043C000486818440B69C01A91F848301BB191F83D
:1043D0004910401A10BD1103FCD50028FADD401E1B
:1043E00010BD000080B5C6B0459144904FF4807177
:1043F0004391449A45980290029B03A80190FEF7CE
:1044000055F9019800F03AFA46B080BD80B586B003
:1044100004900391029216F08FF9EFF30880059053
:10442000059946F61430C1F20200FEF733F9002078
:1044300001909DF810000007002807D5FFE746F619
:10444000EE10C1F20200FEF725F906E046F61E2046
:10445000C1F20200FEF71EF9FFE79DF810004007C9
:10446000002809D5FFE746F60F20C1F20200FEF74B
:1044700011F90298019008E046F60020C1F202000E
:10448000FEF708F903980190FFE746F63520C1F2E0
:104490000200FEF7FFF80198016846F68320C1F29A
:1044A0000200FEF7F7F80198416846F69120C1F244
:1044B0000200FEF7EFF80198816846F69F20C1F2EE
:1044C0000200FEF7E7F80198C16846F6AD20C1F298
:1044D0000200FEF7DFF80198016946F6D720C1F225
:1044E0000200FEF7D7F80198416946F6C920C1F2EB
:1044F0000200FEF7CFF80198816946F6BB20C1F2B1
:104500000200FEF7C7F80198C16946F6E520C1F23E
:104510000200FEF7BFF80198806900904EF62C501B
:10452000CEF2000000688007002807D5FFE746F6B6
:104530009300C1F20200FEF7ADF8FFE74EF62C50F3
:10454000CEF200000068C00F38B1FFE746F6AE00BB
:10455000C1F20200FEF79EF8FFE74EF62C50CEF2B5
:10456000000000684000002840F18481FFE746F623
:104570007E00C1F20200FEF78DF84EF62850CEF212
:1045800000000068000600286DD0FFE746F65E00D8
:10459000C1F20200FEF77EF84EF62850CEF200007F
:1045A0000068C00740B1FFE7009946F66C10C1F201
:1045B0000200FEF76FF8FFE74EF62850CEF200003B
:1045C0000068800700281DD5FFE7009946F6F9002E
:1045D000C1F20200FEF75EF84EF62850CEF200005F
:1045E0000068000600280CD5FFE74EF63450CEF2E6
:1045F0000000016846F6E110C1F20200FEF74AF839
:10460000FFE7FFE74EF62850CEF2000000680007F3
:10461000002807D5FFE746F21C70C1F20200FEF742
:1046200039F8FFE74EF62850CEF200000068C006C9
:10463000002807D5FFE746F27270C1F20200FEF7CC
:1046400029F8FFE74EF62850CEF2000000688006F9
:10465000002807D5FFE746F27B60C1F20200FEF7B3
:1046600019F8FFE7FFE74EF62850CEF20000006889
:1046700010F47F4F7DD0FFE746F6A200C1F20200A2
:10468000FEF708F84EF62850CEF200000068C0058C
:10469000002807D5FFE746F2A150C1F20200FDF75E
:1046A000F9FFFFE74EF62850CEF2000000688005C3
:1046B00000281DD5FFE7009946F6C200C1F20200AE
:1046C000FDF7E8FF4EF62850CEF200000068000427
:1046D00000280CD5FFE74EF63850CEF200000168F6
:1046E00046F6E110C1F20200FDF7D4FFFFE7FFE755
:1046F0004EF62850CEF2000000684005002807D58D
:10470000FFE746F23550C1F20200FDF7C3FFFFE7B5
:104710004EF62850CEF2000000680005002807D5AC
:10472000FFE746F2C670C1F20200FDF7B3FFFFE7F4
:104730004EF62850CEF200000068C004002807D5CD
:10474000FFE746F61300C1F20200FDF7A3FFFFE703
:104750004EF62850CEF2000000688004002807D5ED
:10476000FFE746F2CF60C1F20200FDF793FFFFE7DB
:10477000FFE74EF62850CEF200000068000C00283B
:1047800077D0FFE746F67000C1F20200FDF782FF26
:104790004EF62850CEF200000068C003002807D56E
:1047A000FFE746F2BF40C1F20200FDF773FFFFE7EB
:1047B0004EF62850CEF2000000688003002807D58E
:1047C000FFE746F23D60C1F20200FDF763FFFFE73D
:1047D0004EF62850CEF2000000684003002807D5AE
:1047E000FFE746F29040C1F20200FDF753FFFFE7FA
:1047F0004EF62850CEF2000000680003002807D5CE
:10480000FFE746F2CF50C1F20200FDF743FFFFE79A
:104810004EF62850CEF200000068C002002807D5EE
:10482000FFE746F21060C1F20200FDF733FFFFE739
:104830004EF62850CEF200000068C001002807D5CF
:10484000FFE746F26D50C1F20200FDF723FFFFE7DC
:104850004EF62850CEF2000000688001002807D5EF
:10486000FFE746F2F940C1F20200FDF713FFFFE750
:10487000FFE7FFE715F01EFFFFE7FEE780B582B018
:1048800001904FF23030C2F20200006840B1FFE701
:104890004FF23030C2F20200016801988847FFE70A
:1048A00002B080BD80B584B003900291019215F0F2
:1048B00043FF0399029A019B46F65120C1F2020080
:1048C000FDF7E8FE15F0F6FEFFE7FEE780B582B0E3
:1048D0000190019800F0F8FC02B080BD83B08DF823
:1048E00007009DF8070001460091172800F29F80FD
:1048F0000099DFE801F00C1224303C5A481E4E3675
:10490000606C544272782A187E66848A909649F6C2
:10491000FE40C1F2020002908FE049F69540C1F2DC
:104920000200029089E049F6DD40C1F202000290E7
:1049300083E049F6DE40C1F2020002907DE049F6D4
:104940009E40C1F20200029077E049F69D40C1F21C
:104950000200029071E049F6EF40C1F202000290BD
:104960006BE049F6F040C1F20200029065E049F6C2
:10497000BE40C1F2020002905FE049F6BD40C1F2C4
:104980000200029059E049F60C50C1F20200029078
:1049900053E049F6C440C1F2020002904DE049F6EE
:1049A000E440C1F20200029047E049F60550C1F22E
:1049B0000200029041E049F6D540C1F202000290A7
:1049C0003BE049F6D440C1F20200029035E049F6DE
:1049D000B540C1F2020002902FE049F6F540C1F265
:1049E0000200029029E049F61F50C1F20200029035
:1049F00023E049F6CF40C1F2020002901DE049F6E3
:104A0000B040C1F20200029017E049F6CE40C1F278
:104A10000200029011E049F61150C1F2020002902A
:104A20000BE049F6A440C1F20200029005E049F60D
:104A30002750C1F202000290FFE7029803B07047CE
:104A400080B515F0B9FD80BD83B080B583B0079304
:104A500006920591029005A8019002980199009193
:104A6000009900F005F803B0BDE8804003B070473E
:104A700080B584B003910290029803990191019945
:104A8000FFF7B0FC46F6A060C1F2020000F028FC7F
:104A900004B080BD81B08DED000A9DED000AB0EE3E
:104AA000C00A01B07047000010B50446012898BF45
:104AB000012400BF2046FDF7E5FC002818BF10BD0B
:104AC00015F0CBFC08B18047F4E7002010BD0000D2
:104AD00080B5DAB00020599052A8009008F08AFC06
:104AE00000994FF2B010C2F201000A900FF07AFA6A
:104AF00001465998084359904BA8019010F0DEFAEE
:104B000001990A980FF03EFA0146599808435990C6
:104B100044A8029010F0A6F902990A980FF022FA20
:104B200001465998084359903DA803900AF056FD54
:104B300003990A980FF0E6F90146599808435990ED
:104B400036A8049010F078F904990A980FF0FAF951
:104B500001465998084359902FA8059008F072FC17
:104B600005990A980FF0AEF90146599808435990F3
:104B700028A8069008F054FC06990A980FF092F9BC
:104B8000014659980843599021A8079008F0FAFE69
:104B900007990A980FF0A6F90146599808435990C9
:104BA0001AA808900AF0CCF808990A980FF0BAF9F8
:104BB000014659980843599013A8099004F062FBE4
:104BC00009990A980FF0EEF901465998084359904F
:104BD0000CA80B9007F06CFD0A980B990FF0F2F9F6
:104BE000014659980843599059985AB080BD000021
:104BF000F0B581B00C460546012898BF012504296F
:104C000098BF04240027684621462A460097FDF7EE
:104C1000A4FF009878B96E4615F01FFC50B180478C
:104C2000304621462A460097FDF797FF0098002856
:104C3000F2D000E0002001B0F0BD000084B003908D
:104C40000291019203980168029802680120914242
:104C500000900ADBFFE701980168039802680020D2
:104C60009142B8BF01200090FFE7009800F00100DA
:104C700004B0704780B582B00190019890F90000AF
:104C800000F04AF802B080BD80B582B00190019872
:104C900090ED000A00F048F802B080BD80B582B007
:104CA00001900198007800F047F802B080BD000044
:104CB00080B582B001900198006800F045F802B01C
:104CC00080BD000080B582B001900198006800F0BE
:104CD00041F802B080BD000080B582B0019001981B
:104CE000008800F03DF802B080BD000082B00120D5
:104CF00001909DF80400012801D1FFE70AE046F683
:104D0000DB70C1F2020047F24601C1F20201482203
:104D1000FDF7FAFC02B0704781B08DF803009DF9F1
:104D2000030001B07047000081B08DED000A9DEDD9
:104D3000000A01B07047000081B08DF803009DF8B3
:104D4000030001B07047000081B00090009801B0EE
:104D50007047000081B00090009801B070470000DB
:104D600081B0ADF80200BDF8020001B0704700004C
:104D700082B0019100900098019902B07047000044
:104D800080B584B00290029818B9FFE70020039024
:104D90000BE0FFF7ABFF029801900068FFF7DAFF26
:104DA0000146019808440390FFE7039804B080BDD2
:104DB00080B584B0039002910398029900EB8100C2
:104DC000019001980090FFF77DFF0146009808448C
:104DD00004B080BD80B584B003900291039802991D
:104DE00000EB8100019001980090FFF76BFF0146F6
:104DF0000098084404B080BD80B584B0039002914F
:104E00000398029900EB8100019001980090FFF750
:104E100059FF01460098084404B080BD80B584B0B5
:104E2000039002910398029900EB81000190019890
:104E30000090FFF747FF01460098084404B080BD8A
:104E400080B584B0039002910398029900EB810031
:104E5000019001980090FFF735FF01460098084443
:104E600004B080BD80B584B003900291039802998C
:104E700000EB8100019001980090FFF723FF0146AD
:104E80000098084404B080BD80B582B001900091C4
:104E90000198009900EB810090ED000AFFF744FFB4
:104EA00002B080BD80B582B0019000910198009958
:104EB00050F82100FFF748FF02B080BD80B582B0F6
:104EC000019000910198009A00EBC20150F8320065
:104ED0004968FFF74DFF02B080BD000080B586B085
:104EE0000590ADF8121005980290BDF8121013F05D
:104EF000E5FB01460298ADF81010BDF8101008440B
:104F00000390BDF8100048B1FFE703980090FFF749
:104F1000D9FE014600980844019002E0002001906B
:104F2000FFE7019806B080BD80B586B00590ADF86A
:104F3000121005980290BDF8121013F0BFFB014645
:104F40000298ADF81010BDF8101008440390BDF899
:104F5000100048B1FFE703980090FFF7B3FE014649
:104F600000980844019002E000200190FFE70198BA
:104F700006B080BD80B586B00590ADF812100598DA
:104F80000290BDF8121013F099FB01460298ADF89B
:104F90001010BDF8101008440390BDF8100048B17F
:104FA000FFE703980090FFF78DFE01460098084444
:104FB000019002E000200190FFE7019806B080BD5B
:104FC00080B586B00590ADF8121005980290BDF836
:104FD000121013F073FB01460298ADF81010BDF8E3
:104FE000101008440390BDF8100048B1FFE7039883
:104FF0000090FFF767FE014600980844019002E028
:1050000000200190FFE7019806B080BD80B586B012
:105010000590ADF8121005980290BDF8121013F02B
:105020004DFB01460298ADF81010BDF81010084471
:105030000390BDF8100048B1FFE703980090FFF718
:1050400041FE014600980844019002E000200190D2
:10505000FFE7019806B080BD80B586B00590ADF839
:10506000121005980290BDF8121013F027FB0146AC
:105070000298ADF81010BDF8101008440390BDF868
:10508000100048B1FFE703980090FFF71BFE0146B0
:1050900000980844019002E000200190FFE7019889
:1050A00006B080BD80B586B00590ADF812100598A9
:1050B0000290BDF8121013F001FB01460298ADF802
:1050C0001010BDF8101008440390BDF8100048B14E
:1050D000FFE703980090FFF7F5FD014600980844AC
:1050E000019002E000200190FFE7019806B080BD2A
:1050F00080B586B00590ADF8121005980290BDF805
:10510000121013F0DBFA01460298ADF81010BDF84A
:10511000101008440390BDF8100048B1FFE7039851
:105120000090FFF7CFFD014600980844019002E08F
:1051300000200190FFE7019806B080BD80B586B0E1
:105140000590ADF8121005980290BDF8121013F0FA
:10515000B5FA01460298ADF81010BDF810100844D9
:105160000390BDF8100048B1FFE703980090FFF7E7
:10517000A9FD014600980844019002E0002001903A
:10518000FFE7019806B080BD80B586B00590ADF808
:10519000121005980290BDF8121013F08FFA014614
:1051A0000298ADF81010BDF8101008440390BDF837
:1051B000100048B1FFE703980090FFF783FD014618
:1051C00000980844019002E000200190FFE7019858
:1051D00006B080BD80B586B00590ADF81210059878
:1051E0000290BDF8121013F069FA01460298ADF86A
:1051F0001010BDF8101008440390BDF8100048B11D
:10520000FFE703980090FFF75DFD01460098084412
:10521000019002E000200190FFE7019806B080BDF8
:1052200080B586B00590ADF8121005980290BDF8D3
:10523000121013F043FA01460298ADF81010BDF8B1
:10524000101008440390BDF8100048B1FFE7039820
:105250000090FFF737FD014600980844019002E0F6
:1052600000200190FFE7019806B080BD80B586B0B0
:105270000590ADF8121005980290BDF8121013F0C9
:105280001DFA01460298ADF81010BDF81010084440
:105290000390BDF8100048B1FFE703980090FFF7B6
:1052A00011FD014600980844019002E000200190A1
:1052B000FFE7019806B080BD80B582B001900198EB
:1052C000FFF75EFD02B080BD83B002900420019024
:1052D000029900EB81000090009803B07047000035
:1052E00083B080B583B0079306920591029005A81C
:1052F00001900298019900910099FFF773F803B0AB
:10530000BDE8804003B0704782B0019000910198E1
:1053100002B0704781B00090009801B07047000063
:1053200081B00090009845F6B851C1F202010831F1
:10533000016001B07047000081B00090FEDE000007
:1053400081B00090009801B07047000082B00190D9
:105350000198406818B9FFE70020009004E0019828
:10536000406800680090FFE7009802B070470000B6
:1053700084B00390029101920093002004B0704722
:1053800080B58CB00B900A91099208930B980999FB
:1053900007F0FAFB079000200690FFE706980799B0
:1053A00088423FDAFFE70A98069950F821000590F5
:1053B0000020C4F2C0000490002003909DED050A77
:1053C000B1EE081AB4EE410AF1EE10FA05DDFFE77E
:1053D000B1EE080A8DED010A16E09DED050AB5EE65
:1053E000400AF1EE10FA05DAFFE79FED0F0A8DEDA6
:1053F000000A04E09DED050A8DED000AFFE79DED32
:10540000000A8DED010AFFE79DED010A8DED020A0C
:1054100002980899069A41F82200FFE706980130A1
:105420000690BBE70CB080BD0000000083B0029086
:1054300001910298019908440138B0FBF1F000FB9A
:1054400001F00090009803B0704700002DE9F04390
:10545000A3B0219020912098006908B1FFE701E0F6
:10546000FDF742F92098406908B1FFE701E0FDF738
:105470003BF9209800691F90209840691E90219860
:1054800007F042FB1D901D982099002200F0A0FC1F
:105490001C90FFE71C98C8B9FFE7FFE72198D0F8F8
:1054A00014C048F6F021C1F202016A46116048F2C8
:1054B0000E51C1F2020148F63122C1F202029623D6
:1054C000E047FFE701208DF88B00A6E1FFE71D987C
:1054D0002099002200F05AFC1B90FFE71B98C8B9E6
:1054E000FFE7FFE72198D0F814C048F6DF21C1F2AA
:1054F00002016A46116048F20E51C1F2020148F6FB
:105500003122C1F202029923E047FFE701208DF822
:105510008B0082E1FFE71D982099012200F036FC04
:105520001A90FFE71A98C8B9FFE7FFE72198D0F86B
:1055300014C048F6CD21C1F202016A46116048F25A
:105540000E51C1F2020148F63122C1F202029C233F
:10555000E047FFE701208DF88B005EE1FFE7FFE702
:105560001B9800781C990978884224D0FFE7FFE750
:105570002198D0F814C01B9909781C9A13786A46B0
:10558000D360916048F6A621C1F20201516048F64D
:105590009A21C1F20201116048F6FA01C1F202013A
:1055A00048F63122C1F202029E23E047FFE70120C4
:1055B0008DF88B0031E1FFE7FFE71B9800780128A9
:1055C00005D1FFE71A980078012826D0FFE71B983D
:1055D0000078072805D1FFE71A98007809281CD021
:1055E000FFE71B98007809280AD1FFE71A9800788E
:1055F000122812D0FFE71A98007809280DD0FFE78B
:10560000FFE72198426948F61411C1F20201904760
:10561000FFE701208DF88B00FFE0FFE71B98806813
:10562000C06819901B988068806818901A988068E4
:10563000C06817901A988068806816901C988068D7
:10564000C06815901C988068806814901A988068CB
:10565000406813902198826B1399890090471F9995
:1056600048622198826B1399890090471F9988623C
:105670001B980078092805D0FFE71B9800780728B9
:105680006CD1FFE7FFE71A98006B012823D0FFE7F2
:10569000FFE72198D0F814C01A99096B6A460123D4
:1056A000D360916048F6B321C1F20201516048F61F
:1056B0008021C1F20201116048F6FA01C1F2020133
:1056C00048F63122C1F20202BA23E047FFE7012087
:1056D0008DF88B00A1E0FFE71A98406B12901298AA
:1056E00008B1FFE701E0FCF7FFFF1298006808B17E
:1056F000FFE701E0FCF7F8FF1298406808B1FFE708
:1057000001E0FCF7F1FFFFE712980068006801284C
:1057100022D0FFE71298006800681A9989684968E2
:10572000884219D0FFE7FFE72198D0F814C048F667
:10573000B811C1F202016A46116048F20E51C1F27D
:10574000020148F63122C1F20202C523E047FFE719
:1057500001208DF88B0060E0FFE7FFE7FFE721986D
:1057600020991E9A199BDDF860C0179C169D159E06
:10577000149FDDF86CE09EF80080DDF87C90EE462A
:10578000CEF81890CEF81480CEF81070CEF80C60D9
:10579000CEF80850CEF80440CEF800C008F042FA27
:1057A0008DF847009DF8470028B1FFE79DF84700B6
:1057B0008DF88B0031E0FFE71A980078122819D194
:1057C000FFE71A98826852F8041B09A8079000F0B6
:1057D00073FD079813F0B8FA01460798089100F096
:1057E00083FD089810902198036C10991F9A343209
:1057F0009847FFE71D981A990268926990471D988B
:105800001B990268926990471D981C9902689269D9
:10581000904700208DF88B00FFE79DF88B0023B0A8
:10582000BDE8F08380B588B08DED070A0690CDED18
:10583000050A0491039202939DED070A0698DDED97
:10584000050A0499039A029BEC46CCF80030002329
:1058500011F01AFA08B080BD80B588B007900691A3
:10586000059204930798069913F04CFA0190059855
:10587000049913F047FA01460198884201D1FFE7E5
:1058800001E0FCF731FF0798069913F03BFA03900B
:105890000598049913F036FA029003A802A914F0AF
:1058A000D5FC006808B080BD80B582B00190019839
:1058B000806800F003F802B080BD000080B582B0BF
:1058C0000190019850F8041B00F002F802B080BD6E
:1058D00080B588B0079006910020059001210491C1
:1058E0000390FFE703980699884242DAFFE704989D
:1058F000059940424FF00000884101DBFFE738E0A6
:10590000FFE70798039950F821000190C017029013
:1059100014F0F6F9C117049A059BFCF781FE019A71
:1059200003460298D21A88410DDBFFE7FFE749F2F0
:105930004300C1F2020049F2B541C1F20201FFF792
:1059400083F8FCF7D1FEFFE70798039950F8212070
:105950004FEAE27C049B0598A3FB021E03FB0CE3C9
:1059600000FB023004910590FFE70398013003909B
:10597000B8E70498059908B080BD000080B596B0DE
:10598000149013911292119314981399129A119BD7
:1059900002F0C8FB129910A80A9002F087FC0A993D
:1059A0000EA802F0F3FBFFE70EA8002114F01AFD89
:1059B000E8B9FFE7FFE7139948F2E270C1F202008D
:1059C0006A4650604FF4A960106048F20E52C1F26E
:1059D000020248F2FB63C1F20203084603F0DAFB5D
:1059E000FFE7FFE701208DF857000D9079E0FFE712
:1059F000FFE7149813F05AFD0C900C98002864D01F
:105A0000FFE70C9813F000FA00F09AFF03900EA83D
:105A1000089013F041FE0146039808700C9813F0AB
:105A200007FA01460898049113F036FE01460498DF
:105A300048600C9813F0F2F901460898059113F0AC
:105A40002BFE0146059888600C9813F0D3F901F0FD
:105A500035F801460898069113F01EFE0146069897
:105A600008730C9813F0B2F901460898079113F0E7
:105A700013FE0146079808610C9813F09DF9014642
:105A80000898099113F008FE014609984861FFE75C
:105A90000C9813F0A5F902900EA813F0FDFD014635
:105AA00002981831139A07F05FFD8DF82F009DF8CA
:105AB0002F0038B1FFE79DF82F008DF85700012027
:105AC0000D900EE0FFE7FFE700E0FFE70EA813F000
:105AD00043FF1199086000208DF8570001200D90B8
:105AE000FFE70EA813F05AFF9DF8570016B080BDCF
:105AF00080B58CB00A9009910998006908B1FFE758
:105B000001E0FCF7F1FD0998006908900A9806F099
:105B1000FBFF079007980999002200F037F90690DB
:105B2000FFE70698C8B9FFE7FFE70A98D0F814C066
:105B300048F6DF21C1F202016A46116048F20E51B7
:105B4000C1F2020149F2A602C1F202025F23E0475C
:105B5000FFE701208DF82F009BE0FFE707980999E8
:105B6000002200F035F90590FFE70598C8B9FFE776
:105B7000FFE70A98D0F814C048F6F021C1F20201FC
:105B80006A46116048F20E51C1F2020149F2A602C2
:105B9000C1F202026223E047FFE701208DF82F00E7
:105BA00077E0FFE706980078092806D1FFE7069816
:105BB0000599089A08F0C8F95DE00698007807286A
:105BC00058D1FFE7FFE70698006918B3FFE7FFE742
:105BD0000A98D0F814C0069909696A460023D36070
:105BE000916046F6AA61C1F20201516049F2FC01DE
:105BF000C1F20201116048F6FA01C1F2020149F254
:105C0000A602C1F202026723E047FFE701208DF8F8
:105C10002F003EE0FFE7FFE70598006918B3FFE7B4
:105C2000FFE70A98D0F814C0059909696A4600236D
:105C3000D360916046F6AA61C1F20201516048F654
:105C4000F571C1F20201116048F6FA01C1F20201D8
:105C500049F2A602C1F202026823E047FFE70120F1
:105C60008DF82F0015E0FFE706980599089A08F0CF
:105C7000EDF9FFE7FFE707980699026892699047F8
:105C80000798059902689269904700208DF82F00C7
:105C9000FFE79DF82F000CB080BD000080B584B0F8
:105CA0000390029101920398806B08B1FFE701E035
:105CB000FCF71AFD0398826B3821904704B080BD31
:105CC00080B582B08DED000B9DED000B16F0D4F881
:105CD00002B080BD80B582B08DED010A9DED010A54
:105CE00014F01EFB02B080BD83B002900120019031
:105CF00000200090FFE700980299096888420EDAB8
:105D0000FFE70298009900EB81004168019800FBD1
:105D100001F00190FFE7009801300090EBE7019857
:105D200003B0704782B001900091012002B070472B
:105D300080B586B004900391029204980190406867
:105D400020B1FFE701208DF817001BE001980399AF
:105D50004160029981600268816889009268904779
:105D600001460198C160C06820B9FFE701208DF8A5
:105D7000170007E001980168C96B884700208DF87B
:105D80001700FFE79DF8170006B080BD80B586B00C
:105D900004900391029204980090029803990A6873
:105DA00052F8041B00F0EAFD01900198B0F1FF3FAA
:105DB00003DCFFE70020059006E0009801990268E7
:105DC000526990470590FFE7059806B080BD000036
:105DD00080B586B0049003910292049800900298D6
:105DE00003994A6852F8041B00F0C8FD019001981D
:105DF000B0F1FF3F03DCFFE70020059006E00098CC
:105E000001990268526990470590FFE7059806B02E
:105E100080BD000080B58AB008900791069208986E
:105E200000904068002840D0FFE700200590FFE781
:105E3000009905988968884236D2FFE7009948683A
:105E4000059A00EBC200049004980068C968059A9E
:105E500051F82210084403900398069905F0FAFAC5
:105E6000009902900798029A039BD21A104401905D
:105E70000198C968059A51F82210084404994968A4
:105E800088420CD8FFE70098019BC168059A51F839
:105E90002200184441F822000298099008E0FFE728
:105EA000059801300590C3E7FFE700200990FFE760
:105EB00009980AB080BD000080B584B003900398B3
:105EC0000190406808B9FFE70FE00198C06808B189
:105ED000FFE701E0FCF708FC01988168C068002238
:105EE000029202AA14F054FAFFE704B080BD000049
:105EF00081B00090009845F6E451C1F202010831EA
:105F00000160002141608160C16001B07047000004
:105F100081B00090FEDE000081B00090009801B0DA
:105F20007047000080B592B010900F910E920D93C3
:105F300010980F990E9A0D9B02F0F4F80E990CA888
:105F4000059002F0B3F905990AA802F04FF9FFE7AE
:105F50000AA8002114F05AFAE8B9FFE7FFE70F9901
:105F600048F2E270C1F202006A46506040F6150045
:105F7000106048F20E52C1F2020248F2FB63C1F215
:105F80000203084603F006F9FFE7FFE701208DF85A
:105F9000470009904AE0FFE7FFE7109813F0B2FAD4
:105FA00008900898B0B3FFE7089812F087FF0790B1
:105FB000079868B3FFE7FFE7079804900AA813F073
:105FC00097FB049902460F9B48F27D70C1F20200D4
:105FD000EC46CCF80000202002F0B0F98DF81B0050
:105FE0009DF81B0038B1FFE79DF81B008DF84700B6
:105FF000012009901AE0FFE7FFE7079812F01AFE68
:1060000003900AA813F074FB01460398086200E0AD
:10601000FFE700E0FFE70AA813F03AFD0D990860DA
:1060200000208DF8470001200990FFE70AA813F02F
:1060300051FD9DF8470012B080BD000080B58EB0C4
:106040000C900B910A9209930C980B990A9A099B50
:1060500002F068F80A9908A8039002F027F903995A
:1060600006A802F0DBF8FFE706A8002114F0D8F933
:10607000E8B9FFE7FFE70B9948F2E270C1F20200CE
:106080006A46506040F62620106048F20E52C1F277
:10609000020248F2FB63C1F20203084603F07AF8F9
:1060A000FFE7FFE701208DF83700059021E0FFE7CB
:1060B000FFE70C9813F03CFA0490049868B1FFE7EE
:1060C000049812F005FF8DED020A06A813F026FBD6
:1060D0009DED020A80ED000A00E0FFE706A813F03C
:1060E00025FD0999086000208DF8370001200590F2
:1060F000FFE706A813F03CFD9DF837000EB080BD09
:1061000080B588B0069005910598006908B1FFE751
:1061100001E0FCF7E9FA059800690490069806F09A
:10612000F3FC0390039805990022FFF72FFE0290DD
:10613000FFE70298C8B9FFE7FFE70698D0F814C058
:1061400048F6DF21C1F202016A46116048F20E51A1
:10615000C1F2020149F2A602C1F202027A23E0472B
:10616000FFE701208DF81F007FE0FFE7029800782D
:10617000092835D1FFE70298006904994860029820
:10618000D0ED030A0069B1EE080A09F0F9F80499A4
:106190000860FFE70498006810F1800F05DBFFE757
:1061A00004980068802819DBFFE7FFE70698D0F81D
:1061B00014C049F27701C1F202016A46116048F247
:1061C0000E51C1F2020149F2A602C1F2020280237D
:1061D000E047FFE701208DF81F0046E0FFE73BE0C6
:1061E00002980078072836D1FFE7029800690499E1
:1061F00048600298D0ED030A0069B1EE080A09F080
:10620000EFF804990860FFE70498006810F5004F64
:1062100006DBFFE704980068B0F5004F19DBFFE7E5
:10622000FFE70698D0F814C049F24601C1F2020116
:106230006A46116048F20E51C1F2020149F2A6020B
:10624000C1F202028523E047FFE701208DF81F001D
:106250000BE0FFE7FFE7FFE7039802990268926906
:10626000904700208DF81F00FFE79DF81F0008B041
:1062700080BD000080B586B005900491039205981A
:1062800001900498062801DCFFE701E0FCF72CFAF6
:1062900001980499016000F009F8029002980399AE
:1062A000049A9200FCF71FFB06B080BD81B00090FD
:1062B0000098043001B0704780B584B0039002911B
:1062C000019203980090029901600299019AFFF7E8
:1062D000D1FF009804B080BD81B0009000980021EB
:1062E000016001B07047000081B00090009801B0DB
:1062F0007047000080B58AB0089007910692059318
:10630000002004900390FFE703980599884231D25A
:10631000FFE70698039901EB410100EBC1000290F1
:106320000298007DC00700B3FFE74FF0FF300190F7
:10633000FFE7089804990268936901AA98478DF8C5
:1063400003009DF8030028B1FFE79DF803008DF8D6
:10635000270013E0FFE7079801990844029949686C
:106360000860049801300490FFE7FFE703980130CC
:106370000390C9E700208DF82700FFE79DF827006C
:106380000AB080BD10B58AB008900791069200202F
:106390000590FFE70598069988425AD2FFE70798CB
:1063A000059901EB410100EBC10004900498007DC8
:1063B000C007002848D0FFE70498006801900EF05D
:1063C00037FE01460198FFF731F803900498006901
:1063D0000130C0B9FFE7FFE708980399049B9A686A
:1063E000DB68D0F800C0DCF808C0E0478DF80B008F
:1063F0009DF80B0028B1FFE79DF80B008DF82700F2
:106400002BE0FFE71FE0FFE708980399DDF810C0D5
:10641000DCF80820DCF80C30DCF810E0D0F800C024
:10642000DCF80CC06C46C4F800E0E0478DF80A00C8
:106430009DF80A0028B1FFE79DF80A008DF82700B3
:106440000BE0FFE7FFE7FFE7FFE705980130059066
:10645000A0E700208DF82700FFE79DF827000AB08D
:1064600010BD000010B58AB00890079107984069E8
:1064700008B1FFE701E0FCF737F90798406906909B
:106480000798006908B1FFE701E0FCF72DF90798CC
:10649000006905900898079945F68852C1F20202F2
:1064A000126810F071F904900898079945F68C521B
:1064B000C1F20202126810F095F903900498007A74
:1064C00001460291012808D0FFE70298072822D050
:1064D000FFE7029809280FD02CE008980799069A40
:1064E000059BDDF810C0039CEE46CEF80440CEF8C4
:1064F00000C00DF0E9FD2CE008980799069A059B6D
:10650000DDF810C0039CEE46CEF80440CEF800C083
:106510000FF024F81DE008980799069A059BDDF80E
:1065200010C0039CEE46CEF80440CEF800C00FF039
:1065300069F80EE00498007AFEF7D0F9014648F6B3
:106540004970C1F20200FEF77FFA01208DF82700A2
:1065500003E000208DF82700FFE79DF827000AB030
:1065600010BD000010B5AAB028902791289827994F
:106570000022079210F008F9079A26902898279988
:1065800010F030F925902798006908B1FFE701E085
:10659000FCF7AAF827980169059108684A688B6892
:1065A000D1F80CC0D1F810E04C691B94CDF868E02C
:1065B000CDF864C01893179216908869CA690B6A5F
:1065C000D1F824C0D1F828E0CC6A2194CDF880E03D
:1065D000CDF87CC01E931D921C90086B496B2391D3
:1065E00022902698007A01460691012808D0FFE7FC
:1065F0000698072828D0FFE70698092824D02CE021
:1066000026990FA8049010F081F9269810F01EF931
:106610000290259908A8039010F078F9259810F0B9
:1066200021F9029A039B0499EC46CCF8000016A8C5
:1066300004F06AFE0398FFF757FE0498FFF754FE34
:1066400000208DF8A70019E02698259916AA00F0D9
:10665000B7F900208DF8A70010E02698007AFEF721
:106660003DF901462698027A48F69A00C1F20200E6
:10667000FEF7EAF901208DF8A700FFE79DF8A700D3
:106680002AB010BD80B596B014901391149806F0FE
:106690003BFA1290129813990022FFF777FB1190A2
:1066A000FFE71198C8B9FFE7FFE71498D0F814C0C6
:1066B00048F6DF21C1F202016A46116048F20E512C
:1066C000C1F2020149F22642C1F202022523E0474B
:1066D000FFE701208DF857002EE1FFE7129813998C
:1066E0000022FFF775FB1090FFE71098C8B9FFE78D
:1066F000FFE71498D0F814C048F6F021C1F2020167
:106700006A46116048F20E51C1F2020149F2264276
:10671000C1F202022823E047FFE701208DF857006D
:106720000AE1FFE71198FFF7BFF80F901098806813
:106730000E90139810F06CFE01280DD1FFE70E9813
:106740000068012808D1FFE70E98406820B9FFE7EC
:106750000E9900200860FFE701200D904FF0FF30F8
:106760000C9000200B90FFE70B980E990968884267
:1067700041DAFFE70E980B9900EB810040680A9020
:106780000A98013060BBFFE7FFE70C98013018B3AF
:10679000FFE7FFE71498D0F814C00C996A464FF051
:1067A000FF33D360916049F2F631C1F202015160CA
:1067B00049F28241C1F20201116048F6FA01C1F2C8
:1067C000020149F22642C1F202023D23E047FFE7FF
:1067D00001208DF85700AFE0FFE70B980C9005E023
:1067E0000A990D9800FB01F00D90FFE7FFE70B9869
:1067F00001300B90B8E70C98013070B3FFE71498A4
:10680000139900220FF0EEFF0990FFE714981099FA
:10681000099A10F01FF98DF823009DF8230028B184
:10682000FFE79DF823008DF8570085E0FFE71098FB
:1068300080680E900F980D9990FBF1F00E990C9ACC
:1068400001EB820148600E980C9900EB81004168D1
:106850000D9800FB01F00D90FFE7FFE7119800781D
:106860001099097888422FD0FFE7FFE71498079026
:106870004069069011980078FEF730F8059010985E
:106880000078FEF72BF80599DDF818C00346079845
:106890006A46D360916048F6A621C1F202015160B8
:1068A00048F69A21C1F20201116048F60551C1F281
:1068B000020149F22642C1F202024D23E047FFE7FE
:1068C00001208DF8570037E0FFE7FFE70F980D999B
:1068D000884222D0FFE7FFE71498D0F814C00F9940
:1068E0000D9B6A46D360916049F2A141C1F2020159
:1068F000516049F28E41C1F20201116048F6FA017D
:10690000C1F2020149F22642C1F202024E23E047DF
:10691000FFE701208DF857000EE0FFE7129811996C
:10692000026892699047129810990268926990479C
:1069300000208DF85700FFE79DF8570016B080BD86
:1069400082B08DF806009DF906000146009120B145
:10695000FFE70098012804D007E001208DF8070028
:1069600007E002208DF8070003E000208DF8070003
:10697000FFE79DF8070002B07047000085B0039064
:10698000029101920398002812D4FFE7039802991C
:1069900088420DDAFFE70198039950F82100009032
:1069A0000098013018B1FFE70098049004E0FFE779
:1069B0004FF0FF300490FFE7049805B070470000E7
:1069C00080B5BAB03990389137923998007A092851
:1069D0004ED1FFE73898007A072824D1FFE737988F
:1069E0000A90399930A80C900FF090FF39980FF069
:1069F00015FF0990389929A80B900FF087FF389858
:106A00000FF078FF099A0B9B0C9984460A98EE4682
:106A1000CEF800C004F062FB0B98FFF765FC0C9801
:106A2000FFF762FC23E037980690399922A8089076
:106A30000FF06CFF39980FF0F1FE059038991BA804
:106A400007900FF063FF38980FF0F4FE059A079B4C
:106A5000089984460698EE46CEF800C004F02AFA5B
:106A60000798FFF741FC0898FFF73EFCFFE723E09B
:106A700037980290399914A804900FF047FF39987D
:106A80000FF02CFF019038990DA803900FF03EFFF6
:106A900038980FF02FFF019A039B049984460298BF
:106AA000EE46CEF800C003F015FB0398FFF71CFC80
:106AB0000498FFF719FCFFE73AB080BD82B08DF86B
:106AC00006009DF906000146009105281DD8009991
:106AD000DFE801F003070B0F131700208DF8070004
:106AE00017E001208DF8070013E002208DF8070061
:106AF0000FE003208DF807000BE004208DF807005D
:106B000007E005208DF8070003E000208DF807005E
:106B1000FFE79DF8070002B0704700002DE9F04341
:106B2000ADF5717DEF90EE91EE98006908B1FFE749
:106B300001E0FBF7D9FDEE98406908B1FFE701E0FD
:106B4000FBF7D2FDEE984069ED90EE980069EC906D
:106B5000EF98EE9945F6A452C1F2020212680FF0C6
:106B600041FEEB90EF98EE9945F69C52C1F202027D
:106B700012680FF009FEEA90EF98EE9945F6AC52D4
:106B8000C1F2020212680FF0FFFDE990EE9810F0DA
:106B90003FFC03280BD1FFE7EF98EE9945F698529A
:106BA000C1F2020212680FF0EFFD2F9002E0002008
:106BB0002F90FFE72F98E890EA98007A01462E91EF
:106BC000012809D0FFE72E98072800F03E81FFE753
:106BD0002E9809284CD0AFE1ED99EC9AD8A82990CD
:106BE0000DF05EFEEA99D1A82D900FF08FFEEA9885
:106BF0000FF02CFE2890E999CAA82C900FF086FE81
:106C0000E9980FF023FE2790E899C3AC2B94204617
:106C10000FF07CFEE8980FF0EDFE0546EB99BCAE58
:106C20002A9630460FF072FEEB980FF01BFEDDF84F
:106C30009CC0289A2C9B2D9907462998EE46CEF8A1
:106C40001070CEF80C60CEF80850CEF80440CEF8A4
:106C500000C003F045FB2A98FFF746FB2B98FFF78F
:106C600043FB2C98FFF740FB2D98FFF73DFB74E1A9
:106C7000E998007A01462691092874D0FFE7269802
:106C8000122840F0C880FFE7EF98426CEC99496BFE
:106C90009047BB90E9980FF0C1FD1C90E999B4A80A
:106CA0001D900FF033FE1D9812F04EF801461C980F
:106CB000BB9A02F025FA1D98FFF716FBED99EC9AA6
:106CC000A4A821900EF0AAFEEC98416A1F91806A58
:106CD0002090EA999DA825900FF018FEEA980FF0F1
:106CE0009DFD1E90E99996AC249420460FF00EFE6F
:106CF000BB9DE8998FAE239630460FF007FEE898CB
:106D00000FF088FE0746EB990DF50878CDF88880DE
:106D100040460FF0FBFDEB980FF08CFDDDF878C0DE
:106D20001F99209A259B81462198EE46CEF818900F
:106D3000CEF81480CEF81070CEF80C60CEF8085063
:106D4000CEF80440CEF800C00BF0AEFB2298FFF75F
:106D5000CBFA2398FFF7C8FA2498FFF7C5FA2598CD
:106D6000FFF7C2FA70E0ED99EC9A78A817900EF050
:106D700055FEEC98416A1591806A1690EA9971A8BF
:106D80001B900FF0C3FDEA980FF048FD1490E999AD
:106D90006AAC1A9420460FF0B9FDE9980FF03EFD59
:106DA0000546E89963AE199630460FF0AFFDE898B6
:106DB0000FF030FE0746EB990DF5B878CDF86080FE
:106DC00040460FF0A3FDEB980FF034FDDDF850C006
:106DD0001599169A1B9B81461798EE46CEF8189087
:106DE000CEF81480CEF81070CEF80C60CEF80850B3
:106DF000CEF80440CEF800C00BF056FB1898FFF711
:106E000073FA1998FFF770FA1A98FFF76DFA1B9842
:106E1000FFF76AFA18E0E998007AFDF75FFD129033
:106E2000E998007A1390EA98007AFDF757FD1299D5
:106E3000139A034648F62430C1F20200FDF704FE1F
:106E400001208DF8C3038CE087E0E998007A0928D7
:106E500058D1FFE7ED99EC9A4CA80D900EF0DEFDAD
:106E6000EC98416A0B91806A0C90EA9945A81190C0
:106E70000FF04CFDEA980FF031FD0A90E9993EAC15
:106E8000109420460FF042FDE9980FF0C7FC05462C
:106E9000E89937AE0F9630460FF038FDE8980FF0BE
:106EA000C9FD0746EB990DF1C008CDF83880404682
:106EB0000FF02CFDEB980FF01DFDDDF828C00B99AD
:106EC0000C9A119B81460D98EE46CEF81890CEF89C
:106ED0001480CEF81070CEF80C60CEF80850CEF8C2
:106EE0000440CEF800C00BF095FC0E98FFF7FCF9BB
:106EF0000F98FFF7F9F91098FFF7F6F91198FFF7D7
:106F0000F3F918E0E998007AFDF7E8FC0890E998B1
:106F1000007A0990EA98007AFDF7E0FC0899099A4E
:106F2000034648F62430C1F20200FDF78DFD012032
:106F30008DF8C30315E010E0EA98007AFDF7CEFC67
:106F40000146EA98027A48F60230C1F20200FDF7E3
:106F50007BFD01208DF8C30303E000208DF8C303FF
:106F6000FFE79DF8C3030DF5717DBDE8F0830000D8
:106F700080B584B00390029101920398806B08B1B0
:106F8000FFE701E0FBF7B0FB0398826B38219047E5
:106F900004B080BD2DE9F043ADF26C6DCDF8640610
:106FA000CDF86016DDF86006406908B1FFE701E042
:106FB000FBF79AFBDDF860064069CDF85C06DDF86A
:106FC0006406DDF8601645F6A852C1F202021268A6
:106FD0000FF0DAFBCDF85806DDF86406DDF8601630
:106FE00045F6B452C1F2020212680FF0CDFBCDF8A3
:106FF0005406DDF86406DDF8601645F6A052C1F2CD
:10700000020212680FF0C0FBCDF85006DDF86406EE
:10701000DDF8601645F6B052C1F2020212680FF0B8
:10702000E1FBCDF84C06DDF86006006908B1FFE72A
:1070300001E0FBF759FBDDF860060069CDF8480672
:10704000DDF85806007A0146419101280AD0FFE791
:107050004198072800F01982FFE7419809285CD081
:1070600000F081BCDDF85C0601780DF5C4603C9051
:107070000DF06AFFDDF858160DF2046040900FF035
:1070800045FCDDF858060FF0E1FB3B90DDF85416A7
:107090000DF5BD603F900FF039FCDDF854060FF0A0
:1070A000D5FB3A90DDF850160DF2CC543E942046B4
:1070B0000FF02CFCDDF850060FF09CFC0546DDF8C7
:1070C0004C160DF5B6663D9630460FF01FFCDDF808
:1070D0004C060FF0C7FBDDF8E8C03B9A3F9B409998
:1070E00007463C98EE46CEF81070CEF80C60CEF80D
:1070F0000850CEF80440CEF800C003F027FB3D98BE
:10710000FFF7F2F83E98FFF7EFF83F98FFF7ECF83B
:107110004098FFF7E9F800F039BCDDF85406007A32
:107120000146399109287DD0FFE73998122840F0AF
:107130009881FFE7DDF86406426CDDF84816096ABD
:107140009047CDF8AC05DDF854060FF067FB3090A2
:10715000DDF854160DF5B26031900FF0D7FB319881
:1071600011F0F2FD01463098DDF8AC2501F0C8FFC2
:107170003198FFF7B9F8DDF848160DF5AD60349099
:107180000EF07AFEDDF858160DF24C5038900FF0E4
:10719000BDFBDDF858060FF041FB3390DDF85416C7
:1071A0000DF5A66037900FF0B1FBDDF8AC0532901D
:1071B000DDF850160DF21454369420460FF0A6FB5D
:1071C000DDF850060FF026FC0546DDF84C160DF5EF
:1071D0009F66359630460FF099FBDDF84C060FF0B0
:1071E00029FBDDF8C8C0339A379B38990746349895
:1071F000EE46CEF81070CEF80C60CEF80850CEF8FF
:107200000440CEF800C00AF0B5FE3598FFF76CF8E0
:107210003698FFF769F83798FFF766F83898FFF760
:1072200063F831E1DDF8480690F82C0000212F9139
:107230008DF8B3148DF893148DF873148DF85314DE
:107240008DF80B148DF8EB138DF8CB138DF8AB1371
:10725000C007002862D0FFE7DDF848160DF59A60F8
:107260002E900EF009FEDDF84806416A2B91806AE7
:107270002C90DDF858160DF2B4402D900FF046FB1F
:10728000012029908DF8B304DDF858060FF0C6FAF6
:107290002A90DDF854160DF2944420460FF036FB88
:1072A00029988DF89304DDF854060FF0B7FA0546D7
:1072B000DDF850160DF2744630460FF027FB299882
:1072C0008DF87304DDF850060FF0A4FB0746DDF8D7
:1072D0004C160DF2544840460FF018FB29988DF8D3
:1072E0005304DDF84C060FF0A5FADDF8A8C02B9981
:1072F0002C9A2D9B81462E98EE46CEF81890CEF80B
:107300001480CEF81070CEF80C60CEF80850CEF88D
:107310000440CEF800C00BF033FC54E0DDF8481612
:107320000DF5856028900EF0A7FDDDF858160DF2DA
:107330000C4025900FF0EAFA012023908DF80B0401
:10734000DDF858060FF06AFA2690DDF85416FBA80F
:1073500027900FF0DBFA23988DF8EB03DDF8540645
:107360000FF05CFA2490DDF85016F3AC20460FF0D5
:10737000CDFA23988DF8CB03DDF850060FF04AFBC9
:107380000546DDF84C16EBAE30460FF0BFFA2398F9
:107390008DF8AB03DDF84C060FF04CFADDF890C029
:1073A0002599269A279B07462898EE46CEF8107016
:1073B000CEF80C60CEF80850CEF80440CEF800C0ED
:1073C0000AF0D8FDFFE79DF8AB03012804D1FFE7E1
:1073D000EBA8FEF789FFFFE79DF8CB03012804D156
:1073E000FFE7F3A8FEF780FFFFE79DF8EB03012816
:1073F00004D1FFE7FBA8FEF777FFFFE79DF80B043A
:10740000012805D1FFE70DF20C40FEF76DFFFFE705
:107410009DF85304012805D1FFE70DF25440FEF713
:1074200063FFFFE79DF87304012805D1FFE70DF224
:107430007440FEF759FFFFE79DF89304012805D13A
:10744000FFE70DF29440FEF74FFFFFE79DF8B3040E
:10745000012805D1FFE70DF2B440FEF745FFFFE735
:1074600012E0DDF85406007AFDF738FA0146DDF83F
:107470005806027A48F61F50C1F20200FDF7E4FAFE
:1074800001208DF86B0685E280E2DDF85406007A73
:10749000092840F05482FFE7DDF8500640B1FFE7CD
:1074A000DDF85006017A01200229229012D0FFE770
:1074B000DDF850160020219049B9FFE7DDF85C06A1
:1074C00000790238B0FA80F040092190FFE7219856
:1074D0002290FFE7229800F001008DF8AA039DF8A2
:1074E000AA03C007002800F01581FFE7DDF8480671
:1074F00090F82C00002120918DF863138DF8431330
:107500008DF823138DF803138DF8BB128DF89B12A1
:107510008DF87B128DF85B12C00700285ED0FFE764
:10752000DDF84816E0A81F900EF0A6FCDDF848062E
:10753000416A1C91806A1D90DDF85816D9A81E90EA
:107540000FF0E4F901201A908DF86303DDF8580676
:107550000FF0C4F91B90DDF85416D1AC20460FF0A3
:10756000D5F91A988DF84303DDF854060FF056F953
:107570000546DDF85016C9AE30460FF0C7F91A9827
:107580008DF82303DDF850060FF044FA0746DDF8C6
:107590004C160DF5417840460FF0B8F91A988DF861
:1075A0000303DDF84C060FF0A5F9DDF86CC01C995B
:1075B0001D9A1E9B81461F98EE46CEF81890CEF875
:1075C0001480CEF81070CEF80C60CEF80850CEF8CB
:1075D0000440CEF800C00BF0A9FB52E0DDF84816DD
:1075E000B6A819900EF048FCDDF85816AFA8169012
:1075F0000FF08CF9012014908DF8BB02DDF85806CD
:107600000FF06CF91790DDF85416A7A818900FF03A
:107610007DF914988DF89B02DDF854060FF0FEF802
:107620001590DDF850169FAC20460FF06FF91498B6
:107630008DF87B02DDF850060FF0ECF90546DDF819
:107640004C1697AE30460FF061F914988DF85B0236
:10765000DDF84C060FF04EF9DDF854C01699179A74
:10766000189B07461998EE46CEF81070CEF80C60BD
:10767000CEF80850CEF80440CEF800C00AF052FD13
:10768000FFE79DF85B02012804D1FFE797A8FEF70A
:107690002BFEFFE79DF87B02012804D1FFE79FA89E
:1076A000FEF722FEFFE79DF89B02012804D1FFE7C9
:1076B000A7A8FEF719FEFFE79DF8BB02012804D139
:1076C000FFE7AFA8FEF710FEFFE79DF803030128D0
:1076D00004D1FFE7C1A8FEF707FEFFE79DF82303EB
:1076E000012804D1FFE7C9A8FEF7FEFDFFE79DF8DA
:1076F0004303012804D1FFE7D1A8FEF7F5FDFFE71A
:107700009DF86303012804D1FFE7D9A8FEF7ECFD3B
:10771000FFE713E1DDF8480690F82C0000211391F3
:107720008DF813128DF8F3118DF8D3118DF8B31174
:107730008DF86B118DF84B118DF82B118DF80B1105
:10774000C00700285ED0FFE7DDF848168CA812902D
:107750000EF092FBDDF84806416A0F91806A1090A6
:10776000DDF8581685A811900FF0D0F801200D9083
:107770008DF81302DDF858060FF0B0F80E90DDF822
:1077800054167DAC20460FF0C1F80D988DF8F3012A
:10779000DDF854060FF042F80546DDF8501675AED8
:1077A00030460FF0B3F80D988DF8D301DDF8500690
:1077B0000FF040F90746DDF84C160DF5DA78404633
:1077C0000FF0A4F80D988DF8B301DDF84C060FF01A
:1077D00091F8DDF838C00F99109A119B81461298E4
:1077E000EE46CEF81890CEF81480CEF81070CEF891
:1077F0000C60CEF80850CEF80440CEF800C00BF074
:107800006DFB52E0DDF8481662A80C900EF034FBD8
:10781000DDF858165BA809900FF078F80120079062
:107820008DF86B01DDF858060FF058F80A90DDF876
:10783000541653A80B900FF069F807988DF84B0178
:10784000DDF854060EF0EAFF0890DDF850164BAC58
:1078500020460FF05BF807988DF82B01DDF85006F5
:107860000FF0E8F80546DDF84C1643AE30460FF051
:107870004DF807988DF80B01DDF84C060FF03AF83B
:10788000DDF820C009990A9A0B9B07460C98EE4632
:10789000CEF81070CEF80C60CEF80850CEF8044048
:1078A000CEF800C00AF018FDFFE79DF80B01012893
:1078B00004D1FFE743A8FEF717FDFFE79DF82B0172
:1078C000012804D1FFE74BA8FEF70EFDFFE79DF866
:1078D0004B01012804D1FFE753A8FEF705FDFFE7A0
:1078E0009DF86B01012804D1FFE75BA8FEF7FCFCC3
:1078F000FFE79DF8B301012804D1FFE76DA8FEF76B
:10790000F3FCFFE79DF8D301012804D1FFE775A838
:10791000FEF7EAFCFFE79DF8F301012804D1FFE739
:107920007DA8FEF7E1FCFFE79DF81302012804D1D2
:10793000FFE785A8FEF7D8FCFFE7FFE712E0DDF8D8
:107940005406007AFCF7CAFF0146DDF85806027AB1
:1079500048F61F50C1F20200FDF776F801208DF8BD
:107960006B0617E012E0DDF85806007AFCF7B6FF68
:107970000146DDF85806027A48F60230C1F20200EC
:10798000FDF762F801208DF86B0603E000208DF80A
:107990006B06FFE79DF86B060DF26C6DBDE8F0839A
:1079A00080B584B00390029101920398806B08B176
:1079B000FFE701E0FAF798FE0398826B30219047C9
:1079C00004B080BD80B588B006900591069820B9B6
:1079D000FFE74FF0FF3007903DE000200490FFE705
:1079E000049806990968884231DAFFE706980499F5
:1079F00000EB8100406803900398B0F1FF3F01DC89
:107A0000FFE720E00598039901EB410100EB8100BD
:107A10000290029840680068012806D1FFE70298AA
:107A20004068406808B9FFE70DE00298406850F8E8
:107A3000041B00EB810112F087FC18B9FFE70398E3
:107A4000079008E0FFE7049801300490C8E74FF082
:107A5000FF300790FFE7079808B080BD80B588B079
:107A6000079006910020059004900798039098B124
:107A7000FFE7039801281DD1FFE7069801688B688E
:107A800041F20C010422984704900498029007F0F8
:107A900021F8029805900DE0069801688B682C216A
:107AA0000422984704900498019006F071FF019811
:107AB0000590FFE7059808B080BD000080B582B052
:107AC00000900098092805DCFFE7009830308DF819
:107AD000070026E00098232805DCFFE700985730D0
:107AE0008DF807001DE000983D2805DCFFE70098B1
:107AF0001D308DF8070014E0FFE7FFE7009840F61F
:107B00004301C8F2214151FB0002511101EBD27136
:107B1000C1EB4111A0EB4100FFF7D0FF8DF807004A
:107B2000FFE79DF8070002B080BD000080B588B077
:107B30000690059106980599002200920EF024FE09
:107B4000009A0490069805990EF04CFE0390FFE70A
:107B50000498007A02A905F08BFC8DF807009DF8C7
:107B6000070028B1FFE79DF807008DF81F001CE013
:107B7000FFE704984068FEF7B7F80146029800FB5B
:107B800001F002900498006803990968884208D0BF
:107B9000FFE70398006804990968029AFAF75EFE05
:107BA000FFE700208DF81F00FFE79DF81F0008B0D9
:107BB00080BD000070B59EB01C901B911C9804F015
:107BC000A3FF1A901B98006908B1FFE701E0FAF7DC
:107BD0008BFD1B98406908B1FFE701E0FAF784FDCF
:107BE0001B98006919901B98406918901A981B9966
:107BF00045F6A852C1F202021268FEF7C7F81790C4
:107C0000FFE71798C8B9FFE7FFE71C98D0F814C042
:107C100048F6DF21C1F202016A46116048F20E51B6
:107C2000C1F2020148F67552C1F202023023E04768
:107C3000FFE701208DF8770026E1FFE71A981B99EE
:107C400045F6B452C1F202021268FEF79FF8169090
:107C5000FFE71698C8B9FFE7FFE71C98D0F814C0F3
:107C600048F6CD21C1F202016A46116048F20E5178
:107C7000C1F2020148F67552C1F202023323E04715
:107C8000FFE701208DF87700FEE0FFE71A981B99C7
:107C900045F6A052C1F202021268FEF777F815907D
:107CA0001A981B9945F6B052C1F202021268FEF70B
:107CB0008FF81490FFE71498C8B9FFE7FFE71C9806
:107CC000D0F814C048F6F021C1F202016A461160F2
:107CD00048F20E51C1F2020148F67552C1F2020299
:107CE0003823E047FFE701208DF87700CCE0FFE77D
:107CF000FFE7179800781499097888422FD0FFE79A
:107D0000FFE71C980A904069099017980078FCF7E3
:107D1000E5FD089014980078FCF7E0FD0899DDF87F
:107D200024C003460A986A46D360916048F6A621AB
:107D3000C1F20201516048F69A21C1F202011160BC
:107D400048F60551C1F2020148F67552C1F202022D
:107D50003923E047FFE701208DF8770094E0FFE743
:107D600017980078012805D1FFE7169800780128B8
:107D700019D1FFE71798007809280AD1FFE716986C
:107D80000078092805D0FFE71698007812280AD154
:107D9000FFE71798007807281AD1FFE716980078B0
:107DA000092815D0FFE717980078FCF797FD079092
:107DB00016980078FCF792FD0799024648F6425063
:107DC000C1F20200FCF740FE01208DF877005BE075
:107DD00016980078122819D1FFE71698826852F891
:107DE000041B0CA80590FEF767FA059810F0ACFF8D
:107DF000014605980691FEF777FA069813901C98AD
:107E0000036C1399199A20329847FFE7FFE71C98F3
:107E100018990978179B1A78DDF858C0159C149D9D
:107E2000199EEE46CEF80C60CEF80850CEF804400D
:107E3000CEF800C00DF03EFE8DF82F009DF82F000B
:107E400028B1FFE79DF82F008DF877001CE0FFE7D1
:107E50001A9817990268926990471A9816990268B9
:107E600092699047159830B1FFE71A981599026802
:107E700092699047FFE71A981499026892699047AF
:107E800000208DF87700FFE79DF877001EB070BDE9
:107E900080B584B00390029101920398806B08B181
:107EA000FFE701E0FAF720FC0398826B202190475E
:107EB00004B080BD80B592B010900F910E920D93DA
:107EC0000F98007807284FD1FFE71098826B40F297
:107ED000024190470C90FFE70C98C8B9FFE7FFE715
:107EE0001098D0F814C049F22871C1F202016A4614
:107EF000116048F20E51C1F2020149F2A662C1F2CC
:107F000002022723E047FFE701208DF84700E9E060
:107F1000FFE70C980D9988621098826B40F202413D
:107F200090470B90FFE70B98C8B9FFE7FFE7109861
:107F3000D0F814C049F23F71C1F202016A461160E3
:107F400048F20E51C1F2020149F2A662C1F20202E8
:107F50002B23E047FFE701208DF84700C2E0FFE751
:107F60000B980D99C862FFE70E980078072826D174
:107F7000FFE7FFE70F98007809281ED0FFE70F986A
:107F80000078072819D0FFE7FFE71098D0F814C051
:107F900049F21A61C1F202016A46116048F20E51BB
:107FA000C1F2020149F2A662C1F202023223E047A5
:107FB000FFE701208DF8470094E0FFE72DE0FFE7A1
:107FC0000F9800780E990978884224D0FFE7FFE7E0
:107FD0001098D0F814C00F9909780E9A13786A4651
:107FE000D360916048F6A621C1F20201516048F6C3
:107FF0009A21C1F20201116048F6FA01C1F20201B0
:1080000049F2A662C1F202023423E047FFE70120F1
:108010008DF8470066E0FFE7FFE70F980078072834
:108020005CD1FFE7FFE70E98006918B3FFE7FFE7B1
:108030001098D0F814C00E9909696A460023D360DD
:10804000916046F6AA61C1F20201516048F6F571ED
:10805000C1F20201116048F6FA01C1F2020149F2CF
:10806000A662C1F202023923E047FFE701208DF842
:10807000470037E0FFE74FF6FF700A9011F048FE27
:1080800005900DF1270012F061FA024605980D994E
:108090008B6A9FED160ADFED160ACDED060A002168
:1080A0000791FDF7BFFB11F037FE08900DF1260098
:1080B00012F062FADDED060A0799024608980D9B58
:1080C000DB6A9FED0C0AFDF7ADFB0E9800690D9978
:1080D000C8610E98C0680D990862FFE700208DF80E
:1080E0004700FFE79DF8470012B080BDA00020398F
:1080F000800000388000803780B582B00090009802
:108100004069202804D1FFE700988069019005E0CC
:10811000009840690CF01EF80190FFE7019802B04A
:1081200080BD000084B003900291019200930398F7
:1081300008B1FFE701E0FAF7D7FA029808B1FFE7C4
:1081400001E0FAF7D1FA019808B1FFE701E0FAF788
:10815000CBFA009808B1FFE701E0FAF7C5FA04B0DE
:108160007047000082B00190009101980099016071
:1081700002B0704780B582B001900091019800680C
:10818000009902685268904702B080BD80B586B001
:108190000190059105980090006806F017FE0146D1
:1081A00000980291016804A80390FFF7DBFF019893
:1081B0000299039A11F0E4FB06B080BD80B586B049
:1081C0000190059105980090006806F015FE0146A3
:1081D00000980291016804A80390FFF7C3FF01987B
:1081E0000299039A11F01AFC06B080BD80B586B0E2
:1081F0000190059105980090006806F011FE014677
:1082000000980291016804A80390FFF7ABFF019862
:108210000299039A11F050FC06B080BD80B586B07B
:108220000190059105980090006806F00DFE01464A
:1082300000980291016804A80390FFF793FF01984A
:108240000299039A11F086FC06B080BD80B586B015
:108250000190059105980090006806F005FE014622
:1082600000980291016804A80390FFF77BFF019832
:108270000299039A11F0BCFC06B080BD80B586B0AF
:108280000190059105980090006806F003FE0146F4
:1082900000980291016804A80390FFF763FF01981A
:1082A0000299039A11F0F2FC06B080BD82B00190F1
:1082B000009101980099016002B0704782B001906E
:1082C000009102B07047000080B584B00390029125
:1082D0000192039840680299019A03689B68984745
:1082E00004B080BD80B584B00390029103980190E2
:1082F00006F0E0FD019845F63461C1F20201083153
:1083000001600299416004B080BD000080B582B078
:1083100001900198009000F007F80098082112F0F1
:1083200035F902B080BD000080B582B0019001989F
:10833000009006F0CFFD009802B080BD80B588B0F7
:10834000DDF828C00690059104920393059870B952
:10835000FFE7FFE703980A9A48F2CA31C1F2020127
:1083600000F030FFFFE701208DF81F0032E0059894
:1083700010F060FC029002980699B0EB910F0ED9B4
:10838000FFE7FFE703980A9A48F28931C1F2020138
:1083900000F018FFFFE701208DF81F001AE0002011
:1083A0000190FFE70198029988420DD2FFE70598F6
:1083B000019910F015FC0499019A41F82200FFE799
:1083C000019801300190EDE7FFE7FFE700208DF80D
:1083D0001F00FFE79DF81F0008B080BD80B58CB07E
:1083E0000DF1180CCDF804C0DDF840C0DDF83CC03C
:1083F000DDF838C00A908DF82710089207930E9880
:10840000C06806900E98006905909DF82700012825
:1084100022D1FFE7FFE701990A9891ED000A05993B
:10842000DFED580A04AA00F051FC8DF80F009DF80A
:108430000F0028B1FFE79DF80F008DF82F009CE09A
:10844000FFE708A804A911F061FE00680F99086011
:108450000798109908608CE09DF8270003283DD10B
:10846000FFE7FFE701990A9891ED000A0599DFED12
:10847000450A04AA00F02AFC8DF80E009DF80E00B3
:1084800028B1FFE79DF80E008DF82F0075E0FFE79B
:1084900008A804A911F03AFE00680F990860FFE7E8
:1084A00001990A9891ED000A0599F1EE080A04AACB
:1084B00000F00CFC8DF80D009DF80D0028B1FFE7D1
:1084C0009DF80D008DF82F0057E0FFE707A804A9DD
:1084D00011F0BCFE00681099086049E09DF8270083
:1084E00002283DD1FFE7FFE701990A9891ED000AC4
:1084F0000599FFEE000A04AA00F0E8FB8DF80C00D5
:108500009DF80C0028B1FFE79DF80C008DF82F00B6
:1085100033E0FFE708A804A911F0F8FD00680F99FF
:108520000860FFE701990A9891ED000A0599F7EEB6
:10853000000A04AA00F0CAFB8DF80B009DF80B009E
:1085400028B1FFE79DF80B008DF82F0015E0FFE73D
:1085500007A804A911F07AFE00681099086006E0E7
:1085600008980F990860079810990860FFE7FFE7DF
:10857000FFE700208DF82F00FFE79DF82F000CB0DB
:1085800080BD00BF0000000010B58AB008900791C0
:108590000798406908B1FFE701E0FAF7A5F80798E6
:1085A000406906900798006908B1FFE701E0FAF713
:1085B0009BF80798006905900898079945F6885236
:1085C000C1F2020212680EF0DFF8049008980799D1
:1085D00045F68C52C1F2020212680EF003F90390C4
:1085E0000498007A01460291012808D0FFE702981A
:1085F000072822D0FFE7029809280FD02CE008981E
:108600000799069A059BDDF810C0039CEE46CEF84C
:108610000440CEF800C006F08DFA2CE008980799C7
:10862000069A059BDDF810C0039CEE46CEF8044088
:10863000CEF800C00BF0E2FD1DE008980799069AFD
:10864000059BDDF810C0039CEE46CEF80440CEF842
:1086500000C00BF027FE0EE00498007AFCF73EF90C
:10866000014648F62870C1F20200FCF7EDF901203E
:108670008DF8270003E000208DF82700FFE79DF824
:1086800027000AB010BD00002DE9F043ADF2844D83
:10869000CDF87C04CDF87814DDF87C04DDF878148E
:1086A00045F67C52C1F2020212680EF06DF8CDF868
:1086B0007404DDF87C04DDF8781445F68452C1F2C8
:1086C000020212680EF060F8CDF87004DDF878044C
:1086D0000EF09EFE03280DD1FFE7DDF87C04DDF8E7
:1086E000781445F67852C1F2020212680EF04CF886
:1086F000359002E000203590FFE73598CDF86C0406
:10870000DDF87C04DDF8781445F68052C1F20202EF
:1087100012680EF067F8CDF86804DDF87804406957
:1087200008B1FFE701E0F9F7DFFFDDF87804406901
:10873000CDF86404DDF87804006908B1FFE701E0D2
:10874000F9F7D2FFDDF878040069CDF86004DDF8B0
:108750007404007A01463491012809D0FFE7349867
:1087600007286ED0FFE73498092800F07D817DE26C
:10877000DDF86414DDF860240DF585602D9004F0BB
:108780005BF9DDF874140DF20C4033900EF0BEF876
:10879000DDF874040EF05AF82E90DDF87014FCA881
:1087A00032900EF0B3F8DDF870040EF04FF82C9014
:1087B000DDF86C14F5AC319420460EF0A7F8DDF826
:1087C0006C040EF017F90546DDF86814EEAE30962D
:1087D00030460EF09BF8DDF868040EF043F80746CB
:1087E0000DF56778CDF8BC804FF00009404649464A
:1087F0000EF08CF8DDF8B0C02D982E9A329B33998C
:10880000EE46CEF81890CEF81480CEF81070CEF860
:108810000C60CEF80850CEF80440CEF800C002F04C
:108820006BF82F98FDF760FD3098FDF75DFD3198EE
:10883000FDF75AFD3298FDF757FD3398FDF754FDCB
:1088400027E2DDF86C04F8B1FFE7DDF86C04007A8C
:10885000022819D0FFE7DDF86C04007A042813D051
:10886000FFE7DDF86C04007AFCF738F80146DDF824
:108870006C04027A48F6B600C1F20200FCF7E4F894
:1088800001208DF8830408E2DDF86C0440B1FFE7B5
:10889000DDF86C04017A012002292B9012D0FFE749
:1088A000DDF86C1400202A9049B9FFE7DDF8640474
:1088B000007E0238B0FA80F040092A90FFE72A983B
:1088C0002B90FFE72B9800F001008DF89B039DF89B
:1088D0009B03C007002863D0FFE7DDF86414DDF8D0
:1088E0006024D8A8259005F033FCDDF86004416AC7
:1088F0002391806A2490DDF87414D1A829900EF099
:1089000005F8DDF874040DF0E9FF2290DDF870142D
:10891000CAAC289420460DF0F9FFDDF870040DF084
:108920007DFF0546DDF86C14C3AE279630460DF08A
:10893000EDFFDDF86C040EF06DF80746DDF8681405
:108940000DF53C78CDF8988040460DF0DFFFDDF85E
:1089500068040DF0CFFFDDF888C02399249A299B85
:1089600081462598EE46CEF81890CEF81480CEF8C1
:108970001070CEF80C60CEF80850CEF80440CEF857
:1089800000C008F069FF2698FDF7AEFC2798FDF7B8
:10899000ABFC2898FDF7A8FC2998FDF7A5FC62E040
:1089A000DDF86414DDF86024AEA81D9005F0D0FB5E
:1089B000DDF86004416A1B91806A1C90DDF8741434
:1089C000A7A821900DF0A2FFDDF874040DF086FF3A
:1089D0001A90DDF87014A0AC209420460DF096FF9C
:1089E000DDF870040DF01AFF0546DDF86C1499AE41
:1089F0001F9630460DF08AFFDDF86C040EF01AF871
:108A00000746DDF868140DF51278CDF878804046F9
:108A10000DF07CFFDDF868040DF06CFFDDF868C038
:108A20001B991C9A219B81461D98EE46CEF8189002
:108A3000CEF81480CEF81070CEF80C60CEF8085046
:108A4000CEF80440CEF800C009F0C6F81E98FDF735
:108A50004BFC1F98FDF748FC2098FDF745FC21983A
:108A6000FDF742FCFFE714E1DDF87004007A0146EF
:108A70001991092800F08380FFE71998122840F027
:108A8000E180FFE7DDF87C04426CDDF86014496B9F
:108A900090479190DDF870040DF0C0FE0F90DDF866
:108AA00070148AA810900DF031FF109810F04CF956
:108AB00001460F98919A00F023FB1098FDF714FCE3
:108AC000DDF86414DDF860247CA8149005F040FB08
:108AD000DDF86004416A1291806A1390DDF8741425
:108AE00075A818900DF012FFDDF874040DF096FED5
:108AF0001190DDF870146EAC179420460DF006FF4F
:108B0000919DDDF86C1467AE169630460DF0FEFEB2
:108B1000DDF86C040DF07EFF0746DDF868140DF5F6
:108B2000C078CDF8548040460DF0F0FEDDF86804C2
:108B30000DF080FEDDF844C01299139A189B81460F
:108B40001498EE46CEF81890CEF81480CEF8107037
:108B5000CEF80C60CEF80850CEF80440CEF800C035
:108B600008F0A4FC1598FDF7BFFB1698FDF7BCFBB9
:108B70001798FDF7B9FB1898FDF7B6FB75E0DDF81F
:108B80006414DDF8602452A80A9005F0E1FADDF8DB
:108B90006004416A0891806A0990DDF874144BA85A
:108BA0000E900DF0B3FEDDF874040DF037FE079063
:108BB000DDF8701444AC0D9420460DF0A7FEDDF8EE
:108BC00070040DF02BFE0546DDF86C143DAE0C96DE
:108BD00030460DF09BFEDDF86C040DF01BFF0746E0
:108BE000DDF868140DF1D808CDF82C8040460DF062
:108BF0008DFEDDF868040DF01DFEDDF81CC008993F
:108C0000099A0E9B81460A98EE46CEF81890CEF847
:108C10001480CEF81070CEF80C60CEF80850CEF864
:108C20000440CEF800C008F041FC0B98FDF75CFB57
:108C30000C98FDF759FB0D98FDF756FB0E98FDF7C4
:108C400053FB12E0DDF87004007AFBF747FE0146A3
:108C5000DDF87004027A48F6D700C1F20200FBF793
:108C6000F3FE01208DF8830417E012E0DDF87404B0
:108C7000007AFBF733FE0146DDF87404027A48F609
:108C80009A00C1F20200FBF7DFFE01208DF8830499
:108C900003E000208DF88304FFE79DF883040DF2C4
:108CA000844DBDE8F083000080B584B0039002914C
:108CB00001920398806B08B1FFE701E0F9F714FD1A
:108CC0000398826B2021904704B080BD80B58EB0A0
:108CD00007AB0393034603980C9380ED040A0A91B3
:108CE000C0ED020A089290ED020A90ED041A80EE9F
:108CF000010AFCF7EFFF039880ED000A90ED000AEF
:108D00008DED040A11F000F89DED040A01EE100A41
:108D1000B8EEC11A0020B4EE410AF1EE10FA059047
:108D200016DBFFE7039890ED000A8DED020A10F0C4
:108D3000E7FF9DED020A01EE100AB8EEC11A00200D
:108D4000B4EE410AF1EE10FAD8BF01200590FFE71A
:108D5000059800F001008DF81B00FFE79DF81B004F
:108D6000C007D0B9FFE7FFE70C98D0F814C049F668
:108D70009251C1F202016A46116048F20E51C1F2ED
:108D8000020149F63452C1F2020240F2B513E04743
:108D9000FFE701208DF837000FE0FFE703990A98FD
:108DA00091ED000ABDEEC00A10EE101A08440899B1
:108DB000086000208DF83700FFE79DF837000EB0FF
:108DC00080BD000080B5BEB03C903B913B980069EF
:108DD00008B1FFE701E0F9F787FC3B9800693A909A
:108DE0003C983B9945F69052C1F2020212680DF090
:108DF000CBFC39903C983B9945F69452C1F2020263
:108E000012680DF0EFFC38903998007A01460D9108
:108E1000012808D0FFE70D9807284CD0FFE70D98F0
:108E2000092821D06EE0399931A80C900DF06EFD23
:108E300039980DF00BFD0A9038992AA80B900DF087
:108E400065FD38980DF00EFD0A990B9A03460C98B3
:108E50000EF096FB0B98FDF747FA0C98FDF744FAD5
:108E600000208DF8F7005CE03A980790399923A824
:108E700009900DF04BFD38991CA808900DF046FDA7
:108E800039980DF0CBFC069038980DF0D3FC069B7A
:108E9000089A099984460798EE46CEF800C000F07B
:108EA00007FA0898FDF720FA0998FDF71DFA002047
:108EB0008DF8F70035E03A980390399915A8059098
:108EC0000DF024FD38990EA804900DF01FFD39987F
:108ED0000DF004FD029038980DF00CFD029B049AF1
:108EE000059984460398EE46CEF800C000F022FAB9
:108EF0000498FDF7F9F90598FDF7F6F900208DF8CB
:108F0000F7000EE03998007AFBF7E8FC014649F2D9
:108F10000F00C1F20200FBF797FD01208DF8F7006A
:108F2000FFE79DF8F7003EB080BD000080B584B03B
:108F30000390029101920398806B08B1FFE701E072
:108F4000F9F7D2FB0398826B1C21904704B080BDD7
:108F500010B5C0B03E903D913D98006908B1FFE763
:108F600001E0F9F7C1FB3D9800693C903E983D99BE
:108F700045F69052C1F2020212680DF005FC3B90DA
:108F80003E983D9945F69452C1F2020212680DF0E6
:108F900029FC3A903B98007A01460F91012808D0AD
:108FA000FFE70F98072855D0FFE70F98092821D031
:108FB00080E03B9933A80E900DF0A8FC3B980DF093
:108FC00045FC0C903A992CA80D900DF09FFC3A9816
:108FD0000DF048FC0C990D9A03460E98FCF7D0F959
:108FE0000D98FDF781F90E98FDF77EF900208DF8B8
:108FF000FF006EE03C9890F90410099190F9000090
:1090000007903B9925A80B900DF080FC3B980DF044
:1090100005FC08903A991EA80A900DF077FC3A9842
:109020000DF008FC0799089BDDF828C00B9A044650
:109030000998EE46CEF80440CEF800C003F04EFB8F
:109040000A98FDF751F90B98FDF74EF900208DF8BD
:10905000FF003EE03C98B0F900100291B0F9040026
:1090600004903B9917A806900DF050FC3B980DF02A
:1090700035FC03903A9910A805900DF047FC3A98FA
:109080000DF038FC0299039BDDF814C0069A0446E3
:109090000498EE46CEF80440CEF800C003F068FB1A
:1090A0000598FDF721F90698FDF71EF900208DF8C7
:1090B000FF000EE03B98007AFBF710FC014649F2F6
:1090C0000F00C1F20200FBF7BFFC01208DF8FF008A
:1090D000FFE79DF8FF0040B010BD000080B584B0F0
:1090E0000390029101920398806B08B1FFE701E0C1
:1090F000F9F7FAFA0398826B0821904704B080BD13
:1091000085B004900391029200200190FFE701983E
:10911000039901EBD171B0EB610F23DAFFE70498FB
:109120000199405C8DF803009DF80300000140B2F6
:1091300000098DF802009DF9030000098DF8010077
:109140009DF802000299019A01F812009DF80100B1
:109150000299019A01EB42014870FFE70198013042
:109160000190D4E7039800EBD07121F00101401A7F
:1091700070B1FFE70498039901EBD1725210805C43
:10918000000140B20009029A114401F8010CFFE706
:1091900005B0704781B080B587B0099306900591FE
:1091A0000492069809A903910499039A0192019ADD
:1091B00003689B6898470290029807B0BDE880401A
:1091C00001B0704782B080B586B0099308920590CF
:1091D0000491059808A903910499039A0192019AB0
:1091E00003689B6898470290029806B0BDE88040EB
:1091F00002B0704781B00090009845F64C61C1F212
:1092000002010831016001B07047000081B0009098
:10921000FEDE000081B00090009801B070470000B1
:1092200080B588B0079006910592079804F070FA0F
:10923000049006980499401A0599086007980499C3
:10924000884000F10040039003980EF005FA019069
:1092500001980EF0E5FD029002A80EF0F7F9006803
:1092600008B080BD81B0009000988068006801B0AF
:109270007047000084B00390029101920093002097
:1092800004B0704780B582B06A4600215160116019
:1092900048F62D71C1F2000145F6F122C1F200023B
:1092A00048F6C553C1F200030DF054FA02B080BD78
:1092B00080B58AB0DDF830C0099008910792069316
:1092C0000898079903F060FC059000200490FFE7E0
:1092D0000498059988422ADAFFE7069804994056CF
:1092E0000390099A0398D3681169009151699269B2
:1092F000C01A0CF001FE014600980844029009983B
:10930000043002A9019110F001FF01990068029058
:109310000998083010F09AFF0068029002980C99A2
:10932000049A8854FFE7049801300490D0E70AB00B
:1093300080BD000080B58AB0DDF830C0099008918A
:10934000079206930898079903F01EFC05900020E9
:109350000490FFE70498059988422CDAFFE7069805
:10936000049930F911000390099A0398D3681169A0
:10937000009151699269C01A0CF0BEFD0146009837
:10938000084402900998043002A9019110F0BEFE31
:109390000199006802900998083010F057FF0068A2
:1093A000029002980C99049A21F81200FFE70498A1
:1093B00001300490CEE70AB080BD000080B58EB0C9
:1093C000DDF840C00D900C910B920A930D988068C7
:1093D00009900D9890ED000B8DED060B0C980A99F5
:1093E00003F0D2FB059000200490FFE70498059954
:1093F000884228DAFFE70B980499405603909DEDC8
:10940000060B8DED000B03980999401A13F099F89B
:109410009DED000B41EC110B53EC112B51EC100B9B
:1094200013F070F941EC100B51EC100B12F0DCFD55
:10943000029002981099049A41F82200FFE70498DC
:1094400001300490D2E70EB080BD000080B58EB030
:10945000DDF840C00D900C910B920A930D98806836
:1094600009900D9890ED000B8DED060B0C980A9964
:1094700003F08AFB059000200490FFE7049805990B
:10948000884228DAFFE70B980499405C03909DED31
:10949000060B8DED000B03980999401A13F051F853
:1094A0009DED000B41EC110B53EC112B51EC100B0B
:1094B00013F028F941EC100B51EC100B12F094FD55
:1094C000029002981099049A41F82200FFE704984C
:1094D00001300490D2E70EB080BD000080B58EB0A0
:1094E000DDF840C00D900C910B920A930D988068A6
:1094F00009900D9890ED000B8DED060B0C980A99D4
:1095000003F042FB059000200490FFE704980599C2
:10951000884229DAFFE70B98049930F9110003908B
:109520009DED060B8DED000B03980999401A13F081
:1095300008F89DED000B41EC110B53EC112B51EC95
:10954000100B13F0DFF841EC100B51EC100B12F084
:109550004BFD029002981099049A41F82200FFE70F
:10956000049801300490D1E70EB080BD80B58CB076
:10957000DDF840C0DDF83CC0DDF838C00B900A9142
:109580000992089349F20131C1F202010DF11F0065
:10959000FBF7BAFE09990020B1F1804F019007D185
:1095A000FFE708980138B0FA80F040090190FFE722
:1095B000019800F001008DF81E009DF81E00C00704
:1095C00050B1FFE700208DF81D008DF81C000E98AB
:1095D0000F99401A0690FFE700200590FFE70598D5
:1095E0000A99884226DAFFE70B98059940560E99AA
:1095F000401A049004980999089A0CF07DFC0F9980
:109600000844039046F2E401C1F2020103A810F0FD
:109610001DFE46F2E801C1F2020110F077FD00687C
:10962000029002981099059A8854FFE70598013036
:109630000590D4E70DF11F00FBF76CFE0CB080BD68
:1096400080B58EB0DDF848C0DDF844C0DDF840C01C
:109650000D900C910B920A9349F20131C1F2020173
:109660000DF12700FBF750FE0B990020B1F1804F60
:10967000019007D1FFE70A980138B0FA80F040095D
:109680000190FFE7019800F001008DF826009DF899
:109690002600C00730B3FFE701208DF82500002029
:1096A0008DF8240010981199401A0890089880307D
:1096B000B8B9FFE700200790FFE707980C998842A8
:1096C0000CDAFFE70D98079A805C80F08000129911
:1096D0008854FFE7079801300790EEE701200690D5
:1096E00031E0FFE700200590FFE705980C998842DC
:1096F00026DAFFE70D98059940561099401A049014
:1097000004980B990A9A0CF0F7FB119908440390FE
:1097100046F2EC01C1F2020103A810F097FD46F2F7
:10972000F001C1F2020110F0F1FC00680290029811
:109730001299059A8854FFE7059801300590D4E7FF
:1097400000200690FFE70DF12700FBF7E3FD0EB0C8
:1097500080BD000080B58CB0DDF840C0DDF83CC0B5
:10976000DDF838C00B900A910992089349F2013153
:10977000C1F202010DF11F00FBF7C6FD099900209F
:10978000B1F1804F019007D1FFE708980138B0FA96
:1097900080F040090190FFE7019800F001008DF88A
:1097A0001E009DF81E00C00750B1FFE700208DF895
:1097B0001D008DF81C000E980F99401A0690FFE7C7
:1097C00000200590FFE705980A99884227DAFFE70D
:1097D0000B98059940560E99401A049004980999DF
:1097E000089A0CF089FB0F990844039046F2F401A3
:1097F000C1F2020103A810F029FD46F2F801C1F2FE
:10980000020110F083FC0068029002981099059AFA
:1098100041F82200FFE7059801300590D3E70DF1EC
:109820001F00FBF777FD0CB080BD000080B58CB049
:10983000DDF840C0DDF83CC0DDF838C00B900A917F
:109840000992089349F20131C1F202010DF11F00A2
:10985000FBF75AFD09990020B1F1804F019007D123
:10986000FFE708980138B0FA80F040090190FFE75F
:10987000019800F001008DF81E009DF81E00C00741
:1098800050B1FFE700208DF81D008DF81C000E98E8
:109890000F99401A0690FFE700200590FFE7059812
:1098A0000A99884227DAFFE70B98059940560E99E6
:1098B000401A049004980999089A0CF01DFB0F991E
:1098C0000844039046F2FC01C1F2020103A810F023
:1098D000BDFC46F20011C1F2020110F017FC006855
:1098E000029002981099059A21F81200FFE7059856
:1098F00001300590D3E70DF11F00FBF70BFD0CB015
:1099000080BD000080B58EB0DDF848C0DDF844C0F1
:10991000DDF840C00D900C910B920A9349F2013191
:10992000C1F202010DF12700FBF7EEFC0B990020BC
:10993000B1F1804F019007D1FFE70A980138B0FAE2
:1099400080F040090190FFE7019800F001008DF8D8
:1099500026009DF82600C00730B3FFE700208DF8F1
:10996000250001208DF8240010981199401A0890C4
:109970000898802817D1FFE700200790FFE7079895
:109980000C9988420CDAFFE70D98079A805C80F00A
:10999000800012998854FFE7079801300790EEE79E
:1099A0000120069031E0FFE700200590FFE70598D1
:1099B0000C99884226DAFFE70D980599405C1099CA
:1099C000401A049004980B990A9A0CF095FA119990
:1099D0000844039046F20411C1F2020103A810F0FA
:1099E00035FC46F20811C1F2020110F08FFB00684D
:1099F000029002981299059A8854FFE70598013061
:109A00000590D4E700200690FFE70DF12700FBF753
:109A100081FC0EB080BD000080B58CB0DDF840C088
:109A2000DDF83CC0DDF838C00B900A91099208932C
:109A300049F20131C1F202010DF11F00FBF764FC94
:109A400009990020B1F1804F019007D1FFE70898F4
:109A50000138B0FA80F040090190FFE7019800F06A
:109A600001008DF81E009DF81E00C00750B1FFE7F1
:109A700000208DF81D008DF81C000E980F99401ADB
:109A80000690FFE700200590FFE705980A998842B5
:109A900027DAFFE70B98059950F821000E99401A34
:109AA000049004980999089A0CF026FA0F99084432
:109AB000039046F20C11C1F2020103A810F0C6FB9C
:109AC00046F21011C1F2020110F020FB0068029072
:109AD00002981099059A8854FFE70598013005907F
:109AE000D3E70DF11F00FBF715FC0CB080BD0000A3
:109AF00080B58CB0DDF840C0DDF83CC0DDF838C082
:109B00000B900A910992089349F20131C1F20201C6
:109B10000DF11F00FBF7F8FB09990020B1F1804F10
:109B2000019007D1FFE708980138B0FA80F04009AA
:109B30000190FFE7019800F001008DF81E009DF8EC
:109B40001E00C00750B1FFE700208DF81D008DF802
:109B50001C000E980F99401A0690FFE70020059010
:109B6000FFE705980A99884228DAFFE70B980599DC
:109B700050F821000E99401A049004980999089A07
:109B80000CF0BAF90F990844039046F21411C1F28F
:109B9000020103A810F05AFB46F21811C1F20201AB
:109BA00010F0B4FA0068029002981099059A21F812
:109BB0001200FFE7059801300590D2E70DF11F0074
:109BC000FBF7A8FB0CB080BD80B58CB0DDF840C0C1
:109BD000DDF83CC0DDF838C00B900A91099208937B
:109BE00049F20131C1F202010DF11F00FBF78CFBBC
:109BF00009990020B1F1804F019007D1FFE7089843
:109C00000138B0FA80F040090190FFE7019800F0B8
:109C100001008DF81E009DF81E00C00750B1FFE73F
:109C200000208DF81D008DF81C000E980F99401A29
:109C30000690FFE700200590FFE705980A99884203
:109C400027DAFFE70B98059930F911000E99401AB1
:109C5000049004980999089A0CF04EF90F99084459
:109C6000039046F21C11C1F2020103A810F0EEFAB3
:109C700046F22011C1F2020110F048FA0068029089
:109C800002981099059A8854FFE7059801300590CD
:109C9000D3E70DF11F00FBF73DFB0CB080BD0000CA
:109CA00080B58CB0DDF840C0DDF83CC0DDF838C0D0
:109CB0000B900A910992089349F20131C1F2020115
:109CC0000DF11F00FBF720FB09990020B1F1804F37
:109CD000019007D1FFE708980138B0FA80F04009F9
:109CE0000190FFE7019800F001008DF81E009DF83B
:109CF0001E00C00750B1FFE700208DF81D008DF851
:109D00001C000E980F99401A0690FFE7002005905E
:109D1000FFE705980A99884228DAFFE70B9805992A
:109D200030F911000E99401A049004980999089A84
:109D30000CF0E2F80F990844039046F22411C1F2A6
:109D4000020103A810F082FA46F22811C1F20201C2
:109D500010F0DCF90068029002981099059A41F819
:109D60002200FFE7059801300590D2E70DF11F00B2
:109D7000FBF7D0FA0CB080BD80B58CB0DDF840C0E8
:109D8000DDF83CC0DDF838C00B900A9109920893C9
:109D900049F20131C1F202010DF11F00FBF7B4FAE3
:109DA00009990020B1F1804F019007D1FFE7089891
:109DB0000138B0FA80F040090190FFE7019800F007
:109DC00001008DF81E009DF81E00C00750B1FFE78E
:109DD00000208DF81D008DF81C000E980F99401A78
:109DE0000690FFE700200590FFE705980A99884252
:109DF00028DAFFE70B98059930F911000E99401AFF
:109E0000049004980999089A0CF076F80F99084480
:109E1000039046F22C11C1F2020103A810F016FAC9
:109E200046F23011C1F2020110F070F900680290A0
:109E300002981099059A21F81200FFE70598013061
:109E40000590D2E70DF11F00FBF764FA0CB080BD5E
:109E500080B5ACB0DDF8B8C02A902991289227933C
:109E600029980EF049FF042801D1FFE701E0F8F737
:109E70003BFC27980EF040FF042801D1FFE701E0EA
:109E8000F8F732FC2998279A002307931946FBF725
:109E9000E3FC26902998279A03231946FBF7DCFC5C
:109EA00025902998012105910EF02CFF24902998E6
:109EB000022106910EF026FF0599239027980EF0B7
:109EC00021FF0699229027980EF01CFF0146079863
:109ED00021912A99C96820912A9909691F911E9098
:109EE000FFE71E982699884280F2EB80FFE700206A
:109EF0001D90FFE71D982299884280F2DD80FFE7E0
:109F000000201C90FFE71C982199884280F2CF80A6
:109F1000FFE700201B90FFE71B982599884280F2FD
:109F2000C180FFE71C981F9900FB01F02A99B1F945
:109F30000210401A1A901D98209900FB01F02A99EE
:109F4000B1F90410401A19900020049017901A9843
:109F50004042169017A816A910F0D8F8006818907B
:109F60002A98183023991A9A891A149114A910F072
:109F70006DF90146049809681591129019984042AC
:109F8000119012A811A910F0C1F8006813902A9836
:109F900014302499199A891A0F910FA910F056F9C3
:109FA00001460498096810910E900D9013980C903A
:109FB000FFE70C98109988423BDAFFE718980B905E
:109FC000FFE70B98159988422EDAFFE71A980B994C
:109FD00008440A9019980C9908440990289803900D
:109FE00029981E99099A0A9BDDF86CC0EE46CEF8B6
:109FF00000C00CF0C7FD0146039800EB810090ED16
:10A00000001A9DED0E0A30EE010A8DED0E0A9DED4F
:10A010000D0AB7EE001A30EE010A8DED0D0AFFE7CA
:10A020000B9801300B90CCE7FFE70C9801300C90B7
:10A03000BFE79DED0D0AB5EE400AF1EE10FA04D12E
:10A04000FFE700208DF8AF003FE09DED0E0A9DED8B
:10A050000D1A80EE010A8DED080A9DED080A2A9876
:10A06000D0ED090A90ED0A1A0BF020FB8DED010AE4
:10A070002E98029027981E991D9A1C9BDDF86CC0A3
:10A08000EE46CEF800C00CF07DFD9DED010A0146C4
:10A09000029800EB810080ED000AFFE71B98013079
:10A0A0001B9039E7FFE71C9801301C902BE7FFE776
:10A0B0001D9801301D901DE7FFE71E9801301E908E
:10A0C0000FE701208DF8AF00FFE79DF8AF002CB03F
:10A0D00080BD000010B59EB0DDF880C01D901C91C1
:10A0E0001B921A931C980EF007FE013819901C98C9
:10A0F00019991A9A0AF04EF818901C98199B1A9AF6
:10A100001946FBF7A9FB179000201690FFE7169859
:10A110001899884280F2E280FFE70FF0FDFDADF86C
:10A12000560000201490FFE714981799884214DA1B
:10A13000FFE71B981699179A149B01FB023100EB5D
:10A1400041010DF1560010F001F80088ADF85600FD
:10A15000FFE7149801301490E6E70020139020994F
:10A16000169A179B02FB03F201EB42011291119028
:10A17000FFE71198179988421FDAFFE71D981B998E
:10A18000179ABDF95630DDF858C0119CEE46CEF84E
:10A190000440CEF800C000F071FB1299119A21F82A
:10A1A00012001298119930F9111013980844139065
:10A1B000FFE7119801301190DBE7139803F0A8FA3C
:10A1C0008DF843001398C1179DF84320531E01FAE0
:10A1D00003FCC2F1210120FA01F141EA0C01213A0C
:10A1E00000FA02FC002A58BF61469840002A58BF76
:10A1F000002010F5005041F10001800B40EA814041
:10A200000F900F98A0F5C0300E9048F20000CFF6E6
:10A21000FF700C900EA80CA90FF078FF47F6FF71A5
:10A220000B910BA910F012F80068ADF83600BDF9DB
:10A2300036001D99C96A0DF097F8ADF82A00002084
:10A240000990FFE709981799884242DAFFE79DF8DD
:10A250004300C0F11F008DF823009DF82300411E2C
:10A26000012000FA01F1C817069107901298099988
:10A2700030F91120BDF92A3006980799C2FB030175
:10A280009DF82320C2F1200301FA03F3D0401843C4
:10A29000203A1141002A58BF08460590002004903A
:10A2A00005A804A90FF032FF47F6FF71039103A937
:10A2B0000FF0CCFF00682099169A179BDDF824C098
:10A2C00002FB03C221F81200FFE709980130099050
:10A2D000B8E7FFE716980130169018E71EB010BDDA
:10A2E00080B5AEB0DDF8D0C0DDF8CCC0DDF8C8C0B8
:10A2F000DDF8C4C0DDF8C0C02D902C912B922A93BC
:10A300002D98B0F90A0029902D98B0F90C002890EA
:10A310002D98B0F90E0027902D98B0F910002690D6
:10A320002D98B0F9020025902D98B0F904002490E2
:10A330002D98B0F9120023902D98006B22902D9843
:10A34000406B21902C980EF0D7FC042801D1FFE738
:10A3500001E0F8F7C9F92A980EF0CEFC042801D1E3
:10A36000FFE701E0F8F7C0F933980EF0C5FC0428C8
:10A3700001D1FFE701E0F8F7B7F92C98339A0023F1
:10A380001946FBF769FA20902A98339A032305931C
:10A390001946FBF761FA1F902C98012106910EF0E7
:10A3A000B1FC1E902C98022107910EF0ABFC059990
:10A3B0001D902C980EF0A6FC06991C902A980EF081
:10A3C000A1FC07991B902A980EF09CFC06991A9004
:10A3D00033980EF097FC0799199033980EF092FC81
:10A3E00018901F981C99239A01FB02F1884201D111
:10A3F000FFE701E0F8F778F931980EF0A5FC1F9916
:10A40000884201D1FFE701E0F8F76EF900201790CC
:10A41000FFE717982099884280F2E980FFE7002043
:10A420001690FFE716981999884280F2DB80FFE7C3
:10A4300000201590FFE715981899884280F2CD808A
:10A44000FFE700201490FFE714981C99884280F2DF
:10A45000BF80FFE700201390FFE7139823998842FD
:10A4600080F2B180FFE7139A1498239900FB012032
:10A4700012901598299900FB01F02599401A119026
:10A480001698289900FB01F02499401A109000209A
:10A490000F900E90FFE70E981B99884260DAFFE755
:10A4A00000200D90FFE70D981A99884253DAFFE7D4
:10A4B000119A27980D9900FB01200C90109A26986C
:10A4C0000E9900FB01200B900C9800283ED4FFE76A
:10A4D0000C981D99884239DAFFE70B98002835D48B
:10A4E000FFE70B981E99884230DAFFE72B9803901C
:10A4F0002C9817990B9A0C9BDDF850C0EE46CEF8BD
:10A5000000C00CF03FFB0146039850F821000A9070
:10A51000309804902A980E9A0D9B1299EC46CCF82C
:10A52000001000210CF02EFB0146049850F8210089
:10A5300009909DED0A0A9DED092A9DED0F1A20EE66
:10A54000020A30EE010A8DED0F0AFFE7FFE70D98D2
:10A5500001300D90A7E7FFE70E9801300E909AE7C3
:10A5600000200890329830B1FFE73298129950F8E5
:10A5700021000890FFE79DED0F0A9DED081A30EECF
:10A58000010ADDED220A9DED211A0BF08FF88DED09
:10A59000010A3498029033981799169A159BDDF8A2
:10A5A00048C0EE46CEF800C00CF0ECFA9DED010A72
:10A5B0000146029800EB810080ED000AFFE7139846
:10A5C0000130139049E7FFE71498013014903BE7FE
:10A5D000FFE71598013015902DE7FFE71698013039
:10A5E00016901FE7FFE717980130179011E72EB07C
:10A5F00080BD000080B58EB0DDF840C00D900C919C
:10A600000B920A930D98006809900D9890ED020B3B
:10A610008DED060B0C980A9902F0B6FA0590002011
:10A620000490FFE704980599884236DAFFE70B9813
:10A63000049950F8210003909DED030A8DED000A66
:10A640009DED060B51EC100B11F0CEFC9DED000AB8
:10A6500001EE100A80EE010AFBF73CFBBDEEC00ADA
:10A6600010EE100A09990844029046F23811C1F21E
:10A67000020102A80FF04AFD46F23411C1F20201B4
:10A680000FF0E4FD0068019001981099049A885435
:10A69000FFE7049801300490C4E70EB080BD0000CD
:10A6A00080B58EB0DDF840C00D900C910B920A93EE
:10A6B0000D98006809900D9890ED020B8DED060B3A
:10A6C0000C980A9902F060FA059000200490FFE7C8
:10A6D00004980599884237DAFFE70B98049950F8F7
:10A6E000210003909DED030A8DED000A9DED060B00
:10A6F00051EC100B11F078FC9DED000A01EE100AF0
:10A7000080EE010AFBF7E6FABDEEC00A10EE100A71
:10A7100009990844029046F24011C1F2020102A8D0
:10A720000FF0F4FC46F23C11C1F202010FF08EFD75
:10A730000068019001981099049A21F81200FFE72F
:10A74000049801300490C3E70EB080BD80B590B08E
:10A75000DDF858C0DDF854C0DDF850C0DDF84CC05D
:10A76000DDF848C00F900E910D920C930F98C069C0
:10A770000B900F98006A0A9015980EF0BDFA099098
:10A780000C980EF0B9FA089015980999013902F061
:10A790007DF907900C9808990239159A099B013B9D
:10A7A000FBF75AF806900C98089901390EF0AAFAAE
:10A7B000059000200490FFE70498079988425BDA2F
:10A7C000FFE700200390FFE70398069988424EDADE
:10A7D000FFE7002002900190FFE701980599884269
:10A7E0001FDAFFE70D980499059A019B01FB0231DE
:10A7F00000EB810090ED000A1298039901FB0231F1
:10A8000000EB810090ED002A9DED021A20EE020A75
:10A8100030EE010A8DED020AFFE701980130019048
:10A82000DBE700200090149830B1FFE714980399FB
:10A8300050F821000090FFE79DED020A9DED001AFF
:10A8400030EE010ADDED0B0A9DED0A1A0AF02EFF2B
:10A850001698039B0699049A01FB023100EB8100D4
:10A8600080ED000AFFE7039801300390ACE7FFE7B3
:10A870000498013004909FE710B080BD80B58CB083
:10A88000DDF83CC0DDF838C00B900A910992ADF8B4
:10A8900022300A980E99099A0F9B01FB023130F978
:10A8A0001100BDF92210401A079007980B9A916881
:10A8B000D2680BF021FB0690069847F6FF710191D4
:10A8C0000844059048F20000CFF6FF70039005A8F9
:10A8D00003A90FF01BFC0199029102A90FF0B6FC2D
:10A8E0000068ADF81200BDF912000B99896A0CF0EE
:10A8F0003BFD0CB080BD000010B5B4B0DDF8F0C079
:10A90000DDF8ECC0DDF8E8C0DDF8E4C0DDF8E0C05B
:10A91000DDF8DCC0DDF8D8C033903291319230934D
:10A920003398B0F90A002F903398B0F90C002E90AC
:10A930003398B0F90E002D903398B0F910002C9098
:10A940003398B0F902002B903398B0F904002A90A4
:10A950003398006B29903398406B289032980EF012
:10A96000CBF9042801D1FFE701E0F7F7BDFE3098ED
:10A970000EF0C2F9042801D1FFE701E0F7F7B4FEB9
:10A9800039980EF0B9F9042801D1FFE701E0F7F793
:10A99000ABFE3298399A002309931946FAF75CFF07
:10A9A0002790329803210A910EF0ACF909990A9B7D
:10A9B00026903098399AFAF74FFF2590389858B179
:10A9C000FFE737980EF0C0F92599884201D1FFE7DB
:10A9D00001E0F7F789FEFFE73298012107910EF0B9
:10A9E00091F924903298022108910EF08BF9079981
:10A9F000239030980EF086F90899229030980EF046
:10AA000081F92190309803210EF07CF9209026984E
:10AA1000209990FBF1F01F901F9808B1FFE701E02B
:10AA2000F7F762FE269A209992FBF1F000FB1120C5
:10AA300008B9FFE701E0F7F757FE25981F9990FB4B
:10AA4000F1F01E901E9808B1FFE701E0F7F74CFE09
:10AA5000399801210EF056F91D90399802210EF017
:10AA600051F91C9000201B90FFE71B982799884202
:10AA700080F20181FFE700201A90FFE71A981D99E4
:10AA8000884280F2F380FFE71A982E9900FB01F0CC
:10AA90002A99401A199000201890FFE718981C99DD
:10AAA000884280F2DE80FFE718982F9900FB01F0C2
:10AAB0002B99401A179000201690FFE716982599B9
:10AAC000884280F2C980FFE716981E9990FBF1F04A
:10AAD0001590002014901390FFE713982299884254
:10AAE00080F28780FFE7199A2C98139900FB0120C8
:10AAF000129000201190FFE711982199884273DA93
:10AB0000FFE7179A2D98119900FB012010901099DA
:10AB100000200029069015D4FFE71099239A002001
:10AB2000914206900EDAFFE7129900200029069064
:10AB300008D4FFE71299249A00209142B8BF01205F
:10AB40000690FFE7069800F001008DF83F009DF8A1
:10AB50003F00C00708B9FFE742E000200E90FFE782
:10AB60000E98209988423ADAFFE73198049032989B
:10AB70001B99129A109B0E9CDDF854C0DDF880E002
:10AB80000CFB0E4CEE46CEF800C00BF0FBFF01466E
:10AB9000049850F821000D90369805903098169939
:10ABA000139A119BDDF838C0EE46CEF800C00BF0CA
:10ABB000E9FF0146059850F821000C909DED0D0A23
:10ABC0009DED0C2A9DED141A20EE020A30EE010ACA
:10ABD0008DED140AFFE70E9801300E90C0E7FFE7F5
:10ABE00011980130119087E7FFE713980130139017
:10ABF00073E700200B90389830B1FFE7389816992A
:10AC000050F821000B90FFE79DED140A9DED0B1A03
:10AC100030EE010ADDED290A9DED281A0AF046FD05
:10AC20008DED020A3A98039039981B991A9A189B4D
:10AC3000DDF858C0EE46CEF800C00BF0A3FF9DED46
:10AC4000020A0146039800EB810080ED000AFFE74D
:10AC500016980130169031E7FFE7189801301890E8
:10AC60001CE7FFE71A9801301A9007E7FFE71B98E7
:10AC700001301B90F9E634B010BD000080B5AAB0D9
:10AC8000DDF8B0C0299028912792269328980EF0DD
:10AC900033F8042801D1FFE701E0F7F725FD2698F6
:10ACA0000EF02AF8042801D1FFE701E0F7F71CFDB8
:10ACB0002898269A002308931946FAF7CDFD259087
:10ACC0002898269A03231946FAF7C6FD2490289857
:10ACD000012106910EF016F8239028980221079181
:10ACE0000EF010F80699229026980EF00BF80799AE
:10ACF000219026980EF006F801460898209129998F
:10AD0000C9681F91299909691E911D90FFE71D9837
:10AD10002599884280F2CC80FFE700201C90FFE755
:10AD20001C982199884280F2BE80FFE700201B908A
:10AD3000FFE71B982099884280F2B080FFE700204F
:10AD40001A90FFE71A982499884280F2A280FFE7C0
:10AD50001B981E9900FB01F02999B1F90210401AC5
:10AD600019901C981F9900FB01F02999B1F9041062
:10AD7000401A18900020059016901998404215909E
:10AD800016A815A90FF0C2F9006817902998183075
:10AD90002299199A891A139113A90FF057FA0146AB
:10ADA000059809681491119018984042109011A8C4
:10ADB00010A90FF0ABF9006812902998143023996C
:10ADC000189A891A0E910EA90FF040FA00680F9098
:10ADD0000EF086FF8DED0D0A12980C90FFE70C988F
:10ADE0000F99884230DAFFE717980B90FFE70B982E
:10ADF0001499884223DAFFE719980B9908440A90BE
:10AE000018980C99084409902798049028981D993F
:10AE1000099A0A9BDDF868C0EE46CEF800C00BF038
:10AE2000B1FE0146049800EB81010DA80FF04EF928
:10AE300000680D90FFE70B9801300B90D7E7FFE714
:10AE40000C9801300C90CAE79DED0D0A2998D0EDC1
:10AE5000090A90ED0A1A0AF029FC8DED020A2C98D5
:10AE6000039026981D991C9A1B9BDDF868C0EE463E
:10AE7000CEF800C00BF086FE9DED020A0146039855
:10AE800000EB810080ED000AFFE71A9801301A906C
:10AE900058E7FFE71B9801301B904AE7FFE71C9833
:10AEA00001301C903CE7FFE71D9801301D902EE714
:10AEB0002AB080BD80B5AAB0DDF8B0C02990289135
:10AEC000279226932998806825902998C068249015
:10AED00029988069239028980DF00EFF0138229060
:10AEE00028982299269A09F055F921902898229BB2
:10AEF000269A1946FAF7B0FC209000201F90FFE731
:10AF00001F982199884280F2E780FFE70EF0DCFE6F
:10AF10008DF87B0000201D90FFE71D982099884246
:10AF200013DAFFE727981F99209A1D9B01FB023136
:10AF300001440DF17B000FF0A9F800788DF87B003B
:10AF4000FFE71D9801301D90E7E70CF0A9FB1C906E
:10AF500000201B90FFE71B982099884233DAFFE717
:10AF600027981F99209A1B9B01FB023140569DF99F
:10AF70007B10401A1A901A98239988421EDBFFE72B
:10AF80001A982599249A0BF0D5FB199019980CF072
:10AF9000F9FB18901C9816901898139013980CF0C1
:10AFA0005DFD149014980DF0A1F91590169815995F
:10AFB0000DF0B8FA179017981C90FFE7FFE71B9861
:10AFC00001301B90C7E71CA80CF064FB00680C2143
:10AFD00012AAFEF725F90CF03FFB119012981730DA
:10AFE00010901098002805D4FFE710981F2801DC66
:10AFF000FFE701E0F7F778FB00200F90FFE70F98DD
:10B000002099884263DAFFE727981F99209A0F9BBF
:10B0100001FB023140569DF97B10401A0E900E98AC
:10B020002399884243DBFFE70E982599249A0BF079
:10B0300081FB0D900D980CF0A5FB0C900C980A90DC
:10B040000A980CF00BFD0B90119807900B98069046
:10B05000079806990DF0FAF9089008A80CF0F6FA8E
:10B06000006810990CF074FC0990099801900EF09A
:10B070002BFE01460198084405900EF021FE049035
:10B0800005A804A90FF0E2F802900EF01DFE01469B
:10B090000298039103A90FF039F800682C991F9AC0
:10B0A000209BDDF83CC002FB03C288540AE00EF08E
:10B0B0000BFE2C991F9A209BDDF83CC002FB03C2BB
:10B0C0008854FFE7FFE70F9801300F9097E7FFE7FD
:10B0D0001F9801301F9013E72AB080BD80B5AAB039
:10B0E000DDF8B0C02990289127922693299880688E
:10B0F00025902998C06824902998806923902898E1
:10B100000DF0FAFD0138229028982299269A09F02C
:10B1100041F821902898229B269A1946FAF79CFB21
:10B12000209000201F90FFE71F982199884280F20D
:10B13000E980FFE70EF0C8FD8DF87B0000201D9030
:10B14000FFE71D982099884213DAFFE727981F9997
:10B15000209A1D9B01FB023101440DF17B000EF092
:10B1600095FF00788DF87B00FFE71D9801301D905A
:10B17000E7E70CF095FA1C9000201B90FFE71B9866
:10B180002099884233DAFFE727981F99209A1B9B62
:10B1900001FB023140569DF97B10401A1A901A9813
:10B1A000239988421EDBFFE71A982599249A0BF011
:10B1B000C1FA199019980CF0E5FA18901C9816909D
:10B1C0001898139013980CF049FC149014980DF0F3
:10B1D0008DF81590169815990DF0A4F917901798F9
:10B1E0001C90FFE7FFE71B9801301B90C7E71CA8E6
:10B1F0000CF050FA00680C2112AAFEF711F80CF0BE
:10B200002BFA119012980F3010901098002805D446
:10B21000FFE710981F2801DCFFE701E0F7F764FA69
:10B2200000200F90FFE70F982099884265DAFFE72A
:10B2300027981F99209A0F9B01FB023140569DF9D8
:10B240007B10401A0E900E982399884244DBFFE74A
:10B250000E982599249A0BF06DFA0D900D980CF02C
:10B2600091FA0C900C980A900A980CF0F7FB0B904E
:10B27000119807900B980690079806990DF0E6F83C
:10B28000089008A80CF0E2F9006810990CF060FB37
:10B290000990099801900EF03FFD0146019808447D
:10B2A00005900EF035FD049005A804A90EF0CEFF20
:10B2B00002900EF031FD01460298039103A90EF0B1
:10B2C00025FF00682C991F9A209BDDF83CC002FBEB
:10B2D00003C221F812000BE00EF01EFD2C991F9AFC
:10B2E000209BDDF83CC002FB03C221F81200FFE7FF
:10B2F000FFE70F9801300F9095E7FFE71F980130A7
:10B300001F9011E72AB080BD80B590B0DDF848C02D
:10B310000F900E910D920C930E980DF0EDFC0138EC
:10B320000B900E980B990C9A08F034FF0A900E9827
:10B330000B9B0C9A1946FAF78FFA09900020089097
:10B34000FFE708980A99884280F28280FFE70EF0B2
:10B35000C7FC8DED070A00200690FFE706980999C3
:10B36000884212DAFFE70D980899099A069B01FBBB
:10B37000023100EB810107A80EF0A8FE00680790DB
:10B38000FFE7069801300690E8E70020059004905A
:10B39000FFE704980999884238DAFFE70D98089981
:10B3A000099A049B01FB023100EB810090ED000A39
:10B3B0009DED071A30EE410A8DED010A0F9890EDD0
:10B3C000000B51EC100B10F00FFE9DED010A01EE89
:10B3D000100A20EE010A0EF099FF8DED030A039882
:10B3E0001299089A099BDDF810C002FB03C241F8CC
:10B3F00022009DED031A9DED050A30EE010A8DED48
:10B40000050AFFE7049801300490C2E7002002908B
:10B41000FFE702980999884215DAFFE71298089920
:10B42000099A029B01FB023100EB810090ED000ABA
:10B430009DED051A80EE010A80ED000AFFE70298F3
:10B4400001300290E5E7FFE708980130089078E7BF
:10B4500010B080BD84B003900291039801900198D0
:10B46000029908440138B0FBF1F000FB01F00090B4
:10B47000009804B07047000087B0DDF81CC08DF85C
:10B48000170004910392029303980138079900FB77
:10B4900001F001300190029818B9FFE700200690F2
:10B4A0001EE09DF8170001460091012804D0FFE737
:10B4B0000098022808D010E0049802990844013846
:10B4C00090FBF1F006900BE0049802990844019A71
:10B4D000801A90FBF1F0069002E000200690FFE752
:10B4E000069807B07047000080B5C0B03E903D910F
:10B4F0003D98006908B1FFE701E0F7F7F5F83D98DE
:10B5000000693C903E983D9900220F920BF03CF967
:10B510000F9A3B903E983D990BF064F93A903A9817
:10B52000007A012801D1FFE701E0F7F7DDF83B9849
:10B53000007A01460E91032850D0FFE70E980728A5
:10B5400028D0FFE70E9809286CD1FFE73C980B90B4
:10B550003B9933A80D900BF0D9F93B980BF05EF9AD
:10B560000A903A992CA80C900BF0D0F93A980BF06D
:10B5700079F90A9A0C9B0D9984460B98EE46CEF801
:10B5800000C0FDF71BFF0C98FAF7AEFE0D98FAF716
:10B59000ABFE5CE03C9807903B9925A809900BF026
:10B5A000B5F93B980BF09AF906903A991EA80890C5
:10B5B0000BF0ACF93A980BF055F9069A089B0999EB
:10B5C00084460798EE46CEF800C0FDF787FF08983E
:10B5D000FAF78AFE0998FAF787FE38E03C9803905C
:10B5E0003B9917A805900BF091F93B980BF046F9A1
:10B5F00002903A9910A804900BF088F93A980BF051
:10B6000031F9029A049B059984460398EE46CEF8D8
:10B6100000C0FDF71BFF0498FAF766FE0598FAF7DD
:10B6200063FE14E03B98007AF9F758F901903A98D4
:10B63000007AF9F753F90199024649F23610C1F23E
:10B640000200F9F701FA01208DF8FF0003E0002065
:10B650008DF8FF00FFE79DF8FF0040B080BD0000BF
:10B6600080B584B00390029101920398806B08B179
:10B67000FFE701E0F7F738F80398826B2021904745
:10B6800004B080BD80B584B00390039808B1FFE793
:10B6900001E0F7F729F803980DF01AFB02900398E0
:10B6A0000DF020FB019002A801A90EF0CFFC00686C
:10B6B00004B080BD80B586B00090059004910498D8
:10B6C00020B9FFE70098FAF707FE0EE0009804990A
:10B6D00089680391039909680291039904310191E2
:10B6E0000299019AFAF7E8FDFFE706B080BD000075
:10B6F00080B58EB00C900B910A9209930C9804902F
:10B7000000200890FFE7089803900B980DF090FF39
:10B710000DF05AF90146039888425AD2FFE70B9878
:10B720000DF086FF08990DF025F9079007980DF0A8
:10B7300015FE002848D0FFE7099838B1FFE70998BF
:10B74000089950F821000130E8BBFFE7FFE70A98AD
:10B75000089901EB410100EB810006A909F0B4FE54
:10B760008DF817009DF8170028B1FFE79DF8170026
:10B770008DF8370031E0FFE7049880680290069862
:10B78000019009F055FC01990246029803689B68F4
:10B7900098470A99089A02EB420241F822000A9857
:10B7A000089901EB410150F8210058B9FFE70699CB
:10B7B00047F67E60C1F20200F9F746F901208DF8E4
:10B7C00037000AE0FFE7FFE7FFE70898013008903D
:10B7D00099E700208DF83700FFE79DF837000EB09D
:10B7E00080BD000080B584B003900291019203985F
:10B7F00040680299019A03689B68984704B080BD2D
:10B8000080B582B00190009101984068009902686B
:10B81000D268904702B080BD80B582B00190019897
:10B82000406801680969884702B080BD80B582B070
:10B8300001900198406801684969884702B080BD5D
:10B8400080B588B00690059106980290059808B1D9
:10B85000FFE701E0F6F748FF0298007DC00748B116
:10B86000FFE747F64D70C1F20200F9F7EDF800204E
:10B8700007904BE0029801210175806801688B6890
:10B88000082104229847029904900498019089683D
:10B89000FCF728FD02980199C16000F085F818B105
:10B8A000FFE70020079031E002988068009005983B
:10B8B0000DF040FD0DF024F901460098C900026822
:10B8C0009368042298470390039848B9FFE747F626
:10B8D0001A60C1F20200F9F7B7F80020079015E0EE
:10B8E00002980599039A0368DB6A984740B9FFE715
:10B8F00002980599039A03689B6A984718B1FFE775
:10B900000020079002E003980790FFE7079808B02F
:10B9100080BD000080B588B0069005910492039325
:10B9200006980190007DC00750B9FFE747F6A27066
:10B93000C1F20200F9F788F801208DF81F002FE00E
:10B94000FFE701980399036882691B6C98478DF89B
:10B950000B009DF80B0028B1FFE79DF80B008DF858
:10B960001F001DE0FFE7FFE701980599049A039B7C
:10B970001B68D0F800C0DCF83CC0E0478DF80A0036
:10B980009DF80A0028B1FFE79DF80A008DF81F0016
:10B9900006E0FFE70199002008758DF81F00FFE71A
:10B9A0009DF81F0008B080BD80B584B00290029859
:10B9B000019000218161406801688B699021042217
:10B9C000984701460198C161C06920B9FFE701208D
:10B9D0008DF80F0003E000208DF80F00FFE79DF8C1
:10B9E0000F0004B080BD000080B5A8B0269025915E
:10B9F0002492239326980A90002122912599426847
:10BA000019A804F01BFBFFE70A98816919A803F045
:10BA1000AFFE8DF863009DF8630028B1FFE79DF845
:10BA200063008DF89F0037E1FFE700201790FFE7E4
:10BA300019A817A904F0D2F88DF85B009DF85B00F7
:10BA400028B1FFE79DF85B008DF89F0024E1FFE738
:10BA500000201590FFE71598099025980DF06AFCD5
:10BA60000DF04EF80146099888422CD2FFE7259840
:10BA70000DF060FC15990DF019F81490149808B1A8
:10BA8000FFE701E0F6F730FEFFE70A981499249AE1
:10BA9000159B02EBC3025268179BD0F800C0DCF87C
:10BAA00030C0E0478DF84F009DF84F0028B1FFE708
:10BAB0009DF84F008DF89F00EEE0FFE7FFE7159837
:10BAC00001301590C7E7FFE71799249A19A804F0E9
:10BAD0001DF98DF84E009DF84E0028B1FFE79DF846
:10BAE0004E008DF89F00D7E0FFE70A9800F05EF95E
:10BAF0001290FFE7129A239B24986946086019A8C0
:10BB0000002103F0B5FE8DF847009DF8470028B1ED
:10BB1000FFE79DF847008DF89F00BDE0FFE719A8FB
:10BB200005900DF05DFA0146059810910DF05EFA52
:10BB300001460A980F914068069009F079FA01468B
:10BB400006980268126B904701460A980E91406869
:10BB500008900E98079009F06BFA0799024608982A
:10BB600003689B6898470D900D9820B9FFE7012066
:10BB70008DF89F0090E00A9800690D990E9A03686D
:10BB8000DB699847FFE70A9800690F99109AFAF75E
:10BB9000F9FB8DF833009DF8330028B1FFE79DF8DD
:10BBA00033008DF89F0077E0FFE7FFE70A994868C8
:10BBB000096904910168496A8847014604980F9A07
:10BBC000109BFAF797FB8DF832009DF8320028B1F0
:10BBD000FFE79DF832008DF89F005DE0FFE719A8B0
:10BBE00003F09AFD0A9840680D990268D268904760
:10BBF000FFE70A9840680168496988478DF8310075
:10BC00009DF8310028B1FFE79DF831008DF89F00C5
:10BC100042E0FFE7FFE70A994868C9690268126ACB
:10BC200090478DF830009DF8300028B1FFE79DF86F
:10BC300030008DF89F002FE0FFE70A980069016847
:10BC40000969884701460A982291006A2299884228
:10BC500004D2FFE70A9922980862FFE7FFE70A98F3
:10BC600041680391006A029009F0E2F902990246E4
:10BC7000039803689B6A98478DF82F009DF82F0062
:10BC800028B1FFE79DF82F008DF89F0004E0FFE743
:10BC900000208DF89F00FFE79DF89F0028B080BD31
:10BCA00081B000900098C06801B0704780B584B042
:10BCB000039002910398806801900298009009F027
:10BCC000B7F900990246019803689B68984704B049
:10BCD00080BD0000B0B58AB0DDF838C0089007918B
:10BCE000069205930898029007980DF023FB0E9991
:10BCF0000CF0DCFE0490049808B1FFE701E0F6F7D1
:10BD0000F3FC0298406801688B6840210422984740
:10BD10000390039858B9FFE705990E9A47F6AC606F
:10BD2000C1F20200F8F790FE002009903AE0029874
:10BD30000799039A059BDDF838E0D0F800C0DCF8DD
:10BD400038C06C4601256560C4F800E0E04748B1A2
:10BD5000FFE747F65550C1F20200F8F775FE0020E4
:10BD600009901FE00698D0B1FFE706980E9900EB06
:10BD7000C1004068059901EB410150F82100039989
:10BD8000486006980E9900EBC1004068059901EBE8
:10BD9000410100EB8100406803998860FFE7039848
:10BDA0000990FFE709980AB0B0BD000080B582B0E5
:10BDB00001900198C0690421FFF74CFB02B080BDDF
:10BDC00080B58EB00C900B910A920C9803900A9853
:10BDD00008B1FFE701E0F6F787FC00200990FFE7D4
:10BDE000099802900B980DF0A5FA0CF089FE014617
:10BDF000029888426DD2FFE70B980DF09BFA0999E3
:10BE00000CF054FE0890089808B1FFE701E0F6F73F
:10BE10006BFC08980DF00CFC0CF0D6FD0146039865
:10BE200007918068079901EB4101890002689368D6
:10BE3000042298470690069870B9FFE7079800EB30
:10BE40004000810047F60670C1F20200F8F7FCFDE1
:10BE500001208DF8370040E000200590FFE70598AD
:10BE6000079988422AD2FFE708980DF0E1FB05996F
:10BE70000CF080FD01900B980DF03EFA0146019800
:10BE8000069A059B03EB430302EB83020BF024FAB3
:10BE90008DF813009DF8130058B1FFE7059947F698
:10BEA000E760C1F20200F8F7CFFD01208DF83700FE
:10BEB00013E0FFE7059801300590D0E706980A994E
:10BEC000099A01EBC2014860FFE709980130099027
:10BED00086E700208DF83700FFE79DF837000EB0A9
:10BEE00080BD000080B584B003900291039800905B
:10BEF000029808B1FFE701E0F6F7F6FB0298006B45
:10BF0000012818D1FFE70298406B08B1FFE701E074
:10BF1000F6F7EAFB00980299496B01914068019994
:10BF200049680268D26890470098406801990268A1
:10BF3000D2689047FFE70098029A00211163029AA5
:10BF40005163029A5160029A9160406802990268B6
:10BF5000D268904704B080BD80B58EB00C900B9134
:10BF60000A9209930C980190FFF720FF0890002097
:10BF700007900690FFE7019906988969884213D2D5
:10BF8000FFE70898069901EB410100EB810040684A
:10BF9000013020B9FFE7079801300790FFE7FFE77E
:10BFA000069801300690E6E707980C280BD3FFE7C8
:10BFB00047F6E350C1F202000C21F8F745FD0120DD
:10BFC0008DF8370029E0019A0898916901EB410149
:10BFD00000EB810005900020029003900490059BE7
:10BFE0000299DDF80CC0DDF810E0C3F808E0C3F8F2
:10BFF00004C019600B99059B1960059B4FF0FF3138
:10C0000059600A99059B99609169099B196091692A
:10C01000013191618DF83700FFE79DF837000EB0D0
:10C0200080BD000080B58AB00890079106920898FC
:10C030000190069808B1FFE701E0F6F755FB0020F4
:10C040000590FFE70598009007980DF073F90CF044
:10C0500057FD01460098884234D2FFE707980DF05B
:10C0600069F905990CF022FD0490049808B1FFE7E6
:10C0700001E0F6F739FB049803F0F2F90146019864
:10C080000391806803992C2201FB02F102689368F6
:10C09000042298470290029850B9FFE747F648609B
:10C0A000C1F20200F8F7D0FC01208DF827000DE066
:10C0B00002980699059A41F83200FFE70598013089
:10C0C0000590BFE700208DF82700FFE79DF82700C7
:10C0D0000AB080BD80B586B00490039102920498A6
:10C0E0000190039808B1FFE701E0F6F7FDFA019827
:10C0F000806920B9FFE700208DF817000DE0019856
:10C10000806802998900026893680422984703991D
:10C11000086000208DF81700FFE79DF8170006B0B3
:10C1200080BD000080B588B006900591069800900B
:10C13000FFE700980168496988478DF813009DF86A
:10C14000130028B1FFE79DF813008DF81F0044E0AD
:10C15000FFE70098FFF72AFE039000200290FFE718
:10C16000009902988969884218D2FFE703980299DA
:10C1700001EB410100EB81004068013048B9FFE765
:10C1800005980399029A02EB420201EB8201486092
:10C19000FFE7FFE7029801300290E1E7FFE700992F
:10C1A00048688A69C96902EB4203902202EB830264
:10C1B0000368D3F81CC00423E0478DF807009DF8FE
:10C1C000070028B1FFE79DF807008DF81F0004E085
:10C1D000FFE700208DF81F00FFE79DF81F0008B063
:10C1E00080BD0000B0B58AB0DDF838C00890079176
:10C1F000069205930898029007980DF09BF80E9907
:10C200000CF054FC0490049808B1FFE701E0F6F745
:10C210006BFA02980168496B88470390039848B904
:10C22000FFE747F6ED70C1F20200F8F70DFC0020C1
:10C2300009903AE002980799039A059BDDF838E0E7
:10C24000D0F800C0DCF838C06C4600256560C4F842
:10C2500000E0E04748B1FFE747F69950C1F202001D
:10C26000F8F7F2FB002009901FE00698D0B1FFE735
:10C2700006980E9900EBC1004068059901EB410159
:10C2800050F821000399486006980E9900EBC10010
:10C290004068059901EB410100EB8100406803997A
:10C2A0008860FFE703980990FFE709980AB0B0BDDE
:10C2B00010B58CB084460F98DDF838E0CDF82CC06E
:10C2C0000A91099208938DF81F000B984168049118
:10C2D000806806900A989DF81F1003910DF02AF8C7
:10C2E0000E990CF0E3FB0DF0A3F908990CF042FB5A
:10C2F00005900A980DF000F8039A0499059B84466E
:10C300000698099CEE46CEF80440CEF800C002F034
:10C3100001020AF05DFE0CB010BD000080B582B0D5
:10C3200001900198806801688B6840210422984739
:10C3300002B080BD80B588B007900691079808B11B
:10C34000FFE701E0F6F7D0F9069808B1FFE701E052
:10C35000F6F7CAF9079801684B6B24210422984725
:10C36000059005980190079902910020039021B152
:10C37000FFE7029804300390FFE701980399079ABA
:10C38000069B00F035F801980490049808B080BD31
:10C3900080B58CB00B900A9109920B98019008F02F
:10C3A00047FE01460198FFF755F808900B980A9947
:10C3B00008440899401A07900898079908F0E2FF86
:10C3C000069009980290069903910020049021B1EB
:10C3D000FFE7039804300490FFE702980499FBF705
:10C3E0003DFB059006980599FFF7A4FF0CB080BDB2
:10C3F00084B00390029101920093039845F6606126
:10C40000C1F2020108310160019941600299816025
:10C410000021C160009A026101758161C161016200
:10C4200004B0704780B582B001900198009000F090
:10C4300007F8009824210EF0A9F802B080BD000092
:10C4400081B00090009801B070470000000000002B
:10C4500080B58EB00C900B910B98406908B1FFE746
:10C4600001E0F6F741F90B9840690A900B980069D2
:10C4700008B1FFE701E0F6F737F90B98006909907A
:10C480000C9800F041FB089008980B990022F9F7EE
:10C490007DFC0790FFE70798C8B9FFE7FFE70C9816
:10C4A000D0F814C048F6DF21C1F202016A461160DB
:10C4B00048F20E51C1F2020148F68772C1F202023F
:10C4C0003D23E047FFE701208DF83700E8E0FFE774
:10C4D00008980B990022F9F77BFC0690FFE7069875
:10C4E000C8B9FFE7FFE70C98D0F814C048F6F02170
:10C4F000C1F202016A46116048F20E51C1F2020116
:10C5000048F68772C1F202024023E047FFE70120AC
:10C510008DF83700C4E0FFE7FFE70C980A99079A07
:10C52000069BDDF824C0EE46CEF800C007F0BEF84A
:10C530008DF817009DF8170028B1FFE79DF8170048
:10C540008DF83700ACE0FFE707980078092805D0A0
:10C55000FFE70798007807285AD1FFE7079890ED82
:10C56000030A069890ED031A30EE410AF8F792FAA2
:10C5700010EE100A10F04EFB41EC100B8DED020B8B
:10C58000FFE7029803999FED480B53EC102B10F036
:10C5900088FBC8B9FFE7FFE70C98D0F814C048F64D
:10C5A0007271C1F202016A46116048F20E51C1F285
:10C5B000020148F68772C1F202024923E047FFE711
:10C5C00001208DF837006BE0FFE7FFE7079800696F
:10C5D00006990969884219D0FFE7FFE70C98D0F85F
:10C5E00014C048F6D971C1F202016A46116048F2DE
:10C5F0000E51C1F2020148F68772C1F202024B23CA
:10C60000E047FFE701208DF8370049E0FFE7FFE74B
:10C6100007980078012809D1FFE70A98007D099A58
:10C6200002F118011C3208F0B1F82BE007980078ED
:10C63000092805D0FFE707980078072810D1FFE701
:10C640000C980A99097D069ADDF824C00CF11003B4
:10C650000CF1140CEE46CEF800C009F095FD10E088
:10C6600007980078F8F73AF901460798027848F6F3
:10C670009A00C1F20200F8F7E7F901208DF83700BF
:10C680000EE0FFE7089807990268926990470898BA
:10C69000069902689269904700208DF83700FFE7FD
:10C6A0009DF837000EB080BD8DEDB5A0F7C6B03E49
:10C6B00080B582B06A4600215160116049F2DD0107
:10C6C000C1F2000146F20112C1F2000248F65173B4
:10C6D000C1F200030AF03EF802B080BD80B588B018
:10C6E000DDF82CC0DDF828C08DF81F008DF81E1075
:10C6F0000692059306980A9900F046FA04900020E5
:10C700000390FFE70398049988422FDAFFE7059822
:10C710000399405C8DF80B009DF90B009DF91E10EC
:10C72000884204DDFFE79DF81E00019011E09DF9AD
:10C730000B009DF91F10884204DAFFE79DF81F00E7
:10C74000009003E09DF80B000090FFE70098019037
:10C75000FFE701988DF80A009DF80A000B99039AEB
:10C760008854FFE7039801300390CBE708B080BD01
:10C7700080B588B0DDF82CC0DDF828C0ADF81E000B
:10C78000ADF81C100692059306980A9900F0FCF982
:10C79000049000200390FFE703980499884231DA5F
:10C7A000FFE70598039930F81100ADF80A00BDF9CC
:10C7B0000A00BDF91C10884204DDFFE7BDF81C002B
:10C7C000019011E0BDF90A00BDF91E10884204DA9B
:10C7D000FFE7BDF81E00009003E0BDF80A000090DE
:10C7E000FFE700980190FFE70198ADF80800BDF859
:10C7F00008000B99039A21F81200FFE70398013013
:10C800000390C9E708B080BD80B592B010900F9139
:10C81000109800F079F90E90FFE70F980AF0F8FDF4
:10C82000012829D0FFE7FFE710980890406907909A
:10C830000F980AF0EDFDDDF81CC0014608986A4625
:10C840000123D360916047F22421C1F202015160BB
:10C8500049F21511C1F20201116048F6FA01C1F264
:10C86000020149F2A662C1F202029423E047FFE707
:10C8700001208DF84700DBE0FFE7FFE70F98F8F7AE
:10C8800065FD012829D0FFE7FFE710980690406971
:10C8900005900F98F8F75AFDDDF814C00146069888
:10C8A0006A460123D360916047F22421C1F202015C
:10C8B000516049F22511C1F20201116048F6FA01F6
:10C8C000C1F2020149F2A662C1F202029523E047D9
:10C8D000FFE701208DF84700AAE0FFE70E980F99C7
:10C8E0000022F9F753FA0D90FFE70D98C8B9FFE75A
:10C8F000FFE71098D0F814C048F6DF21C1F202011A
:10C900006A46116048F20E51C1F2020149F2A66274
:10C91000C1F202029723E047FFE701208DF84700AC
:10C9200086E0FFE7FFE70D98FCF79CFC002819DC88
:10C93000FFE7FFE71098D0F814C049F20061C1F298
:10C9400002016A46116048F20E51C1F2020149F239
:10C95000A662C1F202029823E047FFE701208DF8AA
:10C96000470065E0FFE70E980F990022F9F730FACB
:10C970000C90FFE70C98C8B9FFE7FFE71098D0F8D4
:10C9800014C048F6F021C1F202016A46116048F273
:10C990000E51C1F2020149F2A662C1F202029A23CB
:10C9A000E047FFE701208DF8470041E0FFE7FFE7A0
:10C9B0000F980069C8B9FFE7FFE71098D0F814C0D6
:10C9C00049F20D71C1F202016A46116048F20E513E
:10C9D000C1F2020149F2A662C1F202029C23E047C1
:10C9E000FFE701208DF8470022E0FFE70F9800697C
:10C9F0000B900F9840690A9010980D990C9A0A9B19
:10CA0000DDF82CC0EE46CEF800C006F08DFE8DF8A5
:10CA100027000E980D990268926990470E980C991C
:10CA20000268926990479DF827008DF84700FFE75C
:10CA30009DF8470012B080BD80B584B000920246D8
:10CA400000980192039102900398007B02F130015B
:10CA5000343207F09BFE0398007809F079FF0199C2
:10CA6000087002980068488002984068888003989F
:10CA70004068488103988068888103980069C8816C
:10CA800003984069088204B080BD000080B588B07A
:10CA90000790069107980CF02FF90590069800284A
:10CAA00006D4FFE706980599884201DAFFE701E01E
:10CAB000F5F71AFE07980CF041F904900120039055
:10CAC00000200290FFE702980599884218DAFFE7F4
:10CAD00002980699884203D1FFE70120019005E002
:10CAE0000498029950F821000190FFE701990398FA
:10CAF00000FB01F00390FFE7029801300290E2E7AB
:10CB0000039808B080BD000081B000900098C06814
:10CB100001B0704781B00090009845F6AC61C1F259
:10CB200002010831016001B07047000081B000903F
:10CB3000FEDE000081B00090009801B07047000058
:10CB400084B00390029101920093002004B07047DA
:10CB500082B00190009101988068009900EB8100FB
:10CB6000406802B07047000084B0039002910398BF
:10CB7000019001980299B0FBF1F000FB01F00090E8
:10CB8000009804B07047000080B586B0059004910D
:10CB900005980CF0B1F8019004980CF0ADF801463E
:10CBA0000198884201D1FFE701E0F5F79DFD059866
:10CBB0000CF0A2F8039000200290FFE7029803997E
:10CBC000884216DAFFE7059802990CF09BF800906E
:10CBD000049802990CF096F801460098884201D119
:10CBE000FFE701E0F5F780FDFFE7029801300290D2
:10CBF000E4E705980CF0A8F806B080BD10B596B033
:10CC0000149014980E900168C06EFEF719FE1390F0
:10CC1000139868B9FFE747F29D00C1F20200F7F7E9
:10CC200013FF0E99012081F895008DF8570058E107
:10CC30000E987030139904F043F9FFE70E9800F056
:10CC400055F98DF84B009DF84B0028B1FFE79DF892
:10CC50004B008DF8570044E1FFE70E98A430002107
:10CC600007F0C4FBFFE70E98703003F04BFD8DF822
:10CC70004A009DF84A0028B1FFE79DF84A008DF868
:10CC800057002EE1FFE70E98A430012107F0AEFB1C
:10CC9000FFE70E98703003F01FFF8DF849009DF8F4
:10CCA000490028B1FFE79DF849008DF8570018E1C9
:10CCB000FFE70E98A430022107F098FBFFE70E98DB
:10CCC00001680C91C16E0D91703003F08BFD0E9BCD
:10CCD0000C9902460D989833FEF71CFE8DF848001B
:10CCE0009DF8480028B1FFE79DF848008DF85700EF
:10CCF000F7E0FFE70E9901F1A400D1F8981007F0D2
:10CD0000EDFB0E98C16E0B910CF0FAF801460B98F2
:10CD100089000268D269904701460E98C0F89C10BD
:10CD2000D0F89C0070B9FFE70E980CF0E9F881008C
:10CD300047F6C330C1F20200F7F786FE01208DF8F6
:10CD40005700CEE000201190FFE70E9811990A914C
:10CD50000CF0D6F801460A9888423CD2FFE70E98BC
:10CD600001680791C16E0991703003F03BFD0146E7
:10CD70000E9808910CF0E4F811990BF031FF079927
:10CD8000089A03460998D0F800C0DCF800C06C4649
:10CD90004FF0000EC4F800E0E04701460E98D0F8CE
:10CDA0009C20119B42F82310D0F89C00119950F858
:10CDB000210058B9FFE7119947F67830C1F2020017
:10CDC000F7F742FE01208DF857008AE0FFE711983F
:10CDD00001301190B9E70E98C16E06910CF0A0F8E1
:10CDE0000146069889000268D269904701460E986C
:10CDF000C0F8A010D0F8A00070B9FFE70E980CF0B2
:10CE00008FF8810047F60C40C1F20200F7F71CFED4
:10CE100001208DF8570064E000201090FFE70E9885
:10CE2000109905910CF07CF80146059888423CD297
:10CE3000FFE70E9801680291C16E0491703003F013
:10CE4000D1FC01460E9803910CF088F810990BF074
:10CE5000C7FE0299039A03460498D0F800C0DCF894
:10CE600000C06C464FF0000EC4F800E0E0470146F9
:10CE70000E98D0F8A020109B42F82310D0F8A00004
:10CE8000109950F8210058B9FFE7109947F69D30E6
:10CE9000C1F20200F7F7D8FD01208DF8570020E01D
:10CEA000FFE7109801301090B9E7FFE70E9800F007
:10CEB000C9F98DF83F009DF83F0028B1FFE79DF8C4
:10CEC0003F008DF857000CE0FFE70E98012180F835
:10CED0009410A430032107F089FA00208DF8570040
:10CEE000FFE79DF8570016B010BD000010B5A6B0C2
:10CEF00024902498059000202390FFE7059823991B
:10CF00000491703003F094FB01460498884280F24B
:10CF10005781FFE7059800680CF00CFA23990BF095
:10CF2000C5FD2290229808B1FFE701E0F5F7DCFB90
:10CF3000059800680CF0D6F9014605982191C06E5D
:10CF4000FEF7AEFE2090229802F08AFA1F90002091
:10CF50001E90FFE71E981F99884280F02C81FFE702
:10CF600022980CF06FFB1E990BF06CFD1D901D9824
:10CF70000CF03EFA1C901C98039021980BF0B2FC28
:10CF80000146039888420BD3FFE71C9947F206102D
:10CF9000C1F20200F7F758FD01208DF8970013E168
:10CFA00021981C990BF074FC014605981B911B9964
:10CFB000029141680191703003F014FC019902461E
:10CFC0000298239B52F833C01E9A2C2302FB03C203
:10CFD000283207F0C7FF8DF86B009DF86B0088B111
:10CFE000FFE71B98FEF74EFB07F0B4F8014647F247
:10CFF0007E10C1F20200F7F727FD9DF86B008DF857
:10D000009700E1E00598703003F0ECFB239950F8AD
:10D0100031201E982C2100FB0120806A199019985C
:10D0200058B9FFE71C9947F23010C1F20200F7F738
:10D030000BFD01208DF89700C6E019984069189003
:10D0400000201790169015901898202813D1FFE70C
:10D050001D980CF0E1F968B1FFE71D980CF0DCF9C0
:10D060000BF0ACFD17901D980CF0D6F90BF0AEFD4F
:10D070001690FFE73EE01D980CF0CEF970B1FFE787
:10D08000189807F067F8014647F2C000C1F20200A5
:10D09000F7F7DAFC01208DF8970095E005984068D5
:10D0A00018990268926890471490149870B9FFE735
:10D0B000189807F04FF8014647F6DC40C1F202002D
:10D0C000F7F7C2FC01208DF897007DE0FFE7149888
:10D0D0001D99209A15AB07F099FB8DF84F009DF82C
:10D0E0004F0028B1FFE79DF84F008DF897006BE0E7
:10D0F000FFE7FFE71D980CF073FA09F0B1F8129002
:10D100001D980CF077FA09F0ABF8014605981191DB
:10D11000703003F067FB239950F831201E982C21C2
:10D1200000FB0120109006A82821F5F738FC109983
:10D1300000910698079A089BDDF824C0DDF828E0E6
:10D140000B9C4C61C1F810E0C1F80CC08B604A60C8
:10D1500008600C980D9A0E9BDDF83CC0C1F824C005
:10D160000B62CA6188611298109908601198109931
:10D170004860159810994861179810998861169819
:10D180001099C8611D980CF03DF978B1FFE71D9822
:10D190000CF038F90BF04EFD40B1FFE71D980CF094
:10D1A00031F909F05DF810998860FFE7FFE71E98F4
:10D1B00001301E90CEE6FFE72398013023909DE6D4
:10D1C00000208DF89700FFE79DF8970026B010BD6E
:10D1D00080B586B00590049105980290A430019026
:10D1E0000021039107F002F9019A029903984A611C
:10D1F00045F25102C1F20102CA6140F21562C1F268
:10D2000001028A6545F23502C1F20102CA65049A3B
:10D21000CA6346F21572C1F201028A6446F2B10293
:10D22000C1F201020A6346F26D22C1F201020A64F0
:10D2300045F69922C1F20102CA6481F8950006B050
:10D2400080BD000080B584B00290029800907030DC
:10D2500003F076FB8DF807009DF8070028B1FFE783
:10D260009DF807008DF80F0006E00098703003F07D
:10D27000BBFD8DF80F00FFE79DF80F0004B080BDE7
:10D2800080B586B004900391049801900BF038FEAD
:10D2900002900398029988420BD3FFE70399029A00
:10D2A00047F2B610C1F20200F7F7CEFB002005905E
:10D2B00007E00198D0F89C00039950F821000590F0
:10D2C000FFE7059806B080BD80B586B00490039155
:10D2D000049801900BF024FE029003980299884272
:10D2E0000BD3FFE70399029A47F2E110C1F2020063
:10D2F000F7F7AAFB0020059007E00198D0F8A000FE
:10D30000039950F821000590FFE7059806B080BD0D
:10D3100080B588B0DDF82CC0DDF828C007900691F4
:10D32000059204930798039006990160059941605E
:10D3300000220192014641F8082FC2600261426159
:10D340008261C261026242628262C26202634263BD
:10D3500080F83820C263026442648264C264026559
:10D3600042658265C265026642668266049AC2664A
:10D3700070300290069A049BDDF828C0EE46CEF885
:10D3800000C003F0ABFD0198029B039981F8940063
:10D39000012281F89520C1F89800C1F89C00C1F8DD
:10D3A000A00001F1A4000A68C96E07F023F90398F0
:10D3B0000B99FFF70DFF039808B080BD80B584B0CE
:10D3C0000290029801900390703003F00BFA28B19C
:10D3D000FFE70198703003F037F9FFE70198A430B8
:10D3E00007F034F90198703003F0B4FD039804B0ED
:10D3F00080BD000080B582B06A4600215160116096
:10D4000046F64971C1F2010145F24D42C1F20002F6
:10D4100048F28963C1F2000309F09CF902B080BDB3
:10D4200080B582B06A4600215160116044F26162A9
:10D43000C1F2010247F62D33C1F2000309F08AF967
:10D4400002B080BD80B582B06A4600215160116093
:10D4500045F69D41C1F200014CF60902C1F20002FD
:10D4600046F26553C1F2000309F074F902B080BDC1
:10D4700083B08DF80A0001919DF80A000138014639
:10D480000091122850D80099DFE801F0121E2632D0
:10D490004E3A1A422E0A1646363E4E222A4A0E00AE
:10D4A00001990220086043E00199022008603FE0F2
:10D4B0000199042008603BE001990820086037E0EA
:10D4C00001990220086033E00199042008602FE0F0
:10D4D0000199042008602BE001990120086027E0F1
:10D4E00001990220086023E00199012008601FE0F3
:10D4F0000199082008601BE001990820086017E0E6
:10D5000001990120086013E00199042008600FE0F0
:10D510000199082008600BE001991020086007E0DD
:10D5200001990120086003E001208DF80B0003E061
:10D5300000208DF80B00FFE79DF80B0003B070474B
:10D5400080B584B08DF80F0002919DF90F00019015
:10D550000298009003F03EF800990246019800F00E
:10D5600003F804B080BD000080B584B08DF80E00D3
:10D57000029101929DF90E0001460091162800F2D9
:10D58000B0800099DFE801F01A0C36445260672839
:10D590006E4B2175597C833D2F8A1391989FA6006D
:10D5A00002990A20087000208DF80F00ABE0029964
:10D5B0001320087000208DF80F00A4E002990120CC
:10D5C000087000208DF80F009DE002990B20087074
:10D5D00000208DF80F0096E00299072008700020C7
:10D5E0008DF80F008FE002991120087000208DF84F
:10D5F0000F0088E002990220087000208DF80F00CB
:10D6000081E002991020087000208DF80F007AE068
:10D6100002990320087000208DF80F0073E0029932
:10D620000920087000208DF80F006CE0029904209A
:10D63000087000208DF80F0065E002990D20087039
:10D6400000208DF80F005EE0029905200870002090
:10D650008DF80F0057E002990620087000208DF821
:10D660000F0050E002990820087000208DF80F008C
:10D6700049E002990C20087000208DF80F0042E06C
:10D6800002990E20087000208DF80F003BE00299EF
:10D690000F20087000208DF80F0034E0029912204E
:10D6A000087000208DF80F002DE0029914200870FA
:10D6B00000208DF80F0026E0029915200870002048
:10D6C0008DF80F001FE002991620087000208DF8D9
:10D6D0000F0018E002991720087000208DF80F0045
:10D6E00011E0029900200870FFE701989DF90E20D3
:10D6F00048F2F831C1F20201FBF764FDFFE70120B7
:10D700008DF80F00FFE79DF80F0004B080BD00000A
:10D7100084B00290029818B9FFE72020039004E03B
:10D720000298B0FA80F00390FFE7039804B07047C6
:10D7300080B590B00E900D910D98006908B1FFE78B
:10D7400001E0F4F7D1FF0D9800690C90FFE70D9808
:10D7500009F05EFE012829D0FFE7FFE70E98089048
:10D76000406907900D9809F053FEDDF81CC0014692
:10D7700008986A460123D360916047F22421C1F2E0
:10D780000201516049F21511C1F20201116048F61F
:10D79000FA01C1F2020149F28432C1F202022023ED
:10D7A000E047FFE701208DF83F00E6E0FFE7FFE7F5
:10D7B0000D98F7F7CBFD012829D0FFE7FFE70E987A
:10D7C0000690406905900D98F7F7C0FDDDF814C08C
:10D7D000014606986A460123D360916047F22421EE
:10D7E000C1F20201516049F22511C1F2020111603A
:10D7F00048F6FA01C1F2020149F28432C1F2020292
:10D800002123E047FFE701208DF83F00B5E0FFE767
:10D810000E98FFF779F90B900B980D990022F8F705
:10D82000B5FA0A90FFE70A98C8B9FFE7FFE70E9834
:10D83000D0F814C048F6DF21C1F202016A46116037
:10D8400048F20E51C1F2020149F28432C1F20202E1
:10D850002723E047FFE701208DF83F008DE0FFE739
:10D860000B980D990022F8F7B3FA0990FFE7099891
:10D87000C8B9FFE7FFE70E98D0F814C048F6F021CA
:10D88000C1F202016A46116048F20E51C1F2020172
:10D8900049F28432C1F202022923E047FFE7012066
:10D8A0008DF83F0069E0FFE7FFE70A980078092854
:10D8B00023D0FFE70A98007807281ED0FFE70A98D0
:10D8C0000078032819D0FFE7FFE70E98D0F814C0BE
:10D8D00049F22B31C1F202016A46116048F20E5141
:10D8E000C1F2020149F28432C1F202022D23E04763
:10D8F000FFE701208DF83F003FE0FFE7FFE70998D1
:10D900000078012819D0FFE7FFE70E98D0F814C07F
:10D9100049F20C31C1F202016A46116048F20E511F
:10D92000C1F2020149F28432C1F202022E23E04721
:10D93000FFE701208DF83F001FE0FFE70A9800692C
:10D940000C9988600A98C0680FF064F941EC100BDC
:10D950000C9880ED000B099800690C9988610B9870
:10D960000A990268926990470B980999026892692E
:10D97000904700208DF83F00FFE79DF83F0010B072
:10D9800080BD000080B582B06A4600215160116000
:10D9900047F69161C1F2000144F60512C1F201029D
:10D9A00040F26503C1F2010308F0D4FE02B080BD6D
:10D9B00080B584B00392029001910198039900917F
:10D9C0000099F7F755F8002004B080BD80B582B00B
:10D9D000019001980090FBF70DFC009845F6C86196
:10D9E000C1F202010831016002B080BD80B582B091
:10D9F00001900198009000F007F8009804210CF0C5
:10DA0000C5FD02B080BD000080B582B001900198D4
:10DA10000090FBF7FFFB009802B080BD81B0009042
:10DA200001B0704783B0029001910092002003B0D2
:10DA30007047000084B0DDF810C00390029101929D
:10DA40000093012004B0704781B00090009845F623
:10DA5000DC61C1F202010831016001B070470000D1
:10DA600081B00090FEDE000081B00090009801B00F
:10DA7000704700000000000080B58AB08DED080BF3
:10DA800007900691089809999FED370B53EC102BDE
:10DA90000FF0EBF830B1FFE7079900200860069916
:10DAA00008605FE09DED080B06980EF09DF98DED86
:10DAB000040B9DED040B9FED2E1B53EC112B51EC31
:10DAC000100B0EF01FFE41EC100BF8F7F9F851ECBB
:10DAD000100B0FF04DF90391029002980399D0F1C9
:10DAE00000404FF00000884101DBFFE701E0F4F760
:10DAF000FBFD0298039980F00040084388B9FFE7D6
:10DB00000298039910EBD17041F100015FEA6101C5
:10DB10004FEA3000039102900699086801300860CE
:10DB2000FFE702980090039801900CF0E9F8009B41
:10DB300001990246D017D21A884101DBFFE701E0C4
:10DB4000F4F7D2FD0698006810F1200F06DCFFE71D
:10DB500006990020086003900290FFE70298079959
:10DB60000860FFE70AB080BD000000000000000070
:10DB7000000000000000E04187B00690059104928B
:10DB8000FFE700208DF80F0001200290FFE70298C8
:10DB9000049988423CDAFFE70699029A01EB820079
:10DBA00050F8040C51F8221088422CDAFFE706984E
:10DBB000029900EB810050F8040C01900698029A3B
:10DBC00000EB820150F8220041F8040C01980699FC
:10DBD000029A41F822000598029900EB810050F862
:10DBE000040C00900598029A00EB820150F8220084
:10DBF00041F8040C00980599029A41F8220001208E
:10DC00008DF80F00FFE7FFE7029801300290BEE7B2
:10DC1000FFE79DF80F00C0070028B2D1FFE707B06B
:10DC2000704700002DE9F04F9DB084462C982B984A
:10DC3000DDF8A8E0DDF8A4E0DDF8A0E0DDF89CE088
:10DC4000DDF898E0CDF86CC01A91199218938DF810
:10DC50005F001A98006800680338B0FA80F0400945
:10DC60008DF85E00FFE79DF85E00C007F8B9FFE79A
:10DC70001A9800680068022819D0FFE7FFE71B9890
:10DC8000D0F814C048F69411C1F202016A4611603E
:10DC900048F20E51C1F2020148F63122C1F20202ED
:10DCA0005823E047FFE701208DF8730047E1FFE7C5
:10DCB000FFE71A9840680068012824D0FFE7FFE7D3
:10DCC0001B98D0F814C01A99496809686A4601235C
:10DCD000D360916047F22421C1F20201516049F6FC
:10DCE000ED01C1F20201116048F6FA01C1F2020130
:10DCF00048F63122C1F202025923E047FFE7012032
:10DD00008DF873001BE1FFE7199800788DF85D002E
:10DD1000199B5A68996818695B69DDF898E0189C46
:10DD2000289D279E9DF85D70EC46CDF82CC00DF126
:10DD3000A408CCF81C800DF1A808CCF81880CCF809
:10DD40001470CCF81060CCF80C50CCF80840CCF82B
:10DD500004E0CCF8000013A807F09AF82C99139867
:10DD6000149A159BDDF858C0C1F80CC08B604A604E
:10DD700008601B98FEF7C8FE129012981A990022AC
:10DD8000F8F704F81190FFE71198C8B9FFE7FFE72B
:10DD90001B98D0F814C048F6DF21C1F202016A4690
:10DDA000116048F20E51C1F2020148F63122C1F26F
:10DDB00002026623E047FFE701208DF87300BEE012
:10DDC000FFE712981A990122F7F7E0FF1090FFE79A
:10DDD0001098C8B9FFE7FFE71B98D0F814C048F6C1
:10DDE000CD21C1F202016A46116048F20E51C1F222
:10DDF000020148F63122C1F202026923E047FFE73F
:10DE000001208DF873009AE0FFE712981A99022218
:10DE1000F7F7BCFF0F9012981A990022F7F7D8FF76
:10DE20000E90FFE70E98C8B9FFE7FFE71B98D0F800
:10DE300014C048F6F021C1F202016A46116048F2AE
:10DE40000E51C1F2020148F63122C1F202026E23E4
:10DE5000E047FFE701208DF8730070E0FFE79DF8D1
:10DE60005F00012843D0FFE71098806840680D905C
:10DE7000FFE71B981199109A0F9BDDF838C0DDF869
:10DE800064E00EF10C04DDF8B0E00EF11C050EF1BB
:10DE900020060EF12C070EF13008DEF82490DEF893
:10DEA00028A0DDF834B0EE46CDF828E0CEF820B05A
:10DEB000CEF81CA0CEF81890CEF81480CEF81070D2
:10DEC000CEF80C60CEF80850CEF80440CEF800C072
:10DED00008F0DAF98DF833009DF8330028B1FFE738
:10DEE0009DF833008DF8730029E0FFE7FFE71198F4
:10DEF00000692C990861109800692C9948610E9866
:10DF000000692C99886112980E990268926990476D
:10DF100012981199026892699047129810990268B4
:10DF2000926990470F9830B1FFE712980F990268F5
:10DF300092699047FFE700208DF87300FFE79DF896
:10DF400073001DB0BDE8F08F80B59CB01B901A9196
:10DF50001992002018900BF0C7FE8DED170A1B9840
:10DF600090ED030A1A9890ED031A80EE010A10EE64
:10DF7000100A0EF04FFE41EC100B8DED140B1B99A7
:10DF80000DA8FDF797FB1A9906A8FDF793FB9DEDE9
:10DF9000140B199901F114001831FFF76DFD0BF006
:10DFA00093FE05901A9908699DED180A91ED031AE0
:10DFB00080EE010ABCFEC00A10EE101A084404905C
:10DFC00005A804A90CF0A2F80068199948609DED15
:10DFD000170A8DED010A0BF087FEB0EE401A9DED99
:10DFE000010AB4EE410AF1EE10FA04D1FFE70BF09A
:10DFF00067FE009017E00BF063FE03901A99086922
:10E000009DED170A91ED031A80EE010ABCFEC00ACD
:10E0100010EE101A0844029003A802A90CF016F999
:10E0200000680090FFE70098199988601B980069C4
:10E030001999C8601A9800691999086106A8F8F733
:10E0400053F90DA8F8F750F91CB080BD80B59CB00D
:10E050001B901A911992002018900BF045FE8DED3F
:10E06000170A1B9890ED030A1A9890ED031A80EE98
:10E07000010A10EE100A0EF0CDFD41EC100B8DEDF3
:10E08000140B1B990DA8FDF715FB1A9906A8FDF7AF
:10E0900011FB9DED140B199901F114001831FFF7D4
:10E0A000EBFC0BF039FE05901A9908699DED180AF2
:10E0B00091ED031A80EE010ABCFEC00A10EE101AA0
:10E0C0000844049005A804A90CF020F800681999E8
:10E0D00048609DED170A8DED010A0BF005FEB0EECC
:10E0E000401A9DED010AB4EE410AF1EE10FA04D196
:10E0F000FFE70BF00DFE009017E00BF009FE039018
:10E100001A9908699DED170A91ED031A80EE010A2C
:10E11000BCFEC00A10EE101A0844029003A802A91F
:10E120000CF094F800680090FFE700981999886057
:10E130001B9800691999C8601A98006919990861B3
:10E1400006A8F8F7D1F80DA8F8F7CEF81CB080BDF6
:10E1500080B584B00091014600980191039002922D
:10E1600002980069404248610298406940428861D3
:10E1700002988069C8610298C06908620298006AC2
:10E18000404248620398007808F0E2FB0199087069
:10E1900002984068888002980068488003988068E8
:10E1A00088810398406848810398406908820398F1
:10E1B0000069C8810298C06A88620298006BC862D0
:10E1C00004B080BD81B000900098806801B07047B5
:10E1D00010B5AEB02D902D98039000F09DF9002061
:10E1E0002C90FFE703992C988968884237DAFFE77B
:10E1F00003982A218DF8AF10C0682C9900EB01110B
:10E200008868C968884206D0FFE72C98F9F756FC61
:10E210008DF8AF00FFE703989DF8AF102C9AC36804
:10E22000406A03EB021C4FEA021E53F80E3050F80E
:10E230002200DCF808E0DCF80C40EC46CCF80840A2
:10E24000CCF804E0CCF800004AF20900C1F2020068
:10E25000F6F7FAFBFFE72C9801302C90C2E750202C
:10E260002A902990002028902790FFE7039927986B
:10E270008968884228DAFFE70398C168279A01EB8A
:10E2800002112691406A279950F82100259026987E
:10E29000C0682490259826990968084423902398FB
:10E2A0002999884203DDFFE723982990FFE7249806
:10E2B0002899884203DDFFE724982890FFE7FFE7CD
:10E2C000279801302790D1E700200D90FFE70D98A7
:10E2D0002899884200F39F80FFE700200C90FFE719
:10E2E0000C984F280ADCFFE70C9A0DF13B012E2019
:10E2F0008854FFE70C9801300C90F1E700200B9058
:10E300000A90FFE703990A98896888426BDAFFE769
:10E310000398C0680A9900EB011009900D980999BB
:10E320008968884206DBFFE70D980999C968884229
:10E3300001DDFFE753E00398406A0A9950F8210095
:10E3400008900898013008B9FFE748E0099800688C
:10E35000079007990B9808440B90089800EB8000F1
:10E360000001299990FBF1F006900898079908445C
:10E3700000EB80000001299990FBF1F005900698D0
:10E380000490FFE704980599884227DAFFE704998B
:10E390000DF13B00405C2E2815D1FFE709998868F4
:10E3A000C968884206D1FFE7049A0DF13B012A2093
:10E3B000885407E00A98F9F781FB049A0DF13B01B4
:10E3C0008854FFE705E0049A0DF13B0121208854B1
:10E3D000FFE7FFE7049801300490D3E7FFE70A98CE
:10E3E00001300A908EE700208DF88B000D990B9874
:10E3F00000F2FF30C21700EB9250831249F6FB7017
:10E40000C1F202000DF13B02F6F71EFBFFE70D988B
:10E4100001300D905BE72EB010BD000081B02820C8
:10E42000009001B07047000080B586B00490039161
:10E4300002920498019000F06FF80398002806D427
:10E44000FFE701990398896888420DDBFFE701988F
:10E450000399826849F69E70C1F20200F6F7F4FA59
:10E4600001208DF817000AE00198406A039950F8DE
:10E4700021000299086000208DF81700FFE79DF841
:10E48000170006B080BD000080B588B006900698E1
:10E49000019000F041F80198806818B9FFE700206A
:10E4A000079035E001998869096A01EB410100EBA9
:10E4B0008100059000200490FFE7059828B3FFE74E
:10E4C0000198C0680599496800EB01100390059810
:10E4D00000680399096808440290029804998842E8
:10E4E00003D9FFE702980490FFE7059880680130A0
:10E4F00008B9FFE709E0019880690599896801EB8F
:10E50000410100EB81000590D7E704980790FFE7F1
:10E51000079808B080BD000080B598B01790179894
:10E52000019090F82800C00720B1FFE701988068AB
:10E5300008B9FFE73DE10199002081F828008968CA
:10E54000169115901490FFE70199149889688842F4
:10E5500040DAFFE70198C068149900EB01104068A9
:10E560000130C0B9FFE70198169901391691149945
:10E570000B01C1680269C958169B42F8231014990F
:10E580004269169B42F82310416A149A4FF0FF30FB
:10E5900041F8220019E0019914980301C8680A693A
:10E5A000C058159B42F8230014984A69159B42F8FD
:10E5B0002300149AC868496A00EB0210406841F8C9
:10E5C0002200159801301590FFE7FFE714980130FD
:10E5D0001490B9E70199159B8A680869496900EBAD
:10E5E000830001EB8301D21AFFF7C6FA01980021DC
:10E5F00001620121C1618169026A02EB420201EB01
:10E6000082011391139A4FF0FF31916041690968BB
:10E6100012911299139A5160C068129900EB01107F
:10E620004068013038B9FFE70198416A129A00202A
:10E6300041F82200FFE70198406A129950F8210042
:10E640001399086001201190FFE7019911988968DA
:10E65000884280F2AE80FFE701984169119A51F833
:10E6600022101291C068129900EB011010901098BE
:10E6700000680F90109880680E901098C0680D90F8
:10E6800000200C90109840680130B0BBFFE70020DC
:10E690000B90FFE701980B990E9A0D9B00F08CF8F8
:10E6A0000A900B98B0B1FFE70198C0680B994968D0
:10E6B00000EB011009900B9800680999096808445B
:10E6C000089008980C99884203DDFFE708980C90A1
:10E6D000FFE7FFE70A9808B9FFE70DE00A9800682E
:10E6E0000C99401A079007980F99884201DBFFE7C1
:10E6F00002E00A980B90CDE703E0109840680C9078
:10E70000FFE701990C984A6A129B42F82300886936
:10E71000CA6902EB420200EB820006900C98069A4E
:10E7200010601298069A5060C8690590C869013057
:10E73000C861139800680C99884209DDFFE70199C8
:10E7400006981390086A139A9060059808622BE067
:10E7500013980490FFE704988068039003980130B1
:10E7600040B9FFE705980499886006994FF0FF309B
:10E77000886018E001988069039901EB410100EB82
:10E7800081000290029800680C99884208DDFFE73A
:10E79000049880680699886005980499886002E06A
:10E7A00002980490D7E7FFE7FFE711980130119036
:10E7B0004BE718B080BD000080B588B00690059189
:10E7C000049203930698009000200290059848B99F
:10E7D000FFE700998869096A01EB410100EB8100BC
:10E7E000019011E005988068013018B9FFE700201A
:10E7F00007902CE0009880690599896801EB410138
:10E8000000EB81000190FFE7FFE700980199049A6F
:10E81000039B0AF0B7FB18B1FFE70198029013E0E1
:10E8200001988068013008B9FFE70DE00098806921
:10E830000199896801EB410100EB81000190FFE73C
:10E8400001200028E1D1FFE702980790FFE7079831
:10E8500008B080BD80B588B00790069105920799F1
:10E860000291002003908860012081F8280005981B
:10E870000190FFF7D3FD0199029A03460398B1FB7B
:10E88000F3F15160069904910499D1605368049999
:10E8900001EB03110491049911615368049901EB90
:10E8A00083010491049951615368049901EB830138
:10E8B000049104999161516801EB4103049901EBC2
:10E8C000830104910499516208B080BD80B588B07D
:10E8D0000690059104920393069801904168806820
:10E8E00088420CDBFFE70198416849F68170C1F26C
:10E8F0000200F6F7A9F801208DF81F001CE001992D
:10E900008A68C86800EB021002900598029A1060AD
:10E910000498029A90600398029AD060029A4FF08D
:10E92000FF305060886801308860012081F828003D
:10E9300000208DF81F00FFE79DF81F0008B080BD84
:10E9400080B586B0DDF820C0049003910292019357
:10E9500004988268C16801EB021100910399029A40
:10E96000019BD0F800C0DCF808C0E04720B1FFE709
:10E9700001208DF8170006E00898009948600020F3
:10E980008DF81700FFE79DF8170006B080BD000066
:10E9900080B582B0019001980090FFF755F800987B
:10E9A00045F60C71C1F202010831016002B080BD70
:10E9B00080B582B001900198009000F007F80098AF
:10E9C0002C210BF0E3FD02B080BD000080B582B0C9
:10E9D000019001980090FFF747F8009802B080BDC1
:10E9E00081B00090009841F20401405801B0704796
:10E9F00080B586B004900391029204980190039828
:10EA0000002808D4FFE70199039841F204028958CD
:10EA100088420FDBFFE70198039941F20402825814
:10EA200049F69E70C1F20200F6F70EF801208DF84B
:10EA300017000AE00198039900EB810040680299F1
:10EA4000086000208DF81700FFE79DF8170006B05A
:10EA500080BD000081B00090009841F2080140584C
:10EA600001B0704780B586B0049003910292019383
:10EA70000498009041F204014058B0F5806F0CDB1F
:10EA8000FFE749F68170C1F202004FF48061F5F7AB
:10EA9000DBFF01208DF8170017E0009941F2080311
:10EAA000C85841F2040251F802C001EB8C0CCCF8BA
:10EAB0000400DDF80CC0C8586044C85088580130C4
:10EAC000885000208DF81700FFE79DF8170006B06A
:10EAD00080BD000080B582B0019001980090FEF7E3
:10EAE000B3FF009845F63C71C1F2020108310160A4
:10EAF00041F204020021815041F20802815002B02B
:10EB000080BD000080B582B001900198009000F0B7
:10EB100007F8009841F20C010BF038FD02B080BDFF
:10EB200080B582B0019001980090FEF79DFF00989B
:10EB300002B080BD80B5A2B0DDF894C0DDF890C011
:10EB4000219020911F921E931F98806816901F9805
:10EB5000406817901F98006918901F98C068199016
:10EB60001E984068ADF850001E980068ADF84E0041
:10EB70001E9880691C901E98C0691D9024990CA84D
:10EB8000049007F0C3FE249807F060FE02902599D8
:10EB900005A8039007F0BAFE259807F063FE029AD5
:10EBA000039B0499EC46CCF8000013A8FCF766F828
:10EBB0000398F7F799FB0498F7F796FB22B080BD0E
:10EBC00080B594B01290119110920F9312981199F0
:10EBD000109A0F9BF9F7A6FA10990EA80890F9F76A
:10EBE00065FB08990CA8F9F749FBFFE70CA8002181
:10EBF0000BF02AFCE8B9FFE7FFE7119948F2E27051
:10EC0000C1F202006A46506040F22B60106048F288
:10EC10000E52C1F2020248F2FB63C1F2020308463F
:10EC2000FAF7B8FAFFE7FFE701208DF84F000B90E5
:10EC30007EE0FFE7FFE712980AF0A6FC0A900A9828
:10EC4000002869D0FFE70A980AF0F8F9F7F736FFCD
:10EC500004900CA806900AF08DFD014604980870F7
:10EC60000A980AF0C9F90146069805910AF082FD52
:10EC70000146059888700A980AF0EAF90146069854
:10EC800007910AF077FD01460798C870FFE70A98D8
:10EC90000AF0CAF903900CA80AF06CFD014603982B
:10ECA0000431119AFEF760FC8DF827009DF82700CB
:10ECB00038B1FFE79DF827008DF84F0001200B9039
:10ECC00036E0FFE7FFE70A980AF0A4F9014602914F
:10ECD00020B1FFE70298012807D00DE00CA80AF048
:10ECE00049FD01460020487015E00CA80AF042FDDD
:10ECF0000146012048700EE0FFE7119848F22C61B0
:10ED0000C1F20201FAF75EFAFFE7FFE701208DF892
:10ED10004F000B900CE000E0FFE70CA80AF0A2FF08
:10ED20000F99086000208DF84F0001200B90FFE73D
:10ED30000CA80AF0B9FF9DF84F0014B080BD000088
:10ED400080B582B06A460021516011604BF261616A
:10ED5000C1F200014DF23172C1F200024BF2E943FF
:10ED6000C1F2000307F0F6FC02B080BD80B586B0AA
:10ED70000490039102920498019005900021016093
:10ED800002994160406848B1FFE7019840680399E3
:10ED900002689268904701990860FFE7059806B0FD
:10EDA00080BD000080B584B002900298019003906D
:10EDB000406838B1FFE70198016840680268D2688E
:10EDC0009047FFE7039804B080BD000080B582B093
:10EDD0000190019801680B681C210422984700905B
:10EDE00000980021816141610161C16081604160E1
:10EDF000016002B080BD000080B584B0039003982C
:10EE000001680B682821009104229847009902901C
:10EE100002980190F3F7C3FD019804B080BD000093
:10EE200080B584B00390039801680B682421009199
:10EE3000042298470099029002980190F3F7AFFDE1
:10EE4000019804B080BD000080B582B001900198A7
:10EE500001680B6804221146984700900098002131
:10EE6000016002B080BD000080B582B001900198C1
:10EE700001680B681C21042298470090009800212B
:10EE8000816141610161C16081604160016002B0E6
:10EE900080BD000080B582B00190019801680B68C8
:10EEA000052101229847009000980021017101601E
:10EEB00002B080BD81B00090009845F66C71C1F23F
:10EEC00002010831016001B07047000081B000907C
:10EED000FEDE000081B00090009801B07047000095
:10EEE00080B58EB00D900C910B920D990091012080
:10EEF0000490884001380DF024FB009A03460498E2
:10EF000001930B46019943EC101B8DED020B0B99FD
:10EF10008B1AA3F1200200FA02FCC3F1200120FAAF
:10EF200001F1002A58BF61469840002A58BF0020CE
:10EF30000DF01EFB9DED020B41EC110B53EC112B60
:10EF400051EC100B0DF0DEFB0246049805920A46C8
:10EF5000059942EC101B8DED060B0C9BA3F12002D2
:10EF600000FA02FCC3F1200120FA01F1002A58BF87
:10EF700061469840002A58BF00200DF0F9FA9DED37
:10EF8000061B41EC100B51EC110B53EC102B0DF048
:10EF900011F941EC100B8DED080B9DED080B0CF0F9
:10EFA00097FE51EC100B0DF09DFA0EB080BD0000E5
:10EFB0002DE9F043A3B0219020912098006908B179
:10EFC000FFE701E0F3F790FB2098406908B1FFE705
:10EFD00001E0F3F789FB209800691F9020984069B1
:10EFE0001E902198FDF790FD1D901D9820990022FC
:10EFF000F6F7EEFE1C90FFE71C98C8B9FFE7FFE7A5
:10F000002198D0F814C048F6F021C1F202016A46F6
:10F01000116048F20E51C1F2020148F66542C1F298
:10F0200002029623E047FFE701208DF88B00A1E163
:10F03000FFE71D9820990022F6F7A8FE1B90FFE736
:10F040001B98C8B9FFE7FFE72198D0F814C048F62D
:10F05000DF21C1F202016A46116048F20E51C1F28D
:10F06000020148F66542C1F202029923E047FFE738
:10F0700001208DF88B007DE1FFE71D98209901228A
:10F08000F6F784FE1A90FFE71A98C8B9FFE7FFE782
:10F090002198D0F814C048F6CD21C1F202016A4689
:10F0A000116048F20E51C1F2020148F66542C1F208
:10F0B00002029C23E047FFE701208DF88B0059E115
:10F0C000FFE71B988068C06819901B98806880686B
:10F0D00018901A988068C06817901A98806880689D
:10F0E00016901C988068C06815901C98806880688D
:10F0F00014901A988068006913902198826B139974
:10F10000890090471F9948622198826B1399890062
:10F1100090471F9988621B980078092840F09C80CE
:10F12000FFE7FFE71A98006B012823D0FFE7FFE70E
:10F130002198D0F814C01A99096B6A460123D3604C
:10F14000916048F6B321C1F20201516048F6802176
:10F15000C1F20201116048F6FA01C1F2020148F65B
:10F160006542C1F20202B123E047FFE701208DF8BA
:10F170008B00FFE0FFE71A98406B1290129808B1DD
:10F18000FFE701E0F3F7B0FA1298006808B1FFE773
:10F1900001E0F3F7A9FA1298406808B1FFE701E02F
:10F1A000F3F7A2FAFFE7129800680068012822D05E
:10F1B000FFE71298006800681A998968096988420F
:10F1C00019D0FFE7FFE72198D0F814C048F6E331E3
:10F1D000C1F202016A46116048F20E51C1F2020109
:10F1E00048F66542C1F20202BC23E047FFE7012076
:10F1F0008DF88B00BEE0FFE7FFE7129908684968C9
:10F2000000680968884225D0FFE7FFE72198D0F819
:10F2100014C0129A11685268096813686A46D3606C
:10F22000916048F6DF41C1F20201516048F6BE41EB
:10F23000C1F20201116048F6FA01C1F2020148F67A
:10F240006542C1F20202BF23E047FFE701208DF8CB
:10F250008B008FE0FFE7FFE7FFE71B9800781A9924
:10F260000978884226D0FFE71B98007809280AD140
:10F27000FFE71A98007812281CD0FFE71A98007848
:10F28000092817D0FFE71B980078072805D1FFE76A
:10F290001A98007809280DD0FFE7FFE72198426906
:10F2A00048F65931C1F202019047FFE701208DF87D
:10F2B0008B005FE0FFE71A980078122819D1FFE76A
:10F2C0001A98826852F8041B0AA80790F6F7F4FF10
:10F2D000079809F039FD014607980891F7F704F8F7
:10F2E000089811902198036C11991F9A343298470D
:10F2F000FFE7FFE7219820991E9A199BDDF860C06F
:10F30000179C169D159E149FDDF86CE09EF80080FA
:10F31000DDF87C90EE46CEF81890CEF81480CEF84A
:10F320001070CEF80C60CEF80850CEF80440CEF83D
:10F3300000C006F0CFF98DF827009DF8270028B10E
:10F34000FFE79DF827008DF88B0013E0FFE71D987D
:10F350001C990268926990471D981B9902689269EE
:10F3600090471D981A9902689269904700208DF87D
:10F370008B00FFE79DF88B0023B0BDE8F083000011
:10F3800080B588B08DED070ACDED060A05909DED9C
:10F39000070A9DED061A80EE010A0AF0C1FF9DEDF5
:10F3A000051AB8EEC11A30EE010ABDEEC00A8DEDA5
:10F3B000040A0AF089FC039003A804A901910AF049
:10F3C000A5FE006804900AF07BFC0199029002A857
:10F3D0000AF03CFF006804909DF9100008B080BD61
:10F3E00080B588B08DED070ACDED060A05909DED3C
:10F3F000070A9DED061A80EE010A0AF091FF9DEDC5
:10F40000051AB8EEC11A30EE010ABDEEC00A8DED44
:10F41000040A0AF081FC039003A804A901910AF0F0
:10F4200075FE006804900AF073FC0199029002A82E
:10F430000AF00CFF00680490BDF9100008B080BD10
:10F4400080B584B003900291039809F073FF02998C
:10F4500009F02CFB0190019800F002F804B080BD87
:10F4600080B582B0009000980AF0ECF838B1FFE760
:10F4700000980AF0E7F809F00FFB019002E0002085
:10F480000190FFE7019802B080BD000080B596B002
:10F49000149013911292119314981399129A119B2C
:10F4A000F8F740FE129910A80B90F8F7FFFE0B99A1
:10F4B0000EA8F8F7CBFEFFE70EA800210AF0BAFF6E
:10F4C000E8B9FFE7FFE7139948F2E270C1F20200E2
:10F4D0006A4650604FF4B460106048F20E52C1F2B8
:10F4E000020248F2FB63C1F202030846F9F752FE3A
:10F4F000FFE7FFE701208DF857000D9067E0FFE779
:10F50000FFE714980AF056F80C900C98002852D097
:10F51000FFE70C9809F0D2FDF7F712FA03900EA856
:10F5200009900AF011F90146039808700C9809F047
:10F53000D9FD0146099804910AF006F9014604989C
:10F5400048600C9809F0C4FD0146099805910AF03D
:10F55000FBF80146059888600C9809F087FD014684
:10F56000099806910AF0F0F801460698C8600C98D0
:10F5700009F09AFDF7F7A2FA0146099807910AF0F7
:10F58000E3F80146079808740C9809F083FD0146DA
:10F59000099808910AF0D8F80146089848610C9833
:10F5A00009F06EFD014609980A910AF0CDF801466E
:10F5B0000A98886100E0FFE70EA80AF005FB1199A0
:10F5C000086000208DF8570001200D90FFE70EA87D
:10F5D0000AF01CFB9DF8570016B080BD80B582B0C4
:10F5E0006A4600215160116048F6A941C1F200014C
:10F5F0004CF25142C1F2000248F28953C1F20003B9
:10F6000007F0A8F802B080BD84B003900291019287
:10F610000298C0680199884201DCFFE701E0F3F736
:10F6200063F801980299C86004B0704780B58EB045
:10F630000C900B910A920B98FFF712FF0990002093
:10F640000890FFE70898099988425DD2FFE70B9878
:10F6500009F0F8FF089909F0F5F9079000200690E5
:10F66000FFE7079809F0CEFE01460020029079B12D
:10F67000FFE706980190079809F0C4FE09F0DAFA4E
:10F68000019902460020914238BF01200290FFE715
:10F690000298C00798B3FFE7079809F0B3FE0699F0
:10F6A00009F09EFA05904FF0FF300490FFE70A98AA
:10F6B000059901EB410100EB810004A905F004FF6D
:10F6C0008DF80F009DF80F0028B1FFE79DF80F009F
:10F6D0008DF837001CE0FFE7049858B1FFE7049964
:10F6E00048F21320C1F20200F5F7AEF901208DF8BF
:10F6F00037000DE0FFE7069801300690B1E7FFE71D
:10F700000898013008909DE700208DF83700FFE74A
:10F710009DF837000EB080BD80B582B00190019990
:10F720000091486889680268D268904700994868E3
:10F7300009690268D2689047002002B080BD0000CD
:10F7400084B00390029101920298806801998842E6
:10F7500001DCFFE701E0F2F7C7FF029880680130A3
:10F7600020B9FFE7019802998860FFE704B070476D
:10F7700080B58AB00890079108980290006809F057
:10F78000D9FD09F0BDF9014602988900069140684B
:10F79000069902689368042298470146029801611D
:10F7A000006958B9FFE7069948F24F20C1F20200FC
:10F7B000F5F74AF901208DF8270054E00020059064
:10F7C0000490FFE7029804990191006809F0B2FDE6
:10F7D00009F096F901460198884219D2FFE702988C
:10F7E00005990269049B42F82310006809F0A2FD04
:10F7F000049909F05BF909F01BFF09F0E5F80146EF
:10F80000059808440590FFE7049801300490D9E773
:10F81000029805998161059941610599079A1144FA
:10F82000C1600799C161C16801EB4101C900039141
:10F830004068039902689368042298470146029839
:10F840008160806858B9FFE7039948F24F20C1F200
:10F850000200F5F7F9F801208DF8270003E00020F9
:10F860008DF82700FFE79DF827000AB080BD000053
:10F8700080B5AEB0DDF8C0C02D902C912B922A93AC
:10F880002D980C90006809F055FD2C9909F00EF99F
:10F890000C99299088682890289809692C9A51F821
:10F8A000221001EB410100EBC10027902998FFF7DE
:10F8B000D7FD269000202590FFE7299809F0A4FEA7
:10F8C000014600200B9079B1FFE725980A9029980E
:10F8D00009F09AFE09F0AEF90A9902460020914219
:10F8E00038BF01200B90FFE70B98C007F0B1FFE78E
:10F8F000299809F089FE259909F072F901460C98BA
:10F9000024912799249A02EB420201EBC201239130
:10F910002399026AFFF714FF0C982399026AFFF7F4
:10F9200073FEFFE7259801302590C6E7002022905E
:10F93000FFE722982699884280F01181FFE70C9911
:10F94000086A01300862299809F07CFE229909F0C2
:10F9500079F8219000202090FFE7219809F04AFED5
:10F9600001460020099079B1FFE72098089021987E
:10F9700009F040FE09F05EF9089902460020914224
:10F9800038BF01200990FFE70998C007C8B1FFE719
:10F99000219809F02FFE209909F022F901460C98D0
:10F9A0001F9127991F9A02EB420201EBC2011E919F
:10F9B0001E99026AFFF7C4FEFFE7209801302090ED
:10F9C000CBE70C98016A1D9121992B9A2A9BDDF8AF
:10F9D000C0C0EE46CEF800C000F09AFA00201C909D
:10F9E000FFE7219809F0FCFD01460020079079B15E
:10F9F000FFE71C980690219809F0F2FD09F01AF92A
:10FA0000069902460020914238BF01200790FFE787
:10FA10000798C007E8B1FFE7219809F0E1FD1C99BC
:10FA200009F0DEF81B901B9800280DD4FFE70C9816
:10FA300027991B9A02EB420201EBC2011A911A9913
:10FA4000026AFFF7E1FDFFE7FFE71C9801301C9019
:10FA5000C7E700201990FFE7219809F0CBFD014688
:10FA60000020059079B1FFE719980490219809F0DA
:10FA7000C1FD09F0DFF8049902460020914238BF29
:10FA800001200590FFE70598C007C8B1FFE721985E
:10FA900009F0B0FD199909F0A3F801460C981891E6
:10FAA0002799189A02EB420201EBC20117911799AC
:10FAB000026AFFF7A9FDFFE7199801301990CBE71B
:10FAC0000C992898496901EB410100EBC10016909F
:10FAD00000201590FFE70C991598C969884239D222
:10FAE000FFE72B98159901EB410200EB820150F8DA
:10FAF00022001290486889681491139016981599FD
:10FB000001EB410100EBC10011901398229988424A
:10FB10001BD1FFE714982C99884216D1FFE70C9867
:10FB20002A99159A01EB820110911099119A51604E
:10FB30001299119A116011991D9AFFF701FE0C9804
:10FB40001199026AFFF760FDFFE7FFE715980130A2
:10FB50001590C0E7FFE7229801302290E9E60020E7
:10FB60000F90FFE7299809F059FD01460020039006
:10FB700079B1FFE70F980290299809F04FFD09F03D
:10FB800059F8029902460020914238BF01200390A3
:10FB9000FFE70398C007F0B1FFE7299809F03EFDA1
:10FBA0000F9909F01DF801460C980E9127990E9AAD
:10FBB00002EB420201EBC2010D910D99026AFFF7BF
:10FBC000BFFD0C980D99026AFFF71EFDFFE70F9825
:10FBD00001300F90C6E700202EB080BD80B592B0F6
:10FBE00010900F9110980590006809F099FB00287B
:10FBF00000F08480FFE700200E90FFE705980E9943
:10FC00000491006809F08CFB08F012FF014604988B
:10FC1000884272D2FFE70598006809F081FB0E99CF
:10FC200008F0DCFE0D900D9809F0CEFB00285FD0A7
:10FC3000FFE70D9809F0C8FB08F07CFF0C900D98C9
:10FC400009F0C2FB08F01CFE029017200B900CA8D4
:10FC50000BA90AF01BFB014602980A6845F66051A1
:10FC6000C1F20201F2F7AFFD01460020039039B95D
:10FC7000FFE70C981738B0FA80F040090390FFE7CF
:10FC80000398C00798B3FFE70598006809F034FBB4
:10FC90000A900A9801900D9809F0A0FB014601987E
:10FCA00008F05EFE0990099809F04EFB089008984C
:10FCB00008F084FF01460598079107998968069125
:10FCC00007990C310F9A11608069069988420DD00E
:10FCD000FFE705980699826948F2C810C1F2020050
:10FCE000F4F7B2FE01208DF847000BE0FFE7FFE7D5
:10FCF000FFE70E9801300E9080E7FFE700208DF8B7
:10FD00004700FFE79DF8470012B080BD80B596B070
:10FD1000149013911292149804908068119000200E
:10FD200010900F90FFE704980F990391006809F075
:10FD300001FB08F0E5FE01460398884280F0B78099
:10FD4000FFE70498006809F0F5FA0F9908F0AEFE95
:10FD500004990E9012980F9A00EBC20040680D9023
:10FD6000119809690F9A51F8221001EB410100EB3B
:10FD7000C1000C90FFE704980E990D9AFFF756FC0E
:10FD80008DF82F009DF82F0028B1FFE79DF82F0078
:10FD90008DF85700B7E0FFE700200A90FFE70A98C8
:10FDA00002900E9809F044FC08F00EFE01460298FD
:10FDB000884277D2FFE70C980A9901EB410100EBEA
:10FDC000C10009900D980A9901EB410100EB8100F7
:10FDD00009994860FFE70D980A9901EB410100EB92
:10FDE0008100099905F070FB8DF823009DF8230030
:10FDF00028B1FFE79DF823008DF8570083E0FFE767
:10FE000009994FF0FF3088600999C8600D980A99E8
:10FE100001EB410150F8211000200190A1B9FFE74A
:10FE20000E9809F005FC0A9908F0A4FD09F096FA6D
:10FE300001460020019039B9FFE7099800680028C1
:10FE400018BF01200190FFE70198099900F0010017
:10FE500008751398E0B1FFE7139810994A1C1092A7
:10FE600050F82100099908610E9809F0E1FB0A9900
:10FE700008F080FD09F072FA48B1FFE709980069BF
:10FE8000013020B1FFE7099901200875FFE704E080
:10FE900009994FF0FF300861FFE7FFE70A9801304A
:10FEA0000A907CE7FFE70F9801300F903BE7049939
:10FEB0001198496901EB410100EBC1000790002056
:10FEC0000690FFE704990698C969884217D2FFE7B0
:10FED0000798069901EB410100EBC10005900599D7
:10FEE0004FF0FF3088600599C860059A01211175AF
:10FEF00005990861FFE7069801300690E2E70020C7
:10FF00008DF85700FFE79DF8570016B080BD000040
:10FF100080B58EB0DDF840C00C900B910A92099329
:10FF20000C9802904FF0FF3108910791006809F09A
:10FF3000D9F903900B9809F05BFA0146039808F091
:10FF4000A7FC0690069808F0C3FE014604917628A7
:10FF500008D0FFE70498772818D0FFE70498812895
:10FF60000DD020E00B9809F075FA09F07FFB08909E
:10FF70000B9809F06FFA09F06FFB079014E00B98EB
:10FF800009F0ECFA08F0B2FF08900DE00B9809F0C8
:10FF900077FA08F007FF08900B9809F071FA08F05B
:10FFA000F7FE079000E0FFE708980130E8B1FFE7AF
:10FFB0000299086A01300862FFE7029808990A9AD4
:10FFC000099BDDF840C0EE46CEF800C0FFF750FCBC
:10FFD0008DF817009DF8170028B1FFE79DF817006E
:10FFE0008DF8370026E0FFE7FFE707980130E8B11A
:10FFF000FFE70299086A01300862FFE70298079953
:020000041001E9
:100000000A9A099BDDF840C0EE46CEF800C0FFF723
:100010002FFC8DF816009DF8160028B1FFE79DF81B
:1000200016008DF8370005E0FFE7FFE700208DF8A8
:100030003700FFE79DF837000EB080BD83B0029017
:10004000019100920298019901600099416000219C
:100050008160C160016141618161C161016203B080
:1000600070470000B0B5EEB06C906B916B98006972
:1000700008B1FFE701E0F2F737FB6B9800696A907F
:100080006C986B990022479206F07EFB479A699024
:100090006C986B9906F0A6FB68906998007A012825
:1000A0006CD1FFE76898007A01464691072828D06E
:1000B000FFE7469809284BD1FFE76A984390699972
:1000C00061A8459006F022FC699806F0BFFB4290BB
:1000D00068995AA8449006F019FC689806F0AAFBA3
:1000E000429A449B459984464398EE46CEF800C018
:1000F000FAF780FA4498F6F7F7F84598F6F7F4F827
:100100003BE06A983F90699953A8419006F0FEFB46
:10011000699806F09BFB3E9068994CA8409006F0C9
:10012000F5FB689806F0E6FB3E9A409B41998446B1
:100130003F98EE46CEF800C0FAF7B2FA4098F6F7CC
:10014000D3F84198F6F7D0F800208DF8B7013CE2DB
:100150006998007AF4F7C2FB3D906898007AF4F74A
:10016000BDFB3D99024649F23610C1F20200F4F798
:100170006BFC01208DF8B70127E222E26998007A32
:1001800002286AD1FFE769984068F5F7ADFD4B900A
:100190006898007A01463C91072826D0FFE73C98F2
:1001A000092844D1FFE7699806F080FB3B904B9803
:1001B00038906A9804680169399141693A91806977
:1001C0003790689806F036FBDDF8DCC03899399A2C
:1001D0003A9B05463B98EE46CEF80850CEF80440D0
:1001E000CEF800C0F9F718FC36E0699806F05EFB1F
:1001F00036904B9833906A9804680169349141694C
:10020000359180693290689806F074FBDDF8C8C0BB
:100210003399349A359B05463698EE46CEF8085009
:10022000CEF80440CEF800C0F9F762FC14E06998FB
:10023000007AF4F753FB31906898007AF4F74EFB9C
:100240003199024649F23610C1F20200F4F7FCFB84
:1002500001208DF8B701B8E1B2E16998007A07286A
:1002600040F09780FFE769984068F5F73DFD4A90B8
:100270006898007A0146309102284FD0FFE7309805
:10028000072826D0FFE7309809286CD1FFE7699846
:1002900006F024FB2F904A982C906A980468016914
:1002A0002D9141692E9180692B90689806F0C2FAD1
:1002B000DDF8ACC02C992D9A2E9B05462F98EE4662
:1002C000CEF80850CEF80440CEF800C0F9F77CFC18
:1002D0005EE0699806F002FB2A904A9827906A9897
:1002E000046801692891416929918069269068987C
:1002F00006F000FBDDF898C02799289A299B05464F
:100300002A98EE46CEF80850CEF80440CEF800C049
:10031000F9F732FD00208DF8B70156E1699806F033
:10032000DDFA25904A9822906A9804680169239121
:100330004169249180692190689806F0C3FADDF83C
:1003400084C02299239A249B05462598EE46CEF830
:100350000850CEF80440CEF800C0F9F7A1FC002008
:100360008DF8B70131E16998007AF4F7B7FA209077
:100370006898007AF4F7B2FA2099024649F23610EA
:10038000C1F20200F4F760FB01208DF8B7011CE117
:1003900015E16998007A092840F0B380FFE7699871
:1003A0004068F5F7A1FC49906898007A0238014648
:1003B0001F91072800F28F801F99DFE801F06A265D
:1003C0008C8C8C488C04699806F028FA1E90499809
:1003D0001B906A98046801691C9141691D918069AC
:1003E0001A90689806F026FADDF868C01B991C9AE6
:1003F0001D9B05461E98EE46CEF80850CEF80440E8
:10040000CEF800C0F9F7B2F87AE0699806F006FA7B
:100410001990499816906A98046801691791416982
:10042000189180691590689806F034FADDF854C088
:100430001699179A189B05461998EE46CEF808505B
:10044000CEF80440CEF800C0F9F7FAF858E0699801
:1004500006F0E4F91490499811906A9804680169CB
:1004600012914169139180691090689806F042FAE0
:10047000DDF840C01199129A139B05461498EE4678
:10048000CEF80850CEF80440CEF800C0F9F7CEF907
:1004900036E0699806F0C2F90F9049980C906A9876
:1004A000046801690D9141690E9180690B9068980B
:1004B00006F008FADDF82CC00C990D9A0E9B054643
:1004C0000F98EE46CEF80850CEF80440CEF800C0A3
:1004D000F9F740F914E06998007AF4F7FFF90A9007
:1004E0006898007AF4F7FAF90A99024649F2361048
:1004F000C1F20200F4F7A8FA01208DF8B70164E018
:100500005CE06998007A032842D1FFE76998406867
:10051000F5F7EAFB48906898007A092822D1FFE7AE
:10052000699806F0ABF90990489806906A980468B3
:10053000016907914169089180690590689806F002
:1005400079F9DDF814C00699079A089B05460998C1
:10055000EE46CEF80850CEF80440CEF800C0F9F7C9
:10056000D1F914E06998007AF4F7B8F90490689822
:10057000007AF4F7B3F90499024649F23610C1F251
:100580000200F4F761FA01208DF8B7011DE014E0D4
:100590006998007AF4F7A2F903906898007AF4F762
:1005A0009DF90399024649F23610C1F20200F4F7B0
:1005B0004BFA01208DF8B70107E0FFE7FFE7FFE7FF
:1005C000FFE700208DF8B701FFE79DF8B7016EB097
:1005D000B0BD000080B582B04FF23830C2F20200E8
:1005E000006880B9FFE74FF23C30C2F20200019090
:1005F00000210160FDF7EAF901984FF23831C2F2AB
:1006000002010860FFE74FF23830C2F202000068D2
:1006100002B080BD80B582B0019000910198FCF7D6
:1006200073FA009902685269904702B080BD0000D9
:1006300080B582B001900198806808F07BFE08F0D8
:100640005FFA02B080BD000080B58AB009900998B9
:100650000290416908918069079000200690FFE7A9
:10066000029806990191006A08F04AFA0146019839
:1006700088423FD2FFE70298069941618068069957
:10068000FEF7DEFE0299059000208861FFE70298E0
:1006900080690599884228D2FFE70298069B016984
:1006A000826951F833302C2102FB01320492069BFF
:1006B0000269806952F8332000FB0120806A0390B0
:1006C000039860B1FFE70398406840B1FFE70298E4
:1006D00003994A684068049909699047FFE7FFE772
:1006E0000299886901308861D1E7FFE706980130F7
:1006F0000690B5E70299089848610798886100203C
:100700000AB080BD80B58CB00B900B980290416907
:100710000A918069099000200890FFE702980899E3
:100720000191006A08F0ECF901460198884250D224
:10073000FFE702980899416180680899FEF780FEFA
:100740000299079000208861FFE702988069079965
:10075000884239D2FFE70298089B0169826951F803
:1007600033302C2102FB01320692089B026980691A
:1007700052F8332000FB0120806A059005984069FB
:10078000202807D1FFE70698806903900698C06982
:10079000049005E006984069039000200490FFE76C
:1007A0000598006850B1FFE7029805990B6840680A
:1007B0000399049A984706990861FFE7FFE70299B1
:1007C000886901308861C0E7FFE708980130089028
:1007D000A4E702990A9848610998886100200CB042
:1007E00080BD000081B000900098006901B07047A2
:1007F00080B590B00E900D910E98029041690C91C9
:1008000081690B910D9941610D990391006A08F07E
:1008100077F901460398884212D3FFE702980D99B1
:100820000191006A08F06CF90199024648F21C1027
:10083000C1F20200F4F708F901208DF83F007BE0D7
:100840000298002100918DF82B1080680D99FEF719
:10085000F7FD02990246009809928861FFE7029825
:100860008069099988425DD2FFE702980D9B016972
:10087000826951F833302C2102FB013208920D9B22
:100880000269806952F8332000FB0120806A0790DA
:100890000798F7F731FC014602984068426B05A8BB
:1008A000FEF764FA0798C06808B1FFE701E0F1F7C6
:1008B0001BFF02980799CA6840680899904701464B
:1008C00002988DF82B10C0680168496988479DF827
:1008D0002B00B8B1FFE79DF82B000F280FD0FFE7E2
:1008E0000798F7F709FC0146029882699DF82B30BA
:1008F00048F26000C1F20200F4F7A6F8FFE7022018
:10090000049002E000200490FFE705A8FEF74AFAF1
:10091000049808B1FFE705E0FFE702998869013014
:1009200088619CE702990C9848610B9888619DF852
:100930002B008DF83F00FFE79DF83F0010B080BD11
:1009400080B58AB009900998029041690891806940
:10095000079000200690FFE7029806990191006A2F
:1009600008F0CEF80146019888423FD2FFE702988E
:100970000699416180680699FEF762FD029905902B
:1009800000208861FFE7029880690599884228D293
:10099000FFE70298069B0169826951F833302C21E8
:1009A00002FB01320492069B0269806952F83320EF
:1009B00000FB0120806A0390039860B1FFE7039871
:1009C000006940B1FFE7029803990A6940680499F9
:1009D00009699047FFE7FFE702998869013088615C
:1009E000D1E7FFE7069801300690B5E7029908982D
:1009F00048610798886100200AB080BD80B588B042
:100A0000069005910492FFE7049803A904F05CFDA9
:100A10008DF80B009DF80B0028B1FFE79DF80B0047
:100A20008DF81F0032E0FFE700200190059808F0E4
:100A3000ADFC09281FD1FFE7059808F09DFCD0B157
:100A4000FFE7059808F098FC08F0EEFB98B1FFE787
:100A5000059808F091FC08F0E7FB08F01FF950B189
:100A6000FFE7059808F088FC08F0DEFB002108F09D
:100A7000EBF80190FFE7049800689DF804200399C3
:100A8000F1F763FF00208DF81F00FFE79DF81F00BE
:100A900008B080BD80B586B005900491039205989A
:100AA0000190806808F046FC049907F0FFFF08F009
:100AB000ABFD039908F094F8014601980291006992
:100AC000049900EBC1004068029901EB410100EB81
:100AD000810006B080BD000080B58EB00C900C98EF
:100AE000039041690B9180690A9000200990FFE70B
:100AF000039809990291006A08F002F801460298E9
:100B0000884280F08080FFE70398099941618068FE
:100B10000999FEF795FC0399089000208861FFE78A
:100B2000039880690899884268D2FFE70398099B77
:100B30000169826951F833302C2102FB013207929E
:100B4000099B0269806952F8332000FB0120806A0A
:100B5000069006988068F8B1FFE7039806998A68BE
:100B60004068079990478DF817009DF8170090B1DD
:100B7000FFE70698F7F7C0FA0146039882699DF8E7
:100B8000173048F29400C1F20200F3F75DFF012034
:100B90008DF8370040E0FFE703990798406809693E
:100BA000099A01EBC2014968F6F70CFF049004981A
:100BB0000130C0B1FFE70398806901900698F7F70C
:100BC0009BFA01990246039843690498EC46CCF8D5
:100BD000000048F2C900C1F20200F3F735FF01201E
:100BE0008DF8370018E00399C8688969FBF79AFA0D
:100BF000FFE7039988690130886191E7FFE7099869
:100C00000130099074E703990B9848610A9888614C
:100C100000208DF83700FFE79DF837000EB080BD4B
:100C200080B586B005900491039205980190806884
:100C300008F080FB049907F039FF08F0EFFC0399F6
:100C400007F0CEFF0146019802910069049900EB7C
:100C5000C1004068029901EB410100EB810006B040
:100C600080BD000080B582B001900091019880683D
:100C700008F060FB009907F019FF08F0C5FC07F0C9
:100C8000D9FF02B080BD000080B584B0039002910E
:100C900003980190806808F04DFB029907F006FF69
:100CA00008F0BCFC18B9FFE7002000900CE00198A8
:100CB000806808F03FFB029907F0F8FE08F0AEFCF0
:100CC00007F0B8FF0090FFE7009804B080BD000077
:100CD00080B58CB00A90099108920A9804900899FE
:100CE0000591006A07F00CFF01460598884212D36F
:100CF000FFE7049808990391006A07F001FF039940
:100D0000024648F21C10C1F20200F3F79DFE0120DA
:100D10008DF82F005DE00498006A089907F0FAFE4C
:100D20000790079808F084FC60B1FFE709980290EB
:100D3000079808F07DFC07F047FE014602988842BC
:100D40001ED3FFE709980190079808F071FC38B1AD
:100D5000FFE7079808F06CFC07F036FE009002E011
:100D600000200090FFE70199009A089B48F22300B9
:100D7000C1F20200F3F768FE01208DF82F0028E091
:100D8000079808F055FC099907F0F4FD06900698BD
:100D900008F0E4FA60B9FFE70999089A48F24E10A2
:100DA000C1F20200F3F750FE01208DF82F0010E091
:100DB000049806990269089B02EBC3025268099BDA
:100DC00003EB430302EB8302FFF718FE8DF82F00BD
:100DD000FFE79DF82F000CB080BD000081B00090AF
:100DE0000098C06901B0704780B58AB00890089833
:100DF000029000200790FFE7029807990191006A8E
:100E000007F07EFE01460198884247D2FFE702982C
:100E1000006A079907F07EFE069000200590FFE724
:100E200005980090069808F003FC07F0CDFD0146F8
:100E3000009888422DD2FFE7069808F0F9FB059943
:100E400007F098FD0490049808F088FAE0B1FFE7F5
:100E5000FFE7029804990269079B02EBC3025268FC
:100E6000059B03EB430302EB8302FFF7C7FD8DF8FD
:100E70000F009DF80F0028B1FFE79DF80F008DF8D7
:100E8000270018E0FFE7FFE7FFE70598013005902E
:100E9000C6E7FFE7079801300790ADE70298C06901
:100EA00028B1FFE70298C06903F0DAF8FFE70020F5
:100EB0008DF82700FFE79DF827000AB080BD0000ED
:100EC00082B00190009101990098086102B07047CA
:100ED00081B000900098406901B0704780B586B03D
:100EE000DDF820C0049003910292019304980090D1
:100EF0000590F4F715FA009945F68470C1F20200E6
:100F00000830086003984860029888600198C860BB
:100F10000020086148618861089ACA6108620298E5
:100F200030B1FFE7029808F005FA00990862FFE780
:100F3000059806B080BD000080B582B00190019890
:100F4000009000F007F80098242109F01FFB02B080
:100F500080BD000080B582B0019001980090F4F748
:100F6000EFF9009802B080BD80B5AEB0DDF8C0C02A
:100F70002C902B912A9229932C99C869096A88424E
:100F800001DCFFE701E0F1F7AFFB2B9807F0B4FEBF
:100F9000042801D1FFE701E0F1F7A6FB299807F04B
:100FA000ABFE042801D1FFE701E0F1F79DFB2B9890
:100FB000299A00230A931946F4F74EFC28902B989F
:100FC000299A03231946F4F747FC27902B9801210F
:100FD000089107F097FE26902B980221099107F0BF
:100FE00091FE08992590299807F08CFE0999249084
:100FF000299807F087FE01460A9823912C99C96821
:1010000022912C99096921912090FFE72098289935
:10101000884280F2F180FFE700201F90FFE71F98D1
:101020002499884280F2E380FFE700201E90FFE7CA
:101030001E982399884280F2D580FFE700201D90FA
:10104000FFE71D982799884280F2C780FFE71E9826
:10105000219900FB01F02C99B1F90210401A1C9063
:101060001F98229900FB01F02C99B1F90410401A45
:101070001B900020079019901C984042189019A8C6
:1010800018A909F043F800681A902C98183025998F
:101090001C9A891A169116A909F0D8F801460798E2
:1010A0000968179114901B984042139014A813A933
:1010B00009F02CF8006815902C98143026991B9A8A
:1010C000891A119111A909F0C1F801460798096818
:1010D000129110900F9015980E90FFE70E981299AC
:1010E000884230DAFFE71A980D90FFE70D981799BC
:1010F000884223DAFFE71C980D9908440C901B984E
:101100000E9908440B902A9806902B9820990B9AD8
:101110000C9BDDF874C0EE46CEF800C005F032FD41
:101120000146069841561098084410900F980130D7
:101130000F90FFE70D9801300D90D7E7FFE70E986D
:1011400001300E90CAE70F9820B9FFE700208DF814
:10115000B70055E0109801280ADBFFE710980F99B7
:1011600001EBD17200EB620090FBF1F0059009E019
:1011700010980F9901EBD172A0EB620090FBF1F097
:101180000590FFE7059810902C9800F11C0110A81D
:10119000029008F0BBFF01460298096810912C9953
:1011A000203109F053F8006810901098049030989E
:1011B0000390299820991F9A1E9BDDF874C0EE4673
:1011C000CEF800C005F0DEFC03990246049888546E
:1011D000FFE71D9801301D9033E7FFE71E980130AF
:1011E0001E9025E7FFE71F9801301F9017E7FFE7E4
:1011F00020980130209009E701208DF8B700FFE723
:101200009DF8B7002EB080BD80B5AEB0DDF8C0C08F
:101210002C902B912A9229932C99C869096A8842AB
:1012200001DCFFE701E0F1F75FFA2B9807F064FDBE
:10123000042801D1FFE701E0F1F756FA299807F0F9
:101240005BFD042801D1FFE701E0F1F74DFA2B988F
:10125000299A00230A931946F4F7FEFA28902B984E
:10126000299A03231946F4F7F7FA27902B980121BE
:10127000089107F047FD26902B980221099107F06D
:1012800041FD08992590299807F03CFD0999249083
:10129000299807F037FD01460A9823912C99C968CF
:1012A00022912C99096921912090FFE72098289993
:1012B000884280F2F380FFE700201F90FFE71F982D
:1012C0002499884280F2E580FFE700201E90FFE726
:1012D0001E982399884280F2D780FFE700201D9056
:1012E000FFE71D982799884280F2C980FFE71E9882
:1012F000219900FB01F02C99B1F90210401A1C90C1
:101300001F98229900FB01F02C99B1F90410401AA2
:101310001B900020079019901C984042189019A823
:1013200018A908F0F3FE00681A902C981830259937
:101330001C9A891A169116A908F088FF0146079889
:101340000968179114901B984042139014A813A990
:1013500008F0DCFE006815902C98143026991B9A32
:10136000891A119111A908F071FF014607980968BF
:10137000129110900F9015980E90FFE70E98129909
:10138000884231DAFFE71A980D90FFE70D98179918
:10139000884224DAFFE71C980D9908440C901B98AA
:1013A0000E9908440B902A9806902B9820990B9A36
:1013B0000C9BDDF874C0EE46CEF800C005F0E2FBF1
:1013C0000146069830F911101098084410900F98B3
:1013D00001300F90FFE70D9801300D90D6E7FFE741
:1013E0000E9801300E90C9E70F9820B9FFE7002052
:1013F0008DF8B70056E0109801280ADBFFE7109837
:101400000F9901EBD17200EB620090FBF1F00590B7
:1014100009E010980F9901EBD172A0EB620090FBEC
:10142000F1F00590FFE7059810902C9800F11C0151
:1014300010A8029008F06AFE01460298096810910F
:101440002C99203108F002FF006810901098049049
:1014500030980390299820991F9A1E9BDDF874C03C
:10146000EE46CEF800C005F08DFB039902460498C5
:1014700021F81200FFE71D9801301D9031E7FFE7CA
:101480001E9801301E9023E7FFE71F9801301F9040
:1014900015E7FFE720980130209007E701208DF83D
:1014A000B700FFE79DF8B7002EB080BD10B5B6B00D
:1014B000DDF8F8C0DDF8F4C0DDF8F0C0DDF8ECC010
:1014C000DDF8E8C0DDF8E4C0DDF8E0C03590349127
:1014D000339232933598406931903598B0F90A00CB
:1014E00030903598B0F90C002F903598B0F90E0077
:1014F0002E903598B0F910002D903598B0F9020073
:101500002C903598B0F904002B903598C0692A903A
:101510003598806A29903598C06A2890299828992A
:10152000884201DCFFE701E0F1F7DEF8329807F0CE
:10153000E3FB042801D1FFE701E0F1F7D5F8399882
:1015400007F0DAFB042801D1FFE701E0F1F7CCF85E
:101550003D9807F0D1FB042801D1FFE701E0F1F746
:10156000C3F832983D9A00230A931946F4F774F9A8
:101570002790329803210B9107F0C4FB0A990B9B2B
:10158000269039983D9AF4F767F925903C9858B120
:10159000FFE73B9807F0D8FB2599884201D1FFE788
:1015A00001E0F1F7A1F8FFE732980121089107F077
:1015B000A9FB249032980221099107F0A3FB089916
:1015C0002390399807F09EFB09992290399807F0EB
:1015D00099FB21903998032107F094FB20902698DD
:1015E000209990FBF1F01F901F9808B1FFE701E0F0
:1015F000F1F77AF8269A209992FBF1F000FB11207E
:1016000008B9FFE701E0F1F76FF825981F9990FB03
:10161000F1F01E901E9808B1FFE701E0F1F764F8C1
:101620003D98012107F06EFB1D903D98022107F0C7
:1016300069FB1C9000201B90FFE71B9827998842AC
:1016400080F20881FFE700201A90FFE71A981D99A1
:10165000884280F2FA80FFE71A982F9900FB01F088
:101660002B99401A199000201890FFE718981C99A0
:10167000884280F2E580FFE71898309900FB01F07E
:101680002C99401A179000201690FFE7169825997C
:10169000884280F2D080FFE716981E9990FBF1F007
:1016A0001590002014901390FFE713982299884218
:1016B00080F28180FFE7199A2D98139900FB012091
:1016C000129000201190FFE71198219988426DDA5D
:1016D000FFE7179A2E98119900FB0120109010999E
:1016E00000200029079015D4FFE71099239A0020C5
:1016F000914207900EDAFFE7129900200029079027
:1017000008D4FFE71299249A00209142B8BF012023
:101710000790FFE7079800F001008DF83F009DF863
:101720003F00C00708B9FFE73CE000200E90FFE74C
:101730000E982099884234DAFFE73898059032985D
:101740001B99129A109B0E9CDDF854C0DDF880E0C6
:101750000CFB0E4CEE46CEF800C005F013FA014625
:10176000059840560D903A98069039981699139A14
:10177000119BDDF838C0EE46CEF800C005F002FA45
:101780000146069840560C900C980D99319A1144D8
:10179000149A00FB01201490FFE70E9801300E9080
:1017A000C6E7FFE71198013011908DE7FFE7139826
:1017B0000130139079E73C9840B1FFE73C981699C7
:1017C00050F82110149808441490FFE714983499A5
:1017D000169B51F82310339A52F8232004F08CFB07
:1017E00014902A9914980844149014A8029029A9D6
:1017F00008F08CFC014602980968149128A908F0A9
:1018000025FD00681490149804903E9803903D982C
:101810001B991A9A189BDDF858C0EE46CEF800C006
:1018200005F0B0F90399024604988854FFE716982A
:10183000013016902AE7FFE718980130189015E755
:10184000FFE71A9801301A9000E7FFE71B98013074
:101850001B90F2E636B010BD10B5B4B0DDF8F0C0A4
:10186000DDF8ECC0DDF8E8C0DDF8E4C0DDF8E0C08C
:10187000DDF8DCC0DDF8D8C033903291319230937E
:101880003398B0F90A002F903398B0F90C002E90DD
:101890003398B0F90E002D903398B0F910002C90C9
:1018A0003398B0F902002B903398B0F904002A90D5
:1018B0003398806A29903398C06A2890299828998B
:1018C000884201DCFFE701E0F0F70EFF309807F0F7
:1018D00013FA042801D1FFE701E0F0F705FF37987C
:1018E00007F00AFA042801D1FFE701E0F0F7FCFE57
:1018F0003B9807F001FA042801D1FFE701E0F0F777
:10190000F3FE30983B9A002309931946F3F7A4FF9E
:101910002790309803210A9107F0F4F909990A9B5E
:10192000269037983B9AF3F797FF25903A9858B14D
:10193000FFE7399807F008FA2599884201D1FFE7B7
:1019400001E0F0F7D1FEFFE730980121079107F0A1
:10195000D9F9249030980221089107F0D3F907991A
:101960002390379807F0CEF908992290379807F01E
:10197000C9F921903798032107F0C4F920902698DF
:10198000209990FBF1F01F90269A209992FBF1F09C
:1019900000FB112008B9FFE701E0F0F7A5FE25984C
:1019A0001F9990FBF1F01E903B98012107F0AAF9D6
:1019B0001D903B98022107F0A5F91C9000201B9078
:1019C000FFE71B982799884280F20481FFE70020F7
:1019D0001A90FFE71A981D99884280F2F680FFE777
:1019E0001A982E9900FB01F02A99401A19900020AC
:1019F0001890FFE718981C99884280F2E180FFE771
:101A000018982F9900FB01F02B99401A179000208D
:101A10001690FFE716982599884280F2CC80FFE760
:101A200016981E9990FBF1F01590002014901390D9
:101A3000FFE713982299884280F28080FFE7199A85
:101A40002C98139900FB0120129000201190FFE7C1
:101A50001198219988426CDAFFE7179A2D9811990D
:101A600000FB01201090109900200029069015D449
:101A7000FFE71099239A0020914206900EDAFFE7C3
:101A8000129900200029069008D4FFE71299249AA1
:101A900000209142B8BF01200690FFE7069800F0B1
:101AA00001008DF83F009DF83F00C00708B9FFE72F
:101AB0003BE000200E90FFE70E982099884233DA31
:101AC000FFE73698049030981B99129A109B0E9C51
:101AD000DDF854C0DDF880E00CFB0E4CEE46CEF88D
:101AE00000C005F04FF80146049830F911000D9040
:101AF0003898059037981699139A119BDDF838C0DD
:101B0000EE46CEF800C005F03DF801460598405677
:101B10000C900C980D99149A00FB01201490FFE78B
:101B20000E9801300E90C7E7FFE711980130119031
:101B30008EE7FFE71398013013907AE73A9840B1A7
:101B4000FFE73A98169950F8211014980844149019
:101B5000FFE714983299169B51F82310319A52F8E6
:101B6000232004F0C9F90B900BA8019029A908F0D3
:101B7000CDFA0146019809680B9128A908F066FB87
:101B800000680B900B9803903C9802903B981B992F
:101B90001A9A189BDDF858C0EE46CEF800C004F043
:101BA000F1FF02990246039821F81200FFE7169808
:101BB000013016902EE7FFE718980130189019E7CA
:101BC000FFE71A9801301A9004E7FFE71B980130ED
:101BD0001B90F6E634B010BD10B5B6B0DDF8F8C015
:101BE000DDF8F4C0DDF8F0C0DDF8ECC0DDF8E8C0E9
:101BF000DDF8E4C0DDF8E0C03590349133923293E3
:101C00003598B0F90A0031903598B0F90C00309051
:101C10003598B0F90E002F903598B0F910002E903D
:101C20003598B0F902002D903598B0F904002C9049
:101C30003598806A2B903598C06A2A902B982A99FB
:101C4000884201DCFFE701E0F0F74EFD329807F033
:101C500053F8042801D1FFE701E0F0F745FD39987A
:101C600007F04AF8042801D1FFE701E0F0F73CFD56
:101C70003D9807F041F8042801D1FFE701E0F0F7B3
:101C800033FD32983D9A002309931946F3F7E4FD9A
:101C90002990329803210A9107F034F809990A9B98
:101CA000289039983D9AF3F7D7FD27903C9858B182
:101CB000FFE73B9807F048F82799884201D1FFE7F2
:101CC00001E0F0F711FDFFE732980121079107F0DD
:101CD00019F8269032980221089107F013F8079915
:101CE0002590399807F00EF808992490399807F054
:101CF00009F823903998032107F004F822902898D6
:101D0000229990FBF1F02190289A229992FBF1F010
:101D100000FB112008B9FFE701E0F0F7E5FC279888
:101D2000219990FBF1F020903D98012106F0EAFF07
:101D30001F903D98022106F0E5FF1E9000201D90A7
:101D4000FFE71D982999884280F21281FFE7002061
:101D50001C90FFE71C981F99884280F20481FFE7DE
:101D60001C98309900FB01F02C99401A1B90002020
:101D70001A90FFE71A981E99884280F2EF80FFE7D9
:101D80001A98319900FB01F02D99401A1990002002
:101D90001890FFE718982799884280F2DA80FFE7C9
:101DA0001898209990FBF1F017900020159014904E
:101DB0001390FFE713982499884280F28580FFE70B
:101DC0001B9A2E98139900FB01201290002011906D
:101DD000FFE711982399884271DAFFE7199A2F9843
:101DE000119900FB01201090109900200029069005
:101DF00015D4FFE71099259A0020914206900EDA3B
:101E0000FFE7129900200029069008D4FFE71299F5
:101E1000269A00209142B8BF01200690FFE706985D
:101E200000F001008DF83F009DF83F00C00708B9A1
:101E3000FFE740E000200E90FFE70E9822998842CD
:101E400038DAFFE73898049032981D99129A109B5F
:101E50000E9CDDF85CC0DDF888E00CFB0E4CEE4615
:101E6000CEF800C004F08EFE0146049830F911004F
:101E70000D903A98059039981899139A119BDDF8AE
:101E800038C0EE46CEF800C004F07CFE014605984E
:101E900040560C900C980D9900FB01F2149915987E
:101EA000891840EBE27014911590FFE70E9801300D
:101EB0000E90C2E7FFE711980130119089E7FFE724
:101EC00013980130139075E73C9870B1FFE73C9888
:101ED000189900EBC102526850F8313014991598E6
:101EE000C918504114911590FFE714981599349A28
:101EF000DDF860C052F82C20339B53F82C3004F0EE
:101F000027F80B900BA801902BA908F0FFF80146C9
:101F1000019809680B912AA908F098F900680B90BC
:101F20000B9803903E9802903D981D991C9A1A9B1D
:101F3000DDF860C0EE46CEF800C004F023FE029942
:101F40000246039821F81200FFE718980130189014
:101F500020E7FFE71A9801301A900BE7FFE71C987B
:101F600001301C90F6E6FFE71D9801301D90E8E671
:101F700036B010BD80B59AB0DDF880C0DDF87CC009
:101F8000DDF878C0DDF874C0DDF870C019901891E4
:101F90001792169319980068159019984068149034
:101FA0001998806813901998C06812901998006960
:101FB0001190199840691090199880690F9016989F
:101FC00006F09AFE022801DBFFE701E0F0F78CFB48
:101FD0001F9806F091FE012801DBFFE701E0F0F712
:101FE00083FB10980F99884201DCFFE701E0F0F7CE
:101FF0007BFB169806F080FE0E901F9806F07CFE84
:102000000D901F980D990139FAF740FD0C901F981B
:102010000D99013906F076FE0B900B9802901698F8
:102020000E99023906F06EFE01460298884201DCE4
:10203000FFE701E0F0F758FB16980E99013906F01A
:1020400061FE0A9000200990FFE709980C998842E8
:1020500066DAFFE700200890FFE708980B998842AE
:1020600059DAFFE7002007900690FFE706980A99E3
:1020700088421FDAFFE7179809990A9A069B01FB25
:102080000231405605901C9808990A9A069B01FB5C
:102090000231405604900498149908440599159A01
:1020A0001144079A00FB01200790FFE706980130D2
:1020B0000690DBE71E9840B1FFE71E98089950F89C
:1020C0002110079808440790FFE707981299119A82
:1020D00003F012FF0390139903980844039003A898
:1020E000019010A908F012F80146019809680391BF
:1020F0000FA908F0ABF80068039003982099DDF869
:1021000020C00B9A099B02FB03C28854FFE7089882
:1021100001300890A1E7FFE709980130099094E7A2
:102120001AB080BD80B59AB0DDF880C0DDF87CC003
:10213000DDF878C0DDF874C0DDF870C01990189132
:102140001792169319980068159019984068149082
:102150001998806813901998C068129019980069AE
:102160001190199840691090199880690F901698ED
:1021700006F0C2FD022801DBFFE701E0F0F7B4FA48
:102180001F9806F0B9FD012801DBFFE701E0F0F739
:10219000ABFA10980F99884201DCFFE701E0F0F7F5
:1021A000A3FA169806F0A8FD0E901F9806F0A4FD5D
:1021B0000D901F980D990139FAF768FC0C901F9843
:1021C0000D99013906F09EFD0B900B980290169820
:1021D0000E99023906F096FD01460298884201DC0C
:1021E000FFE701E0F0F780FA16980E99013906F042
:1021F00089FD0A9000200990FFE709980C99884210
:1022000068DAFFE700200890FFE708980B998842FA
:102210005BDAFFE7002007900690FFE706980A992F
:10222000884220DAFFE7179809990A9A069B01FB72
:10223000023130F9110005901C9808990A9A069B02
:1022400001FB023140560490049814990844059902
:10225000159A1144079A00FB01200790FFE70698A2
:1022600001300690DAE71E9840B1FFE71E98089902
:1022700050F82110079808440790FFE70798129933
:10228000119A03F039FE03901399039808440390C0
:1022900003A8019010A907F039FF014601980968C9
:1022A00003910FA907F0D2FF0068039003982099CB
:1022B000DDF820C00B9A099B02FB03C221F8120033
:1022C000FFE70898013008909FE7FFE70998013081
:1022D000099092E71AB080BD80B59AB0DDF880C051
:1022E000DDF87CC0DDF878C0DDF874C0DDF870C0C2
:1022F00019901891179216931998006815901998CB
:10230000406814901998806813901998C0681290CA
:10231000199800691190199840691090199880696E
:102320000F90169806F0E8FC022801DBFFE701E0B9
:10233000F0F7DAF91F9806F0DFFC012801DBFFE770
:1023400001E0F0F7D1F910980F99884201DCFFE71E
:1023500001E0F0F7C9F9169806F0CEFC0E901F9830
:1023600006F0CAFC0D901F980D990139FAF78EFB03
:102370000C901F980D99013906F0C4FC0B900B9836
:10238000019016980E99023906F0BCFC014601989E
:10239000884201DCFFE701E0F0F7A6F916980E99F4
:1023A000013906F0AFFC0A9000200990FFE7099878
:1023B0000C99884275DAFFE700200890FFE708983B
:1023C0000B99884268DAFFE7002007900690059095
:1023D000FFE705980A99884225DAFFE717980999D7
:1023E0000A9A059B01FB023130F9110004901C98F8
:1023F00008990A9A059B01FB023140560390039805
:10240000149908440499159A114400FB01F20699A5
:102410000798891840EBE27006910790FFE705984E
:1024200001300590D5E71E9870B1FFE71E98089916
:1024300000EBC102526850F8313006990798C9186C
:10244000504106910790FFE706980799129A119B51
:1024500003F07EFD0290139902980844029002A8AE
:10246000009010A907F052FE0146009809680291F9
:102470000FA907F0EBFE0068029002982099DDF8A2
:1024800020C00B9A099B02FB03C221F81200FFE750
:1024900008980130089092E7FFE709980130099009
:1024A00085E71AB080BD000080B5B2B0DDF8E8C0A5
:1024B000DDF8E4C0DDF8E0C0DDF8DCC0DDF8D8C050
:1024C000DDF8D4C0DDF8D0C0319030912F922E933A
:1024D0003198B0F90A002D903198B0F90C002C9089
:1024E0003198B0F90E002B903198B0F910002A9075
:1024F0003198B0F9020029903198B0F90400289081
:102500003198B0F91200279031984069269031989F
:10251000C06925903198806A24903198C06A2390D0
:102520002E9806F0E9FB042801D1FFE701E0F0F75F
:10253000DBF8359806F0E0FB042801D1FFE701E065
:10254000F0F7D2F8399806F0D7FB042801D1FFE75D
:1025500001E0F0F7C9F824982399884201DCFFE7ED
:1025600001E0F0F7C1F82E98399A00231946F3F7E5
:1025700073F922903598399A032307931946F3F794
:102580006BF921902E980121089106F0BBFB209059
:102590002E980221099106F0B5FB07991F902E98FD
:1025A00006F0B0FB08991E90359806F0ABFB099930
:1025B0001D90359806F0A6FB08991C90399806F0F6
:1025C000A1FB09991B90399806F09CFB1A90219861
:1025D0001E99279A01FB02F1884201D1FFE701E031
:1025E000F0F782F8379806F0AFFB2199884201D1C5
:1025F000FFE701E0F0F778F800201990FFE719985D
:102600002299884280F20381FFE700201890FFE7BB
:1026100018981B99884280F2F580FFE700201790F8
:10262000FFE717981A99884280F2E780FFE70020B9
:102630001690FFE716981E99884280F2D980FFE72E
:1026400000201590FFE715982799884280F2CB80EB
:10265000FFE7159A1698279900FB01201490179808
:102660002D9900FB01F02999401A139018982C9984
:1026700000FB01F02899401A129000201190109050
:10268000FFE710981D9988426DDAFFE700200F9050
:10269000FFE70F981C99884260DAFFE7139A2B989E
:1026A0000F9900FB01200E90129A2A98109900FBB6
:1026B00001200D900E9900200029069015D4FFE707
:1026C0000E991F9A0020914206900EDAFFE70D99AD
:1026D00000200029069008D4FFE70D99209A0020D9
:1026E0009142B8BF01200690FFE7069800F0010074
:1026F0008DF833009DF83300C00750B3FFE73498DE
:1027000004902E9819990D9A0E9BDDF858C0EE464C
:10271000CEF800C004F036FA0146049840560B90FB
:10272000369805903598109A0F9B1499EC46CCF882
:102730000010002104F026FA0146059840560A9040
:102740000A980B99269A1144119A00FB01201190C6
:10275000FFE7FFE70F9801300F909AE7FFE7109827
:10276000013010908DE7389840B1FFE73898149900
:1027700050F82110119808441190FFE711983099F2
:10278000149B51F823102F9A52F8232003F0B4FB26
:102790001190259911980844119011A8019024A92D
:1027A00007F0B4FC014601980968119123A907F0CC
:1027B0004DFD00681190119803903A980290399855
:1027C0001999189A179BDDF850C0EE46CEF800C054
:1027D00004F0D8F90299024603988854FFE7159847
:1027E000013015902FE7FFE716980130169021E78A
:1027F000FFE717980130179013E7FFE718980130AB
:10280000189005E7FFE7199801301990F7E632B004
:1028100080BD000080B5B2B0DDF8E8C0DDF8E4C0EE
:10282000DDF8E0C0DDF8DCC0DDF8D8C0DDF8D4C0EC
:10283000DDF8D0C0319030912F922E933198B0F9BD
:102840000A002D903198B0F90C002C903198B0F915
:102850000E002B903198B0F910002A903198B0F901
:10286000020029903198B0F9040028903198B0F90D
:10287000120027903198806A26903198C06A25907E
:102880002E9806F039FA042801D1FFE701E0EFF7AE
:102890002BFF359806F030FA042801D1FFE701E05C
:1028A000EFF722FF399806F027FA042801D1FFE755
:1028B00001E0EFF719FF26982599884201DCFFE730
:1028C00001E0EFF711FF2E98399A00231946F2F72D
:1028D000C3FF24903598399A032307931946F2F7DA
:1028E000BBFF23902E980121089106F00BFA22904D
:1028F0002E980221099106F005FA079921902E9849
:1029000006F000FA08992090359806F0FBF909992D
:102910001F90359806F0F6F908991E90399806F040
:10292000F1F909991D90399806F0ECF91C9023985B
:102930002099279A01FB02F1884201D1FFE701E0CB
:10294000EFF7D2FE379806F0FFF92399884201D1BC
:10295000FFE701E0EFF7C8FE00201B90FFE71B98A0
:102960002499884280F20A81FFE700201A90FFE74D
:102970001A981D99884280F2FC80FFE70020199088
:10298000FFE719981C99884280F2EE80FFE700204B
:102990001890FFE718982099884280F2E080FFE7BE
:1029A00000201790FFE717982799884280F2D2807D
:1029B000FFE7179A1898279900FB0120169019989D
:1029C0002D9900FB01F02999401A15901A982C991D
:1029D00000FB01F02899401A1490002013901290E7
:1029E0001190FFE711981F9988426EDAFFE70020E7
:1029F0001090FFE710981E99884261DAFFE7159A58
:102A00002B98109900FB01200F90149A2A98119985
:102A100000FB01200E900F9900200029069015D48C
:102A2000FFE70F99219A0020914206900EDAFFE706
:102A30000E9900200029069008D4FFE70E99229AEB
:102A400000209142B8BF01200690FFE7069800F0F1
:102A500001008DF837009DF83700C00758B3FFE735
:102A6000349804902E981B990E9A0F9BDDF860C045
:102A7000EE46CEF800C004F085F80146049830F91F
:102A800011000C90369805903598119A109B169964
:102A9000EC46CCF80010002104F074F801460598CB
:102AA00040560B900B9A0C9B12981399C2FB030192
:102AB00013911290FFE7FFE710980130109099E70B
:102AC000FFE71198013011908CE7389870B1FFE75B
:102AD0003898169900EBC102526850F831301299BB
:102AE0001398C918504112911390FFE71298139947
:102AF000309ADDF858C052F82C202F9B53F82C3018
:102B000003F026FA0A900AA8019026A907F0FEFA17
:102B10000146019809680A9125A907F097FB00680A
:102B20000A900A9803903A98029039981B991A9A39
:102B3000199BDDF858C0EE46CEF800C004F022F82C
:102B400002990246039821F81200FFE71798013016
:102B5000179028E7FFE71898013018901AE7FFE769
:102B60001998013019900CE7FFE71A9801301A9074
:102B7000FEE6FFE71B9801301B90F0E632B080BD07
:102B800080B596B0DDF878C0DDF874C0DDF870C0AF
:102B9000DDF86CC0DDF868C0DDF864C0DDF860C049
:102BA000159014911392129315980068119015982E
:102BB00080681090159840690F90159880690E9064
:102BC000199806F099F8022801DBFFE701E0EFF71A
:102BD0008BFD1D9806F090F8012801DBFFE701E06E
:102BE000EFF782FD0F980E99884201DCFFE701E0C4
:102BF000EFF77AFD199806F07FF80D901D9806F012
:102C00007BF80C901D980C990139F9F73FFF0B9058
:102C10001D980C99013906F075F80A900A980190F0
:102C200019980D99023906F06DF80146019888420D
:102C300001DCFFE701E0EFF757FD19980D99013925
:102C400006F060F8099000200890FFE708980B99BB
:102C5000884269DAFFE700200790FFE707980A99A2
:102C600088425CDAFFE7002006900590FFE70598B0
:102C7000099988421DDAFFE718980899099A059B77
:102C800001FB0231405604901A980799099A059B56
:102C900001FB02314056039003980499119A1144A4
:102CA000069A00FB01200690FFE705980130059089
:102CB000DDE71C9840B1FFE71C98079950F82110F8
:102CC000069808440690FFE706981499079B51F868
:102CD0002310139A52F8232003F00EF90290109952
:102CE00002980844029002A800900FA907F00EFA7B
:102CF00001460098096802910EA907F0A7FA00683A
:102D0000029002981E99DDF81CC00A9A089B02FBEB
:102D100003C28854FFE70798013007909EE7FFE75A
:102D200008980130089091E716B080BD80B596B044
:102D3000DDF878C0DDF874C0DDF870C0DDF86CC077
:102D4000DDF868C0DDF864C0DDF860C0159014914E
:102D5000139212931598006811901598806810903E
:102D6000159840690F90159880690E90199805F094
:102D7000C3FF022801DBFFE701E0EFF7B5FC1D9878
:102D800005F0BAFF012801DBFFE701E0EFF7ACFC3B
:102D90000F980E99884201DCFFE701E0EFF7A4FCF1
:102DA000199805F0A9FF0D901D9805F0A5FF0C904E
:102DB0001D980C990139F9F769FE0B901D980C9933
:102DC000013905F09FFF0A900A98019019980D9912
:102DD000023905F097FF01460198884201DCFFE7C0
:102DE00001E0EFF781FC19980D99013905F08AFF90
:102DF000099000200890FFE708980B9988426BDA49
:102E0000FFE700200790FFE707980A9988425EDAFB
:102E1000FFE7002006900590FFE705980999884292
:102E20001EDAFFE718980899099A059B01FB023101
:102E300030F9110004901A980799099A059B01FB33
:102E400002314056039003980499119A1144069A4E
:102E500000FB01200690FFE7059801300590DCE7B4
:102E60001C9840B1FFE71C98079950F8211006986C
:102E700008440690FFE706981499079B51F8231021
:102E8000139A52F8232003F037F802901099029811
:102E90000844029002A800900FA907F037F90146F4
:102EA0000098096802910EA907F0D0F90068029015
:102EB00002981E99DDF81CC00A9A089B02FB03C207
:102EC00021F81200FFE70798013007909CE7FFE721
:102ED0000898013008908FE716B080BD80B598B093
:102EE000DDF880C0DDF87CC0DDF878C0DDF874C0A6
:102EF000DDF870C0DDF86CC0DDF868C01790169181
:102F00001592149317980068139017988068129080
:102F10001798406911901798806910901B9805F0D8
:102F2000EBFE022801DBFFE701E0EFF7DDFB1F9876
:102F300005F0E2FE012801DBFFE701E0EFF7D4FB3B
:102F400011981099884201DCFFE701E0EFF7CCFB14
:102F50001B9805F0D1FE0F901F9805F0CDFE0E9046
:102F60001F980E990139F9F791FD0D901F980E9950
:102F7000013905F0C7FE0C900C9801901B980F9931
:102F8000023905F0BFFE01460198884201DCFFE7E7
:102F900001E0EFF7A9FB1B980F99013905F0B2FE8C
:102FA0000B9000200A90FFE70A980D99884279DA81
:102FB000FFE700200990FFE709980C9988426CDA36
:102FC000FFE70020079006900590FFE705980B9912
:102FD000884223DAFFE71A980A990B9A059B01FBAE
:102FE000023130F9110004901C9809990B9A059B45
:102FF00001FB02314056039003980499139A11443F
:1030000000FB01F206990798891840EBE2700691DF
:103010000790FFE7059801300590D7E71E9870B13B
:10302000FFE71E98099900EBC102526850F8313051
:1030300006990798C918504106910790FFE706982E
:103040000799169ADDF824C052F82C20159B53F8E6
:103050002C3002F07DFF02901299029808440290F1
:1030600002A8009011A907F051F8014600980968DC
:10307000029110A907F0EAF80068029002982099DE
:10308000DDF824C00C9A0A9B02FB03C221F812004F
:10309000FFE70998013009908EE7FFE70A980130B1
:1030A0000A9081E718B080BD80B5AEB0DDF8C0C031
:1030B0002D902C912B922A932D99C869096A8842E8
:1030C00001DCFFE701E0EFF70FFB2D98C0690B90E3
:1030D00006F0FAFD01460B98884201DBFFE701E0AC
:1030E000EFF702FB2D98006A0A9006F0E9FD014611
:1030F0000A98884201DCFFE701E0EFF7F5FA2C9827
:1031000005F0FAFD042801D1FFE701E0EFF7ECFA42
:103110002A9805F0F1FD042801D1FFE701E0EFF75F
:10312000E3FA2C982A9A002309931946F2F794FBA4
:1031300029902C982A9A03231946F2F78DFB2890A0
:103140002C980121079105F0DDFD27902C98022194
:10315000089105F0D7FD079926902A9805F0D2FD31
:10316000089925902A9805F0CDFD014609982491EB
:103170002D99C96823912D99096922912190FFE722
:1031800021982999884280F2DC80FFE70020209076
:10319000FFE720982599884280F2CE80FFE7002043
:1031A0001F90FFE71F982499884280F2C080FFE7B4
:1031B00000201E90FFE71E982899884280F2B28076
:1031C000FFE71F98229900FB01F02D99B1F9021039
:1031D000401A1D902098239900FB01F02D99B1F918
:1031E0000410401A1C90002006901A901D9840422E
:1031F00019901AA819A906F089FF00681B902D984C
:10320000183026991D9A891A179117A907F01EF8E8
:10321000014606980968189115901C984042149030
:1032200015A814A906F072FF006816902D981430A6
:1032300027991C9A891A129112A907F007F80068B9
:10324000139006F045FD8DF8470016981090FFE7A3
:1032500010981399884231DAFFE71B980F90FFE727
:103260000F981899884224DAFFE71D980F990844AF
:103270000E901C98109908440D902B9805902C984E
:1032800021990D9A0E9BDDF878C0EE46CEF800C06D
:1032900003F078FC0146059801440DF1470006F063
:1032A000F5FE00788DF84700FFE70F9801300F908A
:1032B000D6E7FFE7109801301090C9E72D98C06954
:1032C0008DF833000DF1470002900DF1330106F047
:1032D000DDFE0146029809788DF847102D99096A9C
:1032E0008DF832100DF1320106F050FF00788DF8A4
:1032F00047009DF847000490309803902A98219940
:10330000209A1F9BDDF878C0EE46CEF800C003F08F
:1033100039FC0399024604988854FFE71E9801304F
:103320001E9048E7FFE71F9801301F903AE7FFE73C
:103330002098013020902CE7FFE721980130219060
:103340001EE72EB080BD000080B5AEB0DDF8C0C075
:103350002D902C912B922A932D99C869096A884245
:1033600001DCFFE701E0EFF7BFF92D98C0690B9092
:1033700006F0D2FC01460B98884201DBFFE701E032
:10338000EFF7B2F92D98006A0A9006F0C1FC0146E9
:103390000A98884201DCFFE701E0EFF7A5F92C98D5
:1033A00005F0AAFC042801D1FFE701E0EFF79CF942
:1033B0002A9805F0A1FC042801D1FFE701E0EFF70E
:1033C00093F92C982A9A002309931946F2F744FAA4
:1033D00029902C982A9A03231946F2F73DFA28904F
:1033E0002C980121079105F08DFC27902C98022143
:1033F000089105F087FC079926902A9805F082FC31
:10340000089925902A9805F07DFC01460998249199
:103410002D99C96823912D99096922912190FFE77F
:1034200021982999884280F2DD80FFE700202090D2
:10343000FFE720982599884280F2CF80FFE700209F
:103440001F90FFE71F982499884280F2C180FFE710
:1034500000201E90FFE71E982899884280F2B380D2
:10346000FFE71F98229900FB01F02D99B1F9021096
:10347000401A1D902098239900FB01F02D99B1F975
:103480000410401A1C90002006901A901D9840428B
:1034900019901AA819A906F039FE00681B902D98FA
:1034A000183026991D9A891A179117A906F0CEFE91
:1034B000014606980968189115901C98404214908E
:1034C00015A814A906F022FE006816902D98143055
:1034D00027991C9A891A129112A906F0B7FE006862
:1034E000139006F01DFCADF8460016981090FFE70B
:1034F00010981399884232DAFFE71B980F90FFE784
:103500000F981899884225DAFFE71D980F9908440B
:103510000E901C98109908440D902B9805902C98AB
:1035200021990D9A0E9BDDF878C0EE46CEF800C0CA
:1035300003F028FB0146059800EB41010DF1460020
:1035400006F004FE0088ADF84600FFE70F98013052
:103550000F90D5E7FFE7109801301090C8E72D983D
:10356000C069ADF832000DF1460002900DF1320154
:1035700006F0ECFD014602980988ADF846102D9939
:10358000096AADF830100CA906F0A0FE0088ADF86D
:103590004600BDF846000490309803902A9821997F
:1035A000209A1F9BDDF878C0EE46CEF800C003F0ED
:1035B000E9FA03990246049821F81200FFE71E98E1
:1035C00001301E9047E7FFE71F9801301F9039E751
:1035D000FFE72098013020902BE7FFE7219801308A
:1035E00021901DE72EB080BD80B588B00690059172
:1035F000049201200390069805F0D2FE00B3FFE785
:1036000000200290FFE702980090069805F0C8FE9F
:1036100005F010FB01460098884210D2FFE706989B
:1036200005F0BEFE029905F0DBFA0146039800FBA7
:1036300001F00390FFE7029801300290E3E7FFE713
:10364000FFE7069805F0A2FE0DF10701F9F778FFF4
:103650008DF806009DF8060028B1FFE79DF80600EA
:103660008DF81F001DE0FFE7FFE79DF807000499B4
:10367000F9F7FEFE8DF805009DF8050028B1FFE77B
:103680009DF805008DF81F000BE0FFE703980499F3
:10369000096800FB01F00599086000208DF81F0003
:1036A000FFE79DF81F0008B080BD0000F0B595B0A1
:1036B000DDF868C0149013911292119312980121B1
:1036C0000891F9F745FA109012980221F9F740FA9B
:1036D000089B0F90139881684268DDF840C0DDF8C0
:1036E0003CE00469C568067868460DAFC7610EAF57
:1036F000876146610561C460C0F808E0C0F804C095
:10370000036009A801F0C4FB1A9909980A9A0B9B57
:10371000DDF830C0C1F80CC08B604A600860002042
:1037200015B0F0BD0000000080B5ACB0DDF8B8C049
:103730002A902991289227932A982999289A2E9B92
:10374000F4F7B8FB20B1FFE701208DF8AF0007E3E5
:1037500029980078092806D0FFE7299800780728DB
:1037600040F08682FFE729980078072840F0B6806D
:10377000FFE7FFE72998006918B3FFE7FFE72A98FA
:10378000D0F814C0299909696A460023D360916072
:1037900046F6AA61C1F20201516049F2FC01C1F290
:1037A0000201116048F6FA01C1F2020149F2A66273
:1037B000C1F202025B23E047FFE701208DF8AF0072
:1037C000CEE2FFE7FFE72898006918B3FFE7FFE7BD
:1037D0002A98D0F814C0289909696A460023D36052
:1037E000916046F6AA61C1F20201516048F6F57196
:1037F000C1F20201116048F6FA01C1F2020149F278
:10380000A662C1F202025C23E047FFE701208DF8C7
:10381000AF00A5E2FFE7FFE7289890ED030A9FEDD0
:10382000DC1AB4EE410AF1EE10FA0ADDFFE728983F
:1038300090ED030A9FEDD71A30EE010A8DED200AB4
:1038400009E0289890ED031A9FEDD10A30EE410A65
:103850008DED200AFFE79DED200A8DED260A9DEDF6
:10386000260A9FEDCD1AB4EE410AF1EE10FA33DDCF
:10387000FFE7FFE72A981E9040691D902898C068CE
:1038800009F0C8F9DDF874C002461E981F920A4676
:103890001F9942EC101B6A464FF07C515161002188
:1038A000116182ED020B49F28761C1F202015160A0
:1038B00049F2F861C1F20201116049F2E051C1F22E
:1038C000020149F2A662C1F202025E23E047FFE76D
:1038D00001208DF8AF0043E2FFE754E1FFE72998AC
:1038E000007809282ED0FFE7FFE72A981C9040694E
:1038F0001B9029980078F0F7F1FF1A900920F0F753
:10390000EDFF1A99DDF86CC003461C986A46D36037
:10391000916049F29A61C1F20201516048F69A2120
:10392000C1F20201116048F60551C1F2020149F2EB
:10393000A662C1F202026023E047FFE701208DF892
:10394000AF000DE2FFE728980078072840F0938049
:10395000FFE7FFE72898006910F5004F26D0FFE742
:10396000FFE72A98D0F814C0289909696A4648F2F6
:103970000003CFF6FF73D360916049F29361C1F207
:103980000201516048F6F571C1F20201116048F67A
:10399000FA01C1F2020149F2A662C1F202026223F7
:1039A000E047FFE701208DF8AF00D9E1FFE7FFE72F
:1039B000289890ED030A9FED791AB4EE410AF1EED2
:1039C00010FA0ADDFFE7289890ED030A9FED741ABC
:1039D00030EE010A8DED190A09E0289890ED031ADE
:1039E0009FED6E0A30EE410A8DED190AFFE79DED5D
:1039F000190A8DED250A9DED250A9FEDE01AB4EE1A
:103A0000410AF1EE10FA34DDFFE7FFE72A9817903C
:103A1000406916902898C06809F0FCF8DDF858C095
:103A20000246179818920A46189942EC101B6A46EB
:103A30000021C3F6F06151610021116182ED020B9A
:103A400049F25461C1F20201516049F2F861C1F2D8
:103A50000201116049F2E051C1F2020149F2A6628D
:103A6000C1F202026423E047FFE701208DF8AF00B6
:103A700076E1FFE786E0FFE72898007809282ED056
:103A8000FFE7FFE72A98159040691490289800787E
:103A9000F0F724FF13900920F0F720FF1399DDF8C9
:103AA00050C0034615986A46D360916049F29A6106
:103AB000C1F20201516048F6A621C1F20201116073
:103AC00048F60551C1F2020149F2A662C1F20202B2
:103AD0006623E047FFE701208DF8AF0040E1FFE7F4
:103AE000FFE728980069803020B3FFE7FFE72A98B6
:103AF000D0F814C0289909696A466FF07F03D36033
:103B0000916049F28261C1F20201516048F6F5719B
:103B1000C1F20201116048F6FA01C1F2020149F254
:103B2000A662C1F202026723E047FFE701208DF899
:103B3000AF0015E1FFE7FFE7289890ED030A9FED3E
:103B40008E1AB4EE410AF1EE10FA19D0FFE7FFE742
:103B50002A98D0F814C049F26061C1F202016A46A5
:103B6000116048F20E51C1F2020149F2A662C1F29F
:103B700002026823E047FFE701208DF8AF00EFE085
:103B8000FFE7FFE7FFE729980078072839D109E028
:103B900000000038000000B86F12033300008037C7
:103BA000000080B72998C06809F034F841EC100B88
:103BB0008DED100B2798006809F02CF89DED101B77
:103BC00041EC100B51EC110B53EC102B08F09AFD4B
:103BD00041EC100B51EC100B9FED650B53EC102BCF
:103BE00008F0E8FA41EC100B8DED220B9DED220B55
:103BF0002E98083024A9F9F73FFF24982E99C86021
:103C000035E02798006809F005F841EC100B8DEDC0
:103C10000C0B2998C06808F0FDFF9DED0C0B41ECE2
:103C2000110B2E9800F1080105200F9021AA01F038
:103C3000BDF80F9821992E9AD1602E99C9681F223C
:103C4000FBF74EF908F07DFC41EC100B53EC102B08
:103C50009FED450B51EC100B08F0EEFE41EC100B04
:103C600051EC100B08F03EFC2E998861FFE773E0E1
:103C7000FFE72998007801282ED0FFE7FFE72A9870
:103C80000B9040690A9029980078F0F727FE099078
:103C90000120F0F723FE0999DDF828C003460B98B0
:103CA0006A46D360916049F21C31C1F20201516051
:103CB00048F69A21C1F20201116048F60551C1F29D
:103CC000020149F2A662C1F202028523E047FFE742
:103CD00001208DF8AF0043E0FFE7FFE72898007868
:103CE00001282ED0FFE7FFE72A9808904069079047
:103CF00028980078F0F7F2FD06900120F0F7EEFD2D
:103D00000699DDF81CC0034608986A46D3609160A6
:103D100049F21C31C1F20201516048F6A621C1F2FC
:103D20000201116048F60551C1F2020149F2A66292
:103D3000C1F202028623E047FFE701208DF8AF00C1
:103D40000EE0FFE72798006808F064FF41EC100BD5
:103D50002E9880ED000BFFE700208DF8AF00FFE705
:103D60009DF8AF002CB080BD000000000000008076
:103D7000140014001400243F0000803B6F128332B3
:103D80002DE9F04186B004900391029201930498CA
:103D900000900398202810D1FFE746F6B860C1F2E2
:103DA0000200F0F751FE46F6C670C1F20200F0F7CD
:103DB0004BFE01208DF817006FE000980399026810
:103DC0001268904788B1FFE746F61A70C1F2020008
:103DD000F0F73AFE039946F69270C1F20200F0F74E
:103DE00033FE01208DF8170057E00098D0F81C0131
:103DF0000A2812D3FFE7039946F6E960C1F20200F0
:103E0000F0F722FE46F6B370C1F202000A21F0F785
:103E10001BFE01208DF817003FE0009902980A1D53
:103E2000D1F81C31C3EBC30802EB8803056946696E
:103E30000768D0F804C0D0F808E0C46842F82870D9
:103E40005E611D61DC60C3F808E0C3F804C08069EE
:103E500098610398D1F81C31C3EBC30302EB8302D2
:103E60005061D1F81C010130C1F81C010398D1F850
:103E7000702101EB8202C2F820010198D1F8702173
:103E800001EB8202C2F84801D1F870010130C1F89B
:103E9000700100208DF81700FFE79DF8170006B0AD
:103EA000BDE8F08180B582B0019000910198009A40
:103EB00045F62573C1F200031621FFF761FF02B03A
:103EC00080BD000080B582B0019000910198009AF9
:103ED00046F23D03C1F200031921FFF751FF02B082
:103EE00080BD000080B582B0019000910198009AD9
:103EF00049F27523C1F200037221FFF741FF02B0BE
:103F000080BD000080B582B0019000910198009AB8
:103F100047F23543C1F201031121FFF731FF02B02F
:103F200080BD000080B582B0019000910198009A98
:103F30004CF64133C1F200030621FFF721FF02B026
:103F400080BD000080B582B0019000910198009A78
:103F500047F23543C1F201030121FFF711FF02B01F
:103F600080BD000080B582B0019000910198009A58
:103F70004EF6C133C1F200030921FFF701FF02B081
:103F800080BD000080B582B0019000910198009A38
:103F90004FF28D43C1F200030421FFF7F1FE02B09E
:103FA00080BD000080B582B0019000910198009A18
:103FB00047F27153C1F201031321FFF7E1FE02B092
:103FC00080BD000080B582B0019000910198009AF8
:103FD00045F27133C1F200031521FFF7D1FE02B0A3
:103FE00080BD000080B582B0019000910198009AD8
:103FF00045F67D13C1F200030321FFF7C1FE02B0B5
:1040000080BD000080B582B0019001980090F8F763
:1040100081FD009845F6C871C1F2020108310160C6
:104020000021C0F81C11C0F8701102B080BD000062
:1040300080B582B001900198009000F007F80098D8
:104040004FF4BA7106F0A2FA02B080BD80B582B01A
:10405000019001980090F8F76DFD009802B080BDC6
:1040600080B588B007900798009000200690FFE781
:10407000009906988968884222DAFFE7009800686C
:10408000069901EB810100EB810C50F82100DCF86E
:104090000410DCF80820DCF80C30DCF810C0CDF897
:1040A00014C004930392029101909DF81420039888
:1040B0000499EEF74AFCFFE7069801300690D7E72F
:1040C000002008B080BD000080B5A2B0DDF894C02B
:1040D000DDF890C0219020911F921E931F98806858
:1040E00016901F98406817901F98006918901F98A5
:1040F000C06819901E984068ADF850001E9800687E
:10410000ADF84E001E9880691C901E98C0691D90E5
:1041100024990CA8049002F0F9FB249802F096FB75
:104120000290259905A8039002F0F0FB259802F073
:1041300099FB029A039B0499EC46CCF8000013A863
:10414000F5F786FE0398F2F7CFF80498F2F7CCF86B
:1041500022B080BD80B586B0049000200390D120AD
:10416000029004A803A902AAF0F768FD30B1FFE7A6
:1041700049F6C630C1F20200059008E004980190AB
:1041800000F0BAFB019950F821000590FFE705986F
:1041900006B080BD80B586B0059004910392059865
:1041A00004F0AAFD029000200190FFE70198029917
:1041B00088421CDAFFE701980499884212D0FFE791
:1041C0000598019904F09EFD00900398019904F070
:1041D00099FD01460098884201D1FFE701E0EEF722
:1041E00083FAFFE7FFE7019801300190DEE70598C9
:1041F0000499F8F74BFC06B080BD000080B5A2B072
:10420000DDF894C0DDF890C0219020911F921E939C
:104210002498007A092805D0FFE72498007A072817
:1042200001D1FFE701E0EEF75FFA1F988068169072
:104230001F98406817901F98006918901F98C068D1
:1042400019901E984068ADF850001E980068ADF8AF
:104250004E001E9800691A901E9840691B90249980
:104260000CA8049002F052FB249802F0D7FA0290B6
:10427000259905A8039002F049FB259802F0DAFA87
:10428000029A039B0499EC46CCF8000013A8FEF7B1
:104290000BFF0398F2F728F80498F2F725F822B0FC
:1042A00080BD000080B5A2B0DDF894C0DDF890C0FC
:1042B000219020911F921E932498007A092805D0FE
:1042C000FFE72498007A072801D1FFE701E0EEF725
:1042D0000BFA1F98806816901F98406817901F98D7
:1042E000006918901F98C06819901E984068ADF832
:1042F00050001E980068ADF84E001E9800691A9094
:104300001E9840691B9024990CA8049002F0FEFAB4
:10431000249802F0E3FA0290259905A8039002F090
:10432000F5FA259802F0E6FA029A039B0499EC4606
:10433000CCF8000013A8FFF707F80398F1F7D4FFB3
:104340000498F1F7D1FF22B080BD000080B584B0A1
:1043500003900291039800904069FCF743FA0146EC
:10436000009801914069FCF7B3FD0146019800EB0C
:10437000C1004068029901EB410100EB810004B0EB
:1043800080BD000084B00390029103980090C06942
:10439000032801D1FFE701E0EEF7A6F90098006AD3
:1043A000029900EB810001900198006804B0704709
:1043B00081B000900098406A01B0704780B584B029
:1043C00003900291019203980090C069012801D1E5
:1043D000FFE701E0EEF788F9009800690299019A79
:1043E0000368DB68984704B080BD000082B001908C
:1043F000009101990098C86102B0704780B584B0FF
:104400000390029103980190C069012801D1FFE750
:1044100001E0EEF769F901980069029902681269F2
:10442000904704B080BD000082B0019000910199D6
:1044300000988862002002B07047000080B584B008
:104440000290019102980090C06950B1FFE7009876
:10445000C069012805D0FFE70098C069032801D191
:10446000FFE701E0EEF740F9019820B1FFE700987F
:10447000406A68B1FFE700980199426A48F28910E2
:10448000C1F20200F0F7E0FA01208DF80F0006E01B
:1044900000990198486200208DF80F00FFE79DF811
:1044A0000F0004B080BD000080B586B00490039179
:1044B000029204980190C06920B1FFE701208DF8B5
:1044C000170007E001980399029AF1F731FC8DF883
:1044D0001700FFE79DF8170006B080BD82B001907D
:1044E000009101990098086202B0704780B584B0CD
:1044F0000390029103980190C069012804D0FFE75E
:104500000198C06908B9FFE701E0EEF7EDF80198FE
:10451000006902990268D269904704B080BD00002A
:1045200010B588B007900691079901910869059028
:10453000486989690291FCF755F901460198039190
:10454000069904914069FCF7C3FC0299039A049B05
:1045500086460598D0F800C0DCF804C06C46C4F864
:1045600000E0E04708B010BD80B582B00190009136
:1045700001980069009902689268904702B080BD76
:1045800080B584B003900291019203980090C069B5
:10459000012801D1FFE701E0EEF7A6F800980299A3
:1045A000019AF1F737FC04B080BD000080B586B0F9
:1045B00005900491039205980290C069012801D1E9
:1045C000FFE701E0EEF790F8029804990091016985
:1045D00001914069FCF77CFC009902460198039B1D
:1045E000F7F7BAFC06B080BD81B000900098406932
:1045F00001B0704780B586B0059004910392029394
:1046000005980190F1F774FC019845F6E471C1F248
:104610000201083101600499016102994161039925
:1046200081610021C16101624162816206B080BD89
:1046300080B582B001900198009000F007F80098D2
:104640002C2105F0A3FF02B080BD000080B582B030
:10465000019001980090F1F75FFC009802B080BDD6
:1046600080B58CB00A900991FFE7099802F0D0FE5E
:1046700001281FD0FFE7099802F0CAFE022819D0CE
:10468000FFE7FFE70A98D0F814C049F2F931C1F208
:1046900002016A46116048F20E51C1F2020149F26C
:1046A0002642C1F202025823E047FFE701208DF8BD
:1046B0002F0066E0FFE7FFE70998F0F747FE0128C3
:1046C00029D0FFE7FFE70A9808904069079009980A
:1046D000F0F73CFEDDF81CC0014608986A4601234D
:1046E000D360916047F22421C1F20201516049F286
:1046F0002511C1F20201116048F6FA01C1F202016E
:1047000049F22642C1F202025923E047FFE70120A5
:104710008DF82F0035E0FFE7FFE70A980999F1F7D8
:10472000B1FF48B3FFE7FFE70A980690416905919A
:104730000999F1F7A7FFDDF814C0014606986A460B
:104740000023D360916049F27841C1F202015160C7
:1047500049F2D931C1F20201116048F6FA01C1F201
:10476000020149F22642C1F202025A23E047FFE762
:1047700001208DF82F0004E0FFE700208DF82F00C6
:10478000FFE79DF82F000CB080BD000080B584B01D
:104790008DF80F00029101929DF80F00012809D1B8
:1047A000FFE702990020086005F096FA019880ED75
:1047B000000A29E09DF80F00032809D1FFE70299BC
:1047C0000020086001990020C4F2C00008601AE0CF
:1047D0009DF80F0002280AD1FFE702990020CBF6CE
:1047E0008070086001994FF07E5008600AE005F083
:1047F00077FA029880ED000A05F06EFA019880EDD4
:10480000000AFFE7FFE7FFE704B080BD80B586B090
:1048100005900491039202930598009004980190EA
:10482000FBF7D8FEDDF800C001460198039A029B11
:10483000E04706B080BD000087B0DDF820C0DDF89D
:104840001CC00690059104920393039801380599C2
:1048500000FB01F001300290079801380699029A96
:1048600000FB01200499401A01900198012803DB04
:10487000FFE70198009002E000200090FFE7009819
:104880000190019800EBD07121F00101401A0899C4
:104890000860019800EBD070401007B0704700002E
:1048A00080B584B000920246009801920391029074
:1048B0000398007C02F130013432FFF767FF039860
:1048C000007802F045F80199087002980068488065
:1048D00002984068888003984068488103988068FF
:1048E000888103984069C881039880690882039889
:1048F000C068488204B080BD46F24410C1F2020094
:104900007047000080B594B0129011911198006921
:1049100008B1FFE701E0EDF7E7FE1198006910909C
:10492000FFE7119802F074FD012829D0FFE7FFE7A7
:104930001298099040690890119802F069FDDDF81D
:1049400020C0014609986A460123D360916047F26E
:104950002421C1F20201516049F21511C1F2020194
:10496000116048F6FA01C1F2020149F29422C1F243
:1049700002022423E047FFE701208DF84F0011E2F7
:10498000FFE7FFE71198F0F7E1FC012829D0FFE7E6
:10499000FFE712980790406906901198F0F7D6FC4F
:1049A000DDF818C0014607986A460123D36091607C
:1049B00047F22421C1F20201516049F22511C1F2EE
:1049C0000201116048F6FA01C1F2020149F2942293
:1049D000C1F202022523E047FFE701208DF84F00D6
:1049E000E0E1FFE71298F8F78FF80F900F98119910
:1049F0000022F1F7CBF90E90FFE70E98C8B9FFE758
:104A0000FFE71298D0F814C048F6DF21C1F2020186
:104A10006A46116048F20E51C1F2020149F2942235
:104A2000C1F202022A23E047FFE701208DF84F0080
:104A3000B8E1FFE70F9811990022F1F7C9F90D903D
:104A4000FFE70D98C8B9FFE7FFE71298D0F814C048
:104A500048F6F021C1F202016A46116048F20E5197
:104A6000C1F2020149F29422C1F202022C23E04772
:104A7000FFE701208DF84F0094E1FFE7FFE70D9875
:104A8000006B012823D0FFE7FFE71298D0F814C08D
:104A90000D99096B6A460123D360916048F6B321F2
:104AA000C1F20201516049F2E721C1F20201116035
:104AB00048F6FA01C1F2020149F29422C1F202025F
:104AC0003123E047FFE701208DF84F006AE1FFE75F
:104AD0000D98406B0C90FFE70C98C8B9FFE7FFE713
:104AE0001298D0F814C048F61471C1F202016A4657
:104AF000116048F20E51C1F2020149F29422C1F252
:104B000002023423E047FFE701208DF84F0049E11E
:104B1000FFE7FFE70C980068C8B9FFE7FFE71298C6
:104B2000D0F814C048F6DB61C1F202016A46116098
:104B300048F20E51C1F2020149F29422C1F202027E
:104B40003523E047FFE701208DF84F002AE1FFE71A
:104B5000FFE70C9800680068012819D0FFE7FFE71D
:104B60001298D0F814C049F25911C1F202016A46F4
:104B7000116048F20E51C1F2020149F29422C1F2D1
:104B800002023623E047FFE701208DF84F0009E1DC
:104B9000FFE7FFE70E98007801282DD0FFE70E9879
:104BA0000078022828D0FFE70E980078072823D045
:104BB000FFE70E98007809281ED0FFE70E980078CE
:104BC000032819D0FFE7FFE71298D0F814C049F284
:104BD0007F11C1F202016A46116048F20E51C1F222
:104BE000020149F29422C1F202023B23E047FFE7AF
:104BF00001208DF84F00D5E0FFE7FFE70D98007822
:104C0000092828D0FFE70D980078072823D0FFE770
:104C10000D98007802281ED0FFE70D980078032831
:104C200019D0FFE7FFE71298D0F814C049F2182115
:104C3000C1F202016A46116048F20E51C1F202014E
:104C400049F29422C1F202023F23E047FFE701202C
:104C50008DF84F00A6E0FFE70E980078072805D1F1
:104C6000FFE70D98007809285AD0FFE70E980078E2
:104C7000092805D1FFE70D980078092850D0FFE7F3
:104C80000E980078092805D1FFE70D9800780328D1
:104C900046D0FFE70E980078032805D1FFE70D986E
:104CA000007809283CD0FFE70E980078092805D144
:104CB000FFE70D980078072832D0FFE70E980078BC
:104CC000092805D1FFE70D980078022828D0FFE7D2
:104CD0000E980078072805D1FFE70D98007807287F
:104CE0001ED0FFE70E980078072805D1FFE70D9842
:104CF0000078022814D0FFE70E980078022805D12A
:104D0000FFE70D98007809280AD0FFE70E98007891
:104D1000022828D1FFE70D980078072823D1FFE764
:104D20000E98C06807F076FF41EC100B8DED040B78
:104D30000D98C06807F06EFF9DED041B41EC100B51
:104D400051EC110B53EC102B07F034FA41EC100B23
:104D50008DED0A0B9DED0A0B109901F11000143135
:104D6000F8F78AFEFFE70D980069109908600D9822
:104D7000C06807F04FFF41EC100B109880ED020B5C
:104D80000E980069109988610F980E9902689269CF
:104D900090470F980D9902689269904700208DF80E
:104DA0004F00FFE79DF84F0014B080BD80B590B074
:104DB0008DED0E0B8DED0C1B0B900A9109924FF6A9
:104DC000FF70C4F2DF1007900020CFF6C07006908D
:104DD0009DED0E1B9DED0C0B51EC110B53EC102BAC
:104DE00007F090FC41EC100B8DED000B0B98C0F11F
:104DF0001F010120884007F0A4FB9DED001B41EC42
:104E0000100B51EC110B53EC102B07F07BFC41EC19
:104E1000100B8DED020B02A806A905F0D7F990ED55
:104E2000000B8DED040B9DED040B0A98099901F020
:104E300083F910B080BD000080B582B06A460021C1
:104E40005160116048F6A941C1F200014CF2514293
:104E5000C1F2000246F26543C1F2000301F07AFCA0
:104E600002B080BD80B582B06A46002151601160F9
:104E700047F6A111C1F2000147F6B532C1F20002B6
:104E800046F69573C1F2000301F064FC02B080BDE8
:104E900010B588B00290119810980F98DDF838C0BE
:104EA000DDF834C0DDF830C0DDF82CC0DDF828C0F6
:104EB0000791069205938DF813009DF813000C9945
:104EC0000E9A069BDDF828C0EE46CEF800C0F6F735
:104ED000D3FA119908609DF813000B990D9A079B5E
:104EE000DDF814C0EE46CEF800C0F6F7C5FA10990A
:104EF000086000200390079805990B9A0D9BDDF838
:104F000040C0DCF800C0EE4603ACCEF80440CEF85A
:104F100000C0FFF791FC029948600398C8600698AA
:104F20000A990C9A0E9BDDF844C0DCF800C0EE46EE
:104F3000CEF80440CEF800C0FFF77EFC029908606E
:104F40000398886008B010BD80B582B002468DF825
:104F500007109DF8070002F11C012032FFF716FC34
:104F600002B080BD80B586B0059004910392002008
:104F70008DF80B00039908600598F6F783FB019004
:104F80000198D2280BDBFFE7019948F2EE20C1F22D
:104F90000200EFF759FD01208DF80B0044E0019865
:104FA00020281AD0FFE704980199026812689047F8
:104FB000039908600398006870B9FFE70198FFF74C
:104FC000C9F8014648F2C720C1F20200EFF73CFDE4
:104FD00001208DF80B00FFE725E0059803F06EFE39
:104FE00050B9FFE748F29020C1F20200EFF72CFD24
:104FF00001208DF80B0015E0059803F05FFE03F02B
:105000003FFC009004980099026852689047039909
:1050100008600398006820B9FFE701208DF80B00B5
:10502000FFE7FFE7FFE7FFE79DF80B0006B080BD55
:105030001020704780B582B0019000910198F7F779
:1050400063FD00990268526A904702B080BD00007B
:1050500082B080B584B0079306920390029106A8AF
:1050600001900298019900910099EFF701FD04B0B9
:10507000BDE8804002B0704782B001900091019875
:1050800046F23401C1F202010831016002B07047FA
:1050900081B00090009846F23401C1F2020108315B
:1050A000016001B07047000081B00090FEDE00009A
:1050B00081B00090009801B07047000080B582B0C8
:1050C0006A4600215160116046F67171C1F200011B
:1050D0004EF6B172C1F2000246F61D33C1F2000372
:1050E00001F038FB02B080BD80B588B00690059114
:1050F00004920698019080690499F6F7ABF901468D
:105100000198039140690399401A02900298059909
:1051100088420CD2FFE70599029A8B1A49F638703B
:10512000C1F20200EFF790FC002007900EE0019919
:105130000398059A10448861039AC8695040C86171
:10514000086A0130086203980790FFE7079808B0E3
:1051500080BD000080B58AB0089007910692059343
:105160000898019080680599F6F774F90199049000
:1051700008698969884205D1FFE707980499884240
:105180000AD0FFE749F6FD50C1F20200EFF75CFCE0
:1051900001208DF8270028E0019880680599F6F72E
:1051A00059F901460198039140690399401A029008
:1051B0000298069988420DD2FFE70699029A8B1A47
:1051C00049F6AD60C1F20200EFF73EFC01208DF818
:1051D00027000AE001990398069A104408610869BB
:1051E000886100208DF82700FFE79DF827000AB0AE
:1051F00080BD000082B0019000910199009AC869B9
:105200005040C861086A0138086202B07047000067
:1052100080B584B0029002980190006A20B9FFE73F
:105220000198C06980B1FFE70199C869096AB0FABD
:1052300080F0420949F66B60C1F20200EFF704FC0E
:1052400000208DF80F0003E001208DF80F00FFE72C
:105250009DF80F0004B080BD80B584B00290029824
:10526000019001680969884750B9FFE749F6B850CD
:10527000C1F20200EFF7E8FB01208DF80F0006E015
:1052800001990869886100208DF80F00FFE79DF8FB
:105290000F0004B080BD000080B586B0049003917B
:1052A00002920498009080680299F6F7D3F80146BC
:1052B000009801910199039A029BD0F800C0DCF894
:1052C0001CC0E04718B9FFE70198059002E00020F4
:1052D0000590FFE7059806B080BD000080B588B056
:1052E0000690059104920698019040690599401A2C
:1052F0000499F7F739FC01990390039809698842EA
:1053000011D2FFE7019800690399401A02900599AC
:10531000029BCA1A49F6EF60C1F20200EFF794FB54
:105320000020079005E001990398486103980790D1
:10533000FFE7079808B080BD80B582B0019000916A
:10534000019800990268D2F81CC000220123E047AE
:1053500002B080BD80B586B0059004910392059897
:10536000019080680399F6F775F80146019802915B
:105370000299049A039BD0F800C0DCF81CC0E047F7
:1053800006B080BD80B58EB00D900C910D9808B11F
:10539000FFE701E0EDF7A8F90D990C9A03A800903A
:1053A00000F038F8009824210422FFF797FF0099B5
:1053B00002900298019000F03DF8009800F076F815
:1053C00001980EB080BD000080B584B003900291BA
:1053D00001920398009000F079FD00980430FFF7E7
:1053E00057FE009846F24C01C1F2020101F1080299
:1053F00002604C314160029981600199C16002995B
:10540000016101994161816881610021C16101628D
:1054100004B080BD80B584B00390029101920398DE
:1054200000900299019A0A44FFF7CEFF009804B059
:1054300080BD0000B0B584B0039002910398019044
:10544000029900F037FD0198043002990431FFF70A
:1054500013FE019846F24C01C1F2020101F108026B
:1054600002604C31416002998A68CB68D1F810C063
:10547000D1F814E08C69CD69C5618461C0F814E08D
:10548000C0F810C0C3608260096A016204B0B0BD98
:1054900080B582B001900198009000F007F8009864
:1054A000242105F073F802B080BD000080B582B001
:1054B0000190019800900430FFF7FAFD009800F089
:1054C00015FD009802B080BD80B588B006900591AA
:1054D000059808B1FFE701E0EDF706F90120049017
:1054E00006984068D0B1FFE700200390FFE70398DB
:1054F00006994968096888420FDAFFE7069840680C
:10550000039900EB81004168049800FB01F00490CE
:10551000FFE7039801300390E9E7FFE7FFE706980C
:10552000007A02A9F7F7A4FF8DF807009DF807009D
:1055300028B1FFE79DF807008DF81F000AE0FFE79C
:105540000498029900FB01F00599086000208DF88D
:105550001F00FFE79DF81F0008B080BD80B5A2B016
:10556000DDF894C0DDF890C0219020911F921E9329
:105570002498007A092805D0FFE72498007A0728A4
:1055800001D1FFE701E0EDF7AFF81F9880681690B2
:105590001F98406817901F98006918901F98C0685E
:1055A00019901E984068ADF850001E980068ADF83C
:1055B0004E001E9800691A901E9840691B9024990D
:1055C0000CA8049001F0A2F9249801F027F90290A8
:1055D000259905A8039001F099F9259801F02AF979
:1055E000029A039B0499EC46CCF8000013A8FBF741
:1055F000BBFC0398F0F778FE0498F0F775FE22B034
:1056000080BD000080B5A2B0DDF894C0DDF890C088
:10561000219020911F921E932498007A092805D08A
:10562000FFE72498007A072801D1FFE701E0EDF7B2
:105630005BF81F98806816901F98406817901F9815
:10564000006918901F98C06819901E984068ADF8BE
:1056500050001E980068ADF84E001E9800691A9020
:105660001E9840691B9024990CA8049001F04EF9F3
:10567000249801F033F90290259905A8039001F0D0
:1056800045F9259801F036F9029A039B0499EC46F6
:10569000CCF8000013A8FBF7B7FD0398F0F724FE41
:1056A0000498F0F721FE22B080BD000080B584B0E0
:1056B0008DED030ACDED020A8DED011A03A802A9B2
:1056C00004F004FD01A904F0A1FD90ED000A04B06E
:1056D00080BD00002DE9F04F9DB084462C982B989A
:1056E000DDF8A8E0DDF8A4E0DDF8A0E0DDF89CE05E
:1056F000DDF898E0CDF86CC01A91199218938DF8E6
:105700005F001A98006800680338B0FA80F040091A
:105710008DF85E00FFE79DF85E00C007F8B9FFE76F
:105720001A9800680068022819D0FFE7FFE71B9865
:10573000D0F814C048F69411C1F202016A46116013
:1057400048F20E51C1F2020148F66542C1F202026E
:105750005823E047FFE701208DF8730059E1FFE788
:10576000FFE71A9840680068012824D0FFE7FFE7A8
:105770001B98D0F814C01A99496809686A46012331
:10578000D360916047F22421C1F20201516049F6D1
:10579000ED01C1F20201116048F6FA01C1F2020105
:1057A00048F66542C1F202025923E047FFE70120B3
:1057B0008DF873002DE1FFE7199800788DF85D00F2
:1057C000199B5A68996858699B69DDF898E0189C9C
:1057D000289D279E9DF85D70EC46CDF82CC00DF1FC
:1057E000A408CCF81C800DF1A808CCF81880CCF8DF
:1057F0001470CCF81060CCF80C50CCF80840CCF801
:1058000004E0CCF8000013A8FFF742FB2C99139892
:10581000149A159BDDF858C0C1F80CC08B604A6023
:1058200008601B98F7F770F9129012981A9945F6CC
:105830007C52C1F202021268F0F7A8FA1190FFE759
:105840001198C8B9FFE7FFE71B98D0F814C048F6D5
:10585000DF21C1F202016A46116048F20E51C1F225
:10586000020148F66542C1F202026623E047FFE703
:1058700001208DF87300CCE0FFE712981A9945F6E5
:105880008452C1F202021268F0F780FA1090FFE72A
:105890001098C8B9FFE7FFE71B98D0F814C048F686
:1058A000CD21C1F202016A46116048F20E51C1F2E7
:1058B000020148F66542C1F202026923E047FFE7B0
:1058C00001208DF87300A4E0FFE712981A9945F6BD
:1058D0007852C1F202021268F0F758FA0F9012984B
:1058E0001A9945F68052C1F202021268F0F770FA76
:1058F0000E90FFE70E98C8B9FFE7FFE71B98D0F8B6
:1059000014C048F6F021C1F202016A46116048F263
:105910000E51C1F2020148F66542C1F202026E2345
:10592000E047FFE701208DF8730072E0FFE79DF884
:105930005F00012843D0FFE71098806800690D9050
:10594000FFE71B981199109A0F9BDDF838C0DDF81E
:1059500064E00EF11004DDF8B0E00EF11C050EF16C
:1059600020060EF12C070EF13008DEF82490DEF848
:1059700028A0DDF834B0EE46CDF828E0CEF820B00F
:10598000CEF81CA0CEF81890CEF81480CEF8107087
:10599000CEF80C60CEF80850CEF80440CEF800C027
:1059A00000F072FC8DF833009DF8330028B1FFE75A
:1059B0009DF833008DF873002BE0FFE7FFE71198A7
:1059C00000692C990861109800692C9948610E981B
:1059D00000692C9988611298119902689269904720
:1059E000129810990268926990479DF85E00C0076E
:1059F00030B1FFE712980F99026892699047FFE76C
:105A000012980E9902689269904700208DF87300F1
:105A1000FFE79DF873001DB0BDE8F08F80B584B03E
:105A2000009101460098019103900292029800694A
:105A3000404248610298406940428861029880690A
:105A4000C8610298C06908620298006A40424862D0
:105A50000398007800F07CFF019908700298406874
:105A6000888002980068488003988068888103983D
:105A70004068488103988069088203984069C8811A
:105A80000398C06848820298C06A88620298006BD6
:105A9000C86204B080BD000080B582B00190009162
:105AA0000198F7F731F8009902681269904702B03F
:105AB00080BD000010B5A2B00DF1300CCDF828C0AB
:105AC000DDF89CC0DDF898C0DDF894C0DDF890C02A
:105AD00020908DF87F108DF87E201E93279900204E
:105AE00081F82C009DF87E00012804D1FFE70020FA
:105AF0008DF88700BCE100208DF877002498006BBA
:105B000001284FD1FFE72498406B00284AD0FFE7D7
:105B10002498406B1C90FFE71C98C8B9FFE7FFE78B
:105B20002098D0F814C048F61471C1F202016A46F8
:105B3000116048F20E51C1F2020148F68162C1F2D1
:105B400002024A23E047FFE701208DF887008FE13A
:105B5000FFE7FFE71C980068C8B9FFE7FFE7209858
:105B6000D0F814C048F6DB61C1F202016A46116048
:105B700048F20E51C1F2020148F68162C1F20202FE
:105B80004B23E047FFE701208DF8870070E1FFE736
:105B90001C980068016800200129C8BF01208DF809
:105BA0007700FFE79DF87700C007002800F0158117
:105BB000FFE79DF87700279900F0010081F82C009D
:105BC0002498406B1B901B98006800681A90FFE7B0
:105BD0001E980078092805D1FFE72498007812283C
:105BE00023D1FFE71E980078072805D1FFE7249806
:105BF0000078122819D1FFE7FFE72098D0F814C0E9
:105C000048F6C851C1F202016A46116048F20E51CD
:105C1000C1F2020148F68162C1F202026623E04746
:105C2000FFE701208DF8870022E1FFE7FFE71B98DF
:105C3000006800681A99884224D0FFE7FFE720989F
:105C4000D0F814C01B99096809681A9B6A46D3608A
:105C5000916048F6F661C1F20201516048F6BE411A
:105C6000C1F20201116048F6FA01C1F2020148F6E0
:105C70008162C1F202026923E047FFE701208DF84B
:105C80008700F5E0FFE7FFE71A98249989681B9AD7
:105C9000926801EB82014968884228D0FFE7FFE75C
:105CA0002098D0F814C01A99249A92681B9B9B687C
:105CB00002EB830253686A46D360916048F6446100
:105CC000C1F20201516048F6F661C1F202011160B1
:105CD00048F6FA01C1F2020148F68162C1F20202FD
:105CE0006D23E047FFE701208DF88700C0E0FFE764
:105CF0002098826B1A9989009047279948622098CA
:105D0000826B1A9989009047279988621E98C0680B
:105D100019902698C06818901B9800680430179056
:105D200000201690FFE716981A99884254DAFFE788
:105D30001798169950F821001590159806F06AFFEB
:105D400002460A9804920A46049942EC101B80ED20
:105D5000060B199806F05EFF02460A9805920A465D
:105D6000059942EC101B90ED061B53EC112B51ECE6
:105D7000100B06F0C7FC41EC100B8DED060B1898CC
:105D800006F048FF9DED061B41EC100B51EC110B8A
:105D900053EC102B06F00EFA02460A9809920A46B6
:105DA000099942EC101B80ED040B90ED040B0FA839
:105DB0000EA9F7F761FE0F982799496A169A41F8DC
:105DC00022000E982799896A169A41F82200FFE767
:105DD000169801301690A6E725E000200D900C9053
:105DE000FFE720981E99249A259BDDF898C0EE467F
:105DF0000CACCEF80440CEF800C000F067F98DF886
:105E00002F009DF82F0028B1FFE79DF82F008DF897
:105E100087002DE0FFE70A9890ED000B2798011D01
:105E2000F7F72AFEFFE72498006908B9FFE701E0C9
:105E3000ECF75AFC1E98006927994861249800697C
:105E400027998861269800692799C86120989DF84C
:105E50007F10269ADDF89CC00CF108030CF10C0CA5
:105E6000EE46CEF800C000F08FF98DF88700FFE70E
:105E70009DF8870022B010BD82B0009101460098C5
:105E80000190019840694042086001988069404251
:105E900048600198C069886001980068C8600198EE
:105EA000406808610198806848610198C06888610D
:105EB00002B0704782B001900091019846F2A801AB
:105EC000C1F202010831016002B0704781B0009058
:105ED000009846F2A801C1F202010831016001B048
:105EE0007047000081B00090FEDE000081B000909D
:105EF000009801B07047000080B588B00790069107
:105F000005920598012803DBFFE70598029002E05F
:105F100000200290FFE7029804900598012803DB17
:105F2000FFE70020019003E0059840420190FFE761
:105F3000019803900798049A0121914000FB01F019
:105F4000069901F0DDFF039901F002FD08B080BD64
:105F500010B58AB009910890079206930798002817
:105F600001D4FFE70AE049F61440C1F2020049F605
:105F70004841C1F202015822ECF7C6FB069810F125
:105F80001F0F05DBFFE70698072801DCFFE70AE0A3
:105F900049F62E40C1F2020049F64841C1F2020121
:105FA0005922ECF7B1FB0699002011F11F0F029066
:105FB00007DBFFE7069900200829B8BF01200290FF
:105FC000FFE70298099810F5004F06DBFFE70998F4
:105FD000B0F5004F01DAFFE70AE049F6C730C1F239
:105FE000020049F64841C1F202015B22ECF78CFB4A
:105FF0000999002011F5004F019008DBFFE709998E
:106000000020B1F5004FB8BF01200190FFE70198D3
:1060100007984FF6FF71C7F6FE71884206DCFFE76E
:10602000079800F500400014009003E047F6FF7069
:106030000090FFE7009805900698C0F10F000490CB
:10604000089B0998059A4FEAE27CA3FB021E03FB1A
:106050000CE300FB0230049AA2F1010EA2F1210C24
:10606000012303FA0CF4C2F1210223FA02F2BCF17B
:10607000000F58BF224603FA0EF3BCF1000F58BFC1
:106080000023C91850410891099008980999049A69
:10609000D040C2F1200301FA03F31843203A114122
:1060A000002A58BF0846039003980AB010BD0000AC
:1060B00080B582B001908DF803100198F6F724FDA9
:1060C0000168C96A884702B080BD000080B588B009
:1060D000DDF82CC0DDF828C00790069105920493E6
:1060E000069890ED030A059890ED031A20EE010A38
:1060F00010EE100A06F08EFD41EC100B8DED020B38
:106100009DED020B8DED000B0A98C06806F082FD34
:106110009DED001B41EC100B51EC110B53EC102BBF
:1061200006F048F841EC100B0B9880ED000B0020B6
:1061300008B080BD0000000080B584B08DED020B7A
:1061400001900091029803999FED0D0B53EC102BD9
:1061500006F0A7FD08B9FFE701E0ECF7C5FA9DEDF1
:10616000020B01980099F7F787FC00980068002857
:1061700001D4FFE701E0ECF7B7FA04B080BD00BF3F
:10618000000000000000F03FB0B58AB0DDF838C074
:1061900008908DF81F10069205930020049003903C
:1061A00006980078032807D1FFE703F0A5FD0490C7
:1061B00003F09EFD039034E006980078092807D18B
:1061C000FFE703F081FD049003F07AFD039027E0E0
:1061D00006980078072807D1FFE703F09DFD04909B
:1061E00003F096FD03901AE0FFE7FFE70898D0F868
:1061F00014C049F68C51C1F202016A46116048F29E
:106200000E51C1F2020149F63452C1F202024FF4BA
:10621000F773E047FFE701208DF8270016E0FFE75E
:10622000FFE708989DF81F10049A039BDDF818C03B
:10623000059C0E9DEE46CEF80850CEF80440CEF8F0
:1062400000C0F2F7CBF88DF82700FFE79DF8270094
:106250000AB0B0BD81B00090009801B07047000056
:1062600081B00090009801B07047000080B582B006
:10627000019000910198F6F747FC00990268926836
:10628000904702B080BD000010B5A2B00DF1380CEF
:10629000CDF828C0DDF8B0C0DDF8ACC0DDF8A8C08E
:1062A000DDF8A4C0DDF8A0C0DDF89CC0DDF898C022
:1062B000DDF894C0DDF890C020901F911E921D93D0
:1062C000FFE71F98006B012823D0FFE7FFE7209826
:1062D000D0F814C01F99096B6A460123D3609160FE
:1062E00048F6B321C1F20201516049F65231C1F2C0
:1062F0000201116048F6FA01C1F2020149F60932C1
:10630000C1F20202E023E047FFE701208DF8870099
:10631000FBE1FFE7FFE71E98006B012823D0FFE7B2
:10632000FFE72098D0F814C01E99096B6A46012334
:10633000D360916048F6B321C1F20201516048F682
:106340008021C1F20201116048F6FA01C1F2020196
:1063500049F60932C1F20202E223E047FFE70120D9
:106360008DF88700D1E1FFE71E98406B1C90FFE796
:106370001C98C8B9FFE7FFE72098D0F814C048F68A
:106380001471C1F202016A46116048F20E51C1F265
:10639000020149F60932C1F20202EC23E047FFE7AD
:1063A00001208DF88700B0E1FFE7FFE71C98006847
:1063B000C8B9FFE7FFE72098D0F814C048F6DB61C2
:1063C000C1F202016A46116048F20E51C1F20201A7
:1063D00049F60932C1F20202ED23E047FFE701204E
:1063E0008DF8870091E1FFE71C98006801680020A4
:1063F0000129C8BF01208DF86F009DF86F00C0070C
:10640000002800F0AE80FFE7FFE71F98007809281A
:106410001ED0FFE71F980078072819D0FFE7FFE795
:106420002098D0F814C049F21A61C1F202016A46FC
:10643000116048F20E51C1F2020149F60932C1F26F
:106440000202F223E047FFE701208DF887005CE1BC
:10645000FFE7FFE71E98007809281ED0FFE71E9887
:106460000078122819D0FFE7FFE72098D0F814C071
:1064700049F6C921C1F202016A46116048F20E5183
:10648000C1F2020149F60932C1F20202F423E047E7
:10649000FFE701208DF8870037E1FFE7FFE71C9851
:1064A000006800682C99884224D0FFE7FFE7209815
:1064B000D0F814C01C99096809682C9B6A46D360FF
:1064C000916049F6B731C1F20201516048F6BE4110
:1064D000C1F20201116048F6FA01C1F2020149F667
:1064E0000932C1F20202F523E047FFE701208DF8EF
:1064F00087000AE1FFE7FFE72C981E9989681C9A3C
:10650000926801EB82014968884228D0FFE7FFE7E3
:106510002098D0F814C02C991E9A92681C9B9B68F6
:1065200002EB830253686A46D360916048F6446187
:10653000C1F20201516049F6B731C1F202011160A6
:1065400048F6FA01C1F2020149F60932C1F202022B
:10655000F823E047FFE701208DF88700D5E0FFE74B
:10656000FFE71F98C0681A902498C06819901C987B
:1065700000680430189000201790FFE717982C99B6
:10658000884266DAFFE79DF86F00C00748B1FFE771
:106590001898179900EB810090ED000A8DED090A1B
:1065A00005E0189890ED000A8DED090AFFE70A98BA
:1065B0009DED090A80ED080A169806F02BFB0246AD
:1065C0000A9804920A46049942EC101B80ED060BCF
:1065D0001A9806F01FFB02460A9805920A4605998A
:1065E00042EC101B90ED061B53EC112B51EC100BE1
:1065F00006F088F841EC100B8DED060B199806F0AB
:1066000009FB9DED061B41EC100B51EC110B53ECFB
:10661000102B05F0CFFD02460A9808920A46089909
:1066200042EC101B80ED040B90ED040B11A810A997
:10663000F7F722FA11982A99179A41F82200109830
:106640002B99179A41F82200FFE71798013017900D
:1066500094E71F98007803282AD1FFE700200F90C5
:106660000E90FFE720981F991E9A1D9BDDF890C0A1
:10667000EE460EACCEF80440CEF800C0FFF726FD83
:106680008DF837009DF8370028B1FFE79DF83700F7
:106690008DF8870039E0FFE70A9890ED000B269807
:1066A0000CA9F7F7E9F90C98404227990860FFE731
:1066B0001F98007809280AD0FFE71F980078032860
:1066C00005D0FFE71F98007807281AD1FFE7FFE7FA
:1066D000209825990978249A289BDDF8A4C0EE46D5
:1066E000CEF800C0FFF750FD8DF82F009DF82F0069
:1066F00028B1FFE79DF82F008DF8870005E0FFE740
:10670000FFE700208DF88700FFE79DF8870022B0A3
:1067100010BD000080B584B00390029101920398EF
:10672000F6F7F2F90299019A0368DB68984704B01A
:1067300080BD000080B584B003900291019203985F
:10674000019A0121914000FB01F0029901F0D8FB70
:1067500004B080BD84B0009101460098DDF814C0FB
:10676000DDF810C00390029201930398086004982A
:106770004860029888600198C86005980861002008
:106780004861886104B0704780B584B0039002917D
:10679000019203980299019A00F0FCF804B080BDC0
:1067A00086B004900391029201930398002812D4BA
:1067B000FFE70398029988420DDAFFE701980399F1
:1067C00050F8210000900098013018B1FFE70098C0
:1067D000059004E0FFE74FF0FF300590FFE70598D4
:1067E00006B0704780B584B003900291019203987F
:1067F00008B1FFE701E0EBF777FF029808B1FFE788
:1068000001E0EBF771FF0398426D02994968019B23
:1068100001EB83014968904704B080BD82B00190CC
:10682000019808B1FFE701E0EBF75EFF019800680F
:1068300002B0704782B00190019808B1FFE701E013
:10684000EBF752FF0198006802B0704782B00190E8
:10685000019808B1FFE701E0EBF746FF01980068F7
:1068600002B0704782B00190019808B1FFE701E0E3
:10687000EBF73AFF0198006802B0704782B00190D0
:10688000019808B1FFE701E0EBF72EFF01980068DF
:1068900002B0704782B00190019808B1FFE701E0B3
:1068A000EBF722FF0198006802B0704782B00190B8
:1068B000019808B1FFE701E0EBF716FF01980068C7
:1068C00002B0704782B00190019808B1FFE701E083
:1068D000EBF70AFF0198006802B0704782B00190A0
:1068E000019808B1FFE701E0EBF7FEFE01980068B0
:1068F00002B0704782B00190019808B1FFE701E053
:10690000EBF7F2FE0198006802B0704780B586B0E0
:10691000009005900491049820B1FFE70498406826
:1069200020B9FFE70098EFF7D7FC0EE00098049934
:10693000496803910399096802910399043101910F
:106940000299019AEFF7B8FCFFE706B080BD00009E
:1069500082B08DF806009DF806000146009180B1D6
:10696000FFE70098012804D0FFE70098022804D030
:1069700008E001208DF8070008E002208DF80700EC
:1069800004E0FFE700208DF80700FFE79DF807000F
:1069900002B0704780B586B00490039102920498CB
:1069A00008B1FFE701E0EBF79FFE039808B1FFE7AE
:1069B00001E0EBF799FE04980299039A136853F8E3
:1069C000042BFFF7EDFE01900198B0F1FF3F03DCCF
:1069D000FFE7002005900AE00498426D03990968DA
:1069E000029B01EB8301496890470590FFE70598FA
:1069F00006B080BD82B00190019818B9FFE7002071
:106A0000009003E0019800680090FFE7009802B052
:106A10007047000082B00190019818B9FFE700208C
:106A2000009003E0019800680090FFE7009802B032
:106A30007047000082B00190019818B9FFE700206C
:106A4000009003E0019800680090FFE7009802B012
:106A50007047000080B58AB0089007910692FFE762
:106A60000798C8B9FFE7FFE70898D0F814C049F6BF
:106A70003311C1F202016A46116048F20E51C1F2AF
:106A8000020149F68802C1F202028323E047FFE7D0
:106A900001208DF8270070E0FFE7FFE70698C8B9EE
:106AA000FFE7FFE70898D0F814C049F62E11C1F2AD
:106AB00002016A46116048F20E51C1F2020149F624
:106AC0008802C1F202028423E047FFE701208DF82B
:106AD000270052E0FFE7FFE70898806BC8B9FFE79F
:106AE000FFE70898D0F814C049F60111C1F202017D
:106AF0006A46116048F20E51C1F2020149F688025D
:106B0000C1F202028523E047FFE701208DF827004C
:106B100033E0FFE707988068006805900598EDF777
:106B2000D5FE04900898826B0499904703900798CB
:106B30008068029005980399086003980799886017
:106B400003980699486000200190FFE70198059995
:106B500088420EDAFFE70298019A00EB8200406853
:106B6000039901EB82014860FFE701980130019031
:106B7000ECE700208DF82700FFE79DF827000AB01A
:106B800080BD000080B586B0DDF820C0059004917E
:106B900003920293059802F0AFF8042801D1FFE7B1
:106BA00001E0EBF7A1FD059802F0C8F8019001980B
:106BB000006818B9FFE7049850B1FFE7049800286F
:106BC00007D4FFE7049801990968884201DAFFE7D2
:106BD00001E0EBF789FD0198406818B9FFE70398D9
:106BE00050B1FFE70398002807D4FFE70398019905
:106BF0004968884201DAFFE701E0EBF775FD01988B
:106C0000806818B9FFE7029850B1FFE702980028A2
:106C100007D4FFE7029801998968884201DAFFE703
:106C200001E0EBF761FD0198C06818B9FFE708982B
:106C300050B1FFE70898002807D4FFE708980199AA
:106C4000C968884201DAFFE701E0EBF74DFD0498DF
:106C50000199DDF80CC04B688A68C96800FB03C065
:106C6000029B00FB0230089A00FB012006B080BDA9
:106C700080B584B0039002918DED010A03989DEDDB
:106C8000010A804704B080BD80B5A4B0DDF898C08B
:106C90008DED230A2290CDED210A20911F921E93A3
:106CA0009DED230A8DED040A03F036F89DED040AEC
:106CB0002299401A01EE100AB8EEC11A20EE010A1C
:106CC0008DED1D0A9DED230A8DED050A03F020F8D8
:106CD0009DED050A2299401A01EE100AB8EEC11A7C
:106CE00020EE010A8DED1C0A9DED210A8DED060AAC
:106CF00003F012F89DED060A2099401A01EE100AE1
:106D0000B8EEC11A20EE010A8DED1B0A9DED210A95
:106D10008DED070A02F0FCFF9DED070A2099401A4D
:106D200001EE100AB8EEC11A20EE010A8DED1A0A22
:106D30004FF4007019909DED1C0A9DED1D1A30EE68
:106D4000410A9FED801A20EE010A8DED180A9DED93
:106D5000180AB6EE001A20EE010A8DED170A02F0AD
:106D6000D7FF089002F0D8FF01460898401A01307A
:106D700000EE100AB8EEC00A9DED1A1A9DED1B2A0E
:106D800031EE421A80EE010A8DED160A02F0C4FFC0
:106D900000EE100AB8EEC00A8DED150A02F0B8FF39
:106DA00000EE100AB8EEC00A8DED140A0020139010
:106DB000FFE71398B0F5007F80F2A380FFE71F98EC
:106DC0001E999DED1D1A9DED130AB8EEC00A9DEDAA
:106DD000182A20EE020A30EE010AFFF749FF8DED76
:106DE000120A1F981E999DED1D1A9DED130AB8EE0B
:106DF000C00A9DED182A20EE020A30EE010A9DED30
:106E0000171A30EE010AFFF733FF8DED110A1F98B4
:106E10001E999DED1D1A139A013200EE102AB8EE4C
:106E2000C00A9DED182A20EE020A30EE010AFFF793
:106E30001FFF8DED100A9DED120A9DED161A20EE32
:106E4000010AEEF747FF8DED0F0A9DED100A8DED5B
:106E5000020A9DED161A8DED011A9DED120A20EE23
:106E6000010AEEF737FF9DED012AB0EE401A9DEDC5
:106E7000020A20EE020A30EE010AB6EE001A8DED8B
:106E8000031A20EE010AEEF725FF8DED0E0A9DEDA7
:106E9000110A9DED161A20EE010AEEF71BFF9DED7B
:106EA000031A8DED0D0A9DED0E0A9DED0D2A30EEB3
:106EB000420A8DED0C0A9DED0C0A20EE010AEEF758
:106EC00009FF8DED0B0A9DED0F0A9DED0B1A30EEBB
:106ED000410A8DED0A0A0AA815A903F0F7F814A9CA
:106EE00003F094F990ED000ABDEEC00A10EE100A0E
:106EF0002699139A21F81200FFE713980130139096
:106F000057E71F981E999DED1C0AFFF7B1FE9DEDF6
:106F1000161A20EE010AEEF7DDFE8DED090A09A82A
:106F200015A903F0D3F814A903F070F990ED000A45
:106F3000BDEEC00A10EE100A2699A1F8000424B094
:106F400080BD00BF0000003B80B584B0039002917B
:106F500001920398806B08B1FFE701E0EBF7C4FBF7
:106F60000398826B3821904704B080BD80B582B011
:106F700001900198EEF7A0F902B080BD80B586B00F
:106F8000059004910020039004980090059802F069
:106F900011FA0146009801F0E3FC0290029898B1C2
:106FA000FFE7029802F0D0F90190019858B1FFE78D
:106FB000019801F00BFE28B1FFE7019801F0FEFDFA
:106FC0000390FFE7FFE7FFE7039806B080BD0000EE
:106FD00010B5A8B0DDF8ACC0DDF8A8C026902591AA
:106FE0008DF8932023932B9808B1FFE701E0EBF78E
:106FF0007BFB13A84021EBF7D2FC2B990891139847
:10700000149A159BDDF858C0DDF85CE0189C4C61C3
:10701000C1F810E0C1F80CC08B604A600860199894
:107020001A9A1B9BDDF870C0DDF874E01E9CCC62E0
:10703000C1F828E0C1F824C00B62CA6188611F98BA
:10704000209A219BDDF888C0C1F83CC08B634A635D
:107050000863FFE7239802F099F92B99F6F770FA85
:107060008DF84B009DF84B0028B1FFE79DF84B00D1
:107070008DF89F002BE1FFE7239802F06FF92B9921
:1070800081F82D0023982A99FFF778FF2B99486003
:107090002B98406820B9FFE72B990220087503E080
:1070A0002B9901200875FFE7FFE723982B991831EA
:1070B00011AAFCF799FA8DF843009DF8430028B116
:1070C000FFE79DF843008DF89F0000E1FFE723985C
:1070D00002F066F938B9FFE72B9945F65C50C1F22A
:1070E0000200886007E0239802F05AF9FFF7B8F829
:1070F0002B998860FFE7239802F03EF90F900F98D4
:10710000002800F0E080FFE70F9802F0A1F80028C7
:1071100000F0D980FFE70F9802F09AF801F03EFDE9
:10712000002800F0D080FFE70F9802F07DF80028DB
:1071300000F0C980FFE70F9802F076F801F0AEFD8D
:10714000002800F0C080FFE70F9802F081F80021CE
:10715000079101F0F9FC2B9880ED030A0F9802F0DB
:1071600063F8079901F070FD2B9908610F9802F000
:107170006FF801F013FD0E909DF89300C00740B129
:10718000FFE7259801688B680C2104229847069038
:1071900007E0269801688B680C2104229847069026
:1071A000FFE706980D900D9850B9FFE747F6F940B4
:1071B000C1F20200EDF748FC01208DF89F0086E047
:1071C0009DF89300C00768B1FFE7259804900E98DA
:1071D000EDF77CFB01460498026893680422984707
:1071E00005900CE0269803900E98EDF76FFB014692
:1071F000039802689368042298470590FFE7059872
:107200000D9948600D98406850B9FFE747F6275040
:10721000C1F20200EDF718FC01208DF89F0056E046
:107220000F9802F015F8FFF715F80D9908600E9801
:107230000D99496808600D98406804300C90002052
:107240000B90FFE70B980E9988422DDAFFE70F9815
:1072500001F0EAFF01F022FD02900F9801F0F8FF23
:1072600001F09CFC01460298884209D1FFE70F9883
:1072700001F0DAFF0B9901F0E7FC0090019108E0C2
:107280000F9801F0D1FF002101F0DEFC0090019188
:10729000FFE7009801990C990B9A41F82200FFE74B
:1072A0000B9801300B90CDE70F9801F0C7FF0D99B7
:1072B0008860012009900D980A902B9909980A9AE4
:1072C0004A630863FFE700208DF89F00FFE79DF801
:1072D0009F0028B010BD000080B588B006900591D1
:1072E00004920020019002908DF80C0004990198FE
:1072F000029A039B8B604A600860FFE7069802F0E1
:1073000045F804990831F6F71BF98DF803009DF84C
:10731000030028B1FFE79DF803008DF81F001EE071
:10732000FFE706980599FFF729FE0499086006987B
:1073300002F036F838B9FFE7049945F65C50C1F21F
:107340000200486007E0069802F02AF8FEF788FF7E
:1073500004994860FFE700208DF81F00FFE79DF8C3
:107360001F0008B080BD000086B0ADF81600049183
:10737000BDF916104FF4807000EBD110ADF80E007F
:10738000BDF80E00B0F5007F01DAFFE70BE049F22F
:10739000E740C1F2020049F24551C1F202014FF447
:1073A0001C72EBF7B1F9BDF80E100020B1F5007FAB
:1073B000009003DAFFE701200090FFE70098BDF896
:1073C000160000F07F00ADF80C000498BDF80E1018
:1073D00030F81100ADF80A000499BDF80E2001EB59
:1073E0004200408831F81210401AADF80800BDF98B
:1073F0000800BDF90C10402210FB0120C0110190C3
:10740000BDF80A000199084400B206B070470000B8
:1074100082B001900198006818B9FFE70020009041
:1074200004E00198006800680090FFE7009802B04F
:107430007047000080B594B01290119110920F9394
:1074400012981199109A0F9BF0F76CFE10990EA8E4
:107450000990F0F72BFF09990CA8F0F7AFFEFFE7B2
:107460000CA8002102F0C8FFE8B9FFE7FFE7119977
:1074700048F2E270C1F202006A46506040F2AB701E
:10748000106048F20E52C1F2020248F2FB63C1F2F0
:1074900002030846F1F77EFEFFE7FFE701208DF8C3
:1074A0004F000B905CE0FFE7FFE7129802F014F842
:1074B0000A900A98002847D0FFE70A9801F0E0FCFC
:1074C000EFF73EFA02900CA8079002F0FBF8014695
:1074D000029808700A9801F0E7FC014607980391AA
:1074E00002F0F0F80146039848600A9801F0D2FCD7
:1074F00001460798049102F0E5F801460498886077
:107500000A9801F09FFC01460798059102F0DAF80D
:1075100001460598C8600A9801F09EFC014607984C
:10752000069102F0CFF80146069808610A9801F02A
:107530009DFCEFF7C3FA01460798089102F0C2F8E4
:1075400001460898087500E0FFE70CA802F052FA1F
:107550000F99086000208DF84F0001200B90FFE785
:107560000CA802F069FA9DF84F0014B080BD00002D
:1075700084B00390029101920093002004B0704700
:1075800080B58AB0099008910792069309980799E7
:10759000F5F7FAFA059000200490FFE704980599A2
:1075A000884227DAFFE70898049950F821000390F1
:1075B000002002909DED030AB5EE400AF1EE10FAAC
:1075C00005DAFFE79FED0C0A8DED000A04E09DED62
:1075D000030A8DED000AFFE79DED000A8DED010A1B
:1075E00001980699049A41F82200FFE704980130B7
:1075F0000490D3E70AB080BD0000000080B582B0DF
:107600004FF0805000F008F80190019802B080BD62
:1076100080B502F075FB80BD80B584B00290029801
:1076200000F0A2FD019003A800F010F801460198B7
:107630000860039804B080BD80B582B0FFF7E8FF12
:10764000FFF7EAFF0190019802B080BD81B0009081
:10765000009801B07047000080B584B00290029895
:10766000019003A8FFF7F2FF014601980860039814
:1076700004B080BD80B584B00290029800F074FD23
:10768000019003A800F006F80146019808600398ED
:1076900004B080BD81B00090009801B07047000038
:1076A00080B582B00020FFF7E5FF0190019802B09D
:1076B00080BD000080B584B002900298019003A8BC
:1076C000FFF7E8FF014601980860039804B080BD09
:1076D00081B00090009801B07047000080B584B080
:1076E0000290029800F040FD019003A800F010F80D
:1076F000014601980860039804B080BD80B582B04F
:107700004FF00050FFF7EAFF0190019802B080BDF2
:1077100081B00090009801B07047000080B584B03F
:1077200002900298019003A8FFF7F2FF014601982A
:107730000860039804B080BD81B00090009801B04B
:107740007047000080B582B04FF0807000F004F800
:107750000190019802B080BD80B584B0029002987B
:1077600000F002FD019003A800F006F80146019820
:107770000860039804B080BD81B00090009801B00B
:107780007047000080B584B002900298019003A871
:10779000FFF7F2FF014601980860039804B080BD2E
:1077A00080B582B001900198B0FA80F0400900F0F5
:1077B00029F802B080BD000080B582B0019001A818
:1077C000FFF7DAFF0068FFF7EBFF02B080BD0000B3
:1077D00082B00190009101980099084102B0704771
:1077E00080B584B0029002A8FFF792FF0068019074
:1077F00003A8FFF76DFF014601980860039804B0E5
:1078000080BD000080B582B00190019828B1FFE7EB
:10781000002000F035FD009002E000200090FFE71E
:10782000009802B080BD000080B582B00190009148
:107830000199009A00209142B8BF0120FFF7E2FFB2
:1078400002B080BD8AB0099008910999C8170691C5
:1078500007900899C8170491059006990798049B0A
:10786000059AC91850410291039003994FF0FF30D7
:10787000B1F1FF3FC8BF0120C917019100900298E4
:107880000399009B019AC018514110EBD17041F14E
:1078900000015FEA51014FEA30000AB07047000072
:1078A00080B584B00290019102A8FFF7CFFE006876
:1078B000009001A8FFF7CAFE014600980968FFF78B
:1078C000C1FFFFF7C9FE0390039804B080BD00001C
:1078D00080B584B00390029101920398029900F060
:1078E000C7FC0090039800F0CBFC019900F0C0FCAD
:1078F0000146009800F0CAFC04B080BD80B586B097
:107900000491039202900298019004A8FFF79EFE52
:107910000068009003A8FFF799FE009902460198BD
:107920001268FFF7D5FFFFF797FE0590059806B0A0
:1079300080BD000080B582B0019000910199009A4D
:1079400000209142C8BF0120FFF75CFF02B080BD5C
:1079500080B58AB0099008910898002801D4FFE703
:107960000BE049F22850C1F2020049F29151C1F2F4
:1079700002014FF4B372EAF7C7FE08981F2801DC32
:10798000FFE70BE049F23650C1F2020049F2915193
:10799000C1F2020140F26712EAF7B6FE089901202F
:1079A000009088402039002958BF0020013800F09D
:1079B000DBFB0790002000F0D7FB01460098069102
:1079C00000F0D2FB05900998079900F051FC00994E
:1079D00004900798FFF7FCFE019009980699FFF7BD
:1079E00023FF059900F044FC0146019800F0B4FB28
:1079F000039009980899FFF7EBFE02900498039909
:107A0000FFF798FF059900F033FC0146029800F05B
:107A1000A3FB0AB080BD000080B582B00190009148
:107A20000198009900F08EF902B080BD80B584B055
:107A30000290019102A8FFF709FE0068009001A8DA
:107A4000FFF704FE014600980968FFF7E5FFFFF71E
:107A500003FE0390039804B080BD000080B5CEB053
:107A60004C90FFF76FFE4B904B9849900120FFF729
:107A700073FE48904998489900F0D0FC4A904C9881
:107A800045904A9844904598449900F097FC469058
:107A90004B9843904698439900F0C0FC4790479814
:107AA0004190419800F00EFC4290429800F06AFB31
:107AB0004D9047983E904C983D903E983D9900F0EF
:107AC000ADFC3F903FA8FFF757FE006840904BF693
:107AD0007B60C6F2AF3000F03FF9FFF79DFD3C90B0
:107AE000409800904FF0807000F03EFB01460098F7
:107AF00000F0BEFBFFF786FE01904D9839903C9850
:107B000038903998389900F0A1FC014601983A91D3
:107B10004D9937913A99379AFFF7F0FE3B903B9891
:107B20004D904CF6F230C4F6A25000F015F9FFF774
:107B300073FD3690409802904FF0007000F014FBF7
:107B40000146029800F094FBFFF75CFE03904D980D
:107B50003390369832903398329900F077FC014692
:107B6000039834914D9931913499319AFFF7C6FEBB
:107B7000359035984D904AF66C40C2F6167000F07C
:107B8000EBF8FFF749FD3090409804904FF080608B
:107B900000F0EAFA0146049800F06AFBFFF732FEB3
:107BA00005904D982D9030982C902D982C9900F0A0
:107BB0004DFC014605982E914D992B912E992B9AAB
:107BC000FFF79CFE2F902F984D904AF6A420C1F20B
:107BD000521000F0C1F8FFF71FFD2A904098069060
:107BE0004FF0006000F0C0FA0146069800F040FB3C
:107BF000FFF708FE07904D9827902A98269027981F
:107C0000269900F023FC0146079828914D9925916B
:107C10002899259AFFF772FE299029984D9042F6EF
:107C2000B720C0F2582000F097F8FFF7F5FC249039
:107C3000409808904FF0805000F096FA014608985E
:107C400000F016FBFFF7DEFD09904D982190249877
:107C500020902198209900F0F9FB01460998229183
:107C60004D991F9122991F9AFFF748FE2390239860
:107C70004D904FF61160C0F20A0000F06DF8FFF76A
:107C8000CBFC1E9040980A904FF0005000F06CFA28
:107C900001460A9800F0ECFAFFF7B4FD0B904D98FE
:107CA0001B901E981A901B981A9900F0CFFB014662
:107CB0000B981C914D9919911C99199AFFF71EFE6A
:107CC0001D901D984D90F22000F046F8FFF7A4FC9F
:107CD000189040980C904FF0804000F045FA014613
:107CE0000C9800F0C5FAFFF78DFD0D904D9815909A
:107CF000189814901598149900F0A8FB01460D9857
:107D000016914D9913911699139AFFF7F7FD179055
:107D100017984D904C9811901198FFF74DFD0E90CB
:107D2000FFF78AFC01460E9810914D990F9110991A
:107D30000F9AFFF7E3FD129012984D904D984EB0B8
:107D400080BD000080B582B001900091019800993B
:107D500000F002FA02B080BD80B582B001900198B7
:107D60000021FFF7F5FD02B080BD000080B582B0B4
:107D7000019001980021FFF7EBFD02B080BD0000EB
:107D800080B582B00190019800F014F902B080BD76
:107D900080B582B00190019800F048F902B080BD32
:107DA00080B582B00190019800F07CF902B080BDEE
:107DB00080B582B00190019800F0B0F902B080BDAA
:107DC00080B582B00190019800F0B2F902B080BD98
:107DD00080B582B000906846FFF738FC0068FFF776
:107DE000EFFFFFF739FC0190019802B080BD000061
:107DF00080B582B00190019800F0A4F902B080BD76
:107E000080B582B000906846FFF720FC0068FFF75D
:107E1000EFFFFFF721FC0190019802B080BD000048
:107E200080B59CB01A901A981890FFF705FC17902F
:107E300018981799FFF734FD19904FF05A30FFF753
:107E400095FFFFF74BFC16904CF2C430CCF2C330D8
:107E5000FFF78CFFFFF742FC1590169813901998C6
:107E60001190159810901198109900F00BFB12903A
:107E70001398129900F06EFB149000200F90FFE70A
:107E80000F9802282EDCFFE719980D9014980C909B
:107E90000D980C9900F0F6FA0E90FFF72FFC0A905F
:107EA0000E9809900A98099900F0A0FA0B9014987E
:107EB0000790149804900B9803900498039900F08D
:107EC000FDFA0590059800F025FA069007980699A6
:107ED00000F040FB089008981490FFE70F980130DD
:107EE0000F90CDE7149801900198FFF779FC02906C
:107EF000029800F0D3F91B901B981CB080BD0000C5
:107F000080B590B00F900E910F990E9A002091427B
:107F100003900CD1FFE70F98029001F0F5FE0146A7
:107F20000298401AB0FA80F040090390FFE70398E6
:107F300000F001008DF837000F99C8170A910B90D7
:107F40000E99C817089109900A9B0B98089ADDF8BA
:107F500024C0A3FB021E03FB0CE300FB02300691CE
:107F6000079007990120CCF20000B1F1FF3FC8BF94
:107F70004FF08040059006980799059A801841EBCC
:107F8000E271CA1710EB520041F10001C00F40EA44
:107F9000410004909DF83700C00720B1FFE701F0D1
:107FA000AFFE019002E004980190FFE7019810B045
:107FB00080BD000080B58AB0099001F0A5FE00F0F8
:107FC000D3F8089001F09CFE00F0CEF80790202036
:107FD00006906FF0404005900999009100F0C4F8B8
:107FE00001460098FFF7A6FC049009980190012033
:107FF000CCF2000000F0B8F801460198FFF714FC3D
:1080000003900998012100F099F9029004980799CA
:10801000029AFFF75DFC029003980899029AFFF715
:1080200057FC029002980AB080BD000080B58AB06B
:10803000099001F069FE00F097F8089001F060FEE9
:1080400000F092F80790202006906FF060400590B5
:108050000999009100F088F801460098FFF76AFC42
:108060000490099801900120CEF2000000F07CF805
:1080700001460198FFF7D8FB03900998022100F010
:108080005DF9029004980799029AFFF721FC02908B
:1080900003980899029AFFF71BFC029002980AB015
:1080A00080BD000080B58AB0099001F02DFE00F07F
:1080B0005BF8089001F024FE00F056F807902020AD
:1080C00006906FF07C4005900999009100F04CF803
:1080D00001460098FFF72EFC0490099801900120BA
:1080E000CFF6004000F040F801460198FFF79CFBF6
:1080F00003900998052100F021F90290049807994E
:10810000029AFFF7E5FB029003980899029AFFF79D
:10811000DFFB029002980AB080BD000080B582B0FB
:10812000019001980C21FFF713FC02B080BD000004
:1081300080B582B0019001980121FFF709FC02B0DF
:1081400080BD000080B582B0019001980221FFF748
:10815000FFFB02B080BD000082B001900091019849
:108160000099084402B0704781B00090009801B0B7
:108170007047000082B00190009101980099401A68
:1081800002B0704780B5A0B01E904AF69400C7F2C6
:10819000F500FFF7E1FDFFF73FFA1D904AF6AB202F
:1081A000C2F6AA20FFF7D8FDFFF736FA1C901E98FA
:1081B0001A90FFF723FA19901A98199900F09AF972
:1081C0001B901B9817901B9816901798169900F003
:1081D0003DF91890189814901B98139014981399BF
:1081E00000F034F915901898119018981090119883
:1081F000109900F02BF9129012980E900E98FFF73C
:10820000FFFD0F900F98099015980890099808990C
:1082100000F070F90A901C9807900A98079900F0EE
:1082200015F90B90189806900B98069900F062F9D2
:108230000C900C98FFF7CCFD0D901D9805901D98A3
:1082400003901B9801900D9800900198009900F000
:1082500051F902900398029900F0F8F804900598FB
:108260000499FFF7E3FB1F901F9820B080BD00002A
:1082700082B00190009101980099084002B07047C7
:1082800081B000900098C04301B0704782B0019067
:10829000009101980099484002B0704780B584B0C1
:1082A000029002A8FFF714FA0068FFF769FD019039
:1082B00003A8FFF7CBF9014601980860039804B0C2
:1082C00080BD000080B584B0029002A8FFF754FA88
:1082D0000068FFF765FD019003A8FFF7B7F90146B5
:1082E00001980860039804B080BD000080B584B098
:1082F000029002A8FFF7AAF90068FFF759FD019064
:1083000003A8FFF7C7F9014601980860039804B075
:1083100080BD000080B584B0029002A8FFF70CFA7F
:108320000068FFF735FD019003A8FFF7F1F901465A
:1083300001980860039804B080BD000080B58AB041
:10834000099008910999C81706910790069B07980C
:10835000089A012101FA02F24FEAE27CA3FB021E15
:1083600003FB0CE300FB0230049105904FF000404A
:1083700003906FF000400290049A0599801A4FF024
:10838000FF30884104DBFFE74FF00040019011E02F
:1083900004990598B1F1004170F1000004DBFFE79A
:1083A0006FF00040009002E004980090FFE7009812
:1083B0000190FFE701980AB080BD000080B584B04D
:1083C0000290019102A8FFF7D7F90068009001A878
:1083D000FFF7D2F9014600980968FFF749FFFFF758
:1083E000D1F90390039804B080BD000080B584B03B
:1083F0000290019102A8FFF78BF90068009001A894
:10840000FFF786F9014600980968FFF7B3FEFFF70A
:1084100085F90390039804B080BD000080B584B056
:108420000290019102A8FFF7A7F90068009001A847
:10843000FFF7A2F9014600980968FFF79BFEFFF7D6
:10844000A1F90390039804B080BD000080B586B008
:108450000490039104A8FFF7F9F80068019003A8BD
:10846000FFF7F4F8014601980968FFF749FD02900B
:1084700005A8FFF7EBF8014602980860059806B0DA
:1084800080BD000080B586B00490039104A8FFF77A
:10849000DDF80068019003A8FFF73AF9014601985A
:1084A0000968FFF72DFD029005A8FFF731F9014695
:1084B00002980860059806B080BD000080B586B0BF
:1084C0000490039104A8FFF723F90068019003A822
:1084D000FFF71EF9014601980968FFF711FD0290A8
:1084E00005A8FFF729F9014602980860059806B02B
:1084F00080BD000080B584B00290019102A8FFF712
:10850000A5F80068009001A8FFF7A0F801460098C0
:108510000968FFF721FEFFF79FF80390039804B066
:1085200080BD000080B584B00290019102A8FFF7E1
:10853000B1F80068009001A8FFF7ACF80146009878
:108540000968FFF709FEFFF7B5F80390039804B038
:1085500080BD000080B584B00290019102A8FFF7B1
:10856000D7F80068009001A8FFF7D2F801460098FC
:108570000968FFF7F1FDFFF7D1F80390039804B005
:1085800080BD000080B582B00190ADF80210019866
:10859000BDF80210ECF7A2FC02B080BD80B582B03D
:1085A0000190ADF802100198BDF80210ECF7BCFC88
:1085B00002B080BD80B582B00190ADF80210019884
:1085C000BDF80210ECF7D6FC02B080BD80B582B0D9
:1085D0000190ADF802100198BDF80210ECF7F0FC24
:1085E00002B080BD80B582B00190ADF80210019854
:1085F000BDF80210ECF70AFD02B080BD80B582B074
:108600000190ADF802100198BDF80210ECF724FDBE
:1086100002B080BD80B582B00190ADF80210019823
:10862000BDF80210ECF73EFD02B080BD80B582B00F
:108630000190ADF802100198BDF80210ECF758FD5A
:1086400002B080BD80B582B00190ADF802100198F3
:10865000BDF80210ECF772FD02B080BD80B582B0AB
:108660000190ADF802100198BDF80210ECF78CFDF6
:1086700002B080BD80B582B00190ADF802100198C3
:10868000BDF80210ECF7A6FD02B080BD80B582B047
:108690000190ADF802100198BDF80210ECF7C0FD92
:1086A00002B080BD80B582B00190ADF80210019893
:1086B000BDF80210ECF7DAFD02B080BD80B586B0DF
:1086C0000590ADF81210059800F0CEF803900398CD
:1086D000ECF702FBADF80A00BDF81200BDF80A1075
:1086E000884208DAFFE70398BDF812100844ECF757
:1086F000F3FA019002E000200190FFE7019880B2B8
:1087000006B080BD80B586B00590ADF812108DF82A
:10871000112005980290BDF81210FFF7CFFFADF8B9
:108720000E00BDF80E0040B1FFE70298BDF80E1034
:108730000844ECF79FFA019003E09DF811000190C6
:10874000FFE7019840B206B080BD000080B588B058
:1087500005AA0292024602980792ADF81A1080ED1F
:10876000000A07980390BDF81A10FFF7A7FFADF8AD
:108770001200BDF8120048B1FFE70398BDF81210CF
:108780000844ECF781FA8DED010A05E0029890EDBE
:10879000000A8DED010AFFE79DED010A08B080BDDA
:1087A00080B586B00590ADF812108DF811200598AF
:1087B0000290BDF81210FFF781FFADF80E00BDF872
:1087C0000E0040B1FFE70298BDF80E100844ECF728
:1087D00065FA019003E09DF811000190FFE7019810
:1087E000C0B206B080BD000080B586B00590ADF87F
:1087F0001210039205980190BDF81210FFF75EFF6A
:10880000ADF80A00BDF80A0040B1FFE70198BDF8D5
:108810000A100844ECF74CFA009002E0039800902C
:10882000FFE7009806B080BD80B586B00590ADF832
:108830001210039205980190BDF81210FFF73EFF49
:10884000ADF80A00BDF80A0040B1FFE70198BDF895
:108850000A100844ECF736FA009002E00398009002
:10886000FFE7009806B080BD80B582B00190019806
:108870000090ECF71DFA01460098401A02B080BD46
:1088800080B582B00190019800F04EF902B080BD31
:1088900080B584B0039002910398009002990191F1
:1088A00000F020F801460198884201D2FFE70AE073
:1088B00047F2AB10C1F2020047F68541C1F2020156
:1088C000C222E9F721FF009800F006F80299ECF7C0
:1088D0006FFA04B080BD000081B0009000980430B1
:1088E00001B0704780B582B0019001980068ECF744
:1088F00031FA02B080BD000080B584B003900291CF
:10890000039800900299019100F020F80146019827
:10891000884201D2FFE70AE047F2AB10C1F2020041
:1089200047F68541C1F20201C222E9F7EDFE009847
:1089300000F006F80299ECF74DFA04B080BD000093
:1089400081B000900098043001B0704780B582B0CB
:10895000019001980068ECF7FDF902B080BD0000BD
:1089600080B582B00190009101980099FFF7C4FF93
:1089700002B080BD80B584B003900291039800904E
:108980000299019100F020F801460198884201D235
:10899000FFE70AE047F2AB10C1F2020047F685415B
:1089A000C1F20201C222E9F7AFFE009800F006F81A
:1089B0000299ECF721FA04B080BD000081B000906C
:1089C0000098043001B0704780B582B001900198E2
:1089D0000068ECF7BFF902B080BD000080B584B03C
:1089E00003900291039800900299019100F020F801
:1089F00001460198884201D2FFE70AE047F2AB1036
:108A0000C1F2020047F68541C1F20201C222E9F734
:108A10007BFE009800F006F80299ECF7FFF904B02D
:108A200080BD000081B000900098043001B0704714
:108A300080B582B0019001980068ECF78BF902B024
:108A400080BD000080B584B003900291039800902F
:108A50000299019100F020F801460198884201D264
:108A6000FFE70AE047F2AB10C1F2020047F685418A
:108A7000C1F20201C222E9F747FE009800F006F8B1
:108A80000299ECF7DDF904B080BD000081B00090E0
:108A90000098043001B0704780B582B00190019811
:108AA0000068ECF757F902B080BD000080B584B0D3
:108AB00003900291039800900299019100F020F830
:108AC00001460198884201D2FFE70AE047F2AB1065
:108AD000C1F2020047F68541C1F20201C222E9F764
:108AE00013FE009800F006F80299ECF7BBF904B009
:108AF00080BD000081B000900098043001B0704744
:108B000080B582B0019001980068ECF723F902B0BB
:108B100080BD000080B582B001900091019800995D
:108B2000FFF7C4FF02B080BD81B000900098043010
:108B300001B0704780B582B0019001980068ECF7F1
:108B400009F902B080BD000080B584B003900291A5
:108B5000039800900299019100F020F801460198D5
:108B6000884201D2FFE70AE047F2AB10C1F20200EF
:108B700047F68541C1F20201C222E9F7C5FD00981E
:108B800000F006F80299ECF77FF904B080BD000010
:108B900081B000900098043001B0704780B582B079
:108BA000019001980068ECF7D5F802B080BD000094
:108BB00081B000900098043001B0704780B582B059
:108BC00001900198FFF7F4FF02B080BD80B582B03C
:108BD000019001980068ECF7BDF802B080BD00007C
:108BE00080B584B00390029103980090029901919E
:108BF00000F020F801460198884201D2FFE70AE020
:108C000047F2AB10C1F2020047F68541C1F2020102
:108C1000C222E9F779FD009800F006F80299ECF716
:108C200041F904B080BD000081B00090009804308C
:108C300001B0704780B582B0019001980068ECF7F0
:108C400089F802B080BD000080B584B00390029125
:108C5000039800900299019100F020F801460198D4
:108C6000884201D2FFE70AE047F2AB10C1F20200EE
:108C700047F68541C1F20201C222E9F745FD00989D
:108C800000F006F80299ECF719F904B080BD000075
:108C900081B000900098043001B0704780B582B078
:108CA000019001980068ECF755F802B080BD000013
:108CB00081B00090002001B07047000080B582B004
:108CC000019001980621FFF769FC02B080BD000009
:108CD00080B582B0019001980A210022FFF784FD3F
:108CE00002B080BD80B582B00190019804210022BD
:108CF000FFF708FD02B080BD81B0009000980068C9
:108D000001B0704784B003900291039801900298DB
:108D1000002801D4FFE701E0E9F7E6FC0199029899
:108D20000968884201DAFFE701E0E9F7DDFC019814
:108D3000029900EB8100406804B0704781B0009058
:108D40000098043001B0704780B586B00590059852
:108D5000019001210491FFF7F1FF039000200290A0
:108D6000FFE701990298096888420DDAFFE7039846
:108D7000029950F82110049800FB01F00490FFE7DD
:108D8000029801300290ECE7049806B080BD000024
:108D900080B582B00190019806210022FFF724FDE2
:108DA00002B080BD80B582B00190019804210022FC
:108DB000FFF71AFD02B080BD80B582B00190019826
:108DC0000E210122FFF710FD02B080BD80B582B0F8
:108DD000019001980C210122FFF706FD02B080BD31
:108DE00080B582B00190019810210022FFF78AFC23
:108DF00002B080BD80B582B0019001980A210022A6
:108E0000FFF780FC02B080BD80B582B00190019870
:108E100004210022FFF776FC02B080BD80B582B04D
:108E20000190019808210022FFF7DEFC02B080BD0E
:108E300080B582B00190019806210022FFF7D4FC92
:108E400002B080BD80B582B0019001980A21002255
:108E5000FFF7CAFC02B080BD80B582B001900198D6
:108E60000C210022FFF7C0FC02B080BD80B582B0AB
:108E7000019001980E210022FFF744FC02B080BD52
:108E800080B582B00190019804210022FFF73AFCDE
:108E900002B080BD80B582B0019001980821002207
:108EA000FFF7A2FC02B080BD80B582B001900198AE
:108EB00006210022FFF798FC02B080BD80B582B089
:108EC000019001980421FFF7D5FB02B080BD00009E
:108ED00080B582B00190019804219FED030AFFF74D
:108EE00035FC02B080BD00BF0000000080B582B03C
:108EF0000190019804210022FFF776FC02B080BDAA
:108F000080B582B001900198006800F013FA00214A
:108F1000FFF7CCFD00F078FBFFF78CFE02B080BDC0
:108F200080B582B001900198006800F003FA00213A
:108F3000FFF7BCFD00F072FBFFF77CFE02B080BDC6
:108F400080B582B001900198006800F0F3F900212B
:108F5000FFF7ACFD00F058FB02B080BD80B582B0D9
:108F600001900198006800F0E5F90021FFF79EFDEF
:108F700000F054FB02B080BD81B00090002001B031
:108F80007047000086B00490039102920193049808
:108F9000C0680399496800EB011000900098806850
:108FA0000199884204DDFFE700208DF817000DE0ED
:108FB00002980099C968884204DDFFE700208DF817
:108FC000170003E001208DF81700FFE79DF8170058
:108FD00006B0704781B00090012001B070470000DA
:108FE00081B000900098C06801B0704781B00090D7
:108FF0000098806801B0704780B582B001900198F8
:1090000008210022FFF7CCFB002818BF012002B086
:1090100080BD000080B582B0019001980621002239
:10902000FFF770FB02B080BD80B582B0019001985F
:109030000C210022FFF766FB02B080BD80B582B034
:109040000190019804210022FFF75CFB02B080BD73
:1090500080B582B0019001980A210022FFF7A0FBA1
:10906000002818BF012002B080BD000080B582B08A
:10907000019001980A210022FFF7B6FB02B080BDE3
:1090800080B582B00190019810210122FFF7ACFB5E
:1090900002B080BD80B582B0019001980E210122FE
:1090A000FFF7A2FB02B080BD80B582B001900198AD
:1090B0000C210022FFF726FB02B080BD80B582B0F4
:1090C0000190019804210022FFF71CFB02B080BD33
:1090D00080B582B00190019808210022FFF784FB3F
:1090E00002B080BD80B582B00190019806210022B7
:1090F000FFF77AFB02B080BD86B00490039104981C
:109100000190D0F870010A2801D8FFE701E0E9F7E3
:10911000EBFA00200290FFE701990298D1F8701154
:10912000884217D2FFE70198029900EB8100D0F83E
:1091300020010399884208D1FFE70198029900EBCA
:109140008100D0F84801059007E0FFE70298013060
:109150000290E1E700200590FFE7059806B0704710
:1091600086B004900391049800900398202803D1BE
:10917000FFE70020059022E000200290FFE7009921
:109180000298D1F81C11884216D2FFE70098029984
:10919000C1EBC10100EB81000430019001984069EE
:1091A0000399884203D1FFE70198059007E0FFE7A4
:1091B000029801300290E2E700200590FFE7059851
:1091C00006B0704780B586B0049003910498009073
:1091D00000200290FFE700990298D1F81C11884204
:1091E0001CD2FFE700980299C1EBC10100EB81009E
:1091F000043001900198406920280AD1FFE70198C6
:1092000080690399E9F7F4FB18B9FFE70198059025
:1092100007E0FFE7029801300290DCE700200590AC
:10922000FFE7059806B080BD80B582B00190019837
:109230000A21FFF72BFA02B080BD000080B582B092
:109240000190019810210022FFF7CEFA02B080BDF4
:1092500080B582B0019001980821FFF7F3F902B0C0
:1092600080BD000081B000900098806A01B0704716
:1092700080B586B0059004910598019080690499A5
:10928000F2F7E8F801460198039140690499F3F771
:109290006BFC029002980399401A06B080BD000052
:1092A00081B000900099C8684969401A01B07047C0
:1092B00081B000900098806801B0704780B584B09C
:1092C0000390039882680169891A02918168806914
:1092D000401A019002A801A900F018FF006804B02C
:1092E00080BD000080B582B0019001980621FFF793
:1092F00061F902B080BD000080B582B00190019894
:109300000C21FFF763F902B080BD000080B582B088
:109310000190019804210022FFF786FA02B080BD77
:1093200080B582B0019001981021FFF767F902B073
:1093300080BD000080B582B0019001980821FFF740
:1093400075F902B080BD000080B582B0019001982F
:109350000421FFF783F902B080BD000080B582B020
:10936000019001980E210022FFF71AFA002818BF79
:10937000012002B080BD000080B582B0019001984C
:109380000C21FFF7FFF802B080BD000080B582B06D
:109390000190019806210022FFF7B4F902B080BDC8
:1093A00080B582B0019001980421FFF763F902B003
:1093B00080BD000080B582B0019001980821002294
:1093C000FFF732FA02B080BD80B582B001900198FB
:1093D0000421FFF7E3F802B080BD000080B582B041
:1093E0000190019806210022FFF71EFA02B080BD0D
:1093F00080B582B00190019804210022FFF714FA91
:1094000002B080BD80B582B0019001981421FFF7B1
:1094100031F902B080BD000080B582B001900198A2
:109420000E21FFF71BF902B080BD000080B582B0AD
:10943000019001980C21FFF735F902B080BD0000C2
:1094400080B582B0019001980A210022FFF7A8F9A7
:1094500002B080BD80B584B0039003980290FFF7FE
:10946000EFFF5C2805D1FFE70298FFF7DFFF0190CF
:1094700002E000200190FFE7019804B080BD0000E9
:1094800080B584B0039003980290FFF7D9FF5D2860
:1094900005D1FFE70298FFF7C9FF019002E0002025
:1094A0000190FFE7019804B080BD000080B584B052
:1094B000039003980290FFF7C3FF012805D1FFE74F
:1094C0000298FFF7B3FF019002E000200190FFE750
:1094D000019804B080BD000080B584B0039003986B
:1094E0000290FFF7ADFF052805D1FFE70298FFF7CF
:1094F0009DFF019002E000200190FFE7019804B079
:1095000080BD000080B584B0039003980290FFF7FF
:1095100097FF112805D1FFE70298FFF787FF019019
:1095200002E000200190FFE7019804B080BD000038
:1095300080B584B0039003980290FFF781FF09285B
:1095400005D1FFE70298FFF771FF019002E00020CC
:109550000190FFE7019804B080BD000080B584B0A1
:10956000039003980290FFF76BFF672805D1FFE790
:109570000298FFF75BFF019002E000200190FFE7F7
:10958000019804B080BD000080B584B003900398BA
:109590000290FFF755FF082805D1FFE70298FFF773
:1095A00045FF019002E000200190FFE7019804B020
:1095B00080BD000080B584B0039003980290FFF74F
:1095C0003FFF022805D1FFE70298FFF72FFF019028
:1095D00002E000200190FFE7019804B080BD000088
:1095E00080B582B0019001980621FFF743F802B0E0
:1095F00080BD000080B582B0019001980821FFF77E
:1096000039F802B080BD000080B582B001900198A9
:109610000621FFF72FF802B080BD000080B582B0B0
:10962000019001980821FFF725F802B080BD0000E5
:1096300080B582B0019001980421FEF7D3FF02B0FB
:1096400080BD000080B582B0019001980A21FEF72C
:10965000E1FF02B080BD000080B582B001900198AA
:1096600006210022FFF7C0F802B080BD80B582B0AD
:109670000190019804210022FFF7B6F802B080BDE6
:1096800080B582B00190019800F07EF80068002853
:1096900018BF012002B080BD80B582B00190019852
:1096A00000F072F8006802B080BD000080B582B0A2
:1096B0000190019800F070F80068002818BF0120A0
:1096C00002B080BD80B582B00190019800F064F8CE
:1096D000006802B080BD000080B582B001900198A2
:1096E00000F062F80068002818BF012002B080BDB9
:1096F00080B582B00190019800F056F8006802B081
:1097000080BD000080B582B00190019800F054F84F
:109710000068002818BF012002B080BD80B582B06B
:109720000190019800F048F8006802B080BD000088
:1097300080B582B00190019800F046F800680028DA
:1097400018BF012002B080BD80B582B001900198A1
:1097500000F03AF8006802B080BD000080B582B029
:109760000190019800F038F80068002818BF012027
:1097700002B080BD80B582B00190019800F02CF855
:10978000006802B080BD000080B582B001900198F1
:1097900000F02AF802B080BD80B582B00190019837
:1097A00000F028F802B080BD80B582B00190019829
:1097B00000F026F802B080BD80B582B0019001981B
:1097C00000F024F802B080BD80B582B0019001980D
:1097D00000F022F802B080BD80B582B001900198FF
:1097E00000F020F802B080BD81B00090009801B078
:1097F0007047000081B00090009801B070470000F1
:1098000081B00090009801B07047000081B00090D6
:10981000009801B07047000081B00090009801B03E
:109820007047000081B00090009801B070470000C0
:1098300083B002900191009201980168009802683B
:1098400000209142B8BF012003B0704783B002905E
:1098500001910092019890F90010009890F9002071
:1098600000209142B8BF012003B0704780B584B09A
:10987000039002910192029890ED001B019890EDE7
:10988000000B51EC110B53EC102B03F011FA0028D4
:1098900018BF012004B080BD83B0029001910092F6
:1098A000019890ED000A009890ED001A0020B4EEA7
:1098B000410AF1EE10FAB8BF012003B07047000072
:1098C00083B00290019100920198016800980268AB
:1098D00000209142B8BF012003B0704783B00290CE
:1098E000019100920198016800980268002091425D
:1098F00038BF012003B0704783B0029001910092FD
:109900000198B0F900100098B0F9002000209142B1
:10991000B8BF012003B0704780B586B005900491B0
:109920000598019000F000FA01460198096803913A
:109930000499029100F0F8F9014602980860039832
:1099400038B1FFE7019800F0F7F90399EEF712FC40
:10995000FFE706B080BD000080B584B00390039897
:10996000019000F0E1F9014601980968029100F0C8
:10997000DBF9014600200860029804B080BD0000B9
:1099800080B584B003900291019203980090019AEF
:1099900002A900F0DBF9009804B080BD80B582B068
:1099A0000190019800900021FFF7B6FF009802B0E7
:1099B00080BD000080B586B00590049105980190A7
:1099C00000F0D6F9014601980968039104990291C3
:1099D00000F0CEF9014602980860039838B1FFE71D
:1099E000019800F0CDF90399EEF7C4FBFFE706B04C
:1099F00080BD000080B584B003900398019000F012
:109A0000B7F9014601980968029100F0B1F90146E1
:109A100000200860029804B080BD000080B584B0CA
:109A200003900291019203980090019A02A900F01C
:109A3000B1F9009804B080BD80B582B00190019862
:109A400000900021FFF7B6FF009802B080BD000033
:109A500080B586B0059004910598019000F0ACF9AE
:109A600001460198096803910499029100F0A4F954
:109A7000014602980860039838B1FFE7019800F0AA
:109A8000A3F90399EEF776FBFFE706B080BD00006F
:109A900080B584B003900398019000F08DF90146E1
:109AA00001980968029100F087F9014600200860DA
:109AB000029804B080BD000080B584B0039002918C
:109AC000019203980090019A02A900F087F900988A
:109AD00004B080BD80B582B0019001980090002153
:109AE000FFF7B6FF009802B080BD000080B586B0D9
:109AF000059004910598019000F082F901460198C3
:109B0000096803910499029100F07AF901460298DC
:109B10000860039838B1FFE7019800F079F90399DC
:109B2000EEF728FBFFE706B080BD000080B584B0EB
:109B300003900398019000F063F9014601980968C9
:109B4000029100F05DF9014600200860029804B01F
:109B500080BD000080B584B003900291019203980B
:109B60000090019A02A900F05DF9009804B080BD50
:109B700080B582B00190019800900021FFF7B6FFF8
:109B8000009802B080BD000080B586B005900491B9
:109B90000598019000F058F9014601980968039171
:109BA0000499029100F050F9014602980860039868
:109BB00038B1FFE7019800F04FF90399EEF7DAFAB0
:109BC000FFE706B080BD000080B584B00390039825
:109BD000019000F039F9014601980968029100F0FE
:109BE00033F9014600200860029804B080BD0000EF
:109BF00080B584B003900291019203980090019A7D
:109C000002A900F033F9009804B080BD80B582B09D
:109C10000190019800900021FFF7B6FF009802B074
:109C200080BD000080B586B0059004910598019034
:109C300000F02EF9014601980968039104990291F8
:109C400000F026F9014602980860039838B1FFE752
:109C5000019800F025F90399EEF78CFAFFE706B0BA
:109C600080BD000080B584B003900398019000F09F
:109C70000FF9014601980968029100F009F90146BF
:109C800000200860029804B080BD000080B584B058
:109C900003900291019203980090019A02A900F0AA
:109CA00009F9009804B080BD80B582B00190019898
:109CB00000900021FFF7B6FF009802B080BD0000C1
:109CC00080B500F08DF980BD80B500F08BF980BDC6
:109CD00080B500F08BF980BD80B500F08BF980BDB8
:109CE00080B500F08DF980BD80B500F08FF980BDA2
:109CF00080B500F091F980BD80B500F08FF980BD8E
:109D000080B500F08DF980BD80B500F08DF980BD83
:109D100080B500F08DF980BD80B500F08DF980BD73
:109D200080B500F08FF980BD80B582B001900198B8
:109D300000F0E8F802B080BD80B582B001900198D3
:109D4000043000F0CFF802B080BD000080B584B0D0
:109D500003900291019203980090029900F0D8F8C4
:109D600000980430019900F0C3F8009804B080BD59
:109D700080B582B00190019800F0D4F802B080BDA7
:109D800080B582B001900198043000F0ABF802B0C9
:109D900080BD000080B584B00390029101920398C9
:109DA0000090029900F0C4F800980430019900F086
:109DB0009FF8009804B080BD80B582B001900198F2
:109DC00000F0C0F802B080BD80B582B0019001986B
:109DD000043000F087F802B080BD000080B584B088
:109DE00003900291019203980090029900F0B0F85C
:109DF00000980430019900F07BF8009804B080BD11
:109E000080B582B00190019800F0ACF802B080BD3E
:109E100080B582B001900198043000F063F802B080
:109E200080BD000080B584B0039002910192039838
:109E30000090029900F09CF800980430019900F01D
:109E400057F8009804B080BD80B582B001900198A9
:109E500000F098F802B080BD80B582B00190019802
:109E6000043000F03FF802B080BD000080B584B03F
:109E700003900291019203980090029900F088F8F3
:109E800000980430019900F033F8009804B080BDC8
:109E900080B582B00190019800F084F802B080BDD6
:109EA00080B582B001900198043000F01BF802B038
:109EB00080BD000080B584B00390029101920398A8
:109EC0000090029900F074F800980430019900F0B5
:109ED0000FF8009804B080BD81B00090009801B0E8
:109EE0007047000081B00090009801B070470000FA
:109EF00082B001900091019800990968016002B058
:109F00007047000081B00090009801B070470000D9
:109F100082B001900091019800990968016002B037
:109F20007047000081B00090009801B070470000B9
:109F300082B001900091019800990968016002B017
:109F40007047000081B00090009801B07047000099
:109F500082B001900091019800990968016002B0F7
:109F60007047000081B00090009801B07047000079
:109F700082B001900091019800990968016002B0D7
:109F80007047000081B00090009801B07047000059
:109F900082B001900091019800990968016002B0B7
:109FA0007047000081B00090009801B07047000039
:109FB00082B001900091019800990968016002B097
:109FC000704784B0844601A80EC04FF2FC0001AA7D
:109FD000C2F2010061460092E9F791F9E8F784FBCB
:109FE0007F2070476FF07F007047000080B5FFF75B
:109FF000F9FF80BD9FED010A704700BFFFFF7F7F23
:10A0000080B5FFF7F7FFB1EE400A80BD9FED010A72
:10A01000704700BF0000807FFF207047002070471E
:10A020006FF00040704700004FF0004070470000A4
:10A0300047F6FF707047000048F20000CFF6FF704F
:10A040007047000080B5FFF7F7FF80BD80B584B092
:10A05000039002910398029900F002F804B080BDC9
:10A0600080B584B0029001910299019A0DF10F0020
:10A07000FFF7DEFB18B1FFE70198009002E00298BD
:10A080000090FFE7009804B080BD000080B584B068
:10A09000039002910398029900F002F804B080BD89
:10A0A00080B584B0029001910299019A0DF10F00E0
:10A0B000FFF7CCFB18B1FFE70198009002E002988F
:10A0C0000090FFE7009804B080BD000080B584B028
:10A0D000039002910398029900F002F804B080BD49
:10A0E00080B584B0029001910299019A0DF10F00A0
:10A0F000FFF7D2FB18B1FFE70198009002E0029849
:10A100000090FFE7009804B080BD000080B584B0E7
:10A11000039002910398029900F002F804B080BD08
:10A1200080B584B0029001910299019A0DF10F005F
:10A13000FFF7C6FB18B1FFE70198009002E0029814
:10A140000090FFE7009804B080BD000080B584B0A7
:10A15000039002910398029900F002F804B080BDC8
:10A1600080B584B0029001910299019A0DF10F001F
:10A17000FFF7C2FB18B1FFE70198009002E00298D8
:10A180000090FFE7009804B080BD000080B584B067
:10A19000039002910398029900F002F804B080BD88
:10A1A00080B584B0029001910199029A0DF10F00DF
:10A1B000FFF74CFB18B1FFE70198009002E002980E
:10A1C0000090FFE7009804B080BD000080B584B027
:10A1D000039002910398029900F002F804B080BD48
:10A1E00080B584B0029001910199029A0DF10F009F
:10A1F000FFF73CFB18B1FFE70198009002E00298DE
:10A200000090FFE7009804B080BD000080B584B0E6
:10A21000039002910398029900F002F804B080BD07
:10A2200080B584B0029001910199029A0DF10F005E
:10A23000FFF732FB18B1FFE70198009002E00298A7
:10A240000090FFE7009804B080BD000080B584B0A6
:10A25000039002910398029900F002F804B080BDC7
:10A2600080B584B0029001910199029A0DF10F001E
:10A27000FFF726FB18B1FFE70198009002E0029873
:10A280000090FFE7009804B080BD000080B584B066
:10A29000039002910398029900F002F804B080BD87
:10A2A00080B584B0029001910199029A0DF10F00DE
:10A2B000FFF714FB18B1FFE70198009002E0029845
:10A2C0000090FFE7009804B080BD000080B584B026
:10A2D000039002910398029900F002F804B080BD47
:10A2E00080B584B0029001910199029A0DF10F009E
:10A2F000FFF702FB18B1FFE70198009002E0029817
:10A300000090FFE7009804B080BD000080B582B0E7
:10A310008DED010A9DED010A01F0E4FB02B080BD64
:10A3200080B582B08DED010A019802F073FC41EC1A
:10A33000100B01F0A1FD51EC100B01F055FE00EEE9
:10A34000100A02B080BD000080B584B00290019177
:10A35000FFE702980199884211D0FFE7029801684F
:10A360000DF10E0000F0C0F820B9FFE700208DF8D5
:10A370000F0008E0FFE7029804300290E9E70120AF
:10A380008DF80F00FFE79DF80F0004B080BD0000BE
:10A3900080B584B0039002910192039800900298D6
:10A3A000FFF79AFD01460098019A00F003F804B007
:10A3B00080BD000083B0029001910092FFE70198F8
:10A3C00060B1FFE70098006802990860FFE7029813
:10A3D00004300290019801380190F0E7029803B030
:10A3E0007047000080B582B0019000910198FFF79E
:10A3F00047F902B080BD000080B582B001900091A5
:10A400000198FFF753F902B080BD000080B582B01B
:10A41000019000910198FFF75FF902B080BD000044
:10A4200080B582B0019000910198FFF76BF902B0FE
:10A4300080BD000080B582B0019000910198FFF7C7
:10A4400077F902B080BD000080B582B00190009124
:10A450000198FFF783F902B080BD4FF24030C2F29D
:10A46000020000687047000001A0FFF7AAFD00BFCE
:10A470006261645F616C6C6F6320776173207468E4
:10A48000726F776E20696E202D666E6F2D65786312
:10A49000657074696F6E73206D6F646500000000F5
:10A4A00083B0029001910092029804380199009AB9
:10A4B00003B0FAF713BF000081B000900098043891
:10A4C00001B0FAF7E5BF000082B00090009801905B
:10A4D000043802B0FAF7EABF81B00090009804385F
:10A4E00001B0FEF7DDBE000082B00190009100993E
:10A4F00000200029C8BF012002B0704780B582B09B
:10A5000001A880ED000A90ED000A0DF1030000F0B3
:10A5100011F802B080BD000080B582B001A880EDC6
:10A52000000A90ED000A0DF1030000F017F802B0E8
:10A5300080BD000080B582B001908DED000A9DEDD8
:10A54000000AFFF7E3FE02B080BD000081B000907A
:10A550004AF2FD40C1F2010001B0704782B00190A3
:10A560008DED000A9DED001AB7EE000A31EE001ADB
:10A5700080EE010A02B0704781B000904AF2195093
:10A58000C1F2010001B07047E7F7ABBFFFF7FCBFB6
:10A5900001A000F004FE00BF50757265207669725C
:10A5A0007475616C2066756E6374696F6E2063618B
:10A5B0006C6C65642100000080B582B04FF2B01071
:10A5C000C2F201000190F9F71DFD019944F24D001E
:10A5D000C1F2010040F20002C1F20002E8F78FF878
:10A5E00002B080BD80B586B0DDF820C00490039134
:10A5F000029201930298B0F1C04F10D0FFE7029889
:10A6000040F20041C6F20001884208D0FFE70298FC
:10A6100040F60001C6F20001884210D1FFE704981D
:10A620004BF20001C6F2040188420CD0FFE7049807
:10A630004BF28001C6F20401884204D0FFE71020EB
:10A640008DF8170031E008994FF24830C2F202004D
:10A650000160006860B1FFE74FF25631C2F20201BB
:10A66000002008804FF25431C2F202010880FFE757
:10A6700002984FF25031C2F20201086004984FF282
:10A680004C31C2F20201086003984FF25831C2F215
:10A690000201086001984FF25C31C2F202010860C9
:10A6A00000F04AF88DF81700FFE79DF8170006B094
:10A6B00080BD000080B582B04FF24830C2F2020087
:10A6C000006808B9FFE735E0FFE74FF25630C2F205
:10A6D000020000884FF25431C2F202010988884218
:10A6E00028D0FFE74FF25030C2F2020000684FF26C
:10A6F0004831C2F202010091096809684FF25632EE
:10A70000C2F2020201921288895C01F013F90099E9
:10A71000019802880132028000880968898888428D
:10A7200007DBFFE74FF25631C2F20201002008803A
:10A73000FFE7CAE702B080BD80B584B04FF2503069
:10A74000C2F202000068B0F1C04F13D1FFE72B2026
:10A7500001F0F5F84FF24C30C2F2020000684FF2FF
:10A760005831C2F202010968042201F0EDF88DF8B7
:10A770000E0032E04FF25030C2F20200006840F2A8
:10A780000041C6F20001884213D1FFE72C2001F0FE
:10A79000D6F84FF24C30C2F2020000684FF2583146
:10A7A000C2F202010968082201F0CEF88DF80E000D
:10A7B00012E02D2001F0C3F84FF24C30C2F202003B
:10A7C00000684FF25831C2F2020109680C2201F010
:10A7D000BBF88DF80E00FFE7FFE7FFE79DF80E00DE
:10A7E00028B1FFE79DF80E008DF80F0030E0FFE77D
:10A7F0004FF24C30C2F2020000684FF25831C2F200
:10A8000002010968022201F0A4F88DF80E00FFE7AA
:10A810009DF80E0028B1FFE79DF80E008DF80F009F
:10A8200016E0FFE74FF25C30C2F2020000680190D0
:10A8300043F22100C0F2011002904FF25030C2F2F8
:10A840000200006801A901F089F88DF80F00FFE708
:10A850009DF80F0004B080BD80B586B04BF20000BB
:10A86000C6F2040003904FF00051019101220292C0
:10A8700001F079F80199029A039801F079F800F053
:10A880005BFA0590059838B9FFE746F68740C1F2B4
:10A890000200E7F7FFFE07E0059946F62E40C1F2F9
:10A8A0000200E7F7F7FEFFE746F63D50C1F202006F
:10A8B000E7F7F0FE46F66160C1F20200E7F7EAFE54
:10A8C00000200490FFE74BF20000C6F204004FF0B6
:10A8D000005101F052F84FF20001C2F20101086884
:10A8E00080F0010008600498013004904CF6CD41DE
:10A8F000CCF6CC4100FB01F04FEA700049F699110B
:10A90000C1F69911884208D8FFE7049946F6BA5073
:10A91000C1F20200E7F7BEFEFFE74FF4FA7001F064
:10A9200031F8D0E740F2E801C2F200014AF61D70AA
:10A93000C1F20100086040F2EC01C2F200014BF2EA
:10A940000110C1F2010008607047000080B584B0BA
:10A95000039002914FF24830C2F20200006870B9D1
:10A96000FFE703988DF807004FF25030C2F2020063
:10A9700000680DF10701012201F009F81FE0039AB8
:10A980004FF24831C2F20201086803684FF25430B6
:10A99000C2F20200B0F800C003F80C2002880132B5
:10A9A0000280008809688988884207DBFFE74FF248
:10A9B0005431C2F2020100200880FFE7FFE703984C
:10A9C00004B080BD80B584B04BF20000C6F2040034
:10A9D00003904FF0005101910122029200F0C3FF59
:10A9E0000199029A039800F0C3FF46F63760C1F25E
:10A9F0000200E7F74FFE04B080BD000080B588B0CC
:10AA000002200DF11F01012200F0C6FF9DF81F007A
:10AA1000C0F341108DF81E009DF81E00022811D1D0
:10AA2000FFE74BF20000C6F2040004904FF45041DF
:10AA3000012200F08EFF04984FF44831022200F00A
:10AA400088FF91E09DF81E00032840F08C80FFE70E
:10AA5000FF208DF817003A2006A9062200F09CFF7F
:10AA60009DF818009DF8171001404BF28000C6F2C7
:10AA70000400039020293CBF4BF20000C6F2040002
:10AA800001F01F014FF00102019202FA01F100F002
:10AA900060FF019903989DF819209DF8173002EA8C
:10AAA0000302202A3CBF4BF20000C6F2040002F071
:10AAB0001F0201FA02F14FF00202029200F049FF78
:10AAC000019A03989DF81A109DF8173001EA0301C6
:10AAD00020293CBF4BF20000C6F2040001F01F0128
:10AAE00002FA01F100F035FF019A03989DF81B105E
:10AAF0009DF8173001EA030120293CBF4BF200000A
:10AB0000C6F2040001F01F0102FA01F100F021FF7A
:10AB10000199029A03989DF81C309DF817C003EA2A
:10AB20000C03202B3CBF4BF20000C6F2040003F0E4
:10AB30001F0301FA03F100F00CFF0199029A039838
:10AB40009DF81D309DF817C003EA0C03202B3CBF75
:10AB50004BF20000C6F2040003F01F0301FA03F1F8
:10AB600000F0F7FEFFE7FFE708B080BD80B584B0D6
:10AB70008DF80F00029101929DF80F004FF24431C1
:10AB8000C2F20201087002984FF26431C2F202016F
:10AB9000086001984FF26031C2F202010860FFF7CD
:10ABA0002DFF9DF80F0000F009F8012003210B2272
:10ABB000092300F0F6FE04B080BD000080B582B02D
:10ABC0008DF806009DF80600052804DBFFE710203D
:10ABD0008DF807001AE09DF80600032804D1FFE76E
:10ABE000012000F0E3FE0DE09DF80600042804D1EA
:10ABF000FFE7022000F0DAFE03E0002000F0D6FEBE
:10AC0000FFE7FFE700208DF80700FFE79DF807004A
:10AC100002B080BD80B588B00020059007904BF24F
:10AC20000000C6F2040003904FF00051049101228D
:10AC3000029200F098FE0499059A039800F098FE9D
:10AC4000029806904EF20000C6F20400E7F77BFB84
:10AC5000029A0499039800F08BFE059800F086FA9A
:10AC600003980499059A00F083FE022000F0E4F9AD
:10AC7000029A0398049900F07BFE00F089F903988A
:10AC80000499059A00F074FE46F62750C1F20200BE
:10AC9000E7F700FD46F6A060C1F202000190E7F779
:10ACA000F9FC46F6C930C1F202000090E7F7F2FC69
:10ACB00046F69E30C1F20200E7F7ECFC0098E7F799
:10ACC000E9FC46F65950C1F20200E7F7E3FC46F60C
:10ACD000E050C1F20200E7F7DDFC46F61140C1F298
:10ACE0000200E7F7D7FC46F6F430C1F20200E7F7BE
:10ACF000D1FC46F6B240C1F20200E7F7CBFC009867
:10AD0000E7F7C8FC0198E7F7C5FCFFF75BFE05987D
:10AD100000F01CFA029A0398049900F029FE00F052
:10AD2000CFF903980499059A00F022FEFFF794FDED
:10AD3000059808B080BD000080B582B0002000906A
:10AD4000E9F7C6FE0090009850B1FFE74FF21801F6
:10AD5000C2F20101042088716FF0010001901CE033
:10AD60004CF67470C1F2010048F6E85100F018F892
:10AD70000090009870B9FFE74FF21801C2F201018C
:10AD8000002008704FF44070488001208880FF2028
:10AD90004870FFE700980190FFE7019802B080BD7E
:10ADA00080B58CB00A9009910A9818B1FFE709980C
:10ADB00020B9FFE74FF0FF300B90ABE04FF22430AB
:10ADC000C2F201000068B8B1FFE74FF22430C2F2CE
:10ADD00001000068069040B1FFE70698F2F7EEFA2E
:10ADE0000698D021FFF7D2FBFFE74FF22431C2F2E1
:10ADF000010100200860FFE70A98FCF7B7F8014658
:10AE00004FF23430C2F2020001600068FEF77EFAB1
:10AE100003280CD0FFE7F5F7DDFB46F67371C1F2AE
:10AE20000201EEF7CFF96FF001000B9072E04FF2E4
:10AE30002C30C2F201004FF480310022F1F7A8FA61
:10AE40000790079820B9FFE76FF002000B9061E0D0
:10AE5000D02000F00AFE05904FF23431C2F2020118
:10AE60000968079BEC460022CCF80420CCF80020AF
:10AE70004FF2B012C2F20102F2F74AFA05994FF20C
:10AE80002430C2F201000160006820B9FFE76FF0D2
:10AE900003000B903EE04FF22430C2F20100006844
:10AEA000F1F7ACFE8DF823009DF8230060B1FFE7B9
:10AEB000F5F790FB46F65B71C1F20201EEF782F9FD
:10AEC0006FF004000B9025E04FF22430C2F2010035
:10AED0000390006800210491F2F7D2F90499024628
:10AEE00003984FF22833C2F201031A600068F2F7A8
:10AEF000EBF9014604984FF22C32C2F202021160C3
:10AF00004FF21802C2F20102022191710999D16037
:10AF10000B90FFE70B980CB080BD000080B582B0AD
:10AF200001900091FFF708FC46F65130C1F2020093
:10AF3000E7F7B0FB019946F67020C1F20200E7F78F
:10AF4000A9FB009946F6F320C1F20200E7F7A2FB45
:10AF5000FFF7B0FBFFE7FEE7B0F5807F84BF10206E
:10AF6000704710B581090122830618BF02EB9011CA
:10AF70004FF0FF308840C4434FF6FF70C0F20F001F
:10AF800000F019FD204600F01BFD002010BD000060
:10AF900080B584B0012000220192114600F015FD19
:10AFA0000198694608604BF28000C6F204004FF435
:10AFB00080514FF0C0424FF4E1330293FFF712FB90
:10AFC00046F61960C1F20200E7F764FB46F6A0609E
:10AFD000C1F20200E7F75EFB46F65E40C1F20200F6
:10AFE0000390E7F757FB46F67A50C1F20200E7F705
:10AFF00051FB029946F6FF50C1F20200E7F74AFB07
:10B0000046F6CF50C1F2020046F6AC61C1F2020131
:10B0100046F6A362C1F20202E7F73CFB0398E7F7AA
:10B0200039FBFFF77FFC46F69C50C1F20200E7F7C0
:10B0300031FB04B080BD000080B582B08DF8070000
:10B0400000208DF806000F200DF10601012200F00E
:10B05000A3FC9DF8060020B9FFE7562000F0BAFCDB
:10B06000FFE710200DF10601012200F095FC9DF88C
:10B07000060028B1FFE79DF8060000F0B0FC03E0F1
:10B08000A92000F0ACFCFFE7002000F0ADFC03219C
:10B090006422084600F0ADFC46F6D240C1F2020040
:10B0A000E7F7F8FA9DF8070040F6C41100F0A6FC97
:10B0B00046F6FD40C1F20200E7F7ECFA02B080BDAF
:10B0C00080B5202000F09FFC4FF480304FF4806169
:10B0D00000F09EFC90B9FFE743F20400C2F20000CA
:10B0E0000168002000F099FC292000F028FC2A20AB
:10B0F00000F025FC202000F095FCFFE780BD00005B
:10B1000080B584B0ADF80E00ADF80C10029201933A
:10B11000FFF712FB46F63C30C1F20200E7F7BAFA3D
:10B12000BDF80E10BDF80C2046F67F30C1F20200CB
:10B13000E7F7B0FA0299019A46F66030C1F20200D0
:10B14000E7F7A8FAFFF7B6FAFFE7FEE780B582B0A7
:10B150008DF80700D020FFF7FFFE9DF807000022C2
:10B160001146FFF703FD02B080BD000080B582B03C
:10B170008DF80700022000F05AFC00F05DFC03206F
:10B1800000F05FFC0020009000F060FC009800F0F0
:10B1900062FC9DF8070000F063FC02B080BDE7F799
:10B1A000A3FA5FEA400C08BF91F0000F4FEA8C232E
:10B1B0004FEAC12243EA51514FEA1C5018BF00F533
:10B1C000F0404FEA300018BF41F000415FEA6C5C8C
:10B1D00000F02980BCF1FF3F08BF40F0804070477D
:10B1E000130C06BF12044FF0100C4FF0000C130E9E
:10B1F00004BF12020CF1080C130F04BF12010CF172
:10B20000040C930F04BF92000CF1020CD30F04BF87
:10B2100052000CF1010C11464FF00002A0F11F008A
:10B22000A0EB0C00704711F0004F08BF704731F0E1
:10B2300000413FF4D5AF0B0C06BF09044FF0100CD2
:10B240004FF0000C0B0E04BF09020CF1080C0B0FA1
:10B2500004BF09010CF1040C8B0F04BF89000CF131
:10B26000020CCB0F04BF49000CF1010CCCF1200300
:10B2700022FA03F341EA030102FA0CF2A0EB0C00FC
:10B2800000F101007047000023F07F4720F07F4C61
:10B2900080EA030000F00040ACEB070303F57C53A9
:10B2A00003F1FF032DE9804909B44FEA144324EA6E
:10B2B00003484FEA154B25EA0B4E0FF2042606EB26
:10B2C00013273E7803FB0667C7F5000707FB06F662
:10B2D0004FEAD64606F102064FEA543707FB066CE2
:10B2E000CCF1005C4FEA1C472CEA074C0CFB06F53E
:10B2F00007FB06F404EB15464FEA961649085FEA89
:10B30000320234BF00204FF000404FEAD13706FB35
:10B3100007FC4FEA1C4C0CFB0BF7D21B03FB0CF792
:10B3200061EB07010CFB0EF7B0EB074072EB174225
:10B330000CFB08F734BFA2EB0742B2EB074261EB0C
:10B3400017414FEA0C444FEA910706FB07FC4FEA0E
:10B350001C4C0CFB0BF7B0EBC74072EB573203FBF6
:10B360000CF734BFA2EBC742B2EBC74261EB5731D7
:10B370000CFB0EF7B0EBC70072EB57720CFB08F733
:10B3800034BFA2EBC702B2EBC70261EB57714FEAC1
:10B39000816141EA92114FEA826242EA90124FEAD9
:10B3A000806004EBCC04039F4FEAD13706FB07FC17
:10B3B0004FEA1C4C0CFB0BF7D21B03FB0CF761EBA9
:10B3C00007010CFB0EF7B0EB074072EB17420CFBCA
:10B3D00008F734BFA2EB0742B2EB074261EB17411B
:10B3E0004FEA8C5504EB9C244FEA910706FB07FCBF
:10B3F0004FEA1C4C0CFB0BF7B0EBC74072EB57321B
:10B4000003FB0CF734BFA2EBC742B2EBC74261EBC0
:10B4100057310CFB0EF7B0EBC70072EB57720CFB09
:10B4200008F734BFA2EBC702B2EBC70261EB57715A
:10B430004FEA816141EA92114FEA826242EA901238
:10B440004FEA806015EB4C2544F100044FEAD137F8
:10B4500006FB07FC4FEA1C4C0CFB0BF7D21B03FB53
:10B460000CF761EB07010CFB0EF7B0EB074072EB3A
:10B4700017420CFB08F734BFA2EB0742B2EB0742BE
:10B4800061EB17414FEA813141EA92414FEA823242
:10B4900042EA90424FEA80304FEA0C7615EB1C15D9
:10B4A00044F1000448EA03434EEA0B484FF0000E13
:10B4B000B2EB080C71EB030724BF624639464EEB32
:10B4C0000E0E4FF0000B0018524149414BEB0B0B95
:10B4D000B2EB080C71EB03077BF1000B24BF624653
:10B4E00039464EEB0E0E4FF0000B00185241494109
:10B4F0004BEB0B0BB2EB080C71EB03077BF1000B72
:10B5000024BF624639464EEB0E0E51EA020718BFC1
:10B5100046F0010616EB0E7655F1000254F10001DB
:10B5200003D5BDE88901BDE80088BDE88901BDE813
:10B530000048B619524141EB0101A3F101037047E4
:10B5400080807F7E7D7C7B7A797877767675747360
:10B55000727171706F6E6E6D6C6C6B6A6A6968681F
:10B56000676666656464636362616160605F5F5EB5
:10B570005E5D5D5C5C5B5B5A5A595958585757562B
:10B580005655555554545353525252515150505090
:10B590004F4F4F4E4E4D4D4D4C4C4C4B4B4B4A4AE2
:10B5A0004A49494948484847474747464646454526
:10B5B000454444444443434343424242424141415F
:10B5C0009C46002B30D477002BD04FEA37071CB5B0
:10B5D00003B44FF010004FF01001BAF1000F06D085
:10B5E000BCF1000FDCBF40F0080040F008014FF054
:10B5F00000000FBCBDE810400BF1010BBBF1010FC7
:10B6000008BF5FEA170722BF12F1010211F1010121
:10B610004FF0004143F1000300F0004043EA000016
:10B620007047F9D35708D0E746EA06464FEA164670
:10B6300013F1400F1FDD13F1200FDFBF16430A4641
:10B64000002120335B42BED0C3F1200746EA064604
:10B650004FEA164602FA07F746EA070622FA03F20D
:10B66000C3F1200701FA07F742EA070221FA03F1C2
:10B670004FF00003A7E746EA020646EA06464FEA0D
:10B68000164646EA0106BCBF46EA0646360C4FF0AF
:10B6900000034FF000024FF0000194E72DE9804CC9
:10B6A00070B49A46934691E8380007C831EA400CD6
:10B6B00048BF34EA430C03D5FFF7E6FDFFF780FFF0
:10B6C000F0BCBDE8008C2DE9804C70B49A469346DE
:10B6D00091E8380007C810F0804F08BF13F0804F82
:10B6E00003D100F005F8FFF76BFFF0BCBDE8008C5C
:10B6F00020F07F4723F07F4C80EA030000F00040F9
:10B7000007EB0C03A3F57C53A3F1FE0392F0000FAB
:10B7100000F0B38095F0000F00F077802DE901492B
:10B720004FEA114021EA00484FEA144624EA06474E
:10B7300000FB06FC08FB06F607FB08F818EB0648BA
:10B740004CEB164C00FB07F718EB07484CEB174087
:10B750004FEA124B22EA0B4E4FEA154625EA0647FE
:10B760000BFB06FC0EFB06F607FB0EFE1EEB064E61
:10B770004CEB164C0BFB07F71EEB074E4CEB174B35
:10B7800018EB0B0840F1000018EB0E0B58EB00080B
:10B7900040F100008F1A4FF000014FF000063CBF4F
:10B7A000C943661B14BFB5EB040C00213CBFC94361
:10B7B000F61B4FEA174427EA04454FEA1C472CEAD8
:10B7C000074C04FB076205FB07F70CFB05F616EBBD
:10B7D000074642EB174204FB0CFC16EB0C4642EB0F
:10B7E0001C421BEB060658EB020241414EEA8E0E4C
:10B7F00046EA9E0601D5BDE80189B619524141EBE2
:10B800000101A3F10103BDE801894FEA144524EACF
:10B8100005464FEA114721EA074C05FB07F406FBF2
:10B8200007F70CFB06F111EB074144EB174405FB4E
:10B830000CFC11EB0C4144EB1C444FEA124722EA8A
:10B84000074C05FB07F206FB07F70CFB06F616EBA9
:10B85000074642EB174205FB0CFC16EB0C4642EB8D
:10B860001C456A1854F1000148BF7047B61952418F
:10B8700041EB0101A3F10103704795F0000F37D0B0
:10B880004FEA114221EA02464FEA144724EA074CE4
:10B8900002FB07F106FB07F70CFB06F414EB074469
:10B8A00041EB174102FB0CFC14EB0C4441EB1C4137
:10B8B0004FEA154725EA074C02FB07F506FB07F799
:10B8C0000CFB06F616EB074645EB174502FB0CFC96
:10B8D00016EB0C4645EB1C42121951F1000148BF12
:10B8E0007047B619524141EB0101A3F101037047C2
:10B8F0004FEA144524EA05464FEA114721EA074C6E
:10B9000005FB07F106FB07F70CFB06F212EB0742FB
:10B9100041EB174105FB0CFC12EB0C4251EB1C41B7
:10B920004FF0000648BF7047921841EB0101A3F1A8
:10B93000010370474DF67D7CC0F2000C604747F66E
:10B940007D1CC0F2000C604749F6210CC0F2000CCF
:10B95000604749F69D0CC0F2000C60474DF6656CDF
:10B96000C0F2000C604749F2F16CC0F2000C604775
:10B9700049F2F97CC0F2000C604749F65D2CC0F238
:10B98000000C604744F2717CC0F2000C60474EF23C
:10B99000CD1CC0F2000C604748F20D7CC0F2000CD8
:10B9A00060474AF68D6CC0F2000C60474AF6256C81
:10B9B000C0F2000C60474AF6510CC0F2000C604720
:10B9C0004AF6796CC0F2000C60474CF2113CC0F2B0
:10B9D000000C60474AF6596CC0F2000C60474AF60A
:10B9E000696CC0F2000C60474AF6B13CC0F2000C32
:10B9F000604745F6651CC0F2000C604745F6295CBF
:10BA0000C0F2000C604747F6852CC0F2000C60477E
:10BA10004CF2791CC0F2000C60474CF2B93CC0F209
:10BA2000000C604747F6D12CC0F2000C60474AF684
:10BA30007D5CC0F2000C60474AF66D0CC0F2000C51
:10BA400060474AF6E93CC0F2000C60474AF6A95C40
:10BA5000C0F2000C60474AF6FD5CC0F2000C604783
:10BA600045F6214CC0F2000C604780B5E9F71CF8A0
:10BA700000B180BDFEF7F8FCFFF7F7BF80B5E9F72E
:10BA8000B7F800B180BDFEF7EFFCFFF7F7BF03B4D6
:10BA900001984100009850EAC12018BF04204A0DC7
:10BAA00018BF40F0010040F2FF72B2EB515F08BFD7
:10BAB00040F00200012808BF052002B07047410095
:10BAC000080218BF04200A0E18BF40F001004FF012
:10BAD0007F4232EA010108BF40F00200012808BF9E
:10BAE0000520704710B510EE104A4FF01940694913
:10BAF000002200EB44002DED028B884257D8DFED89
:10BB0000660A14F0004F60EE200A14BFBEEE001A61
:10BB1000B6EE001A71EE200AFDEEE00A10EE900A71
:10BB200000EE900AF8EEE00A9FED5C1A00EEC10A02
:10BB30009FED5B1A00EEC10ADFED5A0A9FED5A1A1B
:10BB400000EE201ADFED590A40EE010A9FED581A67
:10BB5000584B00F0030100EE201A21EE000A7B444E
:10BB600003EB8103D3ED000A534B7B4403EB8103CA
:10BB700093ED001A514B41EE000A7B4403EB810127
:10BB8000801091ED000A70EE800AEABB00EE100A08
:10BB9000B8EEC01ADFED4A1A9FED4A0ABDEC028BDF
:10BBA00001EE210ABCEEC00A20EE200A10BD4FF0C3
:10BBB000FF40A0431DD04FF0CE40B0EB440F81BFFB
:10BBC000F7EE000A30EE200ABDEC028B10BD3E48B5
:10BBD000B0EB440F28BF012291D20220E7F719F8F9
:10BBE00014F0004F15D0BDEC028BBDE8104000F002
:10BBF000BFB914F5000F02BF9FED340ABDEC028BF4
:10BC000010BDBDEC028B00E009E0BDE8104000F083
:10BC1000A3B9BDEC028BBDE8104000F0A1B900EB68
:10BC2000D07359104FF07E5202EBC15100EE101A42
:10BC3000A0EB630002EBC05060EE200A00EE100A99
:10BC400020EE208A18EE100A88B118EE100AB0F122
:10BC5000FF4F15D018EE100AFFF731FF042808BF78
:10BC600000F086F9B0EE480ABDEC028B10BD022050
:10BC7000E6F7CFFFBDEC028BBDE8104000F078B9CD
:10BC80000220E6F7C6FFBDEC028BBDE8104000F0D5
:10BC900067B900000000501E3BAAB8400070313E5A
:10BCA000F4FD053712BB2A3D12BB2A3EFFFFFF3EC3
:10BCB000FFFF7F3FEA120000EE120000BE120000FC
:10BCC0000000004B00007E4E0000A0850000000038
:10BCD0002DE9F0412DED020B9FED3D0B2DED028B7B
:10BCE0009FED3D8BDDE90254C4F30A50A0F2FF360C
:10BCF000142E37DA002E18DA53EC102B9DED020BC0
:10BD000051EC100B00F0A2F953EC182B00F0F8FDE9
:10BD100057D2002CA4BF0024254652DA24F000405C
:10BD2000284318BF2E4C4CD01AE02E4820FA06F7B4
:10BD300004EA070028431FD053EC102B9DED020BA3
:10BD400051EC100B00F082F953EC182B00F0D8FDE9
:10BD500037D2002C03DA4FF48010F0400444BC4387
:10BD600000252EE0332E07DCA6F114004FF0FF3142
:10BD700021FA00F73D4206D19DED020BBDEC028B8E
:10BD800002B0BDE8F08153EC102B9DED020B51EC9D
:10BD9000100B00F045FE53EC182B00F0B1FD10D253
:10BDA000002C0DDA142E08BF641C09D0C6F1340033
:10BDB000012101FA00F02844A84238BF641C05465E
:10BDC000BD43CDE902549DED020BD7E70000000012
:10BDD0009C7500883CE4377E0000000000000000F5
:10BDE0000000F0BFFFFF0F0031B504462DED020B40
:10BDF0000023019A00982360194B22F000419942D8
:10BE000028DA084326D0B1F5801FA8BF206811DAD0
:10BE10009FED150B53EC102B9DED000B51EC100B0F
:10BE200000F070FCCDE900010A466FF0350021F00A
:10BE3000004120600E4B6FF31E5203EB215108446A
:10BE4000206042F0FF5040F0005001909DED000B4B
:10BE500003B030BD9DED000B03B030BD000000000D
:10BE60000000F07F000000000000000000005043D0
:10BE700002FCFFFF0000000010B52DED020B2DEDC0
:10BE8000088B84B09DED0C0B51EC100B00F06EFD97
:10BE900041EC180B9DED0C0B53EC182B51EC100BD7
:10BEA00000F0CAFD41EC190B0D989FED290B10F025
:10BEB000004F53EC102B51EC190B9FED21AB9FED74
:10BEC00022BB0ED000F0E2FB0ED953EC1B2B51EC41
:10BED000190B00F015FD1CD214E000BF41EC180B4B
:10BEE00017E000F0D3FB06D253EC1A2B51EC180BE1
:10BEF00000F0A2FDF2E753EC1B2B51EC190B00F004
:10BF0000FFFC06D853EC1A2B51EC180B00F09EF8EE
:10BF1000E4E78DED028B9DED0C0B18EE901A10EE00
:10BF2000900A8DED000B61F31E0003909DED020B56
:10BF300004B0BDEC088B02B010BD00000000000092
:10BF4000000000000000F03F000000000000E03FA3
:10BF5000000000000000E0BF30EE000A7047000063
:10BF60009FED020A20EE000A7047000000000070FA
:10BF70009FED020A20EE000A70470000000000104A
:10BF800030380A2801D20120704700207047000095
:10BF900010B500290AD00878002807D00548784451
:10BFA000E6F726FD002801D0002010BD02487844A5
:10BFB00010BD0000A6E000009EE0000010B50029C2
:10BFC0000AD00878002807D005487844E6F710FD25
:10BFD000002801D0002010BD0248784410BD0000A8
:10BFE0008AE1000082E1000021F0004201F00043FC
:10BFF000A2F16052B2F5801F28BFD2F17F6C0BD93D
:10C000005FEA001C43EAC20242EB507018BF70475F
:10C0100028BF20F001007047B2F5801FBCBF184652
:10C0200070474FEA410C1CF5001F02D2084600F091
:10C0300099BE70B500F010FC00000089FFF7F6BF54
:10C040004FF00040A0F580007047000010B591EA65
:10C05000030F48BF83F0004300F1F684841A71EBAC
:10C06000030C05D2121943EB0C03001B61EB0C010E
:10C070004FEA1154A4EB135CDFF81CE11EEA430FF6
:10C0800018BF9EEA445F00F0748021EA045123EA5D
:10C090000E0343F48013DCF1200E32D322FA0CFE9F
:10C0A00010EB0E0023FA0CFE41EB0E01CCF1200E3A
:10C0B00003FA0EFE10EB0E00CCF1200E51F1000140
:10C0C000B1F5801F32D201EB045112FA0EF2BDE835
:10C0D000104058BF7047401C38BF5FEA420218BF8B
:10C0E0007047002814BF20F0010041F100014FEA21
:10C0F000410313F5001F38BF7047A1F1C04100F0A4
:10C10000F9BB012A43EB0302ACF1200CDCF11F0E5A
:10C1100032BF4FF0000E23FA0CF310EB030041EB9B
:10C120000451B4EB115FD0D0A1EB045101F58011A3
:10C13000490801EB04515FEA30000ED350F10000D2
:10C1400038BF12FA0EFE08D1BDE81040C9E7401C06
:10C1500038BF5FEA4202CAD1C3E7BDE810404FEAE8
:10C16000410313F5001F38BF7047A1F1C04100F033
:10C17000C1BB9EEA445F08D011EA5E0FBDE81040E3
:10C1800004BF01F0004100207047BDE8104070B5C9
:10C1900000F062FB64FBBE3E0000E0FF491058BFA8
:10C1A000C1F140415B1058BFC3F140438B42EFF3F4
:10C1B000008070472DE9C04130B4DFF8A8C23CEAE6
:10C1C000111418BF3CEA131400F0F0801CEA11149B
:10C1D00081EA030544EAD57418BF1CEA131500F080
:10C1E000CB80A4EB050404F17F7404F500344FF018
:10C1F000004545EAC12145EAC32341EA505143EADB
:10C2000052534FEAC0204FEAC222994208BF9042DF
:10C2100000F0A0804FEA13650FF24816765D4FEAF2
:10C22000134506FB05F7C7F1807706FB07F74FEAD2
:10C23000D737A7FB03687642A7FB06CEC8F5803840
:10C2400038BFA8F1010807FB08E6A6FB028C4FF0F7
:10C25000000EE6FB03CED8F100086FEA0C0C5CF18F
:10C26000000C6FEA0E0E4EF1004EA6FB0C584FF07C
:10C270000007E6FB0E87A1FB08C6A0FB07CE16EB66
:10C280000E064FF0000545F10005E1FB076515F1CD
:10C29000E04E7EBFA4F580345FEA46066D4116F19C
:10C2A000800745F100054FEA172747EA05674FEA7F
:10C2B00015254FEA0666A6F1DE46B6F1805F20D965
:10C2C000384605EBC47124F0010C01EB0C11BCF1F4
:10C2D000FE6F02D8F0BCBDE8008124425CBF01F5CE
:10C2E000801E9EEAC47F02D4F0BCBDE800812442D7
:10C2F00000F13980A1F1C041F0BCBDE8004100F07F
:10C30000F9BA4FEAD02040EA41504FEAD1214FEA32
:10C31000D22242EA43524FEAD323A7FB028607FB0D
:10C32000036605FB02661EEA0E0F58BFA6EB005619
:10C33000B6EB00564FEA520E4EEAC37E18EB0E0ED5
:10C3400056EB530EBCD518EB02085E417F1C55F12D
:10C350000005B5E74FF480154FF000074FF00006D9
:10C360004FF00008ACE701F1C04101F000414FF08F
:10C370000000F0BCBDE800810CEA131511EA0C1FA7
:10C3800000D00CE013EA0C1F00F025804FF00000F5
:10C3900081EA030101F00041F0BCBDE80081F0BC7E
:10C3A000BDE8004181EA030100F0A4BAF0BCBDE899
:10C3B000004170B500F050FA097EFC3E00F007B86D
:10C3C0004FF0000081EA030101F00041704781EA6B
:10C3D000030100F08FBAF0BCBDE8004122494FF0E4
:10C3E00000007047FFFDFBF9F7F5F4F2F0EEEDEB1E
:10C3F000E9E8E6E4E3E1E0DEDDDBDAD8D7D5D4D363
:10C40000D1D0CFCDCCCBCAC8C7C6C5C4C2C1C0BFAE
:10C41000BEBDBCBBBAB9B8B7B6B5B4B3B2B1B0AFB4
:10C42000AEADACABAAA9A8A8A7A6A5A4A3A3A2A198
:10C43000A09F9F9E9D9C9C9B9A9999989797969553
:10C4400095949393929191908F8F8E8E8D8C8C8BEF
:10C450008B8A898988888787868585848483838277
:10C46000828181800000FF070000F87F51EA030C01
:10C4700017D41CF5801F58BFBCF5801F00F1068043
:10C48000994218BF704708BF9042704707D711F50F
:10C49000801F58BF13F5801F19D4994270478942F5
:10C4A00070471CF5801F08D5BCF5801FF7D58B425F
:10C4B00018BF704708BF824270474FF4001C1CEB46
:10C4C000410F38BF1CEB430F01D28B42704770B550
:10C4D00000F0C2F9922449004FF000514FF0805310
:10C4E000FFF75CBE4FEA41034FEA5353A3F5806365
:10C4F000D3F11E03C8BFD3F1210C0CDD4FF0004275
:10C5000042EAC12242EA505232FA03FC8CEAE17C50
:10C51000ACEBE1707047102BC4BF0020704703F5EF
:10C52000787CBCF1FF3F04D06FF0004282EA21002A
:10C53000704770B500F090F9499224800020704750
:10C54000F2E710F0004248BF4042B0FA80F310FA20
:10C5500003F10AD0C3F11D0303F5806302EB03521C
:10C560004FEA415002EBD12170474FF00000704775
:10C570007FEAE17202D1101A62EB0101B1FA81F394
:10C580000B3B24D3994012D1B0FA80F310FA03F197
:10C5900008BF7047C3F11D0303F5406303EBC223DB
:10C5A0004FEAD1224FEA415002EB03517047C3F1E9
:10C5B000200C20FA0CFC41EA0C019840C3F1320334
:10C5C00003F5406303EBC22301EB03517047C3F152
:10C5D000320C0CF5406C0CEBC22210B5C3F1000418
:10C5E000C4F1200E01FA0EFC21FA04F100FA0EF358
:10C5F000E04040EA0C00BDE8104001EB025138BFBA
:10C600007047401C41F100015B0008BF20F00100B1
:10C610007047000051EA030C17D41CF5801F58BF67
:10C62000BCF5801F00F10680994218BF704708BF13
:10C630009042704707D711F5801F58BF13F5801F30
:10C6400019D499427047894270471CF5801F08D55C
:10C65000BCF5801FF7D58B4218BF704708BF8242D8
:10C6600070474FF4001C1CEB410F38BF1CEB430F0D
:10C6700001D28B42704770B500F0EEF89224490069
:10C680004FF080514FF00053FFF788BD51EA030C83
:10C6900017D41CF5801F58BFBCF5801F00F1068021
:10C6A000994218BF704708BF9042704707D711F5ED
:10C6B000801F58BF13F5801F19D4994270478942D3
:10C6C00070471CF5801F08D5BCF5801FF7D58B423D
:10C6D00018BF704708BF824270474FF4001C1CEB24
:10C6E000410F38BF1CEB430F01D28B42704770B52E
:10C6F00000F0B2F8922449004FF000514FF08053FF
:10C70000FFF74CBD70B5DFF848C11CEA111E1EBF13
:10C710001CEA13159EEA0C0F95EA0C0F00F06F80CF
:10C7200081EA03044EEAD47EAE4421EA4C1123EAA6
:10C730004C1341F4801143F48013AEF17F7EA1FBD2
:10C74000024CA0FB0365361955EB0C05A1FB034C0D
:10C750004CF10003A0FB021C16EB0C06654153F1E3
:10C760000003094218BF46F0010613F4007F0BD105
:10C770004FEA03314FEA053041EA155140EA1650BD
:10C7800034036FF003020AE04FEAC3214FEAC520E9
:10C7900041EA555140EA5650F4026FF0020202EBB2
:10C7A0002E4201EB025585EACE710AD05FEA440CB5
:10C7B00018BF24F0004450F1000041F1000120EACC
:10C7C000D47040F2FE7C624500D270BDA84214BF16
:10C7D0004FF080444FF04044002E08BF0024BEF1CB
:10C7E000806FA8BFA1F1C041BDE8704080F2828097
:10C7F00001F1C04101F000414FF0000070470CEA28
:10C8000013159EEA0C0F18BF95EA0C0F06D081EAAB
:10C81000030E4FF000000EF0004170BD00F01CF858
:10C820008900013E00F007B800F009B84FEA430C58
:10C830005FEA5C5C08D081EA030100F05BB84FEA74
:10C84000410C5FEA5C5CF6D102494FF00000704792
:10C850000000FF070000F87F0EF1020E2EF0030E1D
:10C860005EF8046B364205D4012A43EB030515F547
:10C87000001F12D8012841EB010C1CF5001F0CD839
:10C880000ED14FEAD17C0CEB4C0C0CF1020C15F5DF
:10C89000001F08BF4CEBD37C04E04FF0080C01E014
:10C8A0004FEAD37C0CEB4C0526FA05F606F007069A
:10C8B000B6F1040C06D20EEB860CBDE870404CF0CD
:10C8C000010C6047DFE80CF0090B02024FF0004159
:10C8D000A1F500214FF0000070BD19461046012857
:10C8E00051EB010418BFD4F5001484BF002001F0FF
:10C8F000004170BD0808A0F500114FEA31017047F2
:10C9000053EA010C17D41CF5801F58BFBCF5801FDB
:10C9100000F106808B4218BF704708BF8242704703
:10C9200007D713F5801F58BF11F5801F19D48B420C
:10C9300070479B4270471CF5801F08D5BCF5801FCF
:10C94000F7D5994218BF704708BF904270474FF41F
:10C95000001C1CEB430F38BF1CEB410F01D2994266
:10C9600070470FB40CBC03BCFFF7C1BE5FEA410CBB
:10C970005FEA5C5CACF580635B1C39D4D3F13402B4
:10C9800040F34580B2F1200314DA4FF0010C0CFAA9
:10C9900002FCACF10103034020EA0300B3EB5C02AC
:10C9A00008BF10EA0C0F98BF704710EB0C0041F164
:10C9B000000170470AD0C3F1200201FA02FC0128ED
:10C9C0004CF1000021FA03F101FA03F14FF0010CE0
:10C9D0000CFA03FCACF1010321EA0301B0F1004FB2
:10C9E00008BF11EA0C0F4FF0000088BF6144704788
:10C9F000B3F1FF3F28BF50EAC12C01F000414FF0D6
:10CA0000000084BF41F07C5141F470017047B3F5E0
:10CA1000806FB8BF704770B5FFF71EFF40DBB6BE32
:10CA200010B591EA030F81F000413FF517AB83F099
:10CA3000004300F009B8000010B591EA030F48BFA9
:10CA400083F000433FF50AAB841A71EB030C07D265
:10CA50008CF0004C121943EB0C03001B61EB0C0132
:10CA60004FEA1154A4EB135CDFF8A4E11EEA430F74
:10CA700018BF9EEA445F00F0B48021EA045123EA23
:10CA80006E035242C3EB6E0338BF5B1EDCF1200E17
:10CA900025D322FA0CFE10EB0E0043FA0CFE41EBFC
:10CAA0000E01CCF1200E03FA0EFE10EB0E00CCF1BD
:10CAB000200E51F1000129D401EB045112FA0EF2BB
:10CAC000BDE8104058BF7047401C1CBFB2F1004F7A
:10CAD000704700280CBF491C20F00100704712EB82
:10CAE000020E43EB030218BF4FF0010E4EEA420262
:10CAF000ACF1200CDCF11E0E56D943FA0CFE10EB03
:10CB00000E00CCF11E0E51F1FF31D5D50EF1010E04
:10CB100012FA0EFE404141EB010101EB445C5FEA79
:10CB20005C5C10D901EB045110EBDE7038BFBEF134
:10CB3000004FBDE8104018BF704700280CBF491CCB
:10CB400020F00100704734D24FEAD42C24F4006462
:10CB500011F500111BD0B1FA81F20B3AA41AA41EF0
:10CB6000D2F12003914030FA03F31943904001EBD6
:10CB7000CC7101EB0451002CBDE81040A8BF7047F8
:10CB800001F1C04101F000414FF000007047B0FAE0
:10CB900080F310FA03F102D1BDE810407047E41AA7
:10CBA000173C4805C90AE2E701EB0451BDE8104013
:10CBB000704749104FEA300001EB0451BDE81040C6
:10CBC00002E04FF0000170474A0008BF0042F8D071
:10CBD000B2F5001F28BF704701F000414FF0000080
:10CBE00070479EEA445F07D011EA5E0FBDE810402F
:10CBF00004BF002100207047BDE8104070B5FFF76A
:10CC00002BFE00BF40DFF63E104683F00041704728
:10CC10000000E0FF43004FEAD30C4FEA3C0C4340D6
:10CC20001FBF40070CF1605113F0FE4F70471CF01E
:10CC3000006F03D10CF00041002070470CF000435E
:10CC400043EA507040EACC0010B500F038F800BF5D
:10CC5000000000924FEA0001FFF74CBE4FF0004188
:10CC6000A1F500214FF00000704710B5FFF7FEFB63
:10CC70000CBF0120002010BD10B5FFF7F7FB14BF5B
:10CC80000120002010BD10B5FFF7C4FC8CBF0120AF
:10CC9000002010BD10B5FFF7BDFC2CBF0120002007
:10CCA00010BD10B5FFF7F2FC94BF0120002010BDAD
:10CCB00010B5FFF7EBFC34BF0120002010BD0EF1D2
:10CCC000020E2EF0030E5EF8044B244204D44FEA09
:10CCD0004102B2F17F4F11D84FEA4003B3F17F4FC9
:10CCE0000CD80ED14FEAD07C0CEB4C0C0CF1020CA2
:10CCF000B2F17F4F08BF4CEBD17C04E04FF0080C41
:10CD000001E04FEAD17C0CEB4C0324FA03F404F06D
:10CD10000704B4F1040C06D20EEB840CBDE81040FD
:10CD20004CF0010C6047DFE80CF0070802024FF0FE
:10CD30000040A0F5800010BD0846420018BFD2F1A7
:10CD4000807288BF00F0004010BDF1EE100A4FF66F
:10CD5000FF71C0F2C03120EA010040F04070E1EE06
:10CD6000100A7047FF2141EAD050C005704700000B
:10CD70000A154FEAC12343EA50534FEAC02C18BFAB
:10CD800043F000431BD4A2F24E02D2F57C7240F372
:10CD90004280502AA8BF502223FA02F12CFA02F056
:10CDA000D2F1200260B403FA02F588BF2843C2F131
:10CDB000000223FA02F598BF284360BC704702F5D1
:10CDC0007C7212F5826F08BF23F00043D2F12E026D
:10CDD00021DB1AD0502AA8BF502223FA02F12CFAE4
:10CDE00002F0D2F1200260B403FA02F588BF2843B2
:10CDF000C2F1000223FA02F598BF284360BC40420A
:10CE0000C1F1000138BF491E70479CF0000F08BFF8
:10CE100093F0004FDED070B5FFF71EFD92244980DD
:10CE20004FF00000002170476FEAE17080F0004190
:10CE30007047E6F79ABBE6F7CFBC00000000803FE2
:10CE40000030983F0000B53F0040D73F0000000091
:10CE5000320A7E397F661E395B991F390000803F98
:10CE6000F037983FF304B53FFD44D73F0000000082
:10CE70000000000030313233343536373839414222
:10CE8000434445464030580030313233343536372C
:10CE900038396162636465664030780004000008D8
:10CEA00000000000000000020001000010303132DC
:10CEB00033343536373839616263646566787000BB
:10CEC00030313233343536373839414243444546C0
:10CED0005850003A7474003A7474003A7474000044
:10CEE00002400000000000A000000000054000001B
:10CEF000000000C8000000000C4000000000409C42
:10CF000000000000194000000020BCBE000000002E
:10CF100034400000BFC91B8E00000004B540000073
:10CF2000504BCFD06607E2CF010000006C410000FB
:10CF30003E8251AADFEEA73401000000D942000072
:10CF4000DCB5A0E23A301F97FFFFFFFFB4450000B9
:10CF5000FD25A0C8E9A3C14FFFFFFFFFFF3F000071
:10CF60000000008000000000FF3F00000000008083
:10CF7000000000002000000054464C330000000078
:10CF8000140020001C001800140010000C00000009
:10CF900008000400140000001C0000008C000000C9
:10CFA000E40000008C6100009C610000048D000022
:10CFB000030000000100000004000000EE99FFFFE4
:10CFC0000C0000001C0000003C0000000F000000EE
:10CFD00073657276696E675F64656661756C74000F
:10CFE000010000000400000090FFFFFF300000007F
:10CFF00004000000080000006F75747075745F30E5
:10D00000000000000100000004000000FA9EFFFF85
:10D01000040000000C0000006B657261735F7465B2
:10D020006E736F7200000000020000003400000008
:10D0300004000000DCFFFFFF3300000004000000DC
:10D0400013000000434F4E56455253494F4E5F4D1B
:10D05000455441444154410008000C0008000400BC
:10D06000080000003200000004000000130000006F
:10D070006D696E5F72756E74696D655F76657273EA
:10D08000696F6E0034000000A46000009C60000026
:10D09000886000006C6000005C5F00004C5E000077
:10D0A000BC5D00002C5D00009C5C00000C5C00007E
:10D0B000FC530000AC5300009C4400004C440000B2
:10D0C000BC430000AC4200001C42000008420000CB
:10D0D000EC410000D0410000B44100009841000044
:10D0E0007C4100006C2900005C010000540100003C
:10D0F0004C010000440100003C010000340100002C
:10D100002C010000240100001C010000140100009B
:10D110000C01000004010000FC000000F40000000D
:10D12000EC000000E4000000DC000000D40000007F
:10D13000CC000000C4000000BC000000B4000000EF
:10D14000AC000000A40000009C000000940000005F
:10D15000740000000400000046A0FFFF040000006F
:10D16000600000000C00000008000E000800040031
:10D170000800000010000000280000000000060069
:10D180000800040006000000040000000100000088
:10D19000EA0300000C001800140010000C0004004A
:10D1A0000C000000E8D2A5954E15DA390200000007
:10D1B000020000000400000006000000322E3231A0
:10D1C0002E300000B2A0FFFF04000000100000009D
:10D1D000322E342E3000000000000000000000005D
:10D1E000CC74FFFFD074FFFFD474FFFFD874FFFF2F
:10D1F000DC74FFFFE074FFFFE474FFFFE874FFFFDF
:10D20000EC74FFFFF074FFFFF474FFFFF874FFFF8E
:10D21000FC74FFFF0075FFFF0475FFFF0875FFFF3B
:10D220000C75FFFF1075FFFF1475FFFF1875FFFFEA
:10D230001C75FFFF2075FFFF2475FFFF2875FFFF9A
:10D240002C75FFFF32A1FFFF040000000028000042
:10D25000E429000A1B18D51615FBFAEF020DA6EDFE
:10D26000098106170DF4091B2512F11014F01CE8B2
:10D27000EF14031E09ECE70AF9F20CD1F707CAFE16
:10D2800008D414FB201D051F241E09180D021AE2E4
:10D29000EB04F6F00CF6E80FF7F2F2B00B05C7D787
:10D2A00017E906EA162119130019080D00F9F2E52D
:10D2B0000CFEE5EC1BDA081601ECDB8BF7FED8D888
:10D2C0000C0216FEF613210C0CF6DDF607F40AE349
:10D2D00032FBF1B527E7231AFFF4C4A3E3F3FDC043
:10D2E00008181CF4DC1F2FFE28F5DE03EAF5EEF625
:10D2F000E428C3F03C523830EEFBE5954F01ED8950
:10D30000221748B0070FFFB616B0D9EDDD53340C25
:10D31000EE0ED920FE331A259AE3DDAF14100096E5
:10D32000DFE512D0EC27E3AC03C5F6F3F22927EED4
:10D33000F502B61DF4DFCD1FAEFCDDDF0BEE09B745
:10D34000CCCBE808CC21C3B400D806FDF21D0EFEFC
:10D35000E2F8AA2FE1B3AC07AE14FB25E3E71DD535
:10D36000D4BEE422C448DECD16F2EFB60017EFE5D6
:10D37000B9DABC15DE8A8C24D833DE5B81D04FD677
:10D38000C0D3C44DB357BBA234F1E4B916F4C7CA35
:10D3900015E22B17F8C935FD3316F1BDF8E4E41B8F
:10D3A00026F6E20005F12F272FF3DAFB1EFE380BDD
:10D3B0000AE83AF9F2B71DFB160AF9C9F0EAEC12CD
:10D3C0001EF3D40203FE35241F12ED0F210418179B
:10D3D000F7EC3F0910C609FFFC18F6CE24EAF2FE6E
:10D3E000FEF0CFFBFF0143071B04FC0006021906F9
:10D3F000EAAC25E613D434E92709FCF2F7E2E2E6C9
:10D40000E60D95CC26060F10FAEEEB08EA0A0AEDB7
:10D41000F28129E20FD638EFFFF4F6EBFFD807CC04
:10D42000F42EA6C9140621010BE9FBFB031B06FA27
:10D430002FEF04D3F01618FBFBCEF6302707FB21A5
:10D440000206E0F9E7E70F06EB344BF9DD06ED05E0
:10D450001610FDF1F607FDFFCAA9F736ED16041206
:10D4600002F91304DECE0E01C4FA1308DFE7D6FF7B
:10D47000021C0107F005050AD5990209E10F161FE4
:10D48000F5F20EEAD2CE1314D7AAE108DDE1E70ED9
:10D490000C0B0811000BE907F1D3FD05CD1E0C089C
:10D4A000CD0123EC95F5090303BDDE00E5F5F9F8A0
:10D4B0002B2D08F20906D505E204F4180312120C0C
:10D4C000ADEC112081081205FE2D1DF212F1F7FCC2
:10D4D000030B0216F4E2038598EFB4F61DE511F58F
:10D4E0001211FD0D00F8FB01EAF40B0F0508F81806
:10D4F000F1020113F7F1F3819EF9B8E004D30CFFB8
:10D500000907060A040BF6F8FFFE15F7F7FE03FEFF
:10D51000F10006FCFEF1F187A8FBAFDBF9E20FFAA0
:10D5200001FFF1F8040EF40002050EF9EA0204F31B
:10D5300000F50DEFF9E9F888B906A8E8FDDFFF0569
:10D540000D15FFEE080600F8FB0B17F2F8F0FDE7EB
:10D55000FFFF04DCF9F8FA99BD04AAF10FE9031BF7
:10D560000C16F7F502030FF9F6130EFE00F1F7FAA9
:10D57000F4E8191AF60FDAF3F5ABF6FD0AF8170E10
:10D580000BE1EAF318E4DB9BA300E8C10322FB0CE8
:10D5900015FD1D21D6E4180A14DDE4E88DF5F31518
:10D5A000E8280E001CB9E6A0810ABED5CE121FFCE9
:10D5B00009F41EF3EB0B210012E1EDFDA907DC13CA
:10D5C0009616EF1B01990FB7AE1DE001C7F21F12AF
:10D5D00007F6EFD6E816F6EAEBD303F93013CB09DA
:10D5E000B90D0022E6B007A70DE74607EEEC0C23C5
:10D5F000F5FF1E81CC03D8F7EFAF16FB2B27F3F70F
:10D60000EDBADB1008AC23C402CC1D0F53D6BC2EE0
:10D61000F0BDF610F4EEB5FBEB110FC519EEFF1AD5
:10D6200060C617C225E91442E80BE2F9EEFEF8BC29
:10D6300019CCF00F0302D6F1FE210BC40DFD0F1A19
:10D640006DB623D62A050A36E213EB0A04EDF89BE1
:10D650001EBBCF13FF07DAF3011127BD0B0B0CFA2A
:10D66000260A37DFFC10F333261DF5F6FAD52281A2
:10D6700012BAD3E8D90EB7E63A15FAC11C0D18FD57
:10D6800014DC18EF1222D60F18201DEE9EC1ECA458
:10D6900031CBB0D8BC0AD9BF17FF16C1DF131E01AA
:10D6A00000E50FF71614BFFF2F1A1F07A2A2F1A45F
:10D6B000C8C1FEF8F8961AE6EAE224D5810DEEDE3E
:10D6C0000931F9BF05E3DEDF1304BE0015212DFF8C
:10D6D000D5CAF3F3FFC713FC07F5ECCBFE07FAF04E
:10D6E000DE11F2C5EBECF5C3FBFAF009332216129A
:10D6F000E7E317F4EAFA01FE0ADBDDE5220811127E
:10D70000CC05E0CDC30AF5E2D4DD000E00040A1218
:10D710002FE0F9F1EF26F7F23DF3E0100B03140DC3
:10D72000DAF7FE09BA13D9CFDEDF010EDA13EE0DF8
:10D7300053F4D2FAE73506112DD4CB35E60A1F147F
:10D74000D8F12331DB0AD9C50FEC16E987021303A0
:10D75000361A17F603081610011104FC0BC0F4F872
:10D76000DA180E03E0FDEF1FF9EDFBF3F900F8F90D
:10D770001F0F140605FC050EF00907E50BD9F4F898
:10D78000C3F30908D201EF1BFDF9FFFBF009FEFC12
:10D7900007041809FAFFF40BFB02FFDA00E7F902AD
:10D7A000A2CEF50BB001F40FFAFA01F6F301EF0285
:10D7B00005F01114F1F8F60AFBF904E3EFEB0CF3B2
:10D7C0008CDDF503BD0BF90D06F20B0AF101F0FE3D
:10D7D0000BF0091CFAF306081AE106F6E9D015E881
:10D7E00081F7EBFCBC1FF90311E6100AE1FFF3FD22
:10D7F00005EC1646CFE404E8E19A29F0EBF1EDC31D
:10D800002B1C4FBBD3D9E4F606A7BFFA19D320E0EF
:10D810000CE90C34F2EAF6FAECC1230CC9ECD0DDC9
:10D82000EE1C3CE6F1BFCE07E505EFD200CB0EAB18
:10D83000011BF911EF1409092BC7121FEAFDB3CE22
:10D84000EFF51F0008D2A1EBB71DF0BD0ED9EAB26B
:10D85000E701F701FEF121FD31B01423DDF4CBD84F
:10D860000414F2F914CB9E05D60FCAD716E2F9CAF2
:10D87000F50110FFF90921D33681173DFBF1EBDAF1
:10D880000823FCF91EBBAC0BC5C6C1F80ED6D7D613
:10D89000FBE8E31208E90604FFF20EF0CE04060CE2
:10D8A000CAFD050FFDF7F5F3EF050A06F21213E3C3
:10D8B000EEF7F5DDFC0EF0F6E8D2030C01FFF608FA
:10D8C000F5D5EA0506FEEDE908F223E6F90CD005E8
:10D8D000F913FEDDF81A05F2EEC9070922FF0FF46D
:10D8E0000D81B6F109FEE6F809F21EEEF90BD70933
:10D8F000EC0CEDFEEBFD04FFE4E007E9F5040B02A0
:10D900000CCDF102F1E9E5E81BF0F9F3F50321157F
:10D91000FD0AED0EE3FC0BF9EBFBF0DB8CFCFC12DB
:10D9200001FAFEFBE70405D2DCDEC8F802F1FD01D6
:10D93000030CFB17E3FEF0D208FF81FBD6E800E9F9
:10D94000F5F9ED1301FFFB04FEF7E6080DFFF80BF8
:10D950000407030EFAFA00CD09048F03D4E8F5EDAD
:10D96000E30FFC0E02FFFDFFFDFDF5020805F9F6D1
:10D9700011FDF7F6FE0EFFCC05FF8602FBEFF5EC7E
:10D98000EE0002060810F307FB0100FAFC03F0F3B7
:10D99000FCFFFDECF516F3C501FC92FD07FBFE0153
:10D9A00011CDCD060E0BFA0DFE0E0CF9F4F7E3FCCB
:10D9B000FB020503F913F8C306029DDE01F5FB1314
:10D9C00013D7E4F8F7F70F0D0C07F5F6F20610027F
:10D9D000F52CED03C315D3C3ED1DC0D338ECFBF319
:10D9E0002193C7EF4C21ED10DC0136EBBA1DEDF2AF
:10D9F000FF3DEC02EFE8ECEE1A27BEEAF20309D590
:10DA000046E2FA03321AFC0CE70914F0E705159E0A
:10DA10003410C8180AD00CC5E9249B25DAFDF9C6D4
:10DA2000151D4D182B0AC6E310F90507F71F58B14D
:10DA3000350CB4DDE3E7F8BCD6369D42FA0A13C6CE
:10DA40000DD9FA590F0EB1DEDE4A4B08C20513207C
:10DA5000EC53BCE1D63603DC202DACF40ADA0DC859
:10DA60004781EA54281DDEFAD74E1E1AD5EBED3851
:10DA7000F203E7D82506DD050E072AE7ECD4F73ACE
:10DA8000D6F2D4D4D11AFC16080237E3D7A2F0FE9E
:10DA900015F5F1BE1BFB030019062CFBFCA3F115C9
:10DAA000D50D04C3B5FE01F5EAEF11E3D3B0F0E7FD
:10DAB00043F2ECA01CFE0B0A0EE82A05F5810D08C6
:10DAC000FA340EC4ABE3EDFBDBEA04F0C2C2F300B0
:10DAD00043F9E99AF7E72806F0E92C06F68224FCD8
:10DAE000053717D7D8CBE8FDF5FEFD03DCE3EC19CD
:10DAF00030E3EDA1DED543F3D5CB1800E98F2AF64C
:10DB00000D3118E3E7DFE311C305EC30F3EAE82950
:10DB1000F6E404EB0BEB1E11FB0BE1F1028DDFFAD7
:10DB2000FB06E71B0B06090809F5EDD203A5FC056A
:10DB3000FAC509E009ED190D0104E1F70895E5F2D0
:10DB4000EA02E20B04140BFE03FBF5E3FD9AEFF887
:10DB50000EDBFFE406F522000CFAEB061890E50B4D
:10DB6000F808C5FDFB0D030BF7EFF1E6F5B7FCFD7B
:10DB700016E6FAEDEAFB21F003FEEF101B92EB0034
:10DB80000A1CF1FDF10E0312FF00FEE301DEF60AAE
:10DB900018EBED00F0EF18F1E7F8F3020081D8F58B
:10DBA000FF150E10EA07F10DF006F8CAFDE7FDFBC0
:10DBB000F3DFD8F6DACED5E723FBCD64158126DA7C
:10DBC000E008B85BD4E2B6070D2FC5E9148EDFF686
:10DBD000E8F2EB000311EDF236DFC8200FB4FFF9D5
:10DBE000E20CF854E6E6A417160BBDD9E8CF11EA0B
:10DBF00002000520052A020C450ECD20230609202F
:10DC0000091AF926FB04C9101F2FEEDDEF1A3CF0AC
:10DC1000D5DCF411FE00FA16370AEF0805300D25A1
:10DC20000FF5E13514DEC7201938080AE63B3E053A
:10DC30009DAEF810FCF008EC2B2302EB0C07262A13
:10DC40001EF4910F20C0DF3CE02DE317D9053217F9
:10DC5000E9CFDBDAF8ED19E305812AF52843FCDA90
:10DC6000F822F6DA172E22F71ADD33BA1A02FABBB7
:10DC7000E5E1E0D5E41CF3E2F1951007232402F678
:10DC800032BDC7D23F1FFEFF11F637E530FE02EF6F
:10DC9000FAFBFDF2E4110BF7F8A70FFBF5FEFA060D
:10DCA0003BD2E5DE25F4F0F9F0F307E91F0A1E0187
:10DCB00015DC0315EAEB000B0CFDE5FAC2D8F20205
:10DCC000090D1314F0CFE1F8CE1CD6F914E4251D8C
:10DCD00034F7E513C4D9080CFD18D504CDBAEFD03C
:10DCE000BA202E54C8CFF5F2C02FE200FCA61F3098
:10DCF000DADAC3091DCDE8133CE8D92BF2D83A1E75
:10DD00002600EF0AD81BF003E118F3331011E92EB7
:10DD1000F9F4C51013CD080E18C9E20CF9E11B087F
:10DD20002718190DC81DF1F2E809E6120C1EEB3197
:10DD3000E8FCC206F7ED110D11CCD80119E8FC037F
:10DD4000070213FDC7160603DC08EEEE2D1CF0FCDF
:10DD500012EA9206FAED0DD700CFCF1023E6F9E3D1
:10DD6000E71611FBD91CE6E3D10314EB04150DD023
:10DD70001D9D81D2D7FE1CCFF1CFB9F910E9EDD3AB
:10DD8000B1FB110FD510FFE8D4FE1BD405FD0BA885
:10DD900004360814F4EE32EB9F062340E6E5D4D5B2
:10DDA000C011040A17B9EADE03BAFBF013BCF3F39F
:10DDB000121E00190DE72ED19A112B40EBF7D8E86F
:10DDC000DF08E61408D1DCF6F0E5EBFF0ED1EAED52
:10DDD000EA14F9FE30D61CCB81140E29BC06DDEA0C
:10DDE000F8E4DBF3C70EFA101406DD0411EE00F4BC
:10DDF000D502D0FF36E407E3C1E2FCE4C7080C001B
:10DE0000E9E3FBEAA31F12F00CCFF7FB193714FD6F
:10DE1000E101CBE7113B14FCEFFBEAF5EDF1240C3B
:10DE2000B0F103F69832DFEC19DBFC0CE13312FCA5
:10DE3000DB01F9EFFFF6FAC607D0F105F007F4F4BD
:10DE4000EADFE70EF70302FB04DCEDB914E5F1911C
:10DE5000E8FEF7F303FEFECBFFCBFD10F10FF9F365
:10DE6000F2DEF00E0305080308CEFBB00EEFEE9BCA
:10DE7000F403FEEE0F0B08CBF2D2EC0EF70EFCF91A
:10DE800005D9EE050503060602BE08AE10EEEC9DB0
:10DE9000F2F5F60708FCFFDEF5D7F300F306F6FD12
:10DEA00000F70E0EFAF809FDFABDF1B604F1018B88
:10DEB000F0F0F9F0130411DEF7E1F0FD0105E2EFF7
:10DEC000DFF7FD0007041209F5C9F2CCF8F6F3817B
:10DED0001CCCF8DEE6143B0DE5B3F42307F422E690
:10DEE000C5E2D10BD920ECC0D019391C180AA349BE
:10DEF000DB13A8FAFD29FE19D4CF04102FF0FFF789
:10DF0000F98C8105F11811D9EE0C150E170F9B45F0
:10DF1000BF06A11611FCF715FEE826CE39F001E97F
:10DF2000F6D4C8EAF501FCF454B1BFE90E16FA03C1
:10DF3000B4C5B50305A2FC002AFF09CCC104E3E97E
:10DF4000DF1A1AEBD00BFED81C9998E005141FC5F8
:10DF5000FA8CEBE1E701F1F9F91B3EF1F314A3E1CF
:10DF6000AE0C0DF4DF1C03CEFD0828E1CD0FFFD170
:10DF7000F9F2C1D70CD1F213FF2105D8EF0CDF1352
:10DF80002D002AB6078110F2E5FDBF1033F5EE1C17
:10DF9000F6EBC9F804E8E912F01700DCF103EF0E24
:10DFA000110316B70283FCF3FAE4B3F727FD04F676
:10DFB00007E1CF0004F8E201090302E2F9F31DFED4
:10DFC00011E9FDB0F6CDDBFCFAFEF1F601F9F7EF51
:10DFD000FEF6D80D04EEED01FBFAF5BD14EC24F4C9
:10DFE0001AEBFBBFF5F6E4EC023906E5F1040DDEB1
:10DFF000E6F2E8FD00DDF6F50409F9E30F0A24EC8A
:10E00000FD05F3B2E51CD6EE1B2300D3F4090BDBB0
:10E01000FC0A07F2B9EE240E0CD80402EA03DC0075
:10E02000EE17081803E313F7CAF2FD1DFCBE1FF834
:10E03000F806FF9BDF07FF09FDC8F9F61903EA059B
:10E040000ADEEC050DF205FC14D014FE03E6A50A69
:10E05000F70106CCEC0DFE0CF6F6F5FE0F0519FCEB
:10E0600009D9F4FB0BD0060538E6F9EADB05E1EF48
:10E0700004EAFC08BEFA0608F01203FDCFFA10F419
:10E08000080B280200F3EEE710F8DDE9EB0A17FFB2
:10E0900003EEDAFCC5021802052BE9FC8107041324
:10E0A000D3110A07F00BF6D7C3F4E6DDEBF5EDDD8F
:10E0B000130EF4CD22CA2302FCF4F5162EFDF6F160
:10E0C0003E052F1834E9092612DED6F81AFBE8F8C7
:10E0D0001307E9E427C52B13E7FEF40BFFEDF1F47A
:10E0E0001C082D0E2D08F72616E604FA05F9E9E9B5
:10E0F0000004ECFB22BC20FBE402000316FBF20749
:10E100000DF11B1D1305032CF7FB11F91BEBE104AB
:10E11000F8DAFAF90F820FF5DF06090806E5F3F1E0
:10E120000CFE080EF505F82F0D02FE0C15D520FE8D
:10E13000F6E6F1DFE381FDDED924EB08FAC4FDF356
:10E14000EDF2CC1EDEFCF51FEB24F9201BC7DF1916
:10E1500005FFF912DD0219FCE8ED0614E6FDFBDD12
:10E16000CFFD041EF2FFF5E2BD0D17E7EEF8F6EA6B
:10E170000E1701F6EE081D0EE7FA090A04F704E18E
:10E1800003D6EB07F804FCF1EA0D1AF0F0FECF0617
:10E19000F41101F5F2FD0A0FDAF7FDFBF4E806FBD6
:10E1A00012B2BFECEDFAF1F704110EECEEFAE40C4A
:10E1B000ED09FA05F0F6FB09F905FEEEF9E60D0C9E
:10E1C0001E010FECEDFA03E20BFDC90509F0141274
:10E1D000E0F8F709E7E2040BEF0310DF81ED200A16
:10E1E0000D0D0BEE05F30FE8F8FEC41710F9F30957
:10E1F0001DC9BE26E28115EE92F6061ACFF400F292
:10E200002F2700F3E9FC0FE183F3E7F82D38ED0643
:10E210000BDAD505DE9CC8FCA2FB0002F0FF270547
:10E2200010E2FAFBA404ECF18BFA01F4FA29E90CF0
:10E23000F0F9E200ECDFB209B1E8F7CBDF0A131A1C
:10E2400014AD09078B01D9E4B9FCEBE6091FEC1505
:10E25000E30DDC06FC1EE805C505FFBEC913142549
:10E2600004D007FB990BEFE711E1000E17081D2AF8
:10E27000D8E3DDE4F2641D06040507ECE3FF0911B1
:10E2800005A7FC059EEBD7EF0DCE2AF505EC082D72
:10E2900051D20588DCBC20F1C5FAEA12EF0F02A6C4
:10E2A000154813CDF89E0FE891D4F0010709F7E95E
:10E2B00031E7F78BE3C802FAFBF4D93A15E60AB660
:10E2C000072A28E8E4A30DF5CDDF090D04E4ADEB42
:10E2D00037FF0ABAEBDCFEF71FF2023C27FEFAF426
:10E2E00029161E1809BC26EAC7E1171A21D5BFFF57
:10E2F0001C0C04DDFCBBE1EAE3F2244D9F13DEF4C9
:10E300001918092ED2CE14FE19DF3BFC19E0EE02DB
:10E31000201F11DFEBB4C3F2F1030E588131E0137B
:10E32000150E0E44C9C40E1AC7F90C154CED0008A1
:10E33000C7401EDEFF12C4200EF413CBDC10EEF437
:10E3400007B70631DB2206D8E80F120D03D2FCF323
:10E35000D51E1FCD090CEA1325DA1DD2DCF80C06F8
:10E3600011E405FCD12B02DAF8DA180C03FDEA01FE
:10E37000D6FDF2E9EFF7F3F6EEF816C6DFFC17E28A
:10E3800026000904CF1E02E1EDD6EFFF0C04F7F8DA
:10E39000D9F6D4DCF0F31BDAEFEA19D7F910029BB7
:10E3A000F60EF9B8ED27D4EDFBCBFDD7F303E9E486
:10E3B000E7A9D1FFFCF845CCB8CA0FE80410F081FA
:10E3C000EA1F00B30412E2DCF4A204FBFC16E6D45C
:10E3D0000FF3EBF81CFA03EE040516F30E3981B9BE
:10E3E000FD031CE9F1BCAC1612DB148608F911C65A
:10E3F0001FF5DEEF0817F6FC0C0DFAEF04179CD59D
:10E4000004EF0BFEF6C1A11603E016BEFCD8F9FC22
:10E410001400E5FD040BF9F30301EBEFFCE1C2D4BA
:10E4200006D4EFFAFDD3AD1502D808C401DAF90D10
:10E43000FC02E70913F8E6FD0115D7DFE7D2F2EA9F
:10E4400015E0F2FAE2E2C519FF0917CD04C717205B
:10E4500003FE0201F0DADCFDFD1BF7EDC8D20E076A
:10E460000BF8EFF7D30BEF0BF62321D91BA20F010B
:10E470000AE35F9D4317D4D9661C0A12F61F0849A8
:10E48000BE14B0B02049331E18A5F51518A60FD438
:10E490002D0930C324E3E8D324022B41F40DF808FE
:10E4A000D719C5D6EA38000D05D50F0FF6E5C7F325
:10E4B000330E10EE06EAE4DCF6DC112FFDEAFACEAC
:10E4C000ED1200F9BA11C7F5F8F5141AAC01D0E94C
:10E4D0002108DE2D04DF0E12A3D7E6E6C60B09FAEB
:10E4E000280F1CE6AB0BC0E6ED0BCE15C032FBF4DB
:10E4F0001CF5B3FB0A1AD92481E2AC83C0F1F8D130
:10E5000028CA0ADDCE40B7DADAE7FD08221FF5FF98
:10E51000EED905C51619E318E2B50A13D1E315FDC6
:10E5200012BF10AF18E5FAFFC381A42EFDF5A80FA6
:10E53000EE100FF8162AE0FD09D01203EBD5030107
:10E540000FEF05D429FBE507B9C6BD2FEEDED814C1
:10E55000F21D11061E0AEBFF13C8011024DDEDFBAE
:10E56000F2201EC607F4EE02EEDD930AF1D608F69D
:10E57000FC1F240A1B03F20122C5FC143516F0FD12
:10E58000E11F16BE020EFD0D34D5B6EFF5F512DA19
:10E59000FA3123DC33EDFD0E15C70F3102210506DC
:10E5A000F22D16A10836211822C8E9F70523FED25C
:10E5B0002730DD1DF136170C0202170AE6130FF89B
:10E5C0000BFE1613FBFAEE1300DBEFD520D61A066E
:10E5D0000F12EDFFEFFA120BF4001403F8060CF71C
:10E5E00009F7F8FD0EEEE80FFFF9F8C514CB0D0A98
:10E5F00006E1F6F006B4FC03F5FC06FBF500050B9E
:10E60000FAF1ECFA07EEE314F9EDD4CAF6E2FF0FE3
:10E61000EEC2FDEAF781F7180106FCEDE6061802E6
:10E620000B0E0CF7E107E0FA09F0D9EAE1FFF81C5C
:10E63000E5CAF0CCF7A5F218E7F8F7E7FBF91CFB01
:10E64000F60404DCE005F200F900E2FAD31FCA2167
:10E65000090FE400DDF00B05F909220BF819F41F8E
:10E66000B0F92521E72886E4EDF33ED9E700B6109E
:10E67000F1F2FF01DFED0509EEEF1A02E7040914DC
:10E68000D4FD1E06F41189F2C6EC19ECD7F9B40DCD
:10E69000F1FA0502DFE10D0CEFFA1BF5E2D80F1FCE
:10E6A00001F61BEEEF06A0F2CFDCDAFEE102CD129E
:10E6B000EE07090CE6FA1912FAF117EAF6AF03FDB4
:10E6C00021F619E5FA0591E9A5F8C9F7DCF5CE1FA1
:10E6D0000A11F3F1F1ED2B07F30026DFF6BAFCF295
:10E6E000210E15DF13F4AEF081DDB500EAE9AD12BD
:10E6F0000BF6D11512F72C28B9DB2410FF13E40D0B
:10E7000013F524FD1081FB10DBECFDFE2E2213E936
:10E71000F709D72814F72619D4EEFF0017190C1C97
:10E7200015EF0117E0BC0E04EC1E0405270610F0DF
:10E73000E5EFDD181AE91419E5D1F6FBEC002EFE21
:10E74000EDFDFB19AFF01D06FF2EF31503E629F0D2
:10E75000EFDFDBF507E4F70022B2F00B05053E0D15
:10E76000F3FDD608B10E1904FE210314D0F1F60909
:10E770000CFBDECCDBFBFCD407E8E025000542ED1A
:10E78000011ADB0FD80E1E1B2E251D0DDCE9FCFD2A
:10E790001702D81F07230AFA2547E1D8F7F80834EB
:10E7A000DA072D2FD1CDFAFC3A7FE11824F3F4DFFC
:10E7B000FC10E72A1104CE15183AF4F2FB060C55AA
:10E7C000EFE52348EFEA11244D73E61C382BE2F401
:10E7D000F40CFF0D16E4B3220C2CF4E0F3FA2152F2
:10E7E000FBB71939DFF31F245467F8052D40A7EE56
:10E7F000FFF3141815FB943F09F804DDD7E523490E
:10E80000F2CC4A481AE6072F233CF92B103CE00BC8
:10E81000040D0CE9D3EFA61F0C07F908CFE32D5226
:10E82000F7D3224919DAEE33FD4DCC1514EBB91F9D
:10E83000F5A50B18CBFAE5039BC4E5D0050DDEEE7C
:10E840003AC90AE4C4E20DF0C3042FEEF516182607
:10E85000F8E51D00D020CD0DC2D3DDD51604F70399
:10E860000DAAFDF5D2E516E2B5171FEBCD26082B54
:10E87000C9001AD4E610A61AEBD6DDE2110913106E
:10E88000FA9EDCE9CDE50BEFD70B1C07981B023293
:10E89000B91A33DFF028B90A22B104F121F8142B98
:10E8A000079EDB020AEC04F9D506210E812CFB45FC
:10E8B000BB103B05E134E6EC1BC00E15D0173D45FF
:10E8C00011ECC3E0201BE3E4F50038088E23392166
:10E8D000E6181416E6A6F284E0080B7FE7DFDDFEFB
:10E8E000DC3AB73709021BB0AC67EA052321FCC844
:10E8F000DFFC47F2FBEDE898EC13E31DB3F20F08E1
:10E90000D801E7000505F5D6C837D9101715030457
:10E91000F41323EBFF16E9BA04E9A8CD030CF6C003
:10E92000D8C3F10E12DFD790DDDFDE27E602001A32
:10E930000E05D9080A462BE8EAD0BBB91301EDC988
:10E9400010ABE8FA15C79C9D15B0F5F6DB0A160B5F
:10E95000D009FA2F25342C07BBD506C3091BAAE71B
:10E9600019A0A0F90EA7CADF3EB1EC04CCF12A151C
:10E970007F0BE7FBD5DD181302EBFC3BF7D01752FA
:10E98000F7593265ADEA23C6F02502F7AF23C6F288
:10E9900038EF9A19B90409E9F4030A4AF4E4F70ACA
:10E9A0000D21034EEBE01585EB160404BE1DD0EDE2
:10E9B000F003BD1BAD0F25D1DD001BFFE7E3120BFC
:10E9C00015F4EE313BEEF8D3FEF61410B51CFCEE58
:10E9D000F817DEF2DE1D0DF306D9F4B8EBE11DD217
:10E9E0000DF6FEDF3D02FF1445E3F90EA72404EC0B
:10E9F00011FDD5D9FDFFF62238E1E58D160D0ED9B2
:10EA0000220918F11310F82E1BEEE2F8A613CFD549
:10EA100008E2F3F718FFF4F7FAFBD93104060FB058
:10EA2000EB14BC02FD2800F6191612E2E819E2F90F
:10EA300001D8EEF91B07FA0500EABA1F130400BA61
:10EA400005FBC2F50A1A0BF7F4110BEBE512D0FA2D
:10EA5000F7CEF607170BF808F9EDA327FAEDEDC886
:10EA600003EFCED917F002F9F909FDEFED20EDFE25
:10EA700002C8FBFD2311F7FF03F98BF7FBE4E7D195
:10EA8000FEFAE5D414E905F9F2FBDAFBE315ECFC38
:10EA9000EACAFEFA1FF6D4FBFDEF81E205DDEAD4F7
:10EAA000F5FFE0D409D51405F8EEC409E419E10531
:10EAB0000614DCDEF51DBCF1291ECFB6290D0910A8
:10EAC000D9A50EF2F3D7B022E501AD29D5FCB827C0
:10EAD000F925C102F00BD0FF1630E6CB2621EA2340
:10EAE000B4C716F7EDB0D02BFA18A100D504DF1289
:10EAF000FB0EB8EDFDF9FDEE393CFBE5E827E81823
:10EB0000E9CF1F0001BBDC2A0D0181CE0A2115E5EA
:10EB10001CF7A803E6F9F3E90B0113F0CFFA0CF3A5
:10EB20000500140908DB9C1BE010D6B9071B1EC7A3
:10EB30004FFFBB13CC2CDFCE0DE3FC0C0EE616E929
:10EB400007EBF708E7EE8F13D62D11CFD2E1E4EDF6
:10EB5000ECBF140302D5DB05E705020701EEE80868
:10EB6000EAF2F3D9F6F30200EA09F1E0F304E38EE6
:10EB7000E5CD0A08FAEAE700EAF003070CF0EF0D2A
:10EB8000E9F1F8E4FDF702FBF805FCEEFB06ED9475
:10EB9000ECD80504FF05F90BF5F2090010F4EA08BA
:10EBA000E9F6FCD4FD010107FF080DF0F407F49429
:10EBB000EAD9040F0210F5061BE4FDFC22F7F30A64
:10EBC000F40702E0F802F9FE0BFD10E1F204EE9307
:10EBD000F7CCF310ED270505F8DA0CF819F5EA0F74
:10EBE000F60809D9FE08F9FA14F60BD5EDFFF08105
:10EBF0000AB2B1F3E1024FF034CB1FD62B35280215
:10EC00001B26BFAC2D45D8B80CFEF1F0853C583A18
:10EC1000FACFBA07D9F804C31EE306E719012A0B95
:10EC20000B11D4CA0648DDD117F909E9EB290C0903
:10EC300014F5BF01E20AD1E403CBEA1A26F0FBF98E
:10EC40000305E0F23550F4DA04201BDFDC14240D58
:10EC50003F1EB201EDE9C705E2A1B637F8D5D9D517
:10EC600008F61A0F2619D7BAEAF80BC2BAFFFBF159
:10EC70005746C520D5FD8C0DDC81A72001B4B1BF5E
:10EC80002EA32E360D0BEFA2CBFDEB9425EDF0E677
:10EC90000438E9E29B1821C1F233EC04F3D20419E1
:10ECA00007F301008193EDEF9848B80824B828FFD6
:10ECB000DB07FCFCCDC3F9BCE435F21AF600DE3B01
:10ECC000FB380B139A8B0BEBD734B00345011B16A3
:10ECD000D2D1FB04DADA1CB6CF01282AFE25DB32BA
:10ECE000EE2F0A1EDBA728F7FB28130C4B3D440A26
:10ECF000AA970308C3DB16B708F52810F52ADD68C4
:10ED000015E4E3F60EB83510FB411E27245C2A13E8
:10ED100091B20CFAC100F4B50A141C01CF19F770B6
:10ED200037DCD00909BD752DE03E075724460C336A
:10ED3000BCF1CFF21B1D1BFE25DB18A1651822AA12
:10ED40001EDBEC8132500ECB0DB6F7AF1801F8E8A0
:10ED5000BFDFCBF21FDC12FE28B93DBD280802BE82
:10ED60002E06D79F13441EFF1FDCD3903A1DF9D700
:10ED7000F2E2B1D311CE0FF308001A1005F6FFE846
:10ED80000808F9DBE54B12F2E9D6EBAC3F1D00BEFB
:10ED900007D9A3DCD71A37EEEF0F0D29EDD4FF0FFB
:10EDA00009FE0EFDDA10E50FA21512FB2FD8F2FDB9
:10EDB0001F2AAED2E73134290020FB20E4AF0D2812
:10EDC000F9DD1B39ACF3B313951701420A8CE257F6
:10EDD000E8D90CCC0DF60709090607F9EDF7B30BD6
:10EDE000F30E02FA19F909080EFDD8FAFBBF10BCA0
:10EDF000F3E407C809F5F907080D060A12F4B0058F
:10EE0000F208FF050E050D080506E400018AF8C4A6
:10EE1000FDFA0FE00505FE030701080915EEBFEE38
:10EE200000F3F501FBFFFBF9F408E7110081F3D7CC
:10EE30000E02FE06FE19FF040605FCFE12F6C6F6DB
:10EE4000FFF51109F7F2F6F901010006F1A5FCE85A
:10EE50000606F613FB0F17FCEFF7FCFFFEEDA2FB17
:10EE6000FE070C0701EBF2F9F205050DF2C810E2FE
:10EE7000381056CF28F7220AF2EB1351F2CED54FB5
:10EE8000FF3D36F31AFC5E34191412E8F4F03CC569
:10EE9000340F53B50D341CF50308FE55E2EDE74A77
:10EEA000F913080405FC482815141D01F4E62BF29B
:10EEB00018203FA904320BFD080DF912EC17F23CA3
:10EEC00004F7E70233D84A24F3320728E7C40F16C1
:10EED000120D4BA9F82623071113FF15E327DF4A6C
:10EEE0001510070822D2612A2324FA1B03D011FB34
:10EEF000030B499F1C0DDEF3061AF706CA10F17FBB
:10EF00000BEDF20DF8AF44282523F13D03BC071D9E
:10EF1000CB1F2E1C171DD526DD1D1CFCC7D79CFB47
:10EF2000E481130E17E1ED160BF3C30A0292F1D53B
:10EF3000EF2C301BFDFEE417B41824EAF1FBB60DEC
:10EF4000E2B7D81CF5E800170635E42701B40BE258
:10EF5000B82006240BF0F322C92B1DE3B0FCB2B39A
:10EF6000E6E6D116E72F210CFB10E63CFEAD25BCF2
:10EF70001FE6CC0E172B3FFF2AD9F8FD1001DCCA83
:10EF8000E7198206F020CCF6E4EA07F8B4BAFFB736
:10EF90002BE2B223CADD33B407E3FD0BE8041DAA5C
:10EFA000C9218EFDD01ED1E01DE128FAC0CDFFE3BE
:10EFB000F407E9F1F516D403DDFEDC09F310F80BD4
:10EFC00014BBEC09E7E00BE3E300FE18080FEE15B5
:10EFD000EF10F61801F7EE00F005E903BBF107F8B2
:10EFE0000F021405F6010CEEFFE3C11706F8030D3E
:10EFF000EBF3F50702DD0402F1F1EBED81E908FC2A
:10F00000DE1317FDFD10050202D2E50BE5FA0DE651
:10F0100001D7F6FA0AEE0203CBF6F7F9F900FD0183
:10F02000B51A2AFDF21E03050F0A1FD2D6000CD610
:10F03000F6E200D70602F2FDDBEDF203150CFCFF51
:10F04000C9EEF3F8FD2F0B031E0328C6D403E0DA44
:10F05000D42C1A199AB9810EDA1908F0CDDDE22202
:10F06000FFB74043D8F744FFE124F4F00EE4DEEBB1
:10F07000D324171087E1C20AE307FFE1D4F4E7FACB
:10F0800001E40D25E3FC20F5F606FD0E00E3C1EBDF
:10F09000EE110FEC8F08F0EBE3EDFDF513F805DC56
:10F0A000FD181309F206FDEA0DF4FB160DFFBC0175
:10F0B000EEF605EFB6393AE4F5E5FEEA19150ADE93
:10F0C0001009DEE31D1FF0E8F0FD2104EA07CD0181
:10F0D000EEF6DF17F45F6C000DCEFDC80F0D1EC3FA
:10F0E0000025E4CA3D20DED71AD31A08B42BDB056D
:10F0F000EE46EB19E920A10218E0E2CCD40CF7FFB0
:10F1000013DF130AEFF217D2DCEBD61BE307282339
:10F110000018F802E2099BF80004DAEF0E0F02E48F
:10F12000F5D2D8FAFD04FCBEE1260210ED170E1848
:10F13000030FEDE4D90581F70D02E2E72418F6CFBD
:10F14000E3C0B5D904FCECBFE92D0F14F618FC0C94
:10F15000F0F5BCE7E0ED9EE2F9F0FCEAF11CFFD12E
:10F160000CE1C4F23ACAF2C2C23415F3E925CB0667
:10F170000F1BCAEE0401D1DB0AD607D80922C2BB95
:10F1800006FDEED22B89E7E8AF0DF0EEBB13E8FEEB
:10F1900024FDE5E1FA352BFD9DACE6FB0212FDA452
:10F1A000FFE42B010097B4E2D7C8DEFFD7CEDC071F
:10F1B0001AEFFBF8041D2FFFCDCF070CF307CED5B8
:10F1C0001A100AE510BEA1DBE5FBD8FBCAF2FA0F64
:10F1D000FFE62A080B0737F5CDEF2602EF08C80532
:10F1E0003410C6D110BF03F1DB1FDDDB241A1A0077
:10F1F000F6A001F2F0D30FD6F2F113DED2EE110A2F
:10F20000D30AA5DBE206350C152AE1D2122E2EF226
:10F2100017B3DED1D2CAE186F0E6FCFA16EA33145F
:10F22000C10F81ECB83E4B162328FBC0FE133BF602
:10F23000D29B0FF827C6F5F5F40FFEC014171F2F49
:10F24000C02003C8F61BF8090C04EFFC14F919E8F8
:10F25000E49B0DDE13E0E704ECF209B80D1A191671
:10F26000A90200D3F025010F06F6020819FD01FFDF
:10F270002AB5F5CEEC10BB18F8D9EBE4470515E735
:10F28000F0EED6EDF11705F8F90811070AEC8C0A33
:10F29000411EE6FCF422CD1303DDFB2826FEE7DD4C
:10F2A00024D0CC0D08B7F9F3F30CF6F6E5D681FDC2
:10F2B0003932DF1E103FF823D6F0FB39CA09F2CAF3
:10F2C00043DAF02308B0E4FADE00D5F4EBCB170DF7
:10F2D000DA2419F40CDDCD11DBCD02FED60FF2FCE1
:10F2E00026F3F4EAEFF1FC29E200BCEEEDF70B089F
:10F2F000EB1917040BE9DE05EAA40AFCA50E08F5D4
:10F300000AFC1AEADFFA0721DCDED4F6EAED2AFD70
:10F31000061D090001FFFDFD0F9A0213B51101EE54
:10F32000F7000F00E10B070CE805F0FAF5022206E2
:10F330000C1C1817000A18F3FD9C1122CF1E13EEA7
:10F34000E5280F1AEF13021105032503FB111E0B0D
:10F3500009FA19FCF3140EF2FA810829EB191EECD4
:10F36000CF24DD09061A05120B0A2F0EF61CFA121D
:10F370002E1FE906E7118DF412F9FFFEE01699F150
:10F380000EEDFEEE0F1D05FFFE020FE6FAFF24CA8A
:10F390002211FBF9F2F181F90EFDF70DEF10B10426
:10F3A0001505EAF30C161404EB16070308EB16E533
:10F3B000110C06F402E385050C02FD0EE60FB5FC08
:10F3C000051609EDFAF92200F119FB17F2ED04FD1B
:10F3D0001C0206DBFA04C004350C0419D6FEC5FA7B
:10F3E000FF0C0DF8ECEC01F8E300FA21EDD7FF0774
:10F3F0004905F8EDEA2AD601081FF81ED004D8DA2C
:10F40000F9082118CBE316F31A22FD29D8CFE720FB
:10F41000040C00F400FDF6080203FFF7FB81E9018C
:10F42000FFF30F0AFEFB0704FD05FBFEF6F5FFF4F4
:10F43000050402FCFBF8FBFE0304FEF8018EE7FC6A
:10F4400009F90C05FA000403F50204FCF801FAF2CC
:10F4500004F9FC01FFF5FEFD00FAFDF4FB8FE6FD6B
:10F4600006FBFFFEF80000FFF80203FAF701FBF3CA
:10F47000FCF5FAFEF6F700F9FE0202FD099EEAF538
:10F48000FFFEFCF9FBFCFE00F7F804F6F105F5FBC6
:10F4900002F2FDF7FDF506F8FAFCFBFAFCA0E9F72D
:10F4A0000404FAFF01F7F8F9F80103F5EF02F6F9A1
:10F4B000EE05090002E7E60FED0A24EEE281F515FC
:10F4C000EBE30816EE010A1B0B18FCF5F7FBFAF349
:10F4D000F70D01ED1108E7070EFC19E50298F1F8A8
:10F4E000E4E20C0EFE0E0413090F04F5FCF6FCF822
:10F4F0000113F5D21102FB0207EF20D808A0F0D2C9
:10F50000FBEAFF02F50BEF09FCF40A05EB05FCFD35
:10F510000810E8E8FE080D0115F20EE1FFC100CB6E
:10F52000F4F102F3F30ED904EC0413FBED07FD0430
:10F5300009F3F2E8F4FD14F90AFEFAE7F09E06C3B7
:10F54000050EFFEDFD02E8F9FC08FD05F10AFE14C9
:10F550000DE91EA61707F73BAEA93BF80B390413BC
:10F56000E6E046A611EDE1F3C6B8E3BC8131E9D18E
:10F5700024FBFBB0102B2122C8914716CA21140886
:10F5800010F624AE0A07E8EC96F50DD3C31923F361
:10F590001DF7F8D0E6252E1208C4150FCA0E35EA5D
:10F5A0002DEB05C519F5FFCBAB1BEF00F2E80020F2
:10F5B000272B03FF0225101D17D4F8F6EF0A31F4AC
:10F5C00019F901E5F5FEFBD19734C32401C71436C0
:10F5D000102705FC1600F22148BE1107DB1A31EF97
:10F5E000EF09FFDA1CE006F0D212881BEBC71734D4
:10F5F000F938E2550714BA10470BF20FEFB82EE9AD
:10F60000E00DD4F68124AAFFF3EBCA07D4E4171265
:10F610000123DA33142DB4FD2013D405F2D42BE3E7
:10F62000C304E1FC8728B00311FEFFE5DE070406F2
:10F630000735EB261631C8130207DBF22BF105E97B
:10F64000CDE3FE04941EB1EFF6FF13E4EC08E6F1FF
:10F65000103FD0151C0FB0F7DA0BE2E5131CF0DEFB
:10F66000E4FA09F09EECCBF6E9E603DDF80AD9DD11
:10F670000547C8FF190FAF05DAF300F01537CCEADC
:10F68000EE0C28DAB4F7D6E4EEE2FFCD04F9C7CAEF
:10F69000D7DDF8BD0EF4F184EBB5E60603F6E6E03F
:10F6A000FCF4D5021506FD1106F6F4D9DD02F5BC11
:10F6B000E3EFF3C017F90381ECC7F5FE0F05EAE2AB
:10F6C0000E02E4EB110605200DF2F9D7E0FBFEB8BF
:10F6D000F7ECF1AC1007029CEEE8F7110C09FBF413
:10F6E00012FDF1FA1606031D0AF8FCCFDF09EDB290
:10F6F000FEF5F9B4251001A4EBEBF41908010AFD9D
:10F70000020205060A09051F10F9FCDCEBF3EABB4F
:10F71000101801CF1E150995F2C0FB1A100C03F743
:10F720000D031A1205040D1815FBFDE006FDDAD8CD
:10F73000F644F3DD0A00F3274706F88112F0EF0FD5
:10F74000AFCE1BB6FF18D51501EA1ACAADF6FFEF0A
:10F75000F13B04F4F4ADEF1FFAE214AFFEF0050D37
:10F76000D1EEE1B21225E91418F806F6F00AC90440
:10F770000CFE03E9E4CBDBE0C50F05FE46020EF507
:10F78000F2EED5C21F25D405FA221BEFBD02B41B31
:10F790002F25DA0C0E932405E80CED030B19FA065D
:10F7A0000B24D4EFE4E9E4DBEF12DFD98901F10C9B
:10F7B0002B1DE2221DC036160818F608E31EFC3089
:10F7C00018250AEEFAD6F5EFE412D603A217F036A2
:10F7D000F2E0F8D5020AFE211FFBF8F6F401F2026E
:10F7E0000AF0FEE903041605E4F9F4F5E401C9148E
:10F7F000FFCCEED7F70A0C1B1606FEFD09F9F1FF48
:10F80000EF0406DDF6FA0C07F5F1FDFAF5EEC80A8D
:10F8100004ECF0D3FC090E0F0F0E0EEE2002F30ADB
:10F82000E90DFFE9FD07120F07FD0004EFFF960E3B
:10F83000F811FE0B010B080D13F101F60B0EFDFD87
:10F84000F7F1F7F80C070B1103ED09FBF608811728
:10F85000FA11FB32001D060AF7EE0AE12A0E07FA3A
:10F8600000ECF2F51A1F110F05001A03E90AE4145F
:10F87000CCF2E9D2F8DBDA13D4C7EEECFF0A0C07BE
:10F88000E9DBE881E512F9BDED0010FE09FFDB03BD
:10F89000CA03F3E00DE5F40EE8E3FCFBEE030BFE18
:10F8A000F2FFF098F30EF7C5EDF30E07050EDF1427
:10F8B000C8E8F6DA05F1041AF2E3FCF101F802FCFB
:10F8C000FC00FA9EFF01F1D0EEEDF5031008E31CF9
:10F8D000BACEF4D91003121C01E708F305F40BF3B8
:10F8E000F20BFAA2040FF7D103D8EC0E1902E70DC0
:10F8F000C5C405E119222C1C19E519EC0EFD07E71A
:10F90000D30AFFA10F25FDDA2AE1030C0E0CF50046
:10F910002939D91DFD4B7FDD07BAE80AB9080FD296
:10F920002542EC0319EAC8AA20FDE828D3E81D1DEA
:10F930000409CD16F71A46FAF8981203C603020A0C
:10F94000FA0CEBDAF8F6E1D11A97D821C6F7040FD2
:10F95000FBF8CB01F2F421E7F6CA08FEC702FA0B66
:10F96000E008E6DDD218FEE111A6E10EE70BEE1D80
:10F97000141596FFF2F30B05C9E4210EF7E1EE1022
:10F98000C608F319CA13E0ECF29FF506FF15F7F865
:10F99000390A8C0CFD071CF3A6AD051BE1D5EC0262
:10F9A000BE09F7279F1ECCC8CDC9F7CD0306EBC310
:10F9B000D6E6ECC2C0E29B1E40FD02CCF405B518B1
:10F9C00020C4CAE5EE0E15FE8DD6F10504F8DF035E
:10F9D000F912F9C3A0F0AB085813050F1AF8E6F9AD
:10F9E000FBDDBFFEF4EF15F3A2FE1601FEFABFF831
:10F9F000F71EFD00BC15D20C2D01191103E8E1E240
:10FA000001D0C4F6EFDCF8F981F407F1F404DAF37D
:10FA1000FF18E411E417EBFE0DDE07F006E408031F
:10FA20001BDB15FBDDE102F9A5E109DEE3E0F1F7FF
:10FA3000113CEF0FF30FF3FDD8DB1006E60AC424E8
:10FA400025EC2E18D003EFE1A2D01CCD15ECFAE87E
:10FA50003EC9FFFF04000000001800000FF22D2A2D
:10FA60000932E6082EEF314DF0BF81F42DD0A924E4
:10FA7000FF19083430E2CDEF280E11F10EC6D71D64
:10FA800024F805DAF441F5F7E7F6B2FE41FC1BEC89
:10FA9000FDDFCF34FD0BF207F8EA290505F1081563
:10FAA000FFF1D3FA13E33C23EEBDA6F027D4A9322D
:10FAB000FD0139F950D4DA01222123000F9CEB0813
:10FAC000F6F4FFE81050251919EFF1F52A0819D5B9
:10FAD0002AEBB50B09071AEBF4DF134C1604F509F2
:10FAE000F60FCFCC160BC7CFCDCCBFF24628C42023
:10FAF0000DFF09E30FFFA6F1F918FFCBE4C80FF5DE
:10FB0000F92414EC0D4E48371E041F2BEBF839F581
:10FB10002513B1E7FFFF2BF2EBE3364B14DCFE0CB1
:10FB2000E1C340E5FBA7F6DDCCC4CD1698FD4C8AB9
:10FB30003BE2F117FADB12FC0AF612E98BFC350BFB
:10FB40000047082DD4D6ECC7062122E2F505D730B0
:10FB5000C7171DF40651D2F6D4BB250EF4F0DBFD19
:10FB6000D8EA47F1ED9CF1FBF3D9CC17B7F615AA0B
:10FB700032F10C1E24D8FA0DFD1CF9FB81F917FE99
:10FB80001B1D1336E2B9100104FE1FCDFFFB232419
:10FB9000D61B22F7C31D1717E1BC01FEEDDED8D03E
:10FBA000BD0D2A40D49808E90BE4E2140013FDB51A
:10FBB00014E726214EEBF3091DFDE6DB84143CFC23
:10FBC0000B18182C09F8062916D93DDC28063A52DC
:10FBD000DA0812E1F1373BF6D8F5E108DD22D3244B
:10FBE000082387E5112536FE13FEE4C20326E92229
:10FBF00026C9EC22CFCE07F818CD2CF71402EB1350
:10FC0000F432FFFCBA07E70CB2FDEB10EEE0CDCB0F
:10FC1000F9C4FB051E0740E4D0F926C0F007011C1B
:10FC2000012481BB05272C050C07DE9B2013F4085B
:10FC300003AFE907FBE700F131E52AF5191EE3FF01
:10FC4000061915D4910DF425A40CF7D6BDDDD6BB4D
:10FC50000FA202F40BD443D0CCF224CDF1D51D2257
:10FC6000E0389FB3E72C41D7E9020489140AE51272
:10FC7000F7A9F52524E9F5E012F433E9381A0C0D5B
:10FC80000A0323F095192013D001FEC2A3E9C9D4B9
:10FC90000DBAF305D9E52210C4F348FCF911190F88
:10FCA0000BD0FED613D516AAF8FDF9DF1F200523C9
:10FCB000532931021D0ADF3B0125E810110E000413
:10FCC000EBF22320F5E5160CEFFB1D08F505030EFE
:10FCD000021B1701F4FC0400EE0FF32BF7000304E2
:10FCE0000745FF070300A527DAEFFE0FE6FD07E74C
:10FCF000C7E899FD8FEA0903D6D4F3E3ECD9E8F11C
:10FD000015F5F0080A15FFE00AF212200DE808D0F8
:10FD1000F1F704F8EE08FF0BE8F4F1E7FCF7F7EA77
:10FD2000E7D4092AFC204C1F00FE0913E7F8E2F68D
:10FD3000E2E4470C45180DD7180FF2F80616E01547
:10FD40000FF9EDCE09F7EBF829D7E2A7FC04F28111
:10FD5000FAFADE1E0E1F05060AF701FF31FB0BB78C
:10FD6000F7F9E5FE22F9DBED24E726FF3AFEFFD6A0
:10FD7000C0F605200C200DDD13F6E1FD070F06FD92
:10FD8000EFE2FDE81D251914FEF2FAE6EC3213FA53
:10FD9000181BFCFBC036D4EB00DCDBF238E42BEDA7
:10FDA000F6E1082513E5FBD2190C32E70E1D0DE133
:10FDB0000A10011304FE0822F90BDB071A2BF2FAD2
:10FDC00005ECF2EA180A1F1418EC2DED0A1730EBB7
:10FDD0001C340217B7F7DAEE10EEF20E4DC9213BD4
:10FDE000C4D2FF0600CA1AC1E12B2500EC22FD1384
:10FDF000F3F11CFA06F70E06F61EFBE00FEB050802
:10FE00003AF7F907024728070CF1E081F5DBECF03F
:10FE10001D1CF2F7C6E2D50D33F2020CC9E60C0B3D
:10FE20003EFEDEF3F9271530DEFA1909DB0E131753
:10FE3000000904D30BF2E3131AF9D2F433D9F50D08
:10FE4000343EFE07EBF8FACBEEF501E0E5EFFD03FB
:10FE5000F99F242413CBD40EEBF52009D600FFF034
:10FE600014F8F2F1FA1CFC0BDFF40B14EB0C111775
:10FE7000FEF9FFE0F5F5C91E11EDE8F728D6F81CEC
:10FE80002B1010FFEFF7F7E0EACA1BE7F3FA03D3F2
:10FE9000EEA5091C20D6E0EBFA0417EECE14F7ED20
:10FEA0000E03F8EC0D10FC0ACEF60E1EE5E5121955
:10FEB000F41015DBEAE3B62A18E7E1FB0DDFD519EC
:10FEC00012DF260802D0D9CAEEC412FFF8011AB414
:10FED000ED810D222FC6FCE7000DF9F4ADE9B8EE77
:10FEE0000318CFDCF2FB08040EE6C6EFB0CB402FC0
:10FEF000FFF81DBC2F49D80404BAAD032911F31033
:10FF000050E511EF0D81F8D206B00CDA4A31DEE887
:10FF1000CE10FE1AEA00F80903F8ACE6EDB6E2FFEF
:10FF2000EC0CC3D7F8FEE6E5DC1ED5F2C2E83029BA
:10FF3000F51524C3E01BE7F8DBF7AFC718FFFF0098
:10FF400010A525EE26BF1A0C2FC421F02202E50FC2
:10FF5000DAFCFE16EDE91020E2F5C21411A1BD3065
:10FF6000D0ECD5D9E70402D5A122DEFEE6DE1B0BDC
:10FF7000E6EF12AEF20D16F3F02CBFABF6010B0953
:10FF800009B211E302BF2B2A2AAFEBA1C200111E56
:10FF9000E9EFC5E1EBD91232DE07AD13E8A9092478
:10FFA000E8DEEB4DE1F51ADFB6F52DEBE3FC02C020
:10FFB000DAA1E9EE0E39DCE08A66E8DAD72F2A18F2
:10FFC0003C34DB0714240B0926F801FDEA07D6F4BC
:10FFD0001F190E19191824964CEDE22DF2FD11F996
:10FFE0000AD2EEB9D9F8FCF9821CE60A2605A4E586
:10FFF000E3CA27E62617BB0A0005D313A0B014FBFB
:020000041002E8
:1000000012DAF9FFFEF62CD944A12AF1FDDA03FB3E
:10001000BFDF1A2E01F7F43F1EA101FD4154FB156D
:100020002DFBE99A483CB703A406C1F9115C0F0CFB
:10003000AE1FF40BCDAC2B7F49200FF2F4F7DC049C
:1000400005C50DEEEE0DB5FCF7A642EC132C4FE006
:10005000CBC21D05A7D53154A5F26BE9F6EBE0BA8A
:10006000FF190502FEF4FBFB3205ED241612DCE954
:1000700011DEEEA9E8BA1CEFF3BB0CDFCDC5E6013B
:10008000F0CF0611DD1AEF4C0381E6F502C7191314
:10009000ED1AE8FE184E321324EEEBF0F4F4E6B558
:1000A00006271FE0E1080A021A1D061F0122D607D3
:1000B00011F7F4C5FFCE03F40DD8E2DEDF05BBBEB9
:1000C00016012B10F308F30021AAE9EBCEC004B10E
:1000D000E618E5EC07290BBD0CEEF8F30605DBB1DD
:1000E00019180EEDDBDA1C00FF4013ECF22BB62DD5
:1000F0003A072EDA11E2FF0C29E2E4E11EE4C7B36D
:1001000015FB4C030122EC1A25B5E3B1B0D1F18106
:10011000D713F80B280A1ECA190703E5023524BEB7
:10012000FDF2FDECD0E3EDF9290AF1ABEFEBA6F31C
:10013000FFB82E05E10CF1D6DCD51207D2C0C9F10B
:10014000EE0627EFED1E25FEEFDDFFCB3520DBF5BC
:10015000D7132103F5201D1A2520E81C022825F0BD
:1001600006F612D1C7E721132810FCEF0CE7F2DCEA
:10017000EFBB3108E90A12C7E1221BF0DBDBE4F830
:1001800005FEF3FEEA1321F803F90122EC24030330
:100190000D2E2D0DCA2D0E21FE08EA2D19012B0959
:1001A00015FA19CDB6FD17051A070CFB070928012A
:1001B000F1D1272007461BC70A240227060802039D
:1001C000340ACDF0FAF81AB5EB033203CB1424E568
:1001D0002C1237E6812A1243BED2FB12CDDEFC433D
:1001E000F7FDF9C559F6E6EEEDE51E081802D4F064
:1001F000020F1B1C3ACFF4F8F9D10218C8E9B1A0DC
:10020000CE0DBA9B13DA8224EF13F9EB03ECF9223B
:10021000D2DF4B6DF7B8E813CDC9D4F5AEF9F32BA7
:10022000F3D9F5B966D4E6F2DE002EDEE012D9D4B9
:10023000181C0F161BD10D05E3D4EC31DDE6C2B856
:10024000D103CCA22EC6A03E07FE2E1123EBF3272E
:10025000ADF65E5D15C9D81101F6D8FFB205E938D3
:10026000D3EEDEDB5FE8EDFDC9063AB2CFFFD7D9AA
:1002700006E7FEE32AFB030009EBCC2810D1C2DA23
:10028000C5DBD19836D9941EFB04FE171F0ECE0B8A
:1002900098F77F6F04B8BAF914FAB72D2313DD2E3F
:1002A00007FD47101A060BDD05F8EB0EFCB8CE244F
:1002B000FB12104E263800391FEABD2D27E01D0D18
:1002C000F0091C11CBE21A03D1DAFCAC4FFFF6A304
:1002D000EE3D372C25AE0D25E830C100F8B5E41908
:1002E00019E54C26EF1EF7CBE823E9E4D8E3BC0F71
:1002F000E016302CE127F4023618C32A10EC2D1A30
:10030000D90BFEEFC0001B11EFC8E8C839DD01D0E2
:10031000FD270DFA4090191BEC0FD6FE018EEF2A37
:1003200022DE451AE602EBC7CDF9EFED0EF5B4F08B
:10033000B1F32D4DF6FB05D5137FC90EF2C73E0B69
:10034000B81AFDE1C20E2F1509D0DBA803BC23F2B9
:10035000F91EFB0738941F25F20AE2222507071130
:10036000E1FE0BD319E10D1BF1FE2006CBE1271AAC
:10037000F6B5FFDE292104030414E20509E709D5D7
:100380000C19F406FED7EADFF6D513C531130204C3
:1003900009F90521DC13012708DE3225222210FF8E
:1003A000D608FAE011FA0707AF07F7E7B50C1228ED
:1003B00001D601DF100BE7250810E8E90BE4ECE1BA
:1003C000091C03020FE1ECE1F9E4FBB2100BDBF0D6
:1003D000ECDAFB0DFC1CFE3306EE321C0F26F00E91
:1003E000E1E910FC131DDBF9A5F6DBA7810E05275B
:1003F00002F2EAD8EEE9E617FA1FF70B1FC7E6EE9E
:10040000FF1FF8E511CDE6D2C2BCFAD00E1AE7DF25
:10041000E8CFF6D622021B1BFB2728FBF008EA4098
:100420001A03F51A120DD7DC06CFD1B52C1B2FAD50
:10043000EE45DEE4F4FE0EE8D213F7F6AC22E2F766
:10044000061DB9160702FEE0EBF0272D273625E939
:1004500012F6102D0320B315FDEA46E9EDE4E30C96
:1004600003E5D60B1902FD170FABECE5F22E20BC0D
:10047000D8C4FBF107EA0CEEC020FF0D9DFBDBF5B5
:100480003215D2F8160BF80115D601FD2D202AECF5
:100490000FAAE32BE10BD62D1EF203E2B7CFF93002
:1004A00014E5EA2CF90F130CFC9AEC01D22C19ED8F
:1004B00027811EF8F6E9E6289F262A95910CE31578
:1004C000F7F60713130C2D4B2CE720EA06053DF534
:1004D00020AECB13E101F72B25F829E201B51C185A
:1004E000E9E5B11EFBB127CA19DDA20B0D05AFF975
:1004F00005D4E0DB22F411ECA1D242C311A0B0DF9D
:10050000CB002B0BEE36FAC6AAE9341681ACCBD25F
:10051000F9E1F1CEFE1107E0EAE9C2F6EBBE471EB3
:10052000E6ECD30806B814D7E2E1F3ED1D29E11992
:10053000051305EBFDF803ECAFFBFBDE30B4E8037D
:10054000E30F1D02DC1F01CFC8DA30BB9DD6A1B579
:10055000D5F91109BC1B010915FC0C31E0C645FD9C
:10056000B70FE0EFE10311EEEFF60CCF5B19EC15DE
:10057000E5342F13ECEBA70EC500C8423AF608EBA2
:100580002BFE0A05D9181346E3CB78CCE4B1E9E891
:10059000E1D7511CE7F7E0FF4318032117D01EE60F
:1005A000D605081722D2071F1C144D3D292FFB87A3
:1005B000EB32F21F12FFF7E7EFF71308C8F51F3110
:1005C00018CD311DF30BFFCEF335E0EBCD13DF2E4D
:1005D00013276B370DD4B027F8E795011DC33FDF14
:1005E000D5F5ECE836C02E0DF4125D2D1259DDB7AD
:1005F0002935212EEA18E026F2F8030BE8192B33EF
:10060000D5BF33F6142726D5183BEA0EC8FBF4F500
:100610001A13692AFFB2E84E1702B71C23A93EFE3F
:10062000D01BE6B2129F370CCD3D5C2B0765D0D6B0
:100630000FF2461DED06DBFC061E09D725CE152060
:10064000EB08170A031828AD1228F1F4D8DAC5DB35
:1006500033DE491E0381D93EECF3F00151DDCEB10A
:10066000EF06B3FADC0BB5D7FD0D101207D11CCD88
:10067000E2C2FD44D30F13C6A9D54324BC1337FAF5
:10068000A1810D350BFE02F025ADDCECA32D2CF87D
:100690000319D6D9062704FF48E4FA3227F813F5E0
:1006A00024F90AFBC5D60DDAF01237C2E7FA1C1C92
:1006B000D2D4060EB243013FF3021ADAF4281EE444
:1006C000FCE6FAC24B34E60E3BD95504F9C11E08CC
:1006D000F7153931DB00EC2AD5FA0914152A034F36
:1006E000D628D557FFC70017E2E1FA10C64EC13829
:1006F000E2E406BEE9B4EC41291AE8A5FCDFE88E85
:10070000083B09FABD4FE408CFC60C0B29C8E4D753
:1007100035CDFC0A9834DDFEC1F1320C14FD090719
:10072000060EF5E9CEC4F20BFE81E8C80FFD19C232
:10073000F21709100406E2F1E4DB1EF3FE0C031AC3
:100740001219FBFB0A28EDE1A2F43315110EBCF1DE
:10075000101408FE0F0DDA2FEE08F1210CF1FD0048
:10076000F708E206D2F8E024F1A928C2271305C34E
:10077000D6F307FBEFEAC5F0BD081DFBFAFA180136
:10078000F1FA0D06FD13F7FEA3EBFB0606E1E5F11A
:1007900011111518F702CC0AF219E8ED142207E23C
:1007A000FB11DC2BE721CC50C1C843DC050CF2CF98
:1007B000F8FA0606E201D308BA1408E606060D02A6
:1007C0000904FBFF0C200C22B2F2E21720EB4201DD
:1007D000100AF604FEEFD012F03D0EED0907F89F67
:1007E00035082632D7D8FD141944CCB2F6F7ECD927
:1007F000F8CAEFEDFCA6A812BF1DFCD9DCEDF4424F
:10080000223E1AC3FC2CA7F3F9E92AEF540DD6FCBB
:10081000BDCEFB0509DD2F034A39BC1913FAF4C11B
:100820003A001315A3D302190C46CF980114EFE137
:1008300010D427EAE6B6BFF1BF0FDDDAEAD4ED1C2B
:100840000716F5B0FB3DAADF20F311E01902020301
:10085000A3D5FDF2F6FA1EF65315CA231501E8EAF0
:10086000341E340181CF0321FE2DE4AD0DF2F6D903
:10087000F3CC13F0F4C2DCDBD510FAF8EFAFD90BF0
:100880001E07E6B1D02698E325E844E4EDF505E43B
:100890009DD10EF1EEEB35F936F8D13DF72707E3A0
:1008A000BC06173F1F1BD6E206CEE0F312ABD5BD48
:1008B000EC12EAFC15BBF8C4CFF0101BC9E510EE32
:1008C000A58515071731DA2B07E103F606FE2DFB88
:1008D0009709C1F01C3650DA0908E5AC03FA34F187
:1008E000E7F90E1A20F309EAF7021EAFF5E501D089
:1008F00008ED080FE8EA15B2A510FBF2F81F232D4A
:10090000E5C7F4120A26FE031CDD11DD081B2409CD
:10091000F738F53D0319F60508D9052027D03D3AEB
:10092000F601F700D3DF13F1D51623CB1549131FBA
:1009300081E6FA09FB4E1A1DE53FE9EF27F0230097
:100940003B11F204D8211ADDFDEA11F8180513D67F
:100950002A11C0E2C622E81CCAB4342D4DBD150CC4
:10096000B5020F0ADA94F6F109073A26FA0B31E0DC
:10097000F732202C0EF51BF9C258F381110752E80B
:100980001EEFB63A073E23EA52321CE01F0507115C
:100990001C5213C1E01EECDD0CDCDD3D37051EEA08
:1009A000D0FF11E1CFC3FDE7D4F948220E303DFA64
:1009B000E90934351D04F932F934D2C6FEFE371682
:1009C000F1CBF50EF8305901503B50EE0BC819EE43
:1009D00043190D0AF0E7F02E2203EC1D22EC42D55C
:1009E000D04EFBFBF7F4F205F5ED39FDCA1EEFF82A
:1009F000F0F03510EFE6F031FE38E8C90AE62F399D
:100A000022234A23ED1942D34022249F10A105E955
:100A100025141223FCE70F6E270B181C202A0EE268
:100A20003DD71CD2EBF60B37011013FDE01AED2772
:100A3000ACC802110BDD820EE618DBE43CC3D9EE34
:100A40001A39F018FD21DF0B100817E4BB41E1BC97
:100A5000E0D8819FF65C24D8B4A641EEFC1B16E2D8
:100A600035B60AE6C800E10AF0F9F80A10250B2CA1
:100A7000D5E21BF7FFFC9236E816E0E85FC5EC0410
:100A8000322BD11BE0F003073AD814FADB29F8DB4C
:100A9000E6D990BA162927E9DABB1CE6010C01BF9A
:100AA00044C61309CF32BD02D4C6D3EB36280F2B70
:100AB000070C2222CE2F893EDB67070545C7A6DB40
:100AC0003924F01F02E4EB033FB85013FE1521CB8D
:100AD000D8C7868E491149CCDAD226CE11F91C0F1F
:100AE000191D09E6E41D1E2530FAF4F2E91B0A0C73
:100AF00028C614EEF1DCADF2F60228CDEBF328287F
:100B0000F9262906F4190646F9F0E1F8DB07FAF0B0
:100B10003235FA1626102BE300E73ECE05F303F933
:100B20003B1CFFF1E40C243E04E6EBFEF507F1115B
:100B300028D0FC03FBE0A2F9072504FDF0F62430E1
:100B400004304609E7031A3DE6F2F3D7BBF8FDD2BD
:100B5000182AF62D341324CCFAE93BBDFCC31A093C
:100B60003A0312F9C607241EFDDEE704DB12031E5A
:100B700008D30CF40B03B9EFFF0610F402F0434561
:100B8000F6152BF0F3F44128E2FCF8DF81FB05E1D8
:100B90002522000818F725DBF3012FC141F827FEB5
:100BA000A8F5F4084EE4F6B6D7B5D915C00342F45B
:100BB000170506FE33431D23854783FE29FD3EE6C8
:100BC0001A20D1F3F5213EFC242917C91521EAEF9B
:100BD000D41BE2BD811996EADECED2E82CFA54AFDE
:100BE000CB0218384ED3269EF0F7C926C1072E2A0D
:100BF0001716F9E31A65F647C501CB063A194940BD
:100C0000402213FD22074BC71C1606425318090E3B
:100C1000C2081427A024B71A0514B7DA59B26C9485
:100C20008F0A23FBE3BBF18AA130F722A91D1F2FF6
:100C3000491811B0E73FE95AB50CDE003FD1412712
:100C40005D02610509DD388D470315E94408E6E6D4
:100C5000ABFD0235D0080200434FAADBF9EF01EAF1
:100C60002A40EB18E3EE132E0C0104F3DE0008E833
:100C7000CCF90DCAF5D7D1E7F4F9C5A91511D4E817
:100C80000934F70FCB34C7BE17ED082EF4B711CFD8
:100C900017DDFEBEEBD1E318DFFE2405D1E726EE1B
:100CA000144C00FEEBDA25271B1AFE10F30EEFEEB4
:100CB000CD0E29BF04E6E6F4F40ECABC1F02BAF753
:100CC0001E36E1F1E315E0B90ED40B270FE6F281F1
:100CD00011E9FCCF16CCF015F6130104D9EA21CAAC
:100CE0000A48081FCD0A1406231E1B10D720FFFE3A
:100CF000D6F52CADE7E4B9FBF7FFC8A7FBE1ADF7EC
:100D00002B35F5D2F50DC1BD17E7011247FFDF9C6A
:100D100008D702DE21D202C514120807FBD7CF97ED
:100D200010EBFB14B4D3E40DEDFA0FE2E5ED000F88
:100D3000E2CBD004E681DB19D011EE27FCD2E6C766
:100D40000DF709DF0C3AD60F17A214EA19D115EBEB
:100D500097CDCC030AE724B0114C13D6D8FBE6FF9D
:100D6000FAEF0918F3E3370EE7E107EBFCFDF0D3E8
:100D70000CCB35041CDAEDC2DE3DF711B7CEFCE832
:100D800013EFD800F0170004F89BE2E1FC0AE90336
:100D9000AFEFDCFF0C071503110513EAEE66FA420C
:100DA00009331A385AF2F509CFB60AFB0F2A1DAEDD
:100DB000EC072D22093C5FCA000A1EFAC4FE11FB93
:100DC000FFC99B24BE11082CFDE60F0FAB210B04BD
:100DD000B62E0620F511F915AFB22213B9FEDC2BA1
:100DE0001C119E1DF9E64702C62EFD922B2C020C0B
:100DF0002EAE14E8F302F0F3D2E7B1D32C0EE317D2
:100E0000E2050CE3DB0FD8F5D306FD4ADDFAF6C0A8
:100E1000F8E7FEC9EDF3080300E402CBD2DEFA10D6
:100E200016109F00E1EF2C10C93EFF870AF6050758
:100E30002BBC0CE6270A05E6EADF9EC80B1EF10D67
:100E4000EFEE06C1D0FADE11CFE4D705DEB4FE9E88
:100E5000FEED0BE4F0DCF9FAF9C6EEDE03B00F1993
:100E60001420A7FBC2E9171FB44F278124FBFE0CF7
:100E700032AA15F42208EAF0CDDFB3BA2B1C16FB18
:100E8000EFEA18F5B3E51600E7DBE4E3DACB00CAD6
:100E9000FBE3F7CADED9EC2005B8E7D8FCDF09F19F
:100EA000A547EDF6EC2500FFE2A409132BCF21A501
:100EB000E1B794CA070916A6A83FA23829F401F59C
:100EC00026C5F2F2EC2E003708D4FD081AE462E9D8
:100ED000991CF6AFC9CEE333E6B4C7BE15D3240BD5
:100EE000F11B032C18EC4C1BEA91F531360404E994
:100EF0003695C5BE0F482DB0F7DBE9EA19370B4E22
:100F000045A204EB14EB34ED0B202324371B5AFAD3
:100F10001705FABFBBC3B7110104170C47FC4B1CE4
:100F20000630340F19E754F7C539E5E11D11E61015
:100F3000FF0159DCDBF5D7195CED1881DDFE0E5899
:100F40006DE658F74A1AFFE8C3240F9D0D09280AD9
:100F500018155561D319E826019F4A1A08ED13E7C1
:100F60001BE8E815E017481FF716ECE4C600EB1B7A
:100F7000F7C2FCDC2FF7812B140EDBA01E1D18EF2F
:100F80001A1E1C000204F2EE041E19EC02DBD5A1AD
:100F9000031707330F1110F91A4024DE04DA0BCBC4
:100FA000FAE8FAF5D70D370CF8F8F5DAD304E51CB2
:100FB000FFCE0AD90AED8B3913E7F2A8FAFEFF0239
:100FC000142D1904140AD8F9F70DE3B7F6DDD9D9B1
:100FD000F22F0A28240128031B2E20D31EF7F8B76E
:100FE000DFF80225FA3B0EFE15EBFF00C6F8F2040F
:100FF00002DAEBD8EBDF9037FBFD0ED8FAF8F2FC03
:1010000009142726100AC4FE09F513DD09E5F5D7F2
:10101000F332F91F2BE83AF61D4707EF08FEFF09E8
:10102000C5FBE21A0F0BF8CF0E04B80025F9A22970
:101030000A250817F49C19DA200C1733089DFBDFEA
:10104000BC13CB14FD35E10EEAD3011CDD8142B7A0
:101050000ED3FACB2A261E2DD0E423160FDEE7127C
:10106000AAFCE5FBDF0413CB140ABBFBFF069B4481
:10107000E4F811FF03C602B41012FD220FD817C600
:10108000F40701112AFF07FDE7F0020AAEC401BD13
:101090001ED8E1CB0E1D1A0BF3FE410BF4C9F7FB72
:1010A000BB0803F8EDF606C90B53E0EBF6248F36C8
:1010B000EE192711E7B106ED26DEF40DFF0628DB59
:1010C000E40CFC4100FB2109F3D859FFD6DCC8CE63
:1010D00016EDE8F6FFEF2F2214F61B05EFE9DE32DE
:1010E0001D37C1DDCA17F5F20DFC29E01AF8F8EA40
:1010F000F2E2FBEA15C1D20BEFD90DD2E9850C1D46
:101100002005D0FDB2FEEC1AE6DACF0823DD272950
:10111000E6FB07B2242DBA4CDF922AE6FBC3E62198
:101120000A03EF01B6F4173909F01DD8FAF90BE1FB
:10113000E2F4D9D111B8E9E406F51E93EDEBF8CC51
:1011400022002211E30C0523DFE0C0F928E80F0B91
:1011500002C220DD0908D31A10D615B615ABF7194F
:101160000DC3E0F6C6FDEA16DDFC1AE901220E0702
:1011700038064BDEF5CBFA060FFB2181FF01188103
:10118000051B275BD212305216EDBBF6E8C72EE7DF
:10119000C9C9090EDFE734E92A0B2128F3B518B9CC
:1011A000BCF2B411181024CFD5DC31C05629C8F8D0
:1011B00060AD331B19F60619B53EDB111ABB6A0385
:1011C000BAD21E9521FF5B4CF50328EF4CE0ABF83B
:1011D00003012E3AE5E6EB16F937B1EDBBBFDD10A2
:1011E000C001AA3C3A2543EE25D730D21336D0FFB2
:1011F00065CC4015D401D236BD440A00070540DE57
:10120000EED1F8A733ED5E64F7EB3C0E5581C002DA
:10121000FEE7F715250CEE221550BAFBBCBDC8FA47
:10122000AB11C94B3A0B10C50FBE0B003041A7F0F4
:10123000590446DCC8B0B92DA81EFD01DE4156DFB9
:10124000D1CEF9D83A00483DD0FFE02A5B9BB00AE6
:101250000CD603041C0EDBF5463A93E24AE1FFFF8D
:10126000040000000C000000FFFFFFFF80000000F2
:101270002000000062E1FFFF040000000C000000FD
:10128000FFFFFFFF40000000200000007AE1FFFFA9
:10129000040000000C000000FFFFFFFF4000000002
:1012A0004000000092E1FFFF040000000C0000007D
:1012B000FFFFFFFF2000000040000000AAE1FFFF49
:1012C000040000000C000000FFFFFFFF20000000F2
:1012D00020000000C2E1FFFF040000000400000045
:1012E000F763AA3ED2E1FFFF040000008000000087
:1012F000CD3601BE8B1A2EBFB8628FBEA77E3B3B98
:10130000CEC1FABE4E20DFBE7C2EB6BDA95AC6BDE8
:10131000A5FE36BF85C940BF1D689E3CE36EA3BED7
:1013200091819DBD680B623E979000BFF337C7BEA9
:10133000551FA03C53F665BEF0DEAEBE8CDF30BF5D
:1013400088E2B2BE5E2EF63D8DC45FBF535317BF19
:10135000E8622ABFEDA8A8BEAC2A423C3A6F35BF6E
:10136000CE68AABEEE09BEBEE1F2FCBD2984AE3E47
:101370005EE2FFFF0400000000010000926D17BF55
:1013800031C0383E613786BF67D495BECD8AB8BDBF
:10139000DF2BA1BEFDA749BFE8147DBB820828BE94
:1013A000138184BEB8EF86BE49B4B4BE1F68F4BED4
:1013B000CEFEB3BC86FA5E3D47A14BBF913A6D3D70
:1013C00068C409BDCDA570BCA14F02BEC8091F3EAF
:1013D000479D11BF64904ABED85642BFB9FF223E16
:1013E0007CD775BDCCE351BFDF69B63E00510D3FE0
:1013F000AF18C6BE1BDEC93C12DBABBEFBFCFD3D1D
:1014000087E753BFF01E98BF06ED2B3D1C1B0ABE9D
:101410005B2A68BE0B0F55BE131A2EBE9E8F40BDB1
:10142000EB08B93EBBDA50BF2AF97FBE720E873E89
:10143000685AC7BFBB8981BEE9F0233EF9B24B3E73
:101440006A7B6BBF060BF6BEB7EE3DBF1186FABED8
:10145000032F15BF15FE193E4B4F2FBFC53BB83E9E
:101460008DEA19BF508E58BEB68FB0BEB17D1EBF7B
:10147000CBFBC2BEE9609EBE2945D83E6AE3FFFFB2
:101480000400000080000000FA75F6BE54DC16BFB0
:10149000F1533B3D4F769DBE0BC1E8BE76A5DCBC4B
:1014A000AE88C03DEA1B00BFFB48853EA50B6C3DE6
:1014B000D7053F3FE53390BE76AB5ABE7A9815BF4D
:1014C0003683C0BEE07738BE91BC1ABFD9A892BEA1
:1014D00084A3203EA6D3F6BE02AF21BF44737CBED8
:1014E000AF17E9BD5E52B3BEFA682CBB0BD012BF7A
:1014F00028EBCC3DA88529BC152942BD381C17BF57
:1015000077AEADBE562BBBBEF6E3FFFF0400000076
:10151000400000000218D43B72B599BDDFFDF83DD4
:10152000A29741BD52EF153EA40FA23E795350BE83
:101530006BD682BE7EBC1DBEB44627BD56CD9F3D38
:101540004D7A063EAE49FCBC437E863D3DFEA6BEBE
:10155000193E04BE42E4FFFF04000000000F00003B
:10156000C923833E1E470FBFA5AED23E3003443E83
:1015700007D1373EDB188B3DD8BF53BEBD65E2BEF9
:101580000EA6333D4388593E3C90053E46CBC83DB0
:101590009E3A9A3D1D6ED0BE0082A2BEC6D20BBC42
:1015A0007572CABD991A12BE0E6964BD1A6236BE42
:1015B00011AB1ABF8143863D4C2A7DBE25DC0EBE91
:1015C0008483B53E935E843E0CF8F5BE895CE3BE31
:1015D000F30A3DBEA4B0A1BD4DE62F3EC234A5BE68
:1015E000DF1105BFB64BFD3E87C5D7BD715A513ED1
:1015F0002161893E063D37BE18766FBE9EEF58BC0E
:101600009D201DBEFBF9FC3D5827153E30079DBEB1
:10161000CA77013E7EA760BE2F14D1BD7D3B023E3E
:1016200060A0AF3E1AE561BE0B3409BD764D22BF06
:10163000CE220ABD1ADC4BBE34193A3DBA99A1BD7F
:10164000E223DCBD93F5CCBE4320D43E3A198ABDDB
:101650004E1797BCD4B6003F92C5E73D794CB83DD4
:101660007E3C22BECE91E13CF53581BE9C52FC3ED3
:101670000759013E50F3E13EE2B412BEC499D8BC12
:1016800080A59E3CFE39A13E14C7683D0641893EB7
:10169000769EBEBEC3E7D5BD063517BC90C8003FD9
:1016A000EB22893ED3C6A83E4D6BE9BED6306B3CDB
:1016B000702BFDBD57ED143F052B743ED9DB1A3F4F
:1016C0008DC548BE7C0868BDD2FE00BE8DC313BE6A
:1016D000B7C66ABE2E4145BF9BF68FBEBD19A2BEDE
:1016E000F4310B3BBCB3B9BDE120A63C875A4ABFDD
:1016F0002D0EA7BE2EAF9E3EAAF410BE8F0031BEA7
:10170000E3839B3D242FBBBE6F304ABD1A04113FBB
:10171000CFA965BDB29E41BD1B4C8ABC7F46093E28
:101720007B89203E5B840A3FD103183D5348B43D7A
:1017300083A2DC3DDDBB873FA2063A3E52C6EE3EA9
:10174000E930013F72DDA83D5F70583DB69602BF9B
:1017500024A2753EF229AFBD13B3FF3E4ABFA5BD1B
:101760009ACE233E0AFF66BE06A2E33BC83B46BEB6
:101770000FA2093F5B711DBDE059753EFE2678BD85
:1017800030D4F73D7685E9BE6AABC03E67A81EBE81
:10179000F302163E2A2AB63DC41D173E0C1727BF7A
:1017A0000A1B833E1D35A2BDE0D98F3DCCA4CD3EA2
:1017B0009DFE6F3DAB2A11BF5CD76D3E401F92BDB1
:1017C000D052D7BDECFFAC3E5F61063E1648EEBE80
:1017D0002EFFB13D7790FCBE4A1A99BEE74FE13E1D
:1017E000F8FF3B3E6AEE17BE99C1803EB38CE0BE67
:1017F000AD3B63BD5FA6C63D7AD0E4BD0422DABB33
:101800009EABB93EA48AF9BE76E2133E33F988BB9B
:10181000D46930BEE717793E6C12CD3E8B688EBE20
:10182000DE5C533EC1C7D2BEE640833DD844223F72
:101830004E315EBEE72696BF9C5355BDA53025BDF3
:10184000D76D633E2B4106BD12545CBE743757BF43
:10185000D07B063D6F751CBECCE88ABBF58C8BBE79
:1018600010F6F5BEC93F4EBF2342173D97CA193D3A
:10187000C8351B3D4779DFBDFFC327BE8364DABE91
:101880009828213EC113463E87593BBE41A63B3EA8
:101890001EE039BEBD784ABEE3E00C3E850BDB3E60
:1018A000F3A9B0BDC221DE3D5BE7903FDE4F283E8D
:1018B000B01147BC9F8B333DEEC808BE94CDF83DB8
:1018C0003DAC7B3F6C9E8A3EF11B63BE3D9A0A3D58
:1018D000594BE5BE0F47C6BDC16E773FDF59EDBD21
:1018E00082E364BED02836BEC8098CBECF4283BE18
:1018F00051C0143F4278253E1588D63D4BC0A03DCF
:1019000016DE15BF95E1A6BEBE710B3FE0DF65BEDA
:101910004ADE463D47986B3E543EB5BE19C004BFF3
:101920009EA60F3F078FB53E192EB43EA7BB733E50
:101930003582AFBCB184C43D31E78D3DB253A93C83
:101940005DCA003E8B50AD3E3E6F4CBE5AF8353DF1
:101950000DC2B23E60469CBD6564C13CCB2312BE45
:10196000D898D03BF7E1283E1FE234BE5195FFBE28
:10197000A0A6823D46C123BE7ADB10BC409DD03D6F
:10198000308143BE919530BF9F713DBA60D133BE67
:10199000DD6A25BC3E748CBD2B501DBE4265CD3E1C
:1019A000B3184F3E54C10C3F946DFCBC37C0923EFF
:1019B000A67627BE222CE43EB21E8EBD65D9023F1C
:1019C00006111E3B6F738D3ED2B21EBD30E3D23E78
:1019D00090902BBE6A98BABDDC04003D3139A53D1C
:1019E0001FB7A83D568C53BD09599FBE98FE71BEC6
:1019F0003294563DE773B4BE1BC5743EFD618DBE87
:101A0000C7E9CFBE821970BE89190EBD91DCAEBE8A
:101A1000C2565EBF1307DDBDF79C913D7D403BBEC6
:101A20005F4BC53E6CF3893E64CD15BF82E861BE55
:101A30008B73773DAE7B993C8167BF3E160C0A3FA6
:101A4000E5C463BFF742643C36BFBBBD39414A3D84
:101A50005B00EB3E45CEA63EF7C874BF1CFC3C3C89
:101A6000E7E70F3EF8BDCC3D355B5C3EBC421A3F1C
:101A700013597BBF3F74963C0BE60E3EB88A9D3DE2
:101A800062EDC33ED41CFE3E07F623BEB6D1AABE0D
:101A9000EB62A3BDBCCE3C3E4A1AE0BDFDE5593E1B
:101AA000383DF1BE60969FBED97126BEE707AD3EB8
:101AB000497DF73D67F780BB3A5109BF119797BE43
:101AC000CABADBBE758B02BDCC380E3E17985ABD24
:101AD000691715BF184ED5BE1B5A98BE7F3EBEBCB7
:101AE0001EC4C73C8D11DEB9B9B7BEBE099D6ABE22
:101AF0009E0185BD495FACBE2BB8F8BD751F84BD86
:101B0000FE76C33D6AC8D5BDC9C6343ECA851C3FF2
:101B10005756E7BE016EBDBDB4B5303EB667E73D72
:101B2000D225C0BC33F0573F1A2FB6BC5D3F99BDDC
:101B30003F1B7CBDDAFCB33DE1AF5C3CBADF953EB8
:101B4000325A543DE329813CDA9B91BDEB743BBD95
:101B5000266BA2BD4B12CCBEB2FAA43EF8FA473BAC
:101B6000DE820DBE5A22BABEC4127ABD99588CBF0D
:101B70002AC3113EAFD3833DA7B71E3D0AC903BE9A
:101B80009CA0F0BDB97C1B3EF0FE613FAAA212BF33
:101B90008B4675BDD70FB7BD2E120B3DEDF2A63E9D
:101BA00079D713406C7ADDBE918D8EBC2458033CEE
:101BB000B5731C3C977A87BB1236404030BFD8BE05
:101BC0003DF44FBD32FFF33DF80C1A3D16875EBD64
:101BD0000D3A2E404C8001BFDF3423BB74299C3D5D
:101BE000E24B023D17EAFDBD6CB0AB3F7227ADBEC4
:101BF000F06C22BCBC3A22BCE499003B7479123FE1
:101C0000D68A4CBEE3EF6C3E3E6C86BDBD9276BD7F
:101C1000312EBCBD9076283F571CCCBE14A6AE3EDC
:101C2000E8B1B6BC3555E63CF811C7BDCC2A0C3F2F
:101C300055A743BF6460F83ECF9A053E1BFFF03CBA
:101C40002A04833DF3AC343F6CED21BFC0C2003F9A
:101C50006F36493D26100A3A4A7DF13CAFE10C3F10
:101C6000720003BF958E1C3FAB7BA93EEDC8683E5A
:101C7000E377FFBD0BF80E3FE88CBB3EE5226C3EE0
:101C8000781DD83DEFDA703E0612E53DC7B4C73E79
:101C90003FCA853EBA7FDE3D3CA2293C6C52693E7C
:101CA000409CC6BD51B985BD45B3C73D471AF93EF5
:101CB000F06AB13D9939533ED1E9C33DBA187FBEB0
:101CC000203481BE6E8F0A3F4502BBBE6755EE3E93
:101CD000A2DBBB3DDEA78FBE27F8A8BE2F24323F74
:101CE00071F7823AF7808ABE24B4D2BD37A66A3F24
:101CF000507A353E6294BABE76421FBEA0605EBE88
:101D00002EEB1D3E66CA26BEE22F203E08E78BBEA4
:101D10005A848EBEF2285DBEEC62983EF8DF21BF89
:101D20000B086DBE6971CBBDBF0E28BD2D5FE2BC37
:101D30004689863DA3AF90BF959E3ABE3DA31ABE8D
:101D400026DC883DF76B1D3E6B61093E116B06BFBB
:101D5000202466BE0F854C3EB9B4B4BD01ACF0BEC4
:101D6000C6D69A3E95F246BFA0F401BF57CCCA3EF4
:101D7000695D8F3D096962BEFA81833E6217D5BEF7
:101D80007FCF073D384DAC3D8C6441BEE9C219BEE2
:101D9000181FB3BD4424763EC876A93D6079B0BD16
:101DA00019E833BE75B3FEBD2B0A39BEAD1DA83E82
:101DB0009FAA873D848744BE98978DBEF30FCB3D85
:101DC0005200A7BEB2DBEC3E20C9373EDC7ACDBE66
:101DD000A176983D9F3696BDEA30423E7C17FBBE09
:101DE0006ED092BE689C9EBEA1C3523E33B29ABED4
:101DF000CAB244BDE2F508BFAB46B6BDA56808BF90
:101E00002FD79E3E84CED9BE0B987ABEF8506F3D38
:101E10006381EF3DDD092BBED7772C3E0FC651BE47
:101E2000127D2CBE5D16863EF8831E3D4E1842BEC6
:101E30007F7A343EB4A72C3E66FAEBBDC9D1213F70
:101E400039626C3E98FB1A3E2FBAF2BDE9BC5CBD0C
:101E50000AA406BF17D1183CB8AB6FBEE67846BEE1
:101E60001C28E13D243D02BC36A15ABF19B501BE74
:101E7000628972BE4282A5BD0D79603EB556073CAF
:101E800062EC47BF33EA8C3DBD1CF6BD8295E73D51
:101E900069EF093E99558ABE2C9D9EBE47564A3D24
:101EA000EDF5D93DA0373B3E64CD29BE1A5495BE11
:101EB000BB16D63E179316BEC4C104BD26AD5B3E0D
:101EC000E39505BE87AE82BE6DEE96BEDE90073FFF
:101ED000B74F933EF7D89BBE3B7C61BEEE09EABE8E
:101EE000324D233EFCDC923D36C333BC7A9E38BE75
:101EF0008F9F63BE4FE0C2BEA99D273E60DA5BBEE6
:101F000023E782BDEEABB1BDEE5D9CBE3E1F8CBD36
:101F10005230D93E50213FBDDBFF4A3DCFFE663EE9
:101F2000BBE9C2BECC3A18BE52A8153F4EBC97BE04
:101F3000E37DB9BCD870293EE9A6483EB3E937BD78
:101F4000DBF9923EEE6EB33CEE3C30BE550D023FE7
:101F5000584D60BCF132A73D75BFA8BD46D0C53E07
:101F6000D7D779BE63E61F3FBCF02E3E327EEE3DF2
:101F700096EF143D5D1DA63FD1FFE7BD069C813E57
:101F8000057BA4BD10EB47BEF38AB6BC54CAC43F60
:101F90009231943CC246BB3DB7F26BBD6C3A0D3DED
:101FA000B86D65BE64FA543FE738DFBDB8B17A3E1C
:101FB000D0228B3D94B3DC3E3CE9173E0DF38CBE42
:101FC000404D64BCD16B2DBED85817BEB4C8EF3E8F
:101FD000FA1179BDA0CDE3BE97964C3D541CBBBE13
:101FE0008034B63D09B8E43E63D7323D780488BEFC
:101FF0007134F6BC6870C1BEC017523DE120E43EAA
:10200000B7076C3D66F6C5BE6EF0213E03E241BEE9
:102010001F09573EE65DF13E8C7F703E7BB8A6BB44
:10202000F385253D7A60FCBE3DAE78BE708A2BBE3E
:1020300008B6033F8086CFBDC098423D7A77B23E56
:102040000FAD67BD1BDE1B3E0A80D53E129070BDF2
:10205000F76950BD6A26FD3DBEE675BE2C2B733E6A
:10206000DF19D93E641A283E1430793C72628C3EE6
:10207000C6038DBECB09A33D9F829B3E47297C3D75
:1020800067A729BD09A6CA3E6EBB4C3D4DE38A3EFB
:10209000CDA1BB3EDF3B2C3C541D303E5A6B9B3EDA
:1020A0002DB0E53D119DA0BE3A879C3D65BD20BF8A
:1020B000BC689B3D5709E93E3D250A3E16CDEDBD66
:1020C00052E4EE3D938768BE06C40FBDF1BC8B3E63
:1020D0007F87423EBFB095BECFD04B3E6476B53DC4
:1020E000EE1B59BCD2C92DBDEDA80ABEF1EEE73DED
:1020F000EAF9EC3D0251183F35B57E3E88BB1FBD65
:1021000085C3473E9517373EF402403E86FD213F8A
:10211000A50FB63D55D903BFDAA292BEEBA77ABE92
:10212000229CA8BEC717153F42FB01BD010FA23D6F
:10213000B1FE87BE74BA083E7486F8BE78215F3F50
:102140002CCE85BE5CD5A53D7D8F3EBD0F9F2C3D21
:102150004BAEA5BE073CD13EDAF1993DA1123FBE80
:1021600076290D3EC9FA5B3E4D24513EC9FE79BE2B
:102170007331053E8FB69ABC2EBBBF3E24D8FFBD3F
:10218000F48E8B3E9AB032BF25B7A13DC46D94BD8D
:1021900047D56A3DA07EA9BE85568DBEDA30FF3D8B
:1021A000E7638B3E65D7E1BD93882EBDC88F81BEA6
:1021B000F87EA3BEFC904A3FDD93943EAC73EEBC28
:1021C0004E13FD3DC4EB90BE9BB985BEE9992D3FF2
:1021D000E56B22BC133D6B3D416990BC81478E3C51
:1021E000DF9F633E7DC00B3EA21F03BD420748BD7B
:1021F000A1676EBEEB70C53D43B6B03E0D185FBF24
:10220000601670BEC8CC173ED136D3BEEBB9AD3E1A
:10221000E362F8BD1C47343EBDF003BE0D1CC1BED9
:10222000A86D21BE42828CBBF91ECA3D94EE453E8C
:10223000479BF3BEFEFB093DA83BCCBD11E0B13D81
:10224000C02C323E2D429CBDB9FC0FBFC5CA723EA8
:1022500074E640BC0004B9BE1E92863EA38D67BEE4
:102260007FBEF6BE355DCC3ECF23043DA20EB0BE90
:102270001E68583EA8D5E8BD45E5C1BDF63E143EF2
:102280007ACC963DD5DEC2BC5DC57DBE050F6C3DEA
:1022900098FCB73EAB1850BE11D9D33D11AB453EAB
:1022A000103308BEE1631CBF9E81893EAF9B5BBDBE
:1022B000758654BEA3DC633E90B3A5BD3AAD58BF4E
:1022C000CE480CBE5D2F8B3D509408BDBC3D3B3EBF
:1022D000210320BECCABEFBEC97B94BE2F381C3D82
:1022E0000A1107BFB7639E3E8FAACABE46736F3EF0
:1022F000C34290BDC0A4833E212820BDE55504BD46
:10230000BEE8C23C70ADB83EF7FD963E6C8767BF35
:10231000C0E1913DF276AF3D3E3F26BD4FCA613EE2
:10232000F152213F95A688BF87E1B8BDC4C7CABC9A
:1023300064AF9B3BC85D0B3FA5D4123F5A6E93BF61
:102340008DCC183CBADA14BDB900FCBCA093313F67
:1023500048816C3EE6014BBF9763BE3DFE2CF93DC4
:10236000C8DD3EBD85CAFF3E5BCB2D3E807D71BE84
:1023700063FCA13ED1283EBEC5EA853B08C120BF13
:10238000CD64ACBCEBC18A3E823AB43E4C6488BE9C
:10239000D636793EB12778BFD5F8853E2E4B4E3ED6
:1023A0001F62323EB9B971BE76F5113EF70DFBBE24
:1023B000FE825D3EB2CC953DF21F743E9A21803D77
:1023C0004E2A23BDEC15CD3E2F9242BD2E9030BC3F
:1023D0004A11C1BC40FC823EA1E0B53D2A466E3F99
:1023E000119874BE839C533E3F553ABD5BE848BE8E
:1023F000C33B9CBD545DDF3E6A9928BF84A6C73DA0
:1024000094A7C23B46E34ABD3564BEBD0E4E943D23
:10241000E89CBBBF7EEF053E3CDC08BE06C61EBD89
:102420002D6FB73D5F236CBDA15FDFBF5F53493E9A
:10243000BDEE35BCE24D43BB8680F9BB43F90DBF11
:102440008B1D90BF2409A43EC5D6343D80CB563D9C
:1024500064B04C3E6D663BBF1338F6BEC583E03EAC
:102460004EF3FFFF040000004000000012C933BF1C
:102470005C3C1D3F2699053F590CAEBE085CB2BEC0
:10248000DF27AEBED85F6B3FBDFB6BBFD6202BBF37
:10249000483297BEB1D6083F7ED6C9BEF1B4B7BEAA
:1024A0001F4CC0BEEB4884BFDCFB4C3F9AF3FFFFE0
:1024B0000400000000080000BF73883E827EB53E25
:1024C00072558B3E4959CB3EDB6323BFFAF6EABE19
:1024D00061840FBEAE3E9CBDC9FF113F03AC05BF7A
:1024E000B9B87D3DDAD78CBD05C4C8BDAF94A13E57
:1024F0003A2B943EDF3DA9BE6CCAF2BE6BA1993E59
:10250000F56AC8BC0A1E17BE981AB2BED91669BDB4
:10251000093FBA3C02968A3E070E06BFEC4750BE02
:1025200055D7E63EC7B0003EDF028CBF5F39833E21
:10253000654B123FE65E18BC389824BF5A3B81BEFB
:1025400064FA053EEED4BEBFA4BD543E467B58BDE2
:10255000D45E9A3EAA1D113FF2C130BE7528E13DFE
:1025600078C0DC3EFFEE3A3E03B6C73E66E36EBE81
:10257000C27AE5BE0C022FBC949C6B3FFE8500BF67
:102580007736AB3EB80FEF3EC527D13E2AD5B23ED7
:10259000EECF70BE6E5AB53EAF9F0C3EFFC4513FAA
:1025A00015F9AEBEAE44A83EB87FD03DE41DAABE2C
:1025B000985D97BEB535BA3DACF76ABEE8C30FBEAD
:1025C0005D0AFBBDFE6D97BF32636C3E7BAB123B79
:1025D0004E7F8A3ED7A43B3FEAECC0BEA341B63C47
:1025E000B587B83ECA67C23E59F49C3E6B7434BF8F
:1025F000A77ED6BE53A5E43D8900583FC59F32BF94
:10260000655D403E06BD083F240DA43E26CFA63E94
:10261000956361BE095BE23E5F8BFFBD24312F3FB6
:10262000F744ADBE9192E43E0F7DD63DEA8F31BFB7
:102630009CB408BF55230C3E79C0193D64B42A3DB3
:10264000A6AE723C8740893FCB7F31BEA29264BE6A
:10265000AF06BF3CE53E56BE306B2D3D50652BBEF0
:10266000D91900BEBF3D04BE84050FBE1562133EDE
:102670001050B63E4D101FBC5001A5BFD3FE943E76
:10268000AD6BB03D366A6CBF784984BD2B9853BEA4
:102690004CFD093EB29967BECDCD5C3E89CFCBBE25
:1026A0006463203E22FD29BF5CA2533E8D739E3E93
:1026B0001A40773C685EB3BE4830963E03FBE83E66
:1026C0007D69103E49CB7A3FEB2E04BD562DE4BC0C
:1026D000183A0CBE358785BE3CA96D3E408622BEA9
:1026E0003B2E01BE234183BE8AE9A3BE4E91183F13
:1026F00066B48D3E504088BE8DE48FBF4AF5A73E3C
:10270000D183553EA3477DBFFC6FEABE7C9666BE73
:102710009C4391BED47A31BD3617443EA87103BFA5
:10272000BB240F3E88C2C6BE25565FBE4BD3AE3E0D
:10273000BC89893EE3CF07BD67D0653E92E3BD3ECD
:10274000C8BD033CBE826D3FE1F5C6BC19244CBE3A
:1027500084A49ABDF51FAABE5A12C23E4B48C2BEFF
:102760005394403C053F65BE2C398DBE4E071A3F41
:102770004BE9CF3EED1E8FBE0566B4BFE0F39E3E33
:102780000FDDA33E60D787BFA744E5BE46DEA0BEEF
:10279000404BF73DF43C23BE2A40E53DFA98FBBE92
:1027A000FFF0713EE1BF18BE94CE8BBE9429983ED7
:1027B0006308B53E3FD6DCBEC87BF83D23D8ADBD2F
:1027C00060784EBF67C9463F6B92343E3E9CD5BE93
:1027D0007911C73EE1B4B33E196586BE6E4A15BE97
:1027E0002D62973EB5FFC53D62EF92BE460594BE91
:1027F0005FAEB33DEF909F3EE4B3B03E320B2CBED4
:10280000F293133FE9C7633D0439903E4DDAE2BECF
:102810008D92ADBE5213CC3E69C972BE9AD17BBFB8
:10282000E087A03C33D5873E3400C9BECA13B3BC91
:10283000CD0B0FBF28AF14BE8B578D3EA2B5BB3E4C
:1028400048B6C03EFE4E953D84BF0CBF0D4042BF12
:102850002A1E48BF6E9A333EC5A8083F849CA1BE7D
:10286000061CB9BEFA572BBDBFA847BE32816B3ECE
:10287000CA299F3EBA20C0BED740E7BEA7540CBBB2
:10288000AB4F8BBEFADBE9BDEE100CBF9741F8BD34
:102890000E2B593E5C1BFC3EB8BF6FBF5DA2E13CF6
:1028A000619AC63E7343033DE2E446BF13197D3E81
:1028B000C933223F375F363E7F00A83ED3E1F53E65
:1028C0008FBD033F85FE663D104016BEE4A89CBE4A
:1028D000FDB7DABE981F983E3E378F3E8BC749BE84
:1028E0004DAE4BBEDAB380BDC54731BF4031003F6E
:1028F0009A24C03EB65110BE18CF65BF7CA48C3E52
:1029000034833EBE0109D3BE088613BF530904BFFA
:102910007DB6293EAD04963EA8A9BEBEE24E183E45
:10292000219E5CBE8CE6D2BECA85163C63AC443E9A
:10293000E46E023FA62E56BE53670B3E4ADF0E3DA5
:1029400025B32ABDEEF6A23F000D4A3ECB2805BCBA
:10295000BB26F73D9E1A65BF71C17F3E6768A3BE67
:102960009FF91E3DA78A9BBD47DDA4BDD3F8983EC5
:10297000E8BBAB3ED4C785BD4FA48ABF7DD22C3EF9
:102980002E9BD13E108E3EBF58FA38BEE59072BEE7
:1029900022D7ABBEAC96E9BD79778C3DD2E823BF98
:1029A00016370A3EBA302ABE2E0BCABC44793B3ECB
:1029B000504C85BDBE0E09BFF95B59BF3AE8A5BEB4
:1029C0007E48A7BE14C753BFFA0AB03E26EE2CBEFF
:1029D0001C4CA83E44DA313FB2BEAEBEA8CD0A3D83
:1029E000BB27943E6D02A13E8A23C43E064768BEC3
:1029F00095B9BDBE4C61283E0887523FEC0C91BE94
:102A0000B02D8D3E4977DF3ECF9FC03EF4E3A83E18
:102A10000F736CBE476FB83E6570D23D284B183FB0
:102A2000B02A97BE81CF013F6AA1523D1824DBBE78
:102A30008398E9BEE798403D6A88903E157DE83E60
:102A400011986A3E5721383FA53E28BD710B23BE21
:102A5000DC4C01BE337D6FBEFC60233E30275CBE84
:102A6000F8F715BEE424F9BDDAC9ACBE4FADC53EDA
:102A7000BD2CBA3E910EE9BD36428DBFF4469C3E58
:102A8000735482BCB5C521BF7C52E3BE96B68ABEE4
:102A9000BDFD323ECB89EABC8AA5013EFE8B8FBECE
:102AA0003F2F8A3E335F04BF97A2B83C8AA9A83E55
:102AB0003228463E25418CBEED8A4B3EF3AAC83EE5
:102AC000A706023D0279833FF446383E802A97BE2E
:102AD0004FDC03BE1C8CE5BDAFDDC63D9F3225BE7D
:102AE000680F13BE3A68ADBA62886CBE712DC63EDF
:102AF0008646A73EF0DAA0BD2BF8A0BFDA15933EBC
:102B0000A1F27A3D87538BBF19F69DBEA79F47BEA2
:102B10000ABA993D336625BE14428C3E504BD9BE4D
:102B2000CD07BE3D105741BF8318013E7D60523E28
:102B30007FF94F3E2C3D8DBEE8421A3EC7CAFD3D8F
:102B400025F63EBD482D7D3F62A87F3C68AA37BE72
:102B5000D64E273D710656BEC231563E0F8AA7BEDD
:102B60008E5191BD3A8A56BE376B25BE09BEA93E2D
:102B70007108943E5109FFBD3E6BA4BFC87A913ED7
:102B80006561633EA63471BF094904BEB86E70BE6C
:102B900079E4853DF2B61EBECFFA083E773B0ABF08
:102BA000EDFB0E3E8D81C7BEFC3B07BDCB00573E03
:102BB0003C36063E6568E8BE1EF8B53E6383F53ECA
:102BC0000CAD073F07F6733CE63C3FBF8CAC45BFFE
:102BD000AA10D2BE25A2BE3D85F3D63EDCC201BFFF
:102BE000822A63BE68FFFFBDC451D1BECF412F3ED4
:102BF00050D68B3EA207CDBE0B3189BEE1C0363E1A
:102C000000C4DF3C5373EC3C6A9F0CBFC3647EBDC1
:102C10009AD18A3E35D8D13EC3E446BFE829E13D8A
:102C2000278BB33E05F8863DFAF964BFDD26E8BC84
:102C30002B24273F8A813F3E98BF0EBF508D1CBE7C
:102C40007C7BB4BECA73ADBE496CB43EDC50F5BCEF
:102C5000F844A33E54A71F3FB6BC3ABEC29289BCFB
:102C60007464853EC7A7C13E60D2323EC83CF7BE01
:102C7000C6CA01BF02DB833EAE0C543F143FC4BE44
:102C80000928AC3E2BBBE03E69B92C3EA664AC3CA7
:102C90003E6D5CBF2442B83EF21816BE87BD073FAA
:102CA000FAAAA5BEA62AA93E42E10ABC0168C9BE8D
:102CB000434811BF993119BDA6FBFFFF0400000076
:102CC00080000000C6D76BBE2D7AADBEFDBD2DBF06
:102CD000963014BF00108EBB7A63FEBEAB6C20BF73
:102CE00040678BBEE49010BFDC308FBE708E59BF42
:102CF000BEA8FCBE30D007BF678B1BBE47D146BE07
:102D00005D33EDBE9257AFBEA9A908BE8880C4BE90
:102D10008D409ABE326FC9BD68988DBE5043ACBE1F
:102D2000946813BF844612BE1FEC81BE9649EDBE67
:102D3000144301BFD55BE7BEE771ACBEE92DA9BE68
:102D40006DAF80BE32FCFFFF040000008000000079
:102D5000095E013FC373B73E2D86923E4B44A43FAC
:102D6000E4974A3FBBA7473EE033B63EF710D43F57
:102D70008326AD3EEF21AC3EBB3C223E659F6A3EC2
:102D8000830ED63E3C47103FE101BF3F3B01873EEB
:102D9000AB8FE93F1AD91C3F9F9E7B3EDCE2B43FDC
:102DA0007D782C3FD524073F386A8F3ED57CBB3ECB
:102DB000FA87BE3E1A2FD33F3942823E1A2D253F55
:102DC0006FF7973E82EE1A3F0840453F81BB7F3E3A
:102DD000BEFCFFFF0400000080000000D6B814BF56
:102DE0005DDA0DBE408A93BDD40FECBDACCED3BD31
:102DF0008C0E2ABF718078BF64C9E3BD9ABA2CBE1D
:102E000048B2C0BD8810B2BDCAFABFBE607562BE0E
:102E1000BA1425BEFC33D5BD80943CBBA294B8BE89
:102E20001AB4D7BE00A6D0BDA47D8BBD802DEDBE4B
:102E30008CFA873D2898D4BDF67A73BEBCF085BD68
:102E400032D384BEDE01A3BE888AF5BD48F3363D89
:102E5000B01BA3BDCB1992BE444F96BD4AFDFFFFE8
:102E600004000000800000004A15503F0AC0773F70
:102E7000E202CC3E43883B3F07C4B73EE52FC33F49
:102E8000CB8B3E3FED3A923E3BAA18407BE7A43FF6
:102E90007EC1853EABF9643FF2EE0A400ED8463E55
:102EA00082C4A73ECB0D133F011B643F5C97DA3F02
:102EB000D51C7E3F445D2E3FCCD49D3F78B28A3EE8
:102EC000BAE1163FF864CA3E4B45D03FB196A03FE9
:102ED000B5FEAB3FEB023A3F4126F93E8CE5B03EF2
:102EE000E9E0713FAA42873ED6FDFFFF04000000E3
:102EF00000010000468A16BF24946FBE3E4F0ABFF1
:102F000069CD21BFD853B93DFFF332BFC0BE1F3CCE
:102F1000F55C0FBFDBBDCCBEB04BD43C3F1139BF1D
:102F2000400CDD3B180F313E049ABD3DC4D63FBF77
:102F3000C87AB6BD10430FBF9A4761BFD77D04BFA3
:102F4000249D07BFC3B80CBFBC37B1BD84EFB8BF69
:102F5000037906BF60F218BF1A1EA3BE009BA53AF4
:102F6000841D23BF40B098BC1E7748BF2224E4BE16
:102F70000873B8BD8A7CCABE908C293EFA9F38BFC0
:102F8000B2E798BED29924BF7B5D93BE5B430DBE72
:102F90001C772DBF3CFFAFBD18B791BF20663ABF6D
:102FA000B93EE0BEED1C85BF006331BC2DFC0EBFF9
:102FB0006A3325BE39604EBFE0BE2DBC645E10BFD3
:102FC00092B5703E5D850CBF11FFEFBE789A8ABE48
:102FD000C6B1F2BE88F6BBBD92B247BFCC642EBE6E
:102FE00070A1B3BE7B85B9BE0C9935BEA0FE65BF8E
:102FF000B46158BFE2FEFFFF0400000000010000C2
:10300000DECC853E6D795E3FA6ED823E150D233FF9
:10301000E76F463F6C5A10405A82FB3ECF4C4C3F04
:10302000DE69103F72A9303F97B8DF3F22F6953F27
:10303000CC639C3E506C403FEBF7413FF3F7CD3EF5
:103040001E993B3F538E2A3FAB72443F3546393F72
:10305000E324843F9900AD3FB10A78400166D53E34
:103060002CB1BF3F6110243FF3DCBF3E58C0563F38
:1030700058F8613FE590C43F5F51C63EA81FB23F7C
:10308000CEE2283F01D8F73E060CFE3D273FC53E65
:103090009EF8C33F889AF43E582C803F56F53F3F38
:1030A0009F73E93EFDC0003F86B1643E2F8C473FD1
:1030B00029B93F3F18CE673ED859C53F403B1A3F1C
:1030C0006ACA7A3FA6A6643F1C31F93F8C64293F47
:1030D000BDCEAB3ED8E5FF3E69D3533F23638E3F61
:1030E000A7CAFC3E4675DF3E5E58093F61CC493FAA
:1030F000A400AF3E2D5E333FB44DEE3E54AD343FA1
:10310000EEFFFFFF040000000400000001000000CB
:103110000000060008000400060000000400000093
:1031200004000000FDFFFFFF14D4FFFF18D4FFFFD1
:103130000F0000004D4C495220436F6E766572744B
:1031400065642E00010000001400000000000E0065
:103150001800140010000C00080004000E0000000D
:10316000140000001C0000008C0500009005000009
:1031700094050000040000006D61696E000000000D
:103180001900000044050000E4040000A004000051
:103190006C0400004404000008040000B4030000B4
:1031A0007C0300004C03000008030000D402000070
:1031B000A0020000780200004802000004020000A3
:1031C000DC010000AC0100006801000034010000D7
:1031D00000010000D8000000A40000006000000012
:1031E00028000000040000001AFCFFFF0C00000093
:1031F0001000000008000000010000003000000086
:10320000010000002F000000AAFBFFFF14000000D7
:10321000000000081000000014000000070000007B
:103220000CD5FFFF010000002F000000030000008C
:103230002E0000000A00000010000000FAFCFFFF52
:103240001C000000000000081C000000200000001E
:10325000070000000000060008000700060000004C
:1032600000000001010000002E000000030000002B
:103270002D000000090000000C0000001EFCFFFFF4
:10328000140000000000001B1000000014000000EB
:103290000600000080D5FFFF010000002D000000A7
:1032A000020000002C00000002000000DEFCFFFF16
:1032B0000C000000100000000400000001000000ED
:1032C0002C000000020000002B0000001100000094
:1032D00072FCFFFF140000000000000B1000000053
:1032E0001400000003000000D4D5FFFF010000001F
:1032F0002B000000020000002A000000080000006F
:10330000A2FCFFFF140000000000001510000000E8
:10331000140000000200000004D6FFFF01000000BE
:103320002A00000002000000290000000700000041
:10333000D2FCFFFF14000000000000011C00000090
:103340002000000001000000C4FCFFFF000000019D
:103350000100000001000000010000002900000041
:103360000300000028000000160000000D0000000F
:10337000B6FCFFFF10000000000000340C0000004D
:103380001000000070D6FFFF0100000028000000C0
:10339000020000002700000001000000CEFDFFFF3A
:1033A0000C000000100000000400000001000000FC
:1033B00027000000020000002600000012000000AC
:1033C00062FDFFFF14000000000000052400000063
:1033D00028000000050000006EFEFFFF0100000055
:1033E00002000000010000000200000000000001D7
:1033F0000100000026000000010000002500000080
:1034000046FDFFFF10000000000000340C0000002B
:103410001000000000D7FFFF0100000025000000A1
:103420000200000024000000020000005EFEFFFF1A
:103430000C0000001000000004000000010000006B
:103440002400000002000000230000001300000020
:10345000F2FDFFFF140000000000000B1000000050
:10346000140000000300000054D7FFFF010000001B
:103470002300000002000000220000000400000001
:1034800022FEFFFF140000000000001510000000E5
:10349000140000000200000084D7FFFF01000000BC
:1034A00022000000020000002100000003000000D4
:1034B00052FEFFFF14000000000000011C0000008D
:1034C000200000000100000044FEFFFF000000019A
:1034D00001000000010000000100000021000000C8
:1034E0000300000020000000170000000E00000094
:1034F00036FEFFFF10000000000000340C0000004A
:1035000010000000F0D7FFFF0100000020000000C5
:10351000020000001F000000010000004EFFFFFF3E
:103520000C0000001000000004000000010000007A
:103530001F000000020000001E0000001400000038
:1035400000000E001A00140010000C000B00040014
:103550000E00000024000000000000053400000000
:10356000380000000500000000000E0018001700E1
:1035700010000C00080004000E0000000100000014
:103580000200000001000000020000000000000135
:10359000010000001E000000010000001D000000EE
:1035A000E6FEFFFF10000000000000340C000000E9
:1035B00010000000A0D8FFFF010000001D00000067
:1035C000020000001C0000000200000000000A00D1
:1035D00010000C00080004000A0000000C000000AD
:1035E0001000000004000000010000001C000000AA
:1035F000020000001B000000150000009EFFFFFFFE
:10360000140000000000000B100000001400000077
:103610000300000000D9FFFF010000001B000000B4
:10362000020000001A00000006000000CEFFFFFFAD
:10363000140000000000001510000000140000003D
:103640000200000030D9FFFF010000001A00000056
:1036500002000000190000000500000000000E003C
:103660001800140010000C000B0004000E000000F5
:103670002000000000000001280000002C000000D5
:10368000010000000C00100000000C000800070002
:103690000C0000000000000101000000010000001B
:1036A00001000000190000000300000018000000E5
:1036B0000B0000000F00000000000E0014000000CE
:1036C00010000C000B0004000E00000010000000B1
:1036D000000000340C00000010000000C8D9FFFFFB
:1036E00001000000180000000200000000000000BF
:1036F0000100000001000000300000000100000097
:10370000000000003100000044250000F02400000B
:103710009C2400003C240000C4230000642300001B
:1037200004230000A422000044220000F82100002D
:10373000A82100004C210000E82000000C2000001F
:10374000301F0000601E0000181E0000BC1D00009D
:10375000581D0000FC1C00009C1C0000401C0000C8
:10376000441A0000D4160000541600006015000032
:10377000281400008C120000F810000074100000E3
:10378000FC0F0000840F0000040F0000040E000076
:10379000C00C0000140B000070090000EC080000D1
:1037A00070080000F40700007407000074060000B1
:1037B0003005000084030000E001000070010000FB
:1037C000DC000000600000000400000096DBFFFF4A
:1037D00000000001140000001C0000001C0000009C
:1037E000310000003400000002000000FFFFFFFF76
:1037F00001000000E0DAFFFF1B0000005374617459
:103800006566756C506172746974696F6E65644346
:10381000616C6C5F313A3000020000000100000072
:1038200001000000EEDBFFFF0000000114000000BB
:103830001C0000001C0000003000000054000000CC
:1038400002000000FFFFFFFF0100000038DBFFFF68
:103850003800000073657175656E7469616C5F3165
:103860002F64656E73655F315F322F4D61744D75E6
:103870006C3B73657175656E7469616C5F312F6443
:10388000656E73655F315F322F4164640000000034
:1038900002000000010000000100000066DCFFFFE4
:1038A00000000001140000001C0000001C000000CB
:1038B0002F0000006C00000002000000FFFFFFFF6F
:1038C00010000000B0DBFFFF52000000736571754F
:1038D000656E7469616C5F312F64656E73655F310D
:1038E0002F4D61744D756C3B73657175656E7469B0
:1038F000616C5F312F64656E73655F312F52656C4B
:10390000753B73657175656E7469616C5F312F64A9
:10391000656E73655F312F426961734164640000B5
:10392000020000000100000010000000F6DCFFFFB4
:1039300000000001140000001C0000001C0000003A
:103940002E0000004800000002000000FFFFFFFF03
:103950002000000040DCFFFF2C0000007365717543
:10396000656E7469616C5F312F676C6F62616C5F4B
:10397000617665726167655F706F6F6C696E6731E4
:10398000645F312F4D65616E000000000200000091
:10399000010000002000000062DDFFFF00000001C8
:1039A0001400000020000000200000002D00000096
:1039B0007801000003000000FFFFFFFF200000006F
:1039C00020000000B0DCFFFF590100007365717535
:1039D000656E7469616C5F312F62617463685F6EDC
:1039E0006F726D616C697A6174696F6E5F325F319D
:1039F0002F62617463686E6F726D2F6164645F31F2
:103A00003B73657175656E7469616C5F312F636FAF
:103A10006E7631645F325F312F636F6E766F6C75D7
:103A200074696F6E2F53717565657A653B73657147
:103A300075656E7469616C5F312F62617463685F74
:103A40006E6F726D616C697A6174696F6E5F325FFF
:103A5000312F62617463686E6F726D2F6D756C5F6C
:103A6000313B73657175656E7469616C5F312F638D
:103A70006F6E7631645F325F312F52656C753B73C8
:103A8000657175656E7469616C5F312F636F6E76F9
:103A900031645F325F312F426961734164643B730B
:103AA000657175656E7469616C5F312F636F6E76D9
:103AB00031645F325F312F53717565657A653B7391
:103AC000657175656E7469616C5F312F62617463D5
:103AD000685F6E6F726D616C697A6174696F6E5F39
:103AE000325F312F62617463686E6F726D2F6D7516
:103AF0006C3B73657175656E7469616C5F312F62C3
:103B0000617463685F6E6F726D616C697A6174690C
:103B10006F6E5F325F312F62617463686E6F726DBA
:103B20002F737562310000000300000001000000E7
:103B3000200000002000000002DFFFFF0000000165
:103B40001400000024000000240000002C000000ED
:103B50007C01000004000000FFFFFFFF01000000E7
:103B6000200000002000000054DEFFFF580100008C
:103B700073657175656E7469616C5F312F62617414
:103B800063685F6E6F726D616C697A6174696F6E84
:103B90005F325F312F62617463686E6F726D2F6187
:103BA00064645F313B73657175656E7469616C5FE8
:103BB000312F636F6E7631645F325F312F636F6ECA
:103BC000766F6C7574696F6E2F53717565657A6564
:103BD0003B73657175656E7469616C5F312F6261ED
:103BE0007463685F6E6F726D616C697A6174696F1E
:103BF0006E5F325F312F62617463686E6F726D2F1A
:103C00006D756C5F313B73657175656E7469616C60
:103C10005F312F636F6E7631645F325F312F526593
:103C20006C753B73657175656E7469616C5F312F7E
:103C3000636F6E7631645F325F312F426961734129
:103C400064643B73657175656E7469616C5F312F77
:103C5000636F6E7631645F325F312F5371756565C6
:103C60007A653B73657175656E7469616C5F312F40
:103C700062617463685F6E6F726D616C697A6174A2
:103C8000696F6E5F325F312F62617463686E6F724D
:103C90006D2F6D756C3B73657175656E7469616CC4
:103CA0005F312F62617463685F6E6F726D616C6902
:103CB0007A6174696F6E5F325F312F62617463681D
:103CC0006E6F726D2F7375620000000004000000BB
:103CD00001000000010000002000000020000000A2
:103CE000AAE0FFFF00000001140000002400000013
:103CF000240000002B00000014010000040000005C
:103D0000FFFFFFFF01000000200000002000000076
:103D1000FCDFFFFFF000000073657175656E74696C
:103D2000616C5F312F62617463685F6E6F726D6189
:103D30006C697A6174696F6E5F325F312F62617492
:103D400063686E6F726D2F6D756C5F313B7365715B
:103D500075656E7469616C5F312F636F6E76316467
:103D60005F325F312F636F6E766F6C7574696F6E43
:103D70002F53717565657A653B73657175656E74F2
:103D800069616C5F312F636F6E7631645F325F31D2
:103D90002F52656C753B73657175656E7469616CE6
:103DA0005F312F636F6E7631645F325F312F42690E
:103DB00061734164643B73657175656E7469616CB0
:103DC0005F312F636F6E7631645F325F312F5371D5
:103DD0007565657A653B73657175656E7469616C4F
:103DE0005F312F62617463685F6E6F726D616C69C1
:103DF0007A6174696F6E5F325F312F6261746368DC
:103E00006E6F726D2F6D756C000000000400000075
:103E10000100000001000000200000002000000060
:103E2000EAE1FFFF00000001140000002400000090
:103E3000240000002A000000D00000000400000060
:103E4000FFFFFFFF01000000200000002000000035
:103E50003CE1FFFFAD00000073657175656E74692C
:103E6000616C5F312F636F6E7631645F325F312F2B
:103E700052656C753B73657175656E7469616C5FD5
:103E8000312F636F6E7631645F325F312F4269612B
:103E9000734164643B73657175656E7469616C5FD1
:103EA000312F636F6E7631645F325F312F636F6ED7
:103EB000766F6C7574696F6E2F53717565657A6571
:103EC0003B73657175656E7469616C5F312F636FEB
:103ED0006E7631645F325F312F53717565657A6537
:103EE0003B73657175656E7469616C5F312F636FCB
:103EF0006E7631645F325F312F636F6E766F6C75F3
:103F000074696F6E310000000400000001000000C1
:103F1000010000002000000020000000E6E2FFFF9A
:103F20000000000114000000240000002400000034
:103F3000290000005000000004000000FFFFFFFF08
:103F400001000000200000004000000038E2FFFFF8
:103F50002E00000073657175656E7469616C5F3168
:103F60002F636F6E7631645F325F312F636F6E76D1
:103F70006F6C7574696F6E2F457870616E644469FB
:103F80006D7300000400000001000000010000004B
:103F9000200000004000000062E3FFFF000000017D
:103FA0001400000020000000200000002800000095
:103FB0005000000003000000FFFFFFFF2000000092
:103FC00040000000B0E2FFFF310000007365717532
:103FD000656E7469616C5F312F6D61785F706F6FB2
:103FE0006C696E6731645F315F322F4D6178506F5D
:103FF0006F6C31642F53717565657A65310000000F
:10400000030000000100000020000000400000004C
:10401000DAE3FFFF000000011400000024000000AC
:1040200024000000270000004C00000004000000F5
:10403000FFFFFFFF01000000200000004000000023
:104040002CE3FFFF2800000073657175656E7469CD
:10405000616C5F312F6D61785F706F6F6C696E6737
:1040600031645F315F322F4D6178506F6F6C316416
:10407000000000000400000001000000010000003A
:10408000200000004000000052E4FFFF000000019B
:10409000140000002400000024000000260000009E
:1040A0005400000004000000FFFFFFFF01000000BB
:1040B0004000000040000000A4E3FFFF33000000C8
:1040C00073657175656E7469616C5F312F6D6178B0
:1040D0005F706F6F6C696E6731645F315F322F4D57
:1040E0006178506F6F6C31642F457870616E6444F5
:1040F000696D730004000000010000000100000071
:104100004000000040000000D2E4FFFF000000017A
:104110001400000020000000200000002500000026
:104120007801000003000000FFFFFFFF40000000D7
:104130004000000020E4FFFF590100007365717525
:10414000656E7469616C5F312F62617463685F6E64
:104150006F726D616C697A6174696F6E5F315F3225
:104160002F62617463686E6F726D2F6164645F317A
:104170003B73657175656E7469616C5F312F636F38
:104180006E7631645F315F322F636F6E766F6C7560
:1041900074696F6E2F53717565657A653B736571D0
:1041A00075656E7469616C5F312F62617463685FFD
:1041B0006E6F726D616C697A6174696F6E5F315F89
:1041C000322F62617463686E6F726D2F6D756C5FF4
:1041D000313B73657175656E7469616C5F312F6316
:1041E0006F6E7631645F315F322F52656C753B7351
:1041F000657175656E7469616C5F312F636F6E7682
:1042000031645F315F322F426961734164643B7393
:10421000657175656E7469616C5F312F636F6E7661
:1042200031645F315F322F53717565657A653B7319
:10423000657175656E7469616C5F312F626174635D
:10424000685F6E6F726D616C697A6174696F6E5FC1
:10425000315F322F62617463686E6F726D2F6D759E
:104260006C3B73657175656E7469616C5F312F624B
:10427000617463685F6E6F726D616C697A61746995
:104280006F6E5F315F322F62617463686E6F726D43
:104290002F73756231000000030000000100000070
:1042A000400000004000000072E6FFFF0000000137
:1042B000140000002400000024000000240000007E
:1042C0007C01000004000000FFFFFFFF0100000070
:1042D0004000000040000000C4E5FFFF580100005E
:1042E00073657175656E7469616C5F312F6261749D
:1042F00063685F6E6F726D616C697A6174696F6E0D
:104300005F315F322F62617463686E6F726D2F610F
:1043100064645F313B73657175656E7469616C5F70
:10432000312F636F6E7631645F315F322F636F6E52
:10433000766F6C7574696F6E2F53717565657A65EC
:104340003B73657175656E7469616C5F312F626175
:104350007463685F6E6F726D616C697A6174696FA6
:104360006E5F315F322F62617463686E6F726D2FA2
:104370006D756C5F313B73657175656E7469616CE9
:104380005F312F636F6E7631645F315F322F52651C
:104390006C753B73657175656E7469616C5F312F07
:1043A000636F6E7631645F315F322F4269617341B2
:1043B00064643B73657175656E7469616C5F312F00
:1043C000636F6E7631645F315F322F53717565654F
:1043D0007A653B73657175656E7469616C5F312FC9
:1043E00062617463685F6E6F726D616C697A61742B
:1043F000696F6E5F315F322F62617463686E6F72D6
:104400006D2F6D756C3B73657175656E7469616C4C
:104410005F312F62617463685F6E6F726D616C698A
:104420007A6174696F6E5F315F322F6261746368A5
:104430006E6F726D2F737562000000000400000043
:1044400001000000010000004000000040000000EA
:104450001AE8FFFF00000001140000002400000023
:1044600024000000230000001401000004000000EC
:10447000FFFFFFFF010000004000000040000000BF
:104480006CE7FFFFF000000073657175656E74697D
:10449000616C5F312F62617463685F6E6F726D6112
:1044A0006C697A6174696F6E5F315F322F6261741B
:1044B00063686E6F726D2F6D756C5F313B736571E4
:1044C00075656E7469616C5F312F636F6E763164F0
:1044D0005F315F322F636F6E766F6C7574696F6ECC
:1044E0002F53717565657A653B73657175656E747B
:1044F00069616C5F312F636F6E7631645F315F325B
:104500002F52656C753B73657175656E7469616C6E
:104510005F312F636F6E7631645F315F322F426996
:1045200061734164643B73657175656E7469616C38
:104530005F312F636F6E7631645F315F322F53715D
:104540007565657A653B73657175656E7469616CD7
:104550005F312F62617463685F6E6F726D616C6949
:104560007A6174696F6E5F315F322F626174636864
:104570006E6F726D2F6D756C0000000004000000FE
:1045800001000000010000004000000040000000A9
:104590005AE9FFFF000000011400000024000000A1
:1045A0002400000022000000D000000004000000F1
:1045B000FFFFFFFF0100000040000000400000007E
:1045C000ACE8FFFFAD00000073657175656E74693E
:1045D000616C5F312F636F6E7631645F315F322FB4
:1045E00052656C753B73657175656E7469616C5F5E
:1045F000312F636F6E7631645F315F322F426961B4
:10460000734164643B73657175656E7469616C5F59
:10461000312F636F6E7631645F315F322F636F6E5F
:10462000766F6C7574696F6E2F53717565657A65F9
:104630003B73657175656E7469616C5F312F636F73
:104640006E7631645F315F322F53717565657A65BF
:104650003B73657175656E7469616C5F312F636F53
:104660006E7631645F315F322F636F6E766F6C757B
:1046700074696F6E3100000004000000010000004A
:1046800001000000400000004000000056EAFFFF6B
:1046900000000001140000002400000024000000BD
:1046A000210000005000000004000000FFFFFFFF99
:1046B000010000004000000020000000A8E9FFFF0A
:1046C0002E00000073657175656E7469616C5F31F1
:1046D0002F636F6E7631645F315F322F636F6E765A
:1046E0006F6C7574696F6E2F457870616E64446984
:1046F0006D730000040000000100000001000000D4
:104700004000000020000000D2EAFFFF000000018E
:104710001400000020000000200000002000000025
:104720004C00000003000000FFFFFFFF40000000FE
:104730002000000020EAFFFF2F0000007365717564
:10474000656E7469616C5F312F6D61785F706F6F3A
:104750006C696E6731645F312F4D6178506F6F6C9B
:1047600031642F53717565657A653100030000006F
:1047700001000000400000002000000046EBFFFFA9
:1047800000000001140000002400000024000000CC
:104790001F0000004800000004000000FFFFFFFFB2
:1047A00001000000400000002000000098EAFFFF28
:1047B0002600000073657175656E7469616C5F3108
:1047C0002F6D61785F706F6F6C696E6731645F31F8
:1047D0002F4D6178506F6F6C316400000400000051
:1047E0000100000001000000400000002000000067
:1047F000BAEBFFFF000000011400000024000000DD
:10480000240000001E00000054000000040000000E
:10481000FFFFFFFF010000008000000020000000FB
:104820000CEBFFFF3100000073657175656E7469F4
:10483000616C5F312F6D61785F706F6F6C696E674F
:1048400031645F312F4D6178506F6F6C31642F454B
:104850007870616E6444696D7300000004000000AC
:1048600001000000010000008000000020000000A6
:104870003AECFFFF000000011400000020000000DF
:10488000200000001D00000068010000030000007F
:10489000FFFFFFFF800000002000000088EBFFFF0B
:1048A0004901000073657175656E7469616C5F31F3
:1048B0002F62617463685F6E6F726D616C697A619B
:1048C00074696F6E5F312F62617463686E6F726DB1
:1048D0002F6164645F313B73657175656E746961E6
:1048E0006C5F312F636F6E7631645F312F636F6E53
:1048F000766F6C7574696F6E2F53717565657A6527
:104900003B73657175656E7469616C5F312F6261AF
:104910007463685F6E6F726D616C697A6174696FE0
:104920006E5F312F62617463686E6F726D2F6D758B
:104930006C5F313B73657175656E7469616C5F3175
:104940002F636F6E7631645F312F52656C753B73E8
:10495000657175656E7469616C5F312F636F6E761A
:1049600031645F312F426961734164643B736571E7
:1049700075656E7469616C5F312F636F6E7631643B
:104980005F312F53717565657A653B736571756528
:104990006E7469616C5F312F62617463685F6E6F02
:1049A000726D616C697A6174696F6E5F312F6261DB
:1049B0007463686E6F726D2F6D756C3B7365717586
:1049C000656E7469616C5F312F62617463685F6EDC
:1049D0006F726D616C697A6174696F6E5F312F629D
:1049E000617463686E6F726D2F73756231000000C1
:1049F0000300000001000000800000002000000013
:104A0000CAEDFFFF000000011400000024000000B8
:104A1000240000001C0000006C01000004000000E5
:104A2000FFFFFFFF010000008000000020000000E9
:104A30001CEDFFFF4801000073657175656E7469B8
:104A4000616C5F312F62617463685F6E6F726D615C
:104A50006C697A6174696F6E5F312F62617463682B
:104A60006E6F726D2F6164645F313B736571756544
:104A70006E7469616C5F312F636F6E7631645F3184
:104A80002F636F6E766F6C7574696F6E2F537175CF
:104A900065657A653B73657175656E7469616C5F98
:104AA000312F62617463685F6E6F726D616C697AD9
:104AB0006174696F6E5F312F62617463686E6F72CB
:104AC0006D2F6D756C5F313B73657175656E7469C3
:104AD000616C5F312F636F6E7631645F312F526589
:104AE0006C753B73657175656E7469616C5F312FB0
:104AF000636F6E7631645F312F4269617341646424
:104B00003B73657175656E7469616C5F312F636F9E
:104B10006E7631645F312F53717565657A653B73CD
:104B2000657175656E7469616C5F312F6261746364
:104B3000685F6E6F726D616C697A6174696F6E5FC8
:104B4000312F62617463686E6F726D2F6D756C3B8F
:104B500073657175656E7469616C5F312F62617424
:104B600063685F6E6F726D616C697A6174696F6E94
:104B70005F312F62617463686E6F726D2F7375623F
:104B8000000000000400000001000000010000001F
:104B9000800000002000000062EFFFFF0000000125
:104BA0001400000024000000240000001B0000008E
:104BB0000801000004000000FFFFFFFF01000000EB
:104BC0008000000020000000B4EEFFFFE4000000C1
:104BD00073657175656E7469616C5F312F626174A4
:104BE00063685F6E6F726D616C697A6174696F6E14
:104BF0005F312F62617463686E6F726D2F6D756CBB
:104C00005F313B73657175656E7469616C5F312FDF
:104C1000636F6E7631645F312F636F6E766F6C7584
:104C200074696F6E2F53717565657A653B73657135
:104C300075656E7469616C5F312F636F6E76316478
:104C40005F312F52656C753B73657175656E746964
:104C5000616C5F312F636F6E7631645F312F426913
:104C600061734164643B73657175656E7469616CF1
:104C70005F312F636F6E7631645F312F53717565CD
:104C8000657A653B73657175656E7469616C5F31DA
:104C90002F62617463685F6E6F726D616C697A61B7
:104CA00074696F6E5F312F62617463686E6F726DCD
:104CB0002F6D756C00000000040000000100000072
:104CC00001000000800000002000000096F0FFFFBF
:104CD0000000000114000000240000002400000077
:104CE0001A000000C400000004000000FFFFFFFFE6
:104CF000010000008000000020000000E8EFFFFF3E
:104D0000A300000073657175656E7469616C5F3135
:104D10002F636F6E7631645F312F52656C753B7314
:104D2000657175656E7469616C5F312F636F6E7646
:104D300031645F312F426961734164643B73657113
:104D400075656E7469616C5F312F636F6E76316467
:104D50005F312F636F6E766F6C7574696F6E2F5352
:104D6000717565657A653B73657175656E746961AA
:104D70006C5F312F636F6E7631645F312F537175C5
:104D800065657A653B73657175656E7469616C5FA5
:104D9000312F636F6E7631645F312F636F6E766F84
:104DA0006C7574696F6E3100040000000100000032
:104DB00001000000800000002000000086F1FFFFDD
:104DC0000000000114000000240000002400000086
:104DD000190000005000000004000000FFFFFFFF6A
:104DE000010000008000000006000000D8F0FFFF76
:104DF0002C00000073657175656E7469616C5F31BC
:104E00002F636F6E7631645F312F636F6E766F6CD8
:104E10007574696F6E2F457870616E6444696D7347
:104E2000000000000400000001000000010000007C
:104E3000800000000600000052F2FFFF00000001A9
:104E40001400000024030000180000000000000906
:104E50004003000094FCFFFF08000000080200006F
:104E60004000000000000000000000000000000002
:104E70000000000000000000000000000000000032
:104E80000000000000000000000000000000000022
:104E90000000000000000000000000000000000012
:104EA0000000000000000000000000000000000002
:104EB00000000000000000000000000000000000F2
:104EC00000000000000000000000000000000000E2
:104ED00000000000000000000000000000000000D2
:104EE00000000000000000000000000000000000C2
:104EF00000000000000000000000000000000000B2
:104F000000000000000000000000000000000000A1
:104F10000000000000000000000000000000000091
:104F20000000000000000000000000000000000081
:104F30000000000000000000000000000000000071
:104F40000000000000000000000000000000000061
:104F50000000000000000000000000000000000051
:104F60000000000000000000000000000000000041
:104F70000000000000000000000000000000000031
:104F80000000000000000000000000000000000021
:104F90000000000000000000000000000000000011
:104FA0000000000000000000000000000000000001
:104FB00000000000000000000000000000000000F1
:104FC00000000000000000000000000000000000E1
:104FD00000000000000000000000000000000000D1
:104FE00000000000000000000000000000000000C1
:104FF00000000000000000000000000000000000B1
:1050000000000000000000000000000000000000A0
:105010000000000000000000000000000000000090
:105020000000000000000000000000000000000080
:105030000000000000000000000000000000000070
:105040000000000000000000000000000000000060
:105050000000000000000000000000000000000050
:105060000000000040000000D453293C8CE1B53B17
:1050700088D00D3C1F06213C0237513C8F2BFC3B56
:10508000A51DE53B2367093C8047593CDE05FC3BF9
:105090003246403CD887823CA450C83B427D023C0B
:1050A000D0EF563C273DE63B7A0DFC3B98F10A3C9D
:1050B000B497083C8E5B673CEB57DE3B5F93293C23
:1050C0005854403C7AFB1C3CC2685B3CACA0FC3BA7
:1050D000CF34E23B6BC7153C8BE3273C8439D23B92
:1050E0007B3B0F3C8CC0343CF3C81C3C160A1C3C78
:1050F000D63AD03BFDFEE53B5C2FCF3B061AED3B9D
:1051000060DE383CC721F93B7E4F753CB5DDCD3BB9
:10511000A66BBB3B5149D43BE2EA8E3C34A8D23B60
:10512000C29DE53BA925453CA3E0003C80AE043C84
:105130007AEAEF3B175A043CFBBB303CF69B2C3C15
:105140000A64C53C6B976E3CE1A3E93BBAC4EC3BF7
:10515000AE464D3C1EBC003C96EC753C70C0393CE4
:10516000CB0BF23B9ECA0A3C2300000073657175AD
:10517000656E7469616C5F312F636F6E7631645F49
:10518000315F322F636F6E766F6C7574696F6E006E
:1051900004000000400000000100000005000000C5
:1051A00020000000BEF5FFFF00000001200000000D
:1051B000B00100001700000000000009CC01000051
:1051C0000C000C0000000000080004000C000000AF
:1051D000080000000801000020000000000000009E
:1051E00000000000000000000000000000000000BF
:1051F00000000000000000000000000000000000AF
:10520000000000000000000000000000000000009E
:10521000000000000000000000000000000000008E
:10522000000000000000000000000000000000007E
:10523000000000000000000000000000000000006E
:10524000000000000000000000000000000000005E
:10525000000000000000000000000000000000004E
:10526000000000000000000000000000000000003E
:10527000000000000000000000000000000000002E
:10528000000000000000000000000000000000001E
:10529000000000000000000000000000000000000E
:1052A00000000000000000000000000000000000FE
:1052B00000000000000000000000000000000000EE
:1052C00000000000000000000000000000000000DE
:1052D00000000000000000000000000020000000AE
:1052E000801CE93B54C2F03B8016F33B44D60D3C96
:1052F0009C69193C79CE293C4644E43B91ABCC3BBC
:105300000090083C41A70B3C21EDC33BB464E23B59
:10531000233F243CCB73013C4405D53BD288D33B8F
:10532000891ADC3B38A21E3C9B23E03B9375FC3B77
:105330003AE6DD3BF399CD3B48E80B3C9673AE3B38
:10534000B80C043C57B3E73B0E75003C00E6BE3B8F
:10535000FE6F0C3C0E6DFC3B58A0F43B1460B23B5E
:105360002300000073657175656E7469616C5F314F
:105370002F636F6E7631645F325F312F636F6E76AD
:105380006F6C7574696F6E000400000020000000EF
:10539000010000000300000040000000B6F7FFFF1E
:1053A00000000001140000001400000016000000BE
:1053B0000000000238000000A4F6FFFF29000000F2
:1053C00073657175656E7469616C5F312F636F6EA3
:1053D0007631645F312F636F6E766F6C7574696FB1
:1053E0006E2F53717565657A65000000010000003D
:1053F000030000000EF8FFFF000000011400000091
:105400001400000015000000000000023C00000035
:10541000FCF6FFFF2E00000073657175656E746900
:10542000616C5F312F6D61785F706F6F6C696E6753
:1054300031645F312F4D6178506F6F6C31642F5341
:10544000717565657A6500000100000003000000C9
:105450006AF8FFFF000000011400000014000000C3
:1054600014000000000000023800000058F7FFFFA1
:105470002B00000073657175656E7469616C5F3136
:105480002F636F6E7631645F315F322F636F6E769C
:105490006F6C7574696F6E2F53717565657A6500F1
:1054A0000100000003000000C2F8FFFF000000013F
:1054B00014000000140000001300000000000002AF
:1054C00040000000B0F7FFFF300000007365717509
:1054D000656E7469616C5F312F6D61785F706F6F9D
:1054E0006C696E6731645F315F322F4D6178506F48
:1054F0006F6C31642F53717565657A65000000002B
:10550000010000000300000022F9FFFF000000017D
:10551000140000001400000012000000000000024F
:105520003800000010F8FFFF2B0000007365717554
:10553000656E7469616C5F312F636F6E7631645F85
:10554000325F312F636F6E766F6C7574696F6E2F7B
:1055500053717565657A6500010000000300000065
:1055600026FAFFFF000000011000000010000000FC
:10557000110000002800000064F8FFFF1A0000007E
:1055800073657175656E7469616C5F312F64656EEA
:1055900073655F315F322F416464000001000000D9
:1055A000010000006AFAFFFF000000011000000087
:1055B0001000000010000000B0000000A8F8FFFF7D
:1055C000A200000073657175656E7469616C5F316E
:1055D0002F636F6E7631645F312F52656C753B734C
:1055E000657175656E7469616C5F312F636F6E767E
:1055F00031645F312F426961734164643B7365714B
:1056000075656E7469616C5F312F636F6E7631649E
:105610005F312F636F6E766F6C7574696F6E2F5389
:10562000717565657A653B73657175656E746961E1
:105630006C5F312F636F6E7631645F312F537175FC
:1056400065657A653B73657175656E7469616C5FDC
:10565000312F636F6E7631645F312F636F6E766FBB
:105660006C7574696F6E000001000000200000007E
:1056700036FBFFFF000000011000000010000000DA
:105680000F000000BC00000074F9FFFFAC00000038
:1056900073657175656E7469616C5F312F636F6ED0
:1056A0007631645F315F322F52656C753B73657183
:1056B00075656E7469616C5F312F636F6E763164EE
:1056C0005F315F322F426961734164643B7365717E
:1056D00075656E7469616C5F312F636F6E763164CE
:1056E0005F315F322F636F6E766F6C7574696F6EAA
:1056F0002F53717565657A653B73657175656E7459
:1057000069616C5F312F636F6E7631645F315F3238
:105710002F53717565657A653B73657175656E7438
:1057200069616C5F312F636F6E7631645F315F3218
:105730002F636F6E766F6C7574696F6E000000007A
:1057400001000000400000000EFCFFFF000000010F
:1057500010000000100000000E000000BC0000005F
:105760004CFAFFFFAC00000073657175656E7469DB
:10577000616C5F312F636F6E7631645F325F312F02
:1057800052656C753B73657175656E7469616C5FAC
:10579000312F636F6E7631645F325F312F42696102
:1057A000734164643B73657175656E7469616C5FA8
:1057B000312F636F6E7631645F325F312F636F6EAE
:1057C000766F6C7574696F6E2F53717565657A6548
:1057D0003B73657175656E7469616C5F312F636FC2
:1057E0006E7631645F325F312F53717565657A650E
:1057F0003B73657175656E7469616C5F312F636FA2
:105800006E7631645F325F312F636F6E766F6C75C9
:1058100074696F6E000000000100000020000000AD
:10582000E6FCFFFF00000001100000001000000077
:105830000D0000004400000024FBFFFF36000000C4
:1058400073657175656E7469616C5F312F64656E27
:1058500073655F312F52656C753B73657175656E4D
:105860007469616C5F312F64656E73655F312F42BF
:1058700069617341646400000100000010000000D1
:1058800046FDFFFF000000011000000010000000B6
:105890000C0000003000000084FBFFFF210000002E
:1058A00073657175656E7469616C5F312F636F6EBE
:1058B0007631645F312F636F6E766F6C7574696FCC
:1058C0006E00000004000000200000000100000045
:1058D00005000000060000009EFDFFFF0000000123
:1058E00010000000100000000B0000002C00000061
:1058F000DCFBFFFF1D00000073657175656E746948
:10590000616C5F312F64656E73655F315F322F4D5F
:1059100061744D756C000000020000000100000081
:1059200010000000EAFDFFFF000000011000000071
:10593000100000000A0000002800000028FCFFFF03
:105940001B00000073657175656E7469616C5F3171
:105950002F64656E73655F312F4D61744D756C00FA
:1059600002000000100000002000000032FEFFFFD7
:1059700000000001100000001000000009000000FD
:105980004000000070FCFFFF32000000736571757D
:10599000656E7469616C5F312F62617463685F6EFC
:1059A0006F726D616C697A6174696F6E5F325F31BD
:1059B0002F62617463686E6F726D2F737562000081
:1059C00001000000200000008EFEFFFF000000012B
:1059D000100000001000000008000000400000005F
:1059E000CCFCFFFF3200000073657175656E746951
:1059F000616C5F312F62617463685F6E6F726D619D
:105A00006C697A6174696F6E5F325F312F626174A5
:105A100063686E6F726D2F6D756C00000100000081
:105A200020000000EAFEFFFF00000001100000005F
:105A300010000000070000004000000028FDFFFFEC
:105A40003000000073657175656E7469616C5F315B
:105A50002F62617463685F6E6F726D616C697A61E9
:105A600074696F6E5F312F62617463686E6F726DFF
:105A70002F7375620000000001000000200000008C
:105A800046FFFFFF000000011000000010000000B2
:105A9000060000004000000084FDFFFF3000000011
:105AA00073657175656E7469616C5F312F626174C5
:105AB00063685F6E6F726D616C697A6174696F6E35
:105AC0005F312F62617463686E6F726D2F6D756CDC
:105AD000000000000100000020000000A2FFFFFF06
:105AE0000000000110000000100000000500000090
:105AF00040000000E0FDFFFF32000000736571759B
:105B0000656E7469616C5F312F62617463685F6E8A
:105B10006F726D616C697A6174696F6E5F315F324B
:105B20002F62617463686E6F726D2F73756200000F
:105B300001000000400000000000160018001400E2
:105B4000000010000C00080000000000000007002A
:105B5000160000000000000110000000100000000E
:105B6000040000004000000054FEFFFF320000006F
:105B700073657175656E7469616C5F312F626174F4
:105B800063685F6E6F726D616C697A6174696F6E64
:105B90005F315F322F62617463686E6F726D2F6D5B
:105BA000756C00000100000040000000C6FFFFFF10
:105BB00000000001140000001400000003000000B9
:105BC000000000021C000000B4FEFFFF0F000000F8
:105BD00061726974682E636F6E7374616E743100E4
:105BE00000000000000016001C0018001700100044
:105BF0000C00080000000000000007001600000074
:105C00000000000114000000140000000200000069
:105C1000000000021C00000004FFFFFF0E00000057
:105C200061726974682E636F6E7374616E740000C4
:105C300000000000000016001C0018000000140006
:105C400010000C0000000000080007001600000013
:105C500000000001140000002000000020000000EF
:105C6000010000003C00000003000000FFFFFFFFF8
:105C7000800000000600000064FFFFFF1E0000001F
:105C800073657276696E675F64656661756C745F73
:105C90006B657261735F74656E736F723A3000008A
:105CA000030000000100000080000000060000006A
:105CB000090000009C0000007C0000006000000063
:105CC00058000000440000003400000024000000E0
:105CD000140000000400000094FFFFFF0E0000000D
:105CE0000000000EA0FFFFFF0900000000000009F7
:105CF000ACFFFFFF2800000000000028B8FFFFFFF6
:105D00001100000000000011C4FFFFFF160000009A
:105D1000000000160400040004000000D8FFFFFF8C
:105D200012000000000000120C0010000F00000024
:105D3000080004000C000000030000000500000043
:105D4000000000030C000C000B0000000000040029
:105D50000C000000460000000000004600000000AB
:105D60004F66666C696E654D656D6F7279416C6CDE
:105D70006F636174696F6E00020000000000000034
:105D80000000000001000000000000000000000012
:105D90000000000000000000020000000000000001
:105DA00002000000000000000000000001000000F0
:105DB00000000000010000000000000000000000E2
:105DC000415300103953001091A5011091A5011005
:105DD00091A5011091A5011091A5011091A50110A7
:105DE00091A501100000000000000000195F0010E4
:105DF000115F001091A5011091A5011091A501104E
:105E000091A5011091A5011091A5011091A5011076
:105E100091A5011091A5011091A5011091A5011066
:105E2000315D0010155E0010B95E0010255D001098
:105E3000B18C01100000000000000000C9820010B9
:105E4000BD820010298300100D83001000000000A7
:105E500000000000159200100D92001091A5011095
:105E60000000000000000000E5C10010D5BC0010DB
:105E7000E5BE0010E5B7001001B800102DB8001005
:105E800019B80010ADBC001041C4001025C40010AA
:105E900025C00010C1BD0010F1B600101DC30010D8
:105EA000B1C20010E9B90010D5C000100000000018
:105EB0000000000091A5011091A5011091A501100D
:105EC00035CB00102DCB00100000000000000000BA
:105ED00009DA0010EDD90010B1D90010000000005F
:105EE0000000000069DA001061DA001091A50110CD
:105EF00035DA001091A5011091A5011091A50110AE
:105F000025DA001091A501101DDA00100000000034
:105F100000000000CDE90010B1E90010CDE800104C
:105F200041E9001089E40010C5E1001029E40010E7
:105F300055E80010798F0110D1E100100000000039
:105F40000000000021EB001005EB001065EA0010D6
:105F500035DA001055EA0010E1E90010F1E900100F
:105F600025DA0010D58F01101DDA001000000000A6
:105F70000000000091A5011091A50110D5EE0010C0
:105F8000CDEE00100000000000000000550F0110D1
:105F9000390F0110F1070110650C0110950A01106D
:105FA000890C0110210C011031060110DD0D0110CA
:105FB00005070110D90A0110410901104906011015
:105FC000E90D0110D10C01100000000000000000DC
:105FD00061910110C5910110F99001104D4001101F
:105FE0003140011000000000000000004D4601108B
:105FF00031460110ED440110AD45011085430110FB
:106000002145011069450110BD430110FD430110F8
:106010004D4301103D440110B1430110E945011009
:10602000A944011081450110B95E001029440110F6
:10603000659201100000000000000000B150011046
:10604000A950011091A5011091A5011000000000B8
:1060500000000000AD54011091540110E9500110EE
:10606000F5510110115201105952011099520110AD
:106070005551011039530110B192011055530110BF
:10608000BD92011071920110DD520110A192011018
:10609000FCFFFFFF00000000C9A40110B9A401101B
:1060A000A1A40110D9A4011000000000000000000C
:1060B000ED5E0110E55E011091A5011091A50110A2
:1060C00091A5011091A5011091A5011091A50110B4
:1060D00091A5011091A5011091A5011091A50110A4
:1060E00091A501107F00000080FFFFFFFF0000006E
:1060F00000000000FFFFFF7F00000080FF7F000026
:106100000080FFFF7F00000080FFFFFF7F00000096
:1061100080FFFFFFFF7F00000080FFFF7F00000087
:1061200080FFFFFFFFFFFF7F00000080FF7F000078
:106130000080FFFF7F00000080FFFFFFFF7F000067
:106140000080FFFF14730210BB7202102678021049
:10615000E1720210D7720210BC730210DB750210DC
:10616000BB7802105179021018730210AA7802103D
:1061700034780210B072021045780210A07202103A
:106180006278021074770210CB720210017702104D
:10619000DC7A0210197202107D720210E47402108F
:1061A000D078021022780210227B02103B76021077
:1061B000E67502102B760210D279021005770210D4
:1061C000E37602102A77021050750210067302104F
:1061D0000A780210FE7802105773021069730210D9
:1061E00046750210B977021092720210E77A021017
:1061F000BA7502105C770210E3730210EF77021099
:10620000CC7802103D7202104D7A02101E7B0210F3
:106210006875021040770210C67A0210D07A021018
:1062200095770210357B021083770210037A0210F3
:106230000F7602102C72021005790210AA76021055
:10624000B8760210257A02101A740210EB77021049
:10625000EB7A02101A750210C4740210F37902105E
:10626000C7760210C37602101D760210B5770210B1
:10627000BE7A0210BD7A0210E67402101A7B021078
:10628000CE770210537A02109A7302102A7B021002
:106290004C7602107F7902105E7A02102873021089
:1062A000667A02104A760210C3770210E17A021071
:1062B0006D7B0210FE74021076740210F3760210E9
:1062C00090730210707402102F790210D67A0210A7
:1062D00020740210FF720210AD790210FA7A0210D7
:1062E000B3750210CD760210327202108778021058
:1062F0007B730210FF7902100575021051760210AF
:10630000DD7A021033740210FE750210DD75021082
:10631000EE7502105173021030760210EB75021008
:10632000BE7402104F720210667202108573021062
:1063300045720210527B0210AD770210F8760210FF
:10634000B17902109D770210447402108D7802100A
:10635000A9720210E97202100A7602105676021033
:10636000A57902109F74021042730210937A0210F2
:10637000C2750210E87602102A750210A974021084
:10638000817402108F740210E47902107D7602107D
:10639000D1750210317702105B760210CB7A0210B1
:1063A000FB7302100D720210A67302103D7B0210E7
:1063B000A477021026720210D6770210BE77021060
:1063C000C37A021073790210417A02109672021099
:1063D0000A7302105F7402105A7B02108B7702104E
:1063E000DA7402109A780210897502100F77021081
:1063F0007178021010740210D27602104E740210DE
:106400009779021034730210C97402106776021073
:106410004779021013760210797702107175021015
:106420008A7902101F790210E0780210B37A021004
:106430001B7A0210087A0210217602100D790210E0
:10644000EC740210817A0210CB730210F173021007
:10645000F17202108372021094760210027B021015
:10646000A47A0210B4740210F47802103C75021081
:1064700082750210577902100C7B02109F75021072
:106480002C7A0210727A02100B75021000000000C4
:106490005B494E5650435D616E20696E746567724C
:1064A00069747920636865636B206572726F72200E
:1064B000686173206F636375727265640D0A005BB7
:1064C000554E444546494E5354525D616E20756E9B
:1064D000646566696E656420696E73747275637451
:1064E000696F6E206572726F7220686173206F63CE
:1064F0006375727265640D0A005B44495642595ACD
:1065000045524F5D616E20696E74656765722064E7
:1065100069766973696F6E206279207A65726F207F
:106520006572726F7220686173206F636375727237
:1065300065640D0A005B494D50524543495345522D
:10654000525D496D70726563697365206461746141
:1065500020616363657373206572726F7220686176
:1065600073206F636375727265640D0A005B554E2C
:10657000414C49474E45445D616E20756E616C69C2
:10658000676E656420616363657373206572726F03
:106590007220686173206F636375727265640D0A9F
:1065A000005B494255534552525D696E7374727572
:1065B0006374696F6E20627573206572726F7220EA
:1065C000686173206F636375727265640D0A005BA6
:1065D0004E4F43505D6120636F70726F63657373DC
:1065E0006F722064697361626C6564206F72206EE3
:1065F0006F742070726573656E74206572726F724D
:1066000020686173206F636375727265640D0A00A0
:106610005B53544B4F465D6120737461636B206F15
:10662000766572666C6F77206572726F7220686132
:1066300073206F636375727265640D0A005B494E67
:106640005653544154455D20616E20455053522E9F
:1066500054206F7220455053522E49542076616C5D
:106660006964697479206572726F72206861732041
:106670006F636375727265640D0A005B4D4C535015
:106680004552525D41204D656D4D616E61676520DB
:106690006661756C74206F636375727265642064E3
:1066A0007572696E6720666C6F6174696E672D70B4
:1066B0006F696E74206C617A7920737461746520DF
:1066C000707265736572766174696F6E0D0A005B36
:1066D0004C53504552525D4120627573206661757E
:1066E0006C74206F6363757272656420647572697F
:1066F0006E6720666C6F6174696E672D706F696E6E
:1067000074206C617A79207374617465207072658D
:10671000736572766174696F6E0D0A005B4D554E3C
:1067200053544B4552525D556E737461636B2066D2
:106730006F7220616E20657863657074696F6E207A
:1067400072657475726E206861732063617573651C
:1067500064206F6E65206F72206D6F7265206163BB
:10676000636573732076696F6C6174696F6E730D06
:106770000A005B4D53544B4552525D537461636B39
:10678000696E6720666F7220616E20657863657040
:1067900074696F6E20656E7472792068617320630E
:1067A0006175736564206F6E65206F72206D6F7206
:1067B00065206163636573732076696F6C617469CA
:1067C0006F6E730D0A005B554E53544B4552525D2C
:1067D000556E737461636B20666F7220616E206505
:1067E0007863657074696F6E2072657475726E205F
:1067F00068617320636175736564206F6E65206FD7
:1068000072206D6F7265204275734661756C74738A
:106810000D0A005B53544B4552525D537461636BD8
:10682000696E6720666F7220616E2065786365709F
:1068300074696F6E20656E7472792068617320636D
:106840006175736564206F6E65206F72206D6F7265
:1068500065204275734661756C74730D0A004D6551
:106860006D4D616E616765204661756C740D0A003F
:106870005573616765204661756C740D0A00436F3E
:106880006E666967757261626C65204661756C74CD
:106890000D0A00566563746F72204661756C740D45
:1068A0000A00427573204661756C740D0A004465D8
:1068B000627567204576656E74204661756C740D4F
:1068C0000A005B5052454349534552525D20646172
:1068D000746120627573206572726F7220686173D3
:1068E000206F636375727265642C205043203A20D8
:1068F0003078253038780D0A005B444143435649CF
:106900004F4C5D205468652070726F636573736FC0
:106910007220617474656D707465642061206C6FA1
:106920006164206F722073746F72652061742061DE
:10693000206C6F636174696F6E2074686174206489
:106940006F6573206E6F74207065726D697420744A
:106950006865206F7065726174696F6E2C2050439A
:10696000203A203078253038780D0A005B494143C1
:106970004356494F4C5D5468652070726F63657370
:10698000736F7220617474656D7074656420616EDC
:1069900020696E737472756374696F6E20666574B6
:1069A00063682066726F6D2061206C6F636174692B
:1069B0006F6E207468617420646F6573206E6F74ED
:1069C000207065726D697420657865637574696F90
:1069D0006E2C205043203A203078253038780D0A2C
:1069E000004154203A3078253038780D0A004F6342
:1069F000637572656420696E207461736B2E0A0082
:106A00005573696E67207533324D73702E0A0055C9
:106A100073696E67207533325073702E0A004F63AE
:106A2000637572656420696E20696E746572727533
:106A300070742E0A00537461636B206672616D6519
:106A40003A0A00616464723A203078253034580A7A
:106A5000004E4D495F48616E646C65723A20253086
:106A600038582C20253038582C20253038580A002A
:106A7000636F646520202020203A2030782530384C
:106A8000580A00523020203A203078253038580AF1
:106A900000523120203A203078253038580A0052F0
:106AA0003220203A203078253038580A00523320DE
:106AB000203A203078253038580A00504320203AB8
:106AC000203078253038580A004C5220203A2030A7
:106AD00078253038580A00523132203A2030782553
:106AE0003038580A00785053523A203078253038E0
:106AF000580A006F626A6563745F69643A2030788F
:106B0000253038580A00696E666F3A203078253093
:106B100038580A005B486172644661756C745F485E
:106B2000616E646C65725D43757272656E74206D22
:106B300073703A203078253038580A0073797374AE
:106B4000656D206572726F72206F63637572730A70
:106B5000006F7320657272206F63637572730A0031
:106B6000753332457272496E666F313A25752075FC
:106B70003332457272496E666F323A25750A007576
:106B800031364572724D6F64756C653A25752075A6
:106B900031364572724C696E653A25750A002320BC
:106BA00020202020202053797374656D2053656C5C
:106BB000662D54657374205265706F7274202020A6
:106BC0002020202020230D0A0023232323232323F6
:106BD0002323232323232323232323232323232385
:106BE0002323232323232323232323232323232375
:106BF000230D0A005B434845434B5D205258203D1E
:106C00002050333920284750494F422E37290D0A4A
:106C1000005B434845434B5D205458203D20503491
:106C20003120284750494F422E39290D0A005B4137
:106C300050505D20414920696E666572656E6365DE
:106C400020656E67696E6520696E697420464149EA
:106C50004C4544202872633D2564290D0A003D3DC2
:106C60003D3D3D3D3D3D3D3D3D3D3D3D3D3D3D3D54
:106C70003D3D3D3D3D3D3D3D3D3D3D3D3D3D3D3D44
:106C80003D3D3D3D0D0A005B4150505D2041492096
:106C9000696E666572656E636520656E67696E65AF
:106CA00020696E697469616C697A6564204F4B0D67
:106CB0000A005B434845434B5D20436C6F636B2088
:106CC000736F757263653A204443584F31364D0DEA
:106CD0000A005B434C4B5D206265666F72652072F3
:106CE0006F6D5F68616C5F706D755F7365745F7306
:106CF00079735F636C6B5F7372630D0A005B434C67
:106D00004B5D20616674657220726F6D5F68616CA7
:106D10005F706D755F7365745F7379735F636C6BC0
:106D20005F7372630D0A005B4D41494E5D20626FD7
:106D30006F7420726561636865640D0A005B415081
:106D4000505D204E6F726D616C206D6F64652073B5
:106D50007461727465640D0A005B434845434B5D82
:106D6000204465627567205541525420696E6974EC
:106D700069616C697A65640D0A002020424C4520E7
:106D80005065726970686572616C202B20414920E2
:106D9000496E666572656E63650D0A005B5045520B
:106DA000495D207065726970686572616C5F696EBB
:106DB000697420646F6E650D0A005B48425D206C4B
:106DC0006F6F703D257520616C6976650D0A002036
:106DD000204275696C743A2025732025730D0A00D2
:106DE0005B434845434B5D20426175647261746545
:106DF0003A20313135323030206270730D0A002074
:106E000020554152542042617564726174653A2084
:106E10002575206270730D0A005B504552495D2054
:106E20006166746572206170705F64656275675F2A
:106E3000696E69740D0A005B544553545D204750D8
:106E4000494F2050323920284750494F412E32397E
:106E50002920E7BDAEE9AB98E6B58BE8AF950D0A02
:106E6000005B4150505D2050323920284750494F37
:106E7000412E32392920E5BF83E8B7B3E781AFE57A
:106E8000B7B2E6BF80E6B4BBEFBC8CE7BAA6E6AF0C
:106E90008FE7A792E7BFBBE8BDACE4B880E6ACA142
:106EA0000D0A0031333A35333A31300053657020E2
:106EB0003135203230323600496E76616C6964209B
:106EC000706172616D65746572204275696C746978
:106ED0006E4F70657261746F725F435553544F4DBE
:106EE00020746F207468652000436F756C646E2792
:106EF00074207265676973746572206275696C7459
:106F0000696E206F70202325642C207265736F6C6E
:106F10007665722073697A65200043616C6C696ED6
:106F200067204164644275696C74696E2077697486
:106F300068207468652073616D65206F70206D6FC7
:106F40007265207468616E2000496E666572656EB8
:106F50006365206661696C65642100416C6C6F63D8
:106F600061746554656E736F7273206661696C65D8
:106F70006421004D6F64656C20736368656D6120EA
:106F800076657273696F6E206D69736D6174636885
:106F900021006F6E6365206973206E6F74207375B6
:106FA00070706F7274656420284F703A20232564D6
:106FB000292E00697320746F6F20736D616C6C20D3
:106FC000282564292E004164644275696C74696ED9
:106FD0002066756E6374696F6E2E002A7265696E25
:106FE000746572707265745F636173743C63686129
:106FF000722A3E2826656E6469616E746573742911
:10700000203D3D20464C4154425546464552535F33
:107010004C4954544C45454E4449414E00496E70CC
:1070200075742073697A65206D69736D6174636826
:10703000212045787065637465642025642C206781
:107040006F74202564002E2E2F2E2E2F2E2E2F2EE5
:107050002E2F74686972645F70617274792F746620
:107060006C6D2D747265652F74686972645F7061F0
:107070007274792F666C6174627566666572732FBF
:10708000696E636C7564655C666C61746275666676
:107090006572732F6275666665722E680046616957
:1070A0006C6564207374617274696E67206D6F64BF
:1070B000656C20616C6C6F636174696F6E2E0A0081
:1070C000556E737570706F72746564206265686167
:1070D00076696F723A20666F756E64206275696CAE
:1070E00074696E206F70657261746F7220257320F1
:1070F0007769746820637573746F6D206F7074693D
:107100006F6E732E0A004D697373696E6720726526
:1071100067697374726174696F6E20666F72206F35
:1071200070636F64655F696E6465782025640A002A
:10713000536B697070696E67206F7020666F722084
:107140006F70636F64655F696E6465782025640A9B
:1071500000496E766F6B6528292063616C6C6564ED
:1071600020616674657220696E697469616C697A00
:107170006174696F6E206661696C65640A004661BE
:10718000696C656420746F20676574207265676937
:107190007374726174696F6E2066726F6D206F70A8
:1071A00020636F64652025730A200069203C2073EA
:1071B000697A65282900496E70757420696E646566
:1071C00078202564206F7574206F662072616E6769
:1071D0006520286C656E67746820697320256429B2
:1071E000004F757470757420696E6465782025642D
:1071F000206F7574206F662072616E676520286C41
:10720000656E677468206973202564290052454CB7
:10721000555F305F544F5F310052454C555F4E31E2
:107220005F544F5F31004154414E3200504144564B
:107230003200524556455253455F563200544F5026
:107240004B5F56320053454C4543545F5632004E17
:107250004F4E5F4D41585F5355505052455353491F
:107260004F4E5F5634004E4F4E5F4D41585F535561
:10727000505052455353494F4E5F56350052454C7E
:10728000553600535441424C45484C4F5F494F548A
:10729000410053554200535441424C45484C4F5FC6
:1072A0004C4F4749535449430052464654324400D8
:1072B0004C325F504F4F4C5F324400415645524173
:1072C00047455F504F4F4C5F3244004D41585F502F
:1072D0004F4F4C5F32440044455054485749534542
:1072E0005F434F4E565F324400434F4E565F334428
:1072F00000535441424C45484C4F5F504144004D6F
:107300004952524F525F50414400535441424C4500
:10731000484C4F5F4144440046554C4C595F434FE5
:107320004E4E4543544544004C4F474943414C5F02
:10733000414E4400535441424C45484C4F5F414EEE
:107340004400484153485441424C455F46494E44ED
:1073500000524F554E440042415443485F544F5FE2
:1073600053504143455F4E440053504143455F54A1
:107370004F5F42415443485F4E44004741544845A3
:10738000525F4E4400534341545445525F4E4400B3
:10739000464C4F4F525F4D4F440052454455434574
:1073A0005F50524F4400554E534F525445445F5323
:1073B00045474D454E545F50524F4400444550544C
:1073C000485F544F5F535041434500535441424C32
:1073D00045484C4F5F44594E414D49435F534C49DA
:1073E000434500535452494445445F534C49434537
:1073F00000535441424C45484C4F5F44594E414D17
:1074000049435F5550444154455F534C49434500FF
:10741000535441424C45484C4F5F534C49434500FF
:10742000535155415245445F444946464552454EA5
:10743000434500524556455253455F5345515545C6
:107440004E43450043414C4C5F4F4E43450053541F
:1074500041424C45484C4F5F5245445543450053CB
:107460005441424C45484C4F5F44495649444500BD
:1074700052414E4745005A45524F535F4C494B4588
:1074800000524541445F5641524941424C450041FA
:10749000535349474E5F5641524941424C4500487B
:1074A0004153485441424C45005641525F48414E79
:1074B000444C4500535441424C45484C4F5F57485B
:1074C000494C450054494C4500535441424C4548B1
:1074D0004C4F5F434F53494E4500535441424C4536
:1074E000484C4F5F52455348415045005354414228
:1074F0004C45484C4F5F434F4D504152450053510E
:107500005541524500574845524500535441424C5D
:1075100045484C4F5F4341534500535041525345FA
:107520005F544F5F44454E534500434F4E565F33C3
:10753000445F5452414E53504F53450053544142BF
:107540004C45484C4F5F5452414E53504F534500A9
:10755000454D42454444494E475F4C4F4F4B555073
:107560005F5350415253450044454C4547415445B3
:1075700000535441424C45484C4F5F4E454741549F
:10758000450044494C41544500535441424C454800
:107590004C4F5F434F4E434154454E415445005379
:1075A0005441424C45484C4F5F434F4D504F534917
:1075B000544500554E495155450053515545455A7E
:1075C0004500484153485441424C455F53495A4550
:1075D000004255434B4554495A4500444551554195
:1075E0004E54495A450053564446004946004D41C1
:1075F000545249585F5345545F44494147004D41F7
:10760000545249585F4449414700494D4147004E53
:10761000454700535441424C45484C4F5F4C4F47FF
:1076200000535441424C45484C4F5F54414E480032
:10763000484152445F5357495348005350414345D2
:107640005F544F5F444550544800554E5041434BA2
:107650000052414E4B005245414C004D554C54494F
:107660004E4F4D49414C00535441424C45484C4FBC
:107670005F4558504F4E454E5449414C0052414E83
:10768000444F4D5F5354414E444152445F4E4F521C
:107690004D414C00535441424C45484C4F5F444F80
:1076A000545F47454E4552414C0047524541544571
:1076B000525F455155414C004C4553535F45515520
:1076C000414C004E4F545F455155414C0043454994
:1076D0004C00535441424C45484C4F5F4355535422
:1076E0004F4D5F43414C4C005245445543455F412B
:1076F0004C4C0046494C4C0042415443485F4D417C
:10770000544D554C00534B49505F4752414D005327
:107710005441424C45484C4F5F42524F41444341D3
:1077200053545F494E5F44494D00435553544F4DA8
:107730000052414E444F4D5F554E49464F524D0009
:107740004249444952454354494F4E414C5F534589
:107750005155454E43455F4C53544D00554E494499
:107760004952454354494F4E414C5F53455155454D
:107770004E43455F4C53544D00535441424C454891
:107780004C4F5F4D494E494D554D00535441424C6D
:1077900045484C4F5F4D4158494D554D0043554D5F
:1077A00053554D00554E534F525445445F53454732
:1077B0004D454E545F53554D004D45414E00534984
:1077C000474E005245445543455F4D494E00415296
:1077D000475F4D494E00554E534F525445445F53F9
:1077E00045474D454E545F4D494E0053494E00426A
:1077F00049444952454354494F4E414C5F534551CA
:1078000055454E43455F524E4E00554E49444952F0
:10781000454354494F4E414C5F53455155454E43A6
:10782000455F524E4E00434F4E434154454E4154E6
:10783000494F4E004C325F4E4F524D414C495A41D8
:1078400054494F4E004C4F43414C5F524553504FAB
:107850004E53455F4E4F524D414C495A4154494F4A
:107860004E004C53485F50524F4A454354494F4E87
:1078700000535441424C45484C4F5F434F4E564F86
:107880004C5554494F4E004144445F4E0042524FC4
:107890004144434153545F544F00535441424C457B
:1078A000484C4F5F434C414D500048415348544170
:1078B000424C455F4C4F4F4B555000454D4245445F
:1078C00044494E475F4C4F4F4B5550004558500070
:1078D000524553495A455F42494C494E4541520031
:1078E000535441424C45484C4F5F52454D41494EDF
:1078F00044455200535441424C45484C4F5F474128
:107900005448455200475245415445520053544152
:10791000424C45484C4F5F534341545445520053E9
:107920005441424C45484C4F5F504F5745520052CE
:107930004553495A455F4E4541524553545F4E4564
:10794000494748424F5200535441424C45484C4FDE
:107950005F464C4F4F5200535441424C45484C4FA8
:107960005F524E475F4249545F47454E455241542E
:107970004F5200424954574953455F584F52004CAB
:107980004F474943414C5F4F5200535441424C458D
:10799000484C4F5F4F5200535441424C45484C4F66
:1079A0005F41425300434F4D504C45585F41425355
:1079B00000504C414345484F4C4445525F464F525E
:1079C0005F475245415445525F4F505F434F4445D6
:1079D0005300434F4E4341545F454D424544444953
:1079E0004E47530042524F4144434153545F41522A
:1079F000475300455850414E445F44494D5300435E
:107A00004F53004C45535300535441424C45484C4E
:107A10004F5F535542545241435400535441424CDA
:107A200045484C4F5F53454C4543540053544142E5
:107A30004C45484C4F5F53484946545F4C4546546B
:107A40000052494748545F53484946540053504CEC
:107A500049540046414B455F5155414E54004F4EED
:107A6000455F484F54004C4F474943414C5F4E4F90
:107A70005400535441424C45484C4F5F434252548A
:107A800000535441424C45484C4F5F434F4E56457E
:107A9000525400484153485441424C455F494D506F
:107AA0004F525400535441424C45484C4F5F534F42
:107AB000525400535441424C45484C4F5F5253512D
:107AC000525400424954434153540047454C5500D9
:107AD0005052454C55004C45414B595F52454C5511
:107AE00000464C4F4F525F444956005452414E534A
:107AF000504F53455F434F4E560053504C49545FCF
:107B00005600535441424C45484C4F5F52454455F2
:107B100043455F57494E444F5700504F57004C4F15
:107B2000475F534F46544D415800524544554345D5
:107B30005F4D4158004152475F4D415800554E53EB
:107B40004F525445445F5345474D454E545F4D4158
:107B5000580044454E5349465900535441424C4500
:107B6000484C4F5F4D554C5449504C590052454478
:107B70005543455F414E59004661696C6564207408
:107B80006F20696E697469616C697A6520696E70CD
:107B900075742074656E736F722025640046616988
:107BA0006C656420746F20696E697469616C697AB0
:107BB00065206F75747075742074656E736F7220B4
:107BC0002564004661696C656420746F20616C6C8B
:107BD0006F63617465206D656D6F727920666F7279
:107BE00020636F6E746578742D3E696E7075745F76
:107BF00074656E736F72735F2C20256420627974D4
:107C00006573207265717569726564004661696C9F
:107C1000656420746F20616C6C6F63617465206DA6
:107C2000656D6F727920666F7220636F6E74657810
:107C3000742D3E6F75747075745F74656E736F72BA
:107C4000735F2C20256420627974657320726571DE
:107C500075697265640047657454656E736F722050
:107C6000726571756972657320616C6C2074656EE4
:107C7000736F727320746F20626520707265736514
:107C800072766564002E2E2F2E2E2F2E2E2F2E2E46
:107C90002F74686972645F70617274792F74666C96
:107CA0006D2D747265652F74686972645F7061729E
:107CB00074792F666C6174627566666572732F697C
:107CC0006E636C7564655C666C617462756666652E
:107CD00072732F766563746F722E68004469642036
:107CE0006E6F742066696E642061207061727365C6
:107CF0007220666F7220257300556E61626C65207C
:107D0000746F20616C6C6F636174652054664C699C
:107D10007465416666696E655175616E74697A61F4
:107D200074696F6E2E0A00556E61626C6520746F07
:107D300020616C6C6F63617465207175616E74692C
:107D40007A6174696F6E2D3E7A65726F5F706F69CC
:107D50006E742E0A004661696C656420746F207031
:107D60006F70756C61746520612074656D7020544E
:107D7000664C69746554656E736F722073747275A6
:107D800063742066726F6D20666C617462756666DE
:107D90006572206461746121004661696C656420CC
:107DA000746F20706F70756C6174652061207065F0
:107DB0007273697374656E742054664C697465548B
:107DC000656E736F72207374727563742066726F60
:107DD0006D20666C6174627566666572206461749C
:107DE0006121005363726174636820627566666521
:107DF000722072657175657374206578636565645A
:107E000073206C696D697420706572206F70657283
:107E100061746F722028256429004661696C65646D
:107E200020746F20616C6C6F63617465206D656D8B
:107E30006F727920666F72206D6F64656C206D655E
:107E40007461646174612E004661696C65642074BC
:107E50006F20616C6C6F63617465206D656D6F720E
:107E60007920666F72206E6F64655F616E645F7209
:107E70006567697374726174696F6E732E00466111
:107E8000696C656420746F20616C6C6F63617465EC
:107E9000207661726961626C652074656E736F72C1
:107EA000206F662073697A65202564004661696CDD
:107EB000656420746F20616C6C6F636174652074FD
:107EC000656D702E206D656D6F727920666F722002
:107ED00074656E736F722025642C207375626772EF
:107EE000617068202564004661696C656420746F68
:107EF00020696E697469616C697A652074656E7356
:107F00006F72202564004661696C656420746F207F
:107F1000616C6C6F63617465206D656D6F72792043
:107F2000666F7220636F6E746578742D3E6576613E
:107F30006C5F74656E736F72732C20256420627998
:107F4000746573207265717569726564004D69634B
:107F5000726F416C6C6F6361746F723A204D6F6425
:107F6000656C20616C6C6F636174696F6E207374F3
:107F70006172746564206265666F72652066696E01
:107F8000697368696E672070726576696F75736C66
:107F90007920616C6C6F6361746564206D6F6465DA
:107FA0006C004D6963726F416C6C6F6361746F72CA
:107FB0003A204D6F64656C20616C6C6F636174690D
:107FC0006F6E2066696E6973686564206265666FAE
:107FD0007265207374617274696E6720616C6C6F76
:107FE000636174696E67206D6F64656C00466169DA
:107FF0006C656420746F20616C6C6F6361746520C4
:108000006D656D6F727920666F722070657273692D
:108010007374656E742054664C69746554656E7330
:108020006F7200416363657373696E672074656E78
:10803000736F7220256420627574206F6E6C7920D6
:1080400025642074656E736F727320666F756E643D
:1080500020696E2073756267726170682025640004
:108060004E6F646520257320286E756D62657220E1
:10807000256429206661696C656420746F20696ECF
:10808000766F6B652077697468207374617475739B
:10809000202564004E6F646520257320286E756D61
:1080A00062657220257529206661696C656420749B
:1080B0006F207072657061726520776974682073D3
:1080C0007461747573202564004F70232575202812
:1080D000257329206F66207375626772617068204E
:1080E0002575206861732064796E616D6963207401
:1080F000656E736F72202325640A44796E616D6921
:10810000632074656E736F727320617265206E6F89
:108110007420737570706F72746564004163636579
:108120007373696E6720737562677261706820256A
:108130006420627574206F6E6C79202564207375DD
:108140006267726170687320666F756E6400416368
:1081500063657373696E672074656E736F72202533
:108160006420696E2073756267726170682025648F
:10817000207768696368206973206E6F74206120BE
:108180007661726961626C6500417474656D7074CA
:10819000696E6720746F20736574206578746572EA
:1081A0006E616C20636F6E7465787420746F202527
:1081B0007820627574206974207761732025782097
:1081C000616C7265616479004E6272206F66206F27
:1081D00066666C696E6520627566666572206F669C
:1081E0006673657473202825642920696E206D6587
:1081F000746164617461206E6F7420657175616C67
:10820000206E62722074656E736F7273202825640D
:10821000290A00446F6573206E6F74207375707047
:108220006F727420696E7465726D656469617465DE
:108230002074656E736F722077697468206E6F6E3C
:108240002D7A65726F2073697A653A20256400463D
:1082500061696C656420746F20616C6C6F6361741C
:1082600065206D656D6F727920666F72206D656D2A
:108270006F727920706C616E6E696E672C20256458
:108280002062797465732072657175697265640026
:108290004F70657261746F722077697468204355FE
:1082A00053544F4D206275696C74696E5F636F64DF
:1082B0006520686173206E6F20637573746F6D5FE6
:1082C000636F64652E0A004469646E2774206669D2
:1082D0006E64206F7020666F72206275696C7469BD
:1082E0006E206F70636F64652027257327004F70C1
:1082F000206275696C74696E5F636F6465206F7569
:1083000074206F662072616E67653A2025642E00C6
:10831000626F756E646172696573206172726179F2
:10832000206E6F742070726F766964656420666F6A
:1083300072206F7065726174696F6E202762756359
:108340006B6574697A65272E0A00626F756E6461C9
:10835000726965732E646174612829207265747571
:10836000726E6564206E756C6C70747220666F72CC
:10837000206F7065726174696F6E20276275636B20
:108380006574697A65272E0A00466F756E642074DD
:108390006F6F206D616E792064696D656E73696FB2
:1083A0006E7320696E2074686520696E7075742024
:1083B0006172726179206F66206F70657261746995
:1083C0006F6E20272573272E0A00496E7075742062
:1083D0006172726179206E6F742070726F76696459
:1083E000656420666F72206F7065726174696F6E6C
:1083F00020272573272E0A00556E737570706F72D3
:1084000074656420646174612074797065202564EA
:1084100020696E2074656E736F720A002773746131
:10842000626C65686C6F2E636F6D706F73697465D5
:1084300027206D697373696E672072657175697243
:108440006564206F7074696F6E20276E616D65279B
:108450002E0027737461626C65686C6F2E636F6D9C
:10846000706F7369746527206D697373696E672017
:108470007265717569726564206F7074696F6E20C2
:1084800027636F6D706F736974655F61747472696F
:108490006275746573272E00272573272061747415
:1084A000726962757465206F662027737461626CEF
:1084B00065686C6F2E7265647563655F77696E645D
:1084C0006F772720646F6573206E6F742068617604
:1084D00065207468652065787065637465642073D1
:1084E000697A652028256C6C7520213D20256C6CEF
:1084F00075292E00436865636B2074686520272505
:108500007327206174747269627574652E00257317
:108510003A256420257320776173206E6F74207470
:108520007275652E0044454C4547415445206F7097
:108530002073686F756C646E277420657869737436
:1085400020696E206D6F64656C2E00436F756C64DE
:10855000206E6F74206765742027737461626C6588
:10856000686C6F2E70616427206F7065726174692A
:108570006F6E20706172616D65746572732E004359
:108580006F756C64206E6F74206765742027737438
:1085900061626C65686C6F2E6361736527206F7014
:1085A00065726174696F6E20706172616D6574656A
:1085B00072732E00436F756C64206E6F7420676554
:1085C000742027737461626C65686C6F2E636F6DC5
:1085D000706F7369746527206F7065726174696F5D
:1085E0006E20706172616D65746572732E00436FE9
:1085F000756C64206E6F74206765742027737461D6
:10860000626C65686C6F2E7265647563655F77690F
:108610006E646F7727206F7065726174696F6E206A
:10862000706172616D65746572732E00556E68615C
:108630006E646C65642066756C6C792D636F6E6E0C
:108640006563746564207765696768747320666F15
:10865000726D61742E0027737461626C65686C6F53
:108660002E70616427206F7065726174696F6E206F
:10867000706172616D6574657220617272617920DA
:1086800073697A657320617265206E6F7420636F01
:108690006E73697374656E742E002777696E646FEC
:1086A000775F64696D656E73696F6E73272061749F
:1086B00074726962757465206973206E6F74206FBF
:1086C0007074696F6E616C20666F722027737461BD
:1086D000626C65686C6F2E7265647563655F77693F
:1086E0006E646F772720616E642063616E6E6F74B5
:1086F00020626520656D7074792E002E2E2F2E2E2F
:108700002F2E2E2F2E2E2F74686972645F70617267
:1087100074792F74666C6D2D747265652F74656E37
:10872000736F72666C6F772F6C6974652F636F72ED
:10873000652F6170692F666C61746275666665721B
:108740005F636F6E76657273696F6E732E6363001D
:10875000556E68616E646C6564204C53544D206B9B
:1087600065726E656C20747970653A2025640073BB
:108770007461626C65686C6F2E7061640072657301
:108780006861706500737461626C65686C6F2E63FC
:108790006173650073717565657A6500696E7465EE
:1087A00072696F725F70616464696E6700656467A7
:1087B000655F70616464696E675F686967680073AC
:1087C0007461626C65686C6F5F6761746865720084
:1087D000737461626C65686C6F5F736361747465F8
:1087E0007200706172616D7320213D206E756C6C3A
:1087F000707472006272616E636820737562677272
:1088000061706820696E64696365730077696E647E
:108810006F775F737472696465730077696E646FF4
:10882000775F64696D656E73696F6E730062617303
:10883000655F64696C6174696F6E730077696E64FB
:108840006F775F64696C6174696F6E73004E6F203F
:1088500076616C6964204C53544D206275696C7468
:10886000696E206F7074696F6E73206578697374B8
:1088700000737461626C65686C6F2E7265647563F9
:10888000655F77696E646F7700656467655F7061C7
:108890006464696E675F6C6F77005479706520253A
:1088A000732028256429206E6F7420737570706F93
:1088B000727465642E00426961732074797065205A
:1088C00025732028256429206E6F742073757070BD
:1088D0006F727465642E00576569676874207479D7
:1088E00070652025732028256429206E6F742073FD
:1088F0007570706F727465642E0025733A2564205C
:10890000257320213D2025732028256420213D202A
:10891000256429002E2E2F2E2E2F2E2E2F2E2E2F79
:1089200074686972645F70617274792F74666C6DBB
:108930002D747265652F74656E736F72666C6F77D8
:108940002F6C6974652F6D6963726F2F6B65726E22
:10895000656C732F636F6E765F636F6D6D6F6E2ED8
:10896000636320487962726964206D6F64656C731B
:1089700020617265206E6F7420737570706F7274F1
:108980006564206F6E2054464C697465204D6963A0
:10899000726F2E006861735F62696173207C7C2056
:1089A0006E6F64652D3E696E707574732D3E7369CC
:1089B0007A65203D3D203200616666696E655F71B3
:1089C00075616E74697A6174696F6E2D3E7363614F
:1089D0006C652D3E73697A65203D3D2031207C7C9D
:1089E00020616666696E655F7175616E74697A6132
:1089F00074696F6E2D3E7363616C652D3E73697A89
:108A000065203D3D2066696C7465722D3E64696D1C
:108A1000732D3E646174615B6B436F6E765175615B
:108A20006E74697A656444696D656E73696F6E5DB5
:108A3000002E2E2F2E2E2F2E2E2F2E2E2F746869C5
:108A400072645F70617274792F74666C6D2D7472CC
:108A500065652F74656E736F72666C6F772F6C69C6
:108A600074652F6D6963726F2F6B65726E656C73C1
:108A70002F636F6E765F636F6D6D6F6E2E63630035
:108A800066696C7465722D3E7175616E74697A6188
:108A900074696F6E2E7479706500696E7075742DCF
:108AA0003E74797065006F75747075742D3E7479BD
:108AB0007065006B54664C697465416666696E65E5
:108AC0005175616E74697A6174696F6E0066696C64
:108AD00074657220213D206E756C6C707472006933
:108AE0006E70757420213D206E756C6C7074720010
:108AF0006F757470757420213D206E756C6C707488
:108B00007200496E70757420747970652025732029
:108B100028256429206E6F7420737570706F7274CD
:108B200065642E0046696C746572207479706520E6
:108B30002573202825642920666F7220696E707560
:108B4000742074797065202573206E6F742073759E
:108B500070706F727465642E002E2E2F2E2E2F2EA5
:108B60002E2F2E2E2F74686972645F706172747973
:108B70002F74666C6D2D747265652F74656E736FDE
:108B800072666C6F772F6C6974652F6D6963726F95
:108B90002F6B65726E656C732F646570746877698E
:108BA00073655F636F6E765F636F6D6D6F6E2E635F
:108BB0006320487962726964206D6F64656C73200C
:108BC000617265206E6F7420737570706F7274655A
:108BD00064206F6E2054464C697465204D69637241
:108BE0006F2E00616666696E655F7175616E74698E
:108BF0007A6174696F6E2D3E7363616C652D3E738F
:108C0000697A65203D3D2031207C7C206166666963
:108C10006E655F7175616E74697A6174696F6E2DCE
:108C20003E7363616C652D3E73697A65203D3D201E
:108C300066696C7465722D3E64696D732D3E646166
:108C400074615B6B446570746877697365436F6EBC
:108C5000765175616E74697A656444696D656E7389
:108C6000696F6E5D002E2E2F2E2E2F2E2E2F2E2E64
:108C70002F74686972645F70617274792F74666CA6
:108C80006D2D747265652F74656E736F72666C6F8F
:108C9000772F6C6974652F6D6963726F2F6B6572C6
:108CA0006E656C732F6465707468776973655F6354
:108CB0006F6E765F636F6D6D6F6E2E6363006166BE
:108CC00066696E655F7175616E74697A6174696FEA
:108CD0006E2D3E7363616C652D3E73697A6500612C
:108CE0006666696E655F7175616E74697A617469D3
:108CF0006F6E2D3E7A65726F5F706F696E742D3E78
:108D000073697A650025733A256420257320213D17
:108D10002025732028257320213D20257329004616
:108D2000696C74657220747970652025732028251C
:108D30006429206E6F7420737570706F727465642F
:108D40002E00496E70757420747970653A20257311
:108D500020776974682066696C7465722074797014
:108D6000653A202573206E6F7420737570706F7272
:108D70007465642E002E2E2F2E2E2F2E2E2F2E2E8B
:108D80002F74686972645F70617274792F74666C95
:108D90006D2D747265652F74656E736F72666C6F7E
:108DA000772F6C6974652F6D6963726F2F6B6572B5
:108DB0006E656C732F66756C6C795F636F6E6E6534
:108DC000637465642E63630028696E7075742D3E4C
:108DD00074797065203D3D206B54664C697465491B
:108DE0006E74382026262066696C7465722D3E7478
:108DF00079706520213D206B54664C697465496E1D
:108E0000743429207C7C2028696E7075742D3E7422
:108E1000797065203D3D206B54664C697465496EE0
:108E20007431362026262066696C7465722D3E7476
:108E300079706520213D206B54664C697465496EDC
:108E40007434290066696C7465722D3E64696D73B3
:108E50002D3E646174615B616666696E655F717504
:108E6000616E74697A6174696F6E2D3E7175616EA1
:108E700074697A65645F64696D656E73696F6E5D50
:108E8000002E2E2F2E2E2F2E2E2F2E2E2F74686971
:108E900072645F70617274792F74666C6D2D747278
:108EA00065652F74656E736F72666C6F772F6C6972
:108EB00074652F6D6963726F2F6B65726E656C736D
:108EC0002F66756C6C795F636F6E6E656374656435
:108ED0005F636F6D6D6F6E2E636300616666696EB2
:108EE000655F7175616E74697A6174696F6E2D3E2C
:108EF0007363616C65007065725F6368616E6E6557
:108F00006C5F7175616E74697A6174696F6E5F739D
:108F1000697A6500616666696E655F7175616E7418
:108F2000697A6174696F6E005479706520257320C9
:108F30006E6F742063757272656E746C79207375D0
:108F400070706F727465642E00496E707574207451
:108F5000797065202573206973206E6F74206375A6
:108F60007272656E746C7920737570706F7274654F
:108F700064007363616C655F64696666203C3D20D4
:108F8000312E30652D36002E2E2F2E2E2F2E2E2FE9
:108F90002E2E2F74686972645F70617274792F74F9
:108FA000666C6D2D747265652F74656E736F726675
:108FB0006C6F772F6C6974652F6D6963726F2F6B9F
:108FC00065726E656C732F706F6F6C696E675F632F
:108FD0006F6D6D6F6E2E636300696E7075742D3EDC
:108FE000706172616D732E7A65726F5F706F696EFA
:108FF00074203D3D206F75747075742D3E706172E4
:10900000616D732E7A65726F5F706F696E74004F59
:109010006E6C7920666C6F617433322F696E7438B0
:109020002F696E74313620697320737570706F729A
:109030007465642063757272656E746C792C206738
:109040006F7420257300646174612D3E736978200C
:109050003E3D20494E5431365F4D494E2026262054
:10906000646174612D3E736978203C3D20494E5403
:1090700031365F4D415800646174612D3E736978EB
:10908000203E3D20494E54385F4D494E2026262033
:10909000646174612D3E736978203C3D20494E54D3
:1090A000385F4D4158002E2E2F2E2E2F2E2E2F2E74
:1090B0002E2F74686972645F70617274792F7466A0
:1090C0006C6D2D747265652F74656E736F72666C4E
:1090D0006F772F6C6974652F6D6963726F2F6B6585
:1090E000726E656C732F61637469766174696F6EFB
:1090F000735F636F6D6D6F6E2E636300696E707565
:10910000742D3E706172616D732E7A65726F5F703F
:109110006F696E74004E756D496E70757473286E4C
:109120006F646529004E756D4F7574707574732882
:109130006E6F64652900496E7075742025732C204C
:109140006F7574707574202573206E6F742073753D
:1091500070706F727465642E00616666696E655F1B
:109160007175616E74697A6174696F6E2D3E736397
:10917000616C652D3E73697A65203D3D2031006943
:109180006E7075742D3E74797065203D3D206B5472
:10919000664C697465466C6F61743332207C7C2048
:1091A000696E7075742D3E74797065203D3D206B3D
:1091B00054664C697465496E743332207C7C206936
:1091C0006E7075742D3E74797065203D3D206B5432
:1091D000664C697465496E743136207C7C20696EFA
:1091E0007075742D3E74797065203D3D206B54661A
:1091F0004C697465496E7438207C7C20696E70758A
:10920000742D3E74797065203D3D206B54664C6929
:10921000746555496E7438006F75747075742D3EA1
:1092200074797065203D3D206B54664C69746549C6
:109230006E7438207C7C206F75747075742D3E744C
:10924000797065203D3D206B54664C697465496EAC
:10925000743136207C7C206F75747075742D3E746B
:10926000797065203D3D206B54664C697465496E8C
:10927000743332207C7C206F75747075742D3E744D
:10928000797065203D3D206B54664C697465554985
:109290006E7438002E2E2F2E2E2F2E2E2F2E2E2F88
:1092A00074686972645F70617274792F74666C6D32
:1092B0002D747265652F74656E736F72666C6F774F
:1092C0002F6C6974652F6D6963726F2F6B65726E99
:1092D000656C732F7175616E74697A655F636F6D0C
:1092E0006D6F6E2E6363006F75747075742D3E71B3
:1092F00075616E74697A6174696F6E2E74797065C8
:109300000052657175616E74697A65006F7574706D
:1093100075742D3E74797065203D3D206B54664C0C
:10932000697465466C6F6174333200696E70757470
:109330002D3E74797065203D3D206B54664C6974F8
:1093400065496E7438207C7C20696E7075742D3E82
:1093500074797065203D3D206B54664C6974654995
:109360006E743136207C7C20696E7075742D3E746D
:10937000797065203D3D206B54664C697465554994
:109380006E7438002E2E2F2E2E2F2E2E2F2E2E2F97
:1093900074686972645F70617274792F74666C6D41
:1093A0002D747265652F74656E736F72666C6F775E
:1093B0002F6C6974652F6D6963726F2F6B65726EA8
:1093C000656C732F64657175616E74697A655F632E
:1093D0006F6D6D6F6E2E63630052657368617065AB
:1093E0004F757470757428636F6E746578742C2073
:1093F0006E6F646529002D31004E756D496E707574
:109400007473286E6F646529203D3D2031207C7C7B
:10941000204E756D496E70757473286E6F64652982
:10942000203D3D2032002E2E2F2E2E2F2E2E2F2E81
:109430002E2F74686972645F70617274792F74661C
:109440006C6D2D747265652F74656E736F72666CCA
:109450006F772F6C6974652F6D6963726F2F6B6501
:10946000726E656C732F726573686170655F636F90
:109470006D6D6F6E2E6363006B54664C6974654F3F
:109480006B00737472657463685F64696D006E75F8
:109490006D5F696E7075745F656C656D656E747314
:1094A000006E756D5F6F75747075745F656C656D5A
:1094B000656E74730064696D735B695D203C207335
:1094C00074643A3A6E756D657269635F6C696D6953
:1094D00074733C696E743E3A3A6D61782829202F86
:1094E00020636F756E7400696E646578203C20356A
:1094F000313220262620224C555420696E6465782E
:10950000206F7574206F662072616E67652E220071
:109510004C555420696E646578206F7574206F66B1
:109520002072616E67652E006578706F6E656E746F
:10953000203E3D2030006578706F6E656E74203C73
:109540003D203331002E2E2F2E2E2F2E2E2F2E2E5D
:109550002F74686972645F70617274792F74666CBD
:109560006D2D747265655C74656E736F72666C6F79
:10957000772F6C6974652F6B65726E656C732F69DC
:109580006E7465726E616C2F636F6D6D6F6E2E6899
:10959000002E2E2F2E2E2F2E2E2F2E2E2F7468695A
:1095A00072645F70617274792F74666C6D2D747261
:1095B00065652F74686972645F70617274792F6772
:1095C000656D6D6C6F77705C6669786564706F69E6
:1095D0006E742F6669786564706F696E742E6800AA
:1095E00025733A2564202573206E6F74206E6561A3
:1095F000722025732028256620213D20256629001C
:109600004E756D44696D656E73696F6E7328696E12
:1096100070757429203E3D203100696E7075742D7F
:109620003E74797065203D3D206B54664C697465CD
:10963000496E7438207C7C20696E7075742D3E7480
:10964000797065203D3D206B54664C697465496EA8
:1096500074313600312E66202F20363535333600F2
:109660006F75747075742D3E706172616D732E73B9
:1096700063616C65203D3D20312E66202F20323500
:1096800036002D31323800312E66202F203332370C
:109690003638002D3332373638006B54664C6974D7
:1096A00065496E7438002E2E2F2E2E2F2E2E2F2E23
:1096B0002E2F74686972645F70617274792F74669A
:1096C0006C6D2D747265652F74656E736F72666C48
:1096D0006F772F6C6974652F6D6963726F2F6B657F
:1096E000726E656C732F736F66746D61785F636FF4
:1096F0006D6D6F6E2E6363006F75747075742D3EA3
:10970000706172616D732E7363616C65006E6F645E
:10971000652D3E757365725F6461746120213D2023
:109720006E756C6C707472007261775F6578705FD3
:109730006C757420213D206E756C6C707472006FB6
:109740006E655F6F7665725F6F6E655F706C757367
:109750005F785F6C757420213D206E756C6C707441
:1097600072007374617469635F636173743C7369DD
:109770007A655F743E286E6F64652D3E6F757470F8
:109780007574732D3E73697A6529203D3D2067729B
:109790006170685F696E666F2D3E4E756D537562C0
:1097A0006772617068496E7075747328737562674B
:1097B000726170685F6964782900737461746963A9
:1097C0005F636173743C73697A655F743E286E6F82
:1097D00064652D3E696E707574732D3E73697A658C
:1097E000202D2066697273745F74656E736F725F8B
:1097F00069647829203D3D2067726170685F696EF9
:10980000666F2D3E4E756D53756267726170684963
:109810006E707574732873756267726170685F69C2
:10982000647829007374617469635F636173743C65
:1098300073697A655F743E286E6F64652D3E6F753F
:1098400074707574732D3E73697A6529203D3D20CF
:1098500067726170685F696E666F2D3E4E756D53FD
:10986000756267726170684F757470757473287370
:10987000756267726170685F6964782900627974E3
:109880006573203E3D2030002E2E2F2E2E2F2E2EA3
:109890002F2E2E2F74686972645F70617274792F35
:1098A00074666C6D2D747265652F74656E736F725E
:1098B000666C6F772F6C6974652F6D6963726F2F9B
:1098C0006B65726E656C732F6B65726E656C5F7520
:1098D00074696C2E6363006E6F64652D3E696E70F3
:1098E0007574732D3E73697A65203D3D206E6F64FB
:1098F000652D3E6F7574707574732D3E73697A654E
:1099000000636F6E746578742D3E416C6C6F63619B
:10991000746550657273697374656E7442756666BA
:10992000657220213D206E756C6C707472006576D6
:10993000616C5F74656E736F7220213D206E756C73
:109940006C7074720020257800496E76616C6964D1
:109950002074656E736F7220696E6465782025646B
:1099600020286E6F7420696E205B302C20256429BE
:10997000290A0054656E736F7220617420696E64E9
:10998000657820256420776173206F7074696F6E2D
:10999000616C2062757420776173206578706563EF
:1099A0007465640A007B0A2020747970653A20008F
:1099B0000A2020646174613A207B2E2E2E7D0A20BD
:1099C0002064696D733A20002C00496E76616C69E1
:1099D000642025644420696E7075742074656E730C
:1099E0006F7220286D757374206265206120314488
:1099F0002074656E736F72292E00476976656E203C
:109A00007368617065732C2025732C202573206189
:109A10006E642025732C20617265206E6F74206245
:109A2000726F61646361737461626C652E00476973
:109A300076656E207368617065732C2025732061D4
:109A40006E642025732C20617265206E6F74206215
:109A5000726F61646361737461626C652E002E2E97
:109A60002F2E2E2F2E2E2F2E2E2F74686972645FAC
:109A700070617274792F74666C6D2D747265652FC8
:109A800074656E736F72666C6F772F6C6974652F77
:109A90006B65726E656C732F6B65726E656C5F754E
:109AA00074696C2E636320456E636F756E746572A6
:109AB00065642061206E65676174697665206469FC
:109AC0006D656E73696F6E2E0066696C7465722DBC
:109AD0003E74797065203D3D206B54664C69746519
:109AE000496E7438207C7C2066696C7465722D3EEA
:109AF00074797065203D3D206B54664C69746549EE
:109B00006E7434005B005B5D002E2E2F2E2E2F2EE8
:109B10002E2F2E2E2F74686972645F7061727479B3
:109B20002F74666C6D2D747265652F74656E736F1E
:109B300072666C6F772F6C6974652F6B65726E65DA
:109B40006C732F6B65726E656C5F7574696C2E63D8
:109B50006300696E7075742D3E7175616E74697AFB
:109B60006174696F6E2E74797065002E2E2F2E2E03
:109B70002F2E2E2F2E2E2F74686972645F706172E3
:109B800074792F74666C6D2D747265652F74656EB3
:109B9000736F72666C6F772F6C6974652F6B65726B
:109BA0006E656C732F6B65726E656C5F7574696C36
:109BB0002E6363202573006E756D5F6368616E6E42
:109BC000656C73000A7D0078203E3D202D2873745B
:109BD000617469635F636173743C696E7436345F8A
:109BE000743E283129203C3C203437292026262069
:109BF00078203C20287374617469635F63617374B7
:109C00003C696E7436345F743E283129203C3C2018
:109C1000343729007175616E74697A65645F6D759A
:109C20006C7469706C696572203E3D203000736809
:109C3000696674203E3D202D33312026262073682E
:109C4000696674203C2038002E2E2F2E2E2F2E2EAB
:109C50002F2E2E2F74686972645F70617274792F71
:109C600074666C6D2D747265652F74656E736F729A
:109C7000666C6F772F6C6974652F6B65726E656C9F
:109C8000732F696E7465726E616C2F636F6D6D6F8B
:109C90006E2E636300464C4F415433320055494E9B
:109CA00054333200464C4F4154385F45354D3200F5
:109CB000494E543200464C4F415436340055494EBB
:109CC00054363400434F4D504C45583634005549B6
:109CD0004E54340042464C4F415431360055494EA3
:109CE00054313600434F4D504C45583132380055B1
:109CF000494E5438005245534F55524345004E4F3C
:109D00005459504500535452494E4700424F4F4C0E
:109D100000464C4F4154385F45344D33464E005653
:109D2000415249414E5400556E6B6E6F776E2074F0
:109D3000797065002E2E2F2E2E2F2E2E2F2E2E2FA9
:109D400074686972645F70617274792F74666C6D87
:109D50002D747265652F74656E736F72666C6F77A4
:109D60002F6C6974652F6B65726E656C732F696EED
:109D70007465726E616C2F7175616E74697A61744D
:109D8000696F6E5F7574696C2E63630066616C73D6
:109D900065006E6F5F696E74656765725F6F76658B
:109DA00072666C6F775F66726F6D5F7175616E74EE
:109DB000697A6174696F6E00416C6C2074656D70B6
:109DC0002062756666657273206D757374206265B6
:109DD000206672656564206265666F7265206361E6
:109DE0006C6C696E6720526573657454656D704163
:109DF0006C6C6F636174696F6E73282900496E74AF
:109E000065726E616C206572726F723A206569745A
:109E100068657220627566666572206973206E6F70
:109E20007420726573697A61626C65206F7220526A
:109E30006573657454656D70416C6C6F63617469B2
:109E40006F6E732829206973206E6F742063616CB4
:109E50006C6564206265666F726520526573697A0D
:109E60006542756666657228292E004E756D6265BD
:109E700072206F6620616C6C6F636174656420741E
:109E8000656D7020627566666572733A2025642E72
:109E900020436865636B73756D2070617373696EC1
:109EA00067207374617475733A2025640046616994
:109EB0006C656420746F20726573697A65206275C1
:109EC000666665722E205265717565737465643AB5
:109ED0002025752C20617661696C61626C65202596
:109EE000752C206D697373696E673A20257500467D
:109EF00061696C656420746F20616C6C6F63617460
:109F000065207461696C206D656D6F72792E2052C9
:109F100065717565737465643A2025752C206176CA
:109F200061696C61626C652025752C206D697373A5
:109F3000696E673A202575004661696C6564207416
:109F40006F20616C6C6F636174652074656D702047
:109F50006D656D6F72792E205265717565737465CC
:109F6000643A2025752C20617661696C61626C65AC
:109F70002025752C206D697373696E673A202575ED
:109F800000546F6F206D616E792062756666657230
:109F90007320286D6178206973202564290062751B
:109FA0006666657220696E64657820256420697331
:109FB000206F7574736964652072616E6765203007
:109FC00020746F202564004F7665726C61703A20B2
:109FD0002564202825643D3E25642C2025642D3EE3
:109FE000256429207673202564202825643D3E259C
:109FF000642C2025642D3E256429002534643A20F4
:10A000002573202825646B29002563202869643D79
:10A010002564293A2073697A653D25642C206F6692
:10A02000667365743D25642C2066697273745F7570
:10A030007365643D2564206C6173745F757365643A
:10A040003D2564001001000043000000F8FFFFFF01
:10A05000004040404040404040404141414141403B
:10A0600040404040404040404040404040404040F0
:10A07000400502020202020202020202020202027F
:10A080000220202020202020202020020202020284
:10A0900002029090909090901010101010101010DC
:10A0A00010101010101010101010101002020202E8
:10A0B000020288888888888808080808080808082C
:10A0C0000808080808080808080808080202020228
:10A0D0004000000000000000000000000000000040
:10A0E0000000000000000000000000000000000070
:10A0F0000000000000000000000000000000000060
:10A10000000000000000000000000000000000004F
:10A11000000000000000000000000000000000003F
:10A12000000000000000000000000000000000002F
:10A13000000000000000000000000000000000001F
:10A14000000000000000000000000000000000000F
:10A15000000000001C00000043000000F8FFFFFFAB
:10A160000C0000000E0000000F0000002E00000098
:10A17000D1A8FDFF0000000000000000000000006A
:10A1800000000000000000000000000000FF0000D0
:10A1900000000000000000000000000000000000BF
:10A1A00000000000000000000000000000000000AF
:10A1B0000000000000000000800040006400010179
:08A1C000000000000000000097
:04000005100021E1E5
:00000001FF
